2016.07.22 13:00:00.008,1.10139,1.10141,1.00,4.87
2016.07.22 13:00:00.059,1.10139,1.1014,1.00,1.00
2016.07.22 13:00:00.300,1.1014,1.10141,1.00,1.95
2016.07.22 13:00:00.352,1.1014,1.10141,1.00,1.57
2016.07.22 13:00:00.660,1.10139,1.10141,1.50,1.57
2016.07.22 13:00:00.848,1.10139,1.10141,1.00,1.95
2016.07.22 13:00:00.899,1.10139,1.1014,1.00,1.50
2016.07.22 13:00:00.951,1.10136,1.10137,14.14,1.72
2016.07.22 13:00:01.002,1.10135,1.10136,6.00,1.00
2016.07.22 13:00:01.054,1.10134,1.10136,3.75,1.37
2016.07.22 13:00:01.106,1.10134,1.10136,1.00,1.87
2016.07.22 13:00:01.261,1.10134,1.10136,1.00,1.50
2016.07.22 13:00:01.452,1.10135,1.10136,1.00,1.00
2016.07.22 13:00:01.503,1.10134,1.10136,1.00,1.00
2016.07.22 13:00:01.657,1.10134,1.10135,1.00,1.87
2016.07.22 13:00:01.708,1.10132,1.10133,1.95,3.60
2016.07.22 13:00:01.760,1.10131,1.10132,1.50,1.13
2016.07.22 13:00:01.813,1.1013,1.10132,1.50,1.88
2016.07.22 13:00:01.865,1.1013,1.10132,1.50,1.50
2016.07.22 13:00:02.007,1.10129,1.10132,1.12,3.07
2016.07.22 13:00:02.166,1.1013,1.10132,3.00,1.57
2016.07.22 13:00:02.217,1.10131,1.10133,1.00,2.14
2016.07.22 13:00:02.320,1.10132,1.10133,1.00,1.31
2016.07.22 13:00:02.373,1.10132,1.10133,1.50,2.06
2016.07.22 13:00:02.425,1.10133,1.10134,1.12,6.19
2016.07.22 13:00:02.477,1.10133,1.10136,1.12,6.07
2016.07.22 13:00:02.529,1.10134,1.10136,1.00,2.32
2016.07.22 13:00:02.720,1.10132,1.10136,6.94,2.32
2016.07.22 13:00:02.771,1.10132,1.10136,6.19,1.57
2016.07.22 13:00:02.875,1.10132,1.10135,5.51,1.00
2016.07.22 13:00:02.926,1.10132,1.10134,3.64,1.00
2016.07.22 13:00:02.977,1.10132,1.10133,1.12,1.69
2016.07.22 13:00:03.028,1.10129,1.10132,1.57,1.00
2016.07.22 13:00:03.080,1.10129,1.10132,1.12,1.00
2016.07.22 13:00:03.131,1.10128,1.10132,5.33,2.25
2016.07.22 13:00:03.182,1.10129,1.10132,1.12,2.62
2016.07.22 13:00:03.323,1.10129,1.10132,1.12,1.87
2016.07.22 13:00:03.375,1.10128,1.10132,4.76,1.50
2016.07.22 13:00:03.433,1.10128,1.10132,4.39,2.25
2016.07.22 13:00:03.485,1.10128,1.10132,4.01,2.25
2016.07.22 13:00:03.537,1.1013,1.10132,1.50,1.00
2016.07.22 13:00:03.589,1.1013,1.10132,1.37,1.00
2016.07.22 13:00:03.641,1.1013,1.10133,2.14,1.00
2016.07.22 13:00:03.693,1.10131,1.10134,1.25,2.25
2016.07.22 13:00:03.744,1.10131,1.10133,1.50,1.00
2016.07.22 13:00:03.795,1.10132,1.10133,1.12,1.00
2016.07.22 13:00:03.925,1.10132,1.10135,4.12,1.76
2016.07.22 13:00:03.977,1.10132,1.10134,1.50,1.00
2016.07.22 13:00:04.028,1.10133,1.10134,1.00,1.50
2016.07.22 13:00:04.079,1.10132,1.10134,1.00,1.87
2016.07.22 13:00:04.130,1.10131,1.10133,1.95,1.00
2016.07.22 13:00:04.181,1.10131,1.10132,1.12,1.12
2016.07.22 13:00:04.233,1.1013,1.10132,1.00,2.62
2016.07.22 13:00:04.284,1.1013,1.10132,1.00,3.56
2016.07.22 13:00:04.335,1.10129,1.10131,1.00,1.31
2016.07.22 13:00:04.387,1.1013,1.10131,1.00,1.25
2016.07.22 13:00:04.669,1.1013,1.10132,1.00,3.19
2016.07.22 13:00:04.720,1.1013,1.10132,1.00,2.25
2016.07.22 13:00:04.771,1.1013,1.10132,1.00,2.62
2016.07.22 13:00:04.822,1.10128,1.10132,2.62,2.62
2016.07.22 13:00:04.924,1.10128,1.10131,3.00,1.00
2016.07.22 13:00:05.026,1.10128,1.10131,2.62,1.50
2016.07.22 13:00:05.077,1.10128,1.10131,2.25,2.25
2016.07.22 13:00:05.184,1.10128,1.10131,2.25,2.44
2016.07.22 13:00:05.235,1.10128,1.10131,2.25,1.69
2016.07.22 13:00:05.337,1.10128,1.10131,2.62,1.69
2016.07.22 13:00:05.439,1.10128,1.10131,1.87,1.69
2016.07.22 13:00:05.490,1.10128,1.10131,1.87,2.06
2016.07.22 13:00:05.592,1.10128,1.10131,1.87,2.81
2016.07.22 13:00:05.694,1.10128,1.10131,3.37,2.81
2016.07.22 13:00:05.745,1.10128,1.10131,3.37,2.06
2016.07.22 13:00:06.093,1.10128,1.10131,4.12,1.25
2016.07.22 13:00:06.704,1.10128,1.10131,3.37,1.25
2016.07.22 13:00:06.802,1.10128,1.10131,4.12,1.25
2016.07.22 13:00:07.005,1.10128,1.10131,4.50,1.25
2016.07.22 13:00:07.413,1.10128,1.10131,4.12,1.31
2016.07.22 13:00:08.195,1.10128,1.10131,4.12,1.30
2016.07.22 13:00:08.502,1.10128,1.10131,4.12,1.25
2016.07.22 13:00:09.614,1.10128,1.10131,4.12,1.30
2016.07.22 13:00:09.818,1.10128,1.10131,3.75,1.30
2016.07.22 13:00:10.142,1.10128,1.10131,3.75,1.25
2016.07.22 13:00:10.193,1.10128,1.10131,3.00,1.25
2016.07.22 13:00:10.600,1.10128,1.10129,2.25,1.12
2016.07.22 13:00:10.651,1.10126,1.10128,1.50,1.87
2016.07.22 13:00:10.702,1.10125,1.10127,5.25,1.62
2016.07.22 13:00:10.834,1.10124,1.10127,2.25,7.67
2016.07.22 13:00:10.885,1.10123,1.10126,1.85,2.24
2016.07.22 13:00:10.936,1.10123,1.10126,1.75,1.87
2016.07.22 13:00:11.038,1.10123,1.10126,2.25,2.24
2016.07.22 13:00:11.242,1.10123,1.10126,1.50,1.87
2016.07.22 13:00:11.497,1.10123,1.10126,1.00,2.24
2016.07.22 13:00:11.548,1.10122,1.10124,2.70,1.25
2016.07.22 13:00:11.600,1.10121,1.10124,6.75,1.25
2016.07.22 13:00:11.651,1.10121,1.10122,3.45,1.25
2016.07.22 13:00:11.703,1.10121,1.10122,2.70,1.30
2016.07.22 13:00:11.754,1.10121,1.10122,1.50,3.18
2016.07.22 13:00:11.806,1.1012,1.10122,2.25,4.00
2016.07.22 13:00:11.857,1.1012,1.10122,1.00,3.07
2016.07.22 13:00:11.909,1.1012,1.10122,1.00,2.88
2016.07.22 13:00:12.039,1.1012,1.10122,1.00,2.51
2016.07.22 13:00:12.096,1.10119,1.10122,3.75,1.57
2016.07.22 13:00:12.147,1.1012,1.10122,1.00,1.10
2016.07.22 13:00:12.198,1.1012,1.10123,1.50,3.18
2016.07.22 13:00:12.249,1.10121,1.10123,1.00,2.06
2016.07.22 13:00:12.300,1.10121,1.10124,1.50,5.80
2016.07.22 13:00:12.351,1.10121,1.10124,1.87,1.76
2016.07.22 13:00:12.453,1.10121,1.10124,1.87,1.29
2016.07.22 13:00:12.504,1.10122,1.10124,1.12,1.29
2016.07.22 13:00:12.556,1.10122,1.10125,1.12,1.76
2016.07.22 13:00:12.607,1.10122,1.10125,4.12,1.57
2016.07.22 13:00:12.659,1.10122,1.10125,4.87,1.69
2016.07.22 13:00:12.773,1.10122,1.10125,5.62,1.25
2016.07.22 13:00:12.825,1.10123,1.10125,1.00,1.25
2016.07.22 13:00:12.927,1.10122,1.10125,2.25,1.31
2016.07.22 13:00:12.979,1.10121,1.10124,4.50,1.00
2016.07.22 13:00:13.031,1.10121,1.10123,3.00,1.50
2016.07.22 13:00:13.082,1.1012,1.10123,1.95,2.81
2016.07.22 13:00:13.134,1.1012,1.10122,1.50,1.25
2016.07.22 13:00:13.185,1.1012,1.10122,1.50,1.12
2016.07.22 13:00:13.338,1.1012,1.10122,1.00,1.12
2016.07.22 13:00:13.606,1.1012,1.10122,1.00,1.25
2016.07.22 13:00:13.657,1.1012,1.10122,1.50,1.00
2016.07.22 13:00:13.963,1.10121,1.10122,1.00,1.00
2016.07.22 13:00:14.269,1.10121,1.10123,1.00,5.14
2016.07.22 13:00:14.715,1.10121,1.10123,1.00,3.26
2016.07.22 13:00:14.766,1.10121,1.10122,1.00,1.00
2016.07.22 13:00:14.817,1.10121,1.10123,1.12,3.26
2016.07.22 13:00:14.868,1.10121,1.10123,1.12,2.25
2016.07.22 13:00:14.919,1.10121,1.10123,1.00,2.25
2016.07.22 13:00:15.813,1.10121,1.10123,1.00,1.50
2016.07.22 13:00:16.118,1.10121,1.10122,1.00,1.00
2016.07.22 13:00:16.169,1.1012,1.10121,1.00,1.12
2016.07.22 13:00:16.271,1.10119,1.10121,1.00,1.76
2016.07.22 13:00:16.401,1.10119,1.10121,1.00,1.50
2016.07.22 13:00:17.400,1.10119,1.10121,1.00,2.14
2016.07.22 13:00:17.708,1.10118,1.1012,1.00,1.00
2016.07.22 13:00:17.759,1.10118,1.1012,1.00,1.25
2016.07.22 13:00:17.811,1.10118,1.1012,1.00,1.69
2016.07.22 13:00:17.863,1.10119,1.1012,1.00,1.50
2016.07.22 13:00:17.914,1.10119,1.1012,1.00,1.12
2016.07.22 13:00:18.017,1.10119,1.1012,1.00,1.00
2016.07.22 13:00:18.070,1.10119,1.10121,1.00,2.70
2016.07.22 13:00:18.202,1.10119,1.10121,1.00,3.82
2016.07.22 13:00:18.254,1.10117,1.10118,3.37,1.00
2016.07.22 13:00:18.306,1.10116,1.10117,2.70,1.00
2016.07.22 13:00:18.358,1.10116,1.10117,1.57,1.50
2016.07.22 13:00:18.411,1.10115,1.10117,1.12,2.25
2016.07.22 13:00:18.463,1.10115,1.10117,1.00,3.37
2016.07.22 13:00:18.514,1.10115,1.10116,1.00,1.00
2016.07.22 13:00:18.617,1.10115,1.10116,1.00,1.50
2016.07.22 13:00:18.669,1.10113,1.10116,1.95,1.50
2016.07.22 13:00:18.720,1.10113,1.10116,1.87,1.69
2016.07.22 13:00:18.771,1.10113,1.10116,1.87,2.44
2016.07.22 13:00:18.873,1.10113,1.10116,1.50,2.44
2016.07.22 13:00:18.924,1.10113,1.10116,1.87,2.44
2016.07.22 13:00:19.027,1.10113,1.10116,1.50,2.44
2016.07.22 13:00:19.078,1.10113,1.10116,2.25,3.19
2016.07.22 13:00:19.180,1.10113,1.10116,2.25,3.00
2016.07.22 13:00:19.569,1.10113,1.10116,2.62,2.25
2016.07.22 13:00:19.620,1.10113,1.10116,2.62,2.44
2016.07.22 13:00:19.823,1.10113,1.10116,2.62,3.19
2016.07.22 13:00:20.415,1.10113,1.10116,3.00,3.19
2016.07.22 13:00:20.517,1.10113,1.10116,2.62,3.19
2016.07.22 13:00:20.568,1.10114,1.10116,1.00,3.22
2016.07.22 13:00:20.619,1.10114,1.10116,1.00,2.29
2016.07.22 13:00:21.174,1.10115,1.10116,1.00,2.25
2016.07.22 13:00:21.326,1.10115,1.10116,1.00,3.00
2016.07.22 13:00:21.377,1.10113,1.10116,3.00,3.04
2016.07.22 13:00:21.429,1.10113,1.10114,1.87,1.50
2016.07.22 13:00:21.480,1.10113,1.10115,2.12,3.00
2016.07.22 13:00:21.531,1.10114,1.10115,1.00,1.00
2016.07.22 13:00:21.583,1.10114,1.10116,1.00,3.04
2016.07.22 13:00:21.634,1.10114,1.10115,1.00,1.00
2016.07.22 13:00:21.685,1.10115,1.10116,1.00,2.29
2016.07.22 13:00:21.737,1.10113,1.10115,2.62,3.60
2016.07.22 13:00:21.788,1.10112,1.10113,2.62,3.00
2016.07.22 13:00:21.881,1.10112,1.10113,2.62,4.50
2016.07.22 13:00:21.933,1.10113,1.10114,1.00,4.69
2016.07.22 13:00:21.984,1.10113,1.10114,1.12,3.94
2016.07.22 13:00:22.035,1.10114,1.10115,1.00,1.50
2016.07.22 13:00:22.086,1.10114,1.10115,1.00,1.00
2016.07.22 13:00:22.291,1.10116,1.10117,4.87,1.20
2016.07.22 13:00:22.342,1.10116,1.10117,4.12,1.12
2016.07.22 13:00:22.393,1.10116,1.10118,1.00,1.57
2016.07.22 13:00:22.518,1.10117,1.10118,1.00,1.12
2016.07.22 13:00:22.571,1.10116,1.10118,1.00,2.17
2016.07.22 13:00:22.622,1.10116,1.10117,1.00,1.50
2016.07.22 13:00:22.725,1.10115,1.10116,1.10,1.00
2016.07.22 13:00:22.827,1.10116,1.10117,1.00,1.12
2016.07.22 13:00:23.133,1.10116,1.10118,1.00,4.50
2016.07.22 13:00:23.365,1.10115,1.10118,1.57,4.50
2016.07.22 13:00:23.519,1.10115,1.10118,1.10,3.75
2016.07.22 13:00:23.621,1.10115,1.10118,1.57,4.50
2016.07.22 13:00:23.774,1.10115,1.10118,1.57,3.75
2016.07.22 13:00:23.927,1.10115,1.10118,1.10,3.00
2016.07.22 13:00:24.029,1.10115,1.10118,1.57,3.75
2016.07.22 13:00:24.081,1.10115,1.10118,1.95,3.75
2016.07.22 13:00:24.132,1.10115,1.10118,1.95,4.69
2016.07.22 13:00:24.245,1.10115,1.10118,1.20,3.00
2016.07.22 13:00:24.296,1.10115,1.10118,1.57,3.94
2016.07.22 13:00:24.500,1.10115,1.10118,1.57,4.31
2016.07.22 13:00:24.551,1.10115,1.10118,1.50,4.39
2016.07.22 13:00:24.602,1.10115,1.10117,1.00,1.12
2016.07.22 13:00:24.653,1.10115,1.10117,1.25,1.12
2016.07.22 13:00:24.704,1.10115,1.10117,1.62,1.12
2016.07.22 13:00:24.756,1.10115,1.10117,1.69,1.12
2016.07.22 13:00:24.808,1.10115,1.10118,1.69,3.07
2016.07.22 13:00:24.860,1.10116,1.10118,1.12,3.07
2016.07.22 13:00:24.911,1.10116,1.10118,1.12,4.01
2016.07.22 13:00:24.962,1.10116,1.10118,1.50,3.26
2016.07.22 13:00:25.013,1.10116,1.10118,2.25,1.47
2016.07.22 13:00:25.119,1.10116,1.10119,2.25,2.44
2016.07.22 13:00:25.222,1.10116,1.10119,2.25,3.37
2016.07.22 13:00:25.274,1.10116,1.10119,1.87,5.62
2016.07.22 13:00:25.326,1.10116,1.10119,2.25,5.62
2016.07.22 13:00:25.378,1.10116,1.10119,2.25,4.87
2016.07.22 13:00:25.431,1.10116,1.10119,3.00,4.87
2016.07.22 13:00:25.483,1.10117,1.10119,1.00,3.37
2016.07.22 13:00:25.535,1.10118,1.1012,1.50,2.44
2016.07.22 13:00:25.586,1.10118,1.1012,1.50,1.00
2016.07.22 13:00:25.637,1.10117,1.10119,2.25,1.00
2016.07.22 13:00:25.689,1.10117,1.10119,1.87,1.00
2016.07.22 13:00:25.843,1.10117,1.10118,1.00,3.00
2016.07.22 13:00:25.985,1.10116,1.10117,1.00,1.50
2016.07.22 13:00:26.036,1.10116,1.10117,1.00,1.69
2016.07.22 13:00:26.138,1.10116,1.10117,1.00,1.25
2016.07.22 13:00:26.342,1.10116,1.10117,1.00,1.00
2016.07.22 13:00:26.444,1.10116,1.10117,1.00,1.25
2016.07.22 13:00:26.837,1.10115,1.10116,1.50,1.00
2016.07.22 13:00:26.888,1.10115,1.10116,1.00,1.00
2016.07.22 13:00:26.990,1.10115,1.10116,1.00,1.50
2016.07.22 13:00:27.092,1.10114,1.10116,1.00,1.50
2016.07.22 13:00:27.143,1.10113,1.10116,2.70,1.50
2016.07.22 13:00:27.245,1.10113,1.10116,4.57,2.44
2016.07.22 13:00:27.347,1.10113,1.10116,4.20,2.44
2016.07.22 13:00:27.550,1.10113,1.10116,4.20,3.19
2016.07.22 13:00:27.652,1.10113,1.10116,4.95,3.19
2016.07.22 13:00:27.828,1.10113,1.10116,4.20,3.19
2016.07.22 13:00:27.930,1.10113,1.10116,4.20,2.25
2016.07.22 13:00:27.981,1.10113,1.10116,4.20,1.50
2016.07.22 13:00:28.032,1.10113,1.10116,4.20,2.44
2016.07.22 13:00:28.083,1.10113,1.10116,4.20,3.19
2016.07.22 13:00:28.745,1.10113,1.10116,3.07,3.19
2016.07.22 13:00:29.114,1.10113,1.10116,3.82,3.19
2016.07.22 13:00:29.267,1.10113,1.10116,3.82,1.69
2016.07.22 13:00:29.369,1.10113,1.10116,2.32,2.44
2016.07.22 13:00:29.420,1.10113,1.10116,1.95,2.44
2016.07.22 13:00:29.675,1.10113,1.10116,1.95,2.44
2016.07.22 13:00:29.806,1.10112,1.10116,7.12,2.81
2016.07.22 13:00:29.857,1.10112,1.10116,6.75,2.89
2016.07.22 13:00:29.959,1.10112,1.10115,5.25,1.00
2016.07.22 13:00:30.163,1.10112,1.10115,3.75,2.25
2016.07.22 13:00:30.214,1.10112,1.10114,3.37,1.00
2016.07.22 13:00:30.265,1.10111,1.10113,3.37,1.00
2016.07.22 13:00:30.317,1.10111,1.10114,1.50,5.06
2016.07.22 13:00:30.368,1.10111,1.10113,1.12,1.00
2016.07.22 13:00:30.419,1.10111,1.10113,1.00,1.00
2016.07.22 13:00:30.520,1.10111,1.10113,2.25,1.00
2016.07.22 13:00:30.622,1.10111,1.10113,3.37,1.00
2016.07.22 13:00:30.756,1.10112,1.10113,1.00,1.00
2016.07.22 13:00:30.909,1.10113,1.10114,1.50,1.00
2016.07.22 13:00:30.960,1.10114,1.10116,1.00,1.57
2016.07.22 13:00:31.164,1.10114,1.10116,1.00,2.32
2016.07.22 13:00:31.266,1.10114,1.10116,1.00,1.57
2016.07.22 13:00:31.727,1.10114,1.10116,1.00,1.10
2016.07.22 13:00:32.235,1.10114,1.10116,1.00,1.57
2016.07.22 13:00:33.070,1.10114,1.10116,1.12,1.57
2016.07.22 13:00:33.121,1.10115,1.10117,1.12,2.81
2016.07.22 13:00:33.172,1.10117,1.10118,1.00,5.06
2016.07.22 13:00:33.225,1.10118,1.10119,1.87,6.37
2016.07.22 13:00:33.360,1.10119,1.1012,1.00,1.12
2016.07.22 13:00:33.411,1.10118,1.1012,3.37,1.12
2016.07.22 13:00:33.462,1.10119,1.10122,1.12,1.00
2016.07.22 13:00:33.514,1.1012,1.10121,1.00,1.00
2016.07.22 13:00:33.566,1.1012,1.10121,1.00,1.00
2016.07.22 13:00:33.669,1.1012,1.10122,1.00,1.87
2016.07.22 13:00:33.720,1.10119,1.10122,2.60,1.87
2016.07.22 13:00:33.771,1.10119,1.10122,2.60,1.50
2016.07.22 13:00:33.874,1.10119,1.10122,2.60,1.69
2016.07.22 13:00:34.165,1.1012,1.10122,1.00,1.69
2016.07.22 13:00:34.473,1.1012,1.10121,1.00,1.12
2016.07.22 13:00:34.631,1.10119,1.10121,2.60,1.00
2016.07.22 13:00:34.734,1.10119,1.10121,1.85,1.00
2016.07.22 13:00:34.938,1.10119,1.10122,1.85,4.12
2016.07.22 13:00:35.122,1.10119,1.10121,1.85,1.00
2016.07.22 13:00:35.837,1.10119,1.10122,1.85,2.62
2016.07.22 13:00:35.940,1.10119,1.10121,1.85,1.00
2016.07.22 13:00:36.123,1.1012,1.10121,1.00,1.00
2016.07.22 13:00:36.174,1.1012,1.10122,1.00,3.00
2016.07.22 13:00:36.276,1.1012,1.10122,1.00,1.50
2016.07.22 13:00:36.437,1.10121,1.10122,1.00,1.00
2016.07.22 13:00:36.591,1.10121,1.10122,2.25,1.00
2016.07.22 13:00:36.642,1.10122,1.10124,4.91,6.00
2016.07.22 13:00:36.693,1.10122,1.10124,7.54,4.87
2016.07.22 13:00:36.802,1.10123,1.10124,1.20,4.50
2016.07.22 13:00:36.860,1.10125,1.10127,1.00,5.44
2016.07.22 13:00:36.962,1.10125,1.10127,1.00,4.31
2016.07.22 13:00:37.013,1.10125,1.10126,1.00,1.00
2016.07.22 13:00:37.065,1.10125,1.10127,1.00,3.75
2016.07.22 13:00:37.523,1.10125,1.10127,1.00,4.12
2016.07.22 13:00:37.650,1.10125,1.10127,1.00,4.50
2016.07.22 13:00:37.701,1.10124,1.10125,1.00,4.50
2016.07.22 13:00:37.752,1.10119,1.1012,29.81,1.50
2016.07.22 13:00:37.803,1.10116,1.10117,29.81,1.00
2016.07.22 13:00:37.855,1.10116,1.10117,5.62,3.19
2016.07.22 13:00:37.906,1.10117,1.10119,1.87,1.69
2016.07.22 13:00:37.957,1.10116,1.10117,2.62,5.25
2016.07.22 13:00:38.009,1.10116,1.10117,2.62,1.12
2016.07.22 13:00:38.061,1.10117,1.10119,2.62,1.25
2016.07.22 13:00:38.112,1.10118,1.10119,1.00,1.25
2016.07.22 13:00:38.164,1.10118,1.1012,2.62,1.00
2016.07.22 13:00:38.266,1.10119,1.10121,1.00,3.07
2016.07.22 13:00:38.361,1.10119,1.10121,1.00,2.70
2016.07.22 13:00:38.413,1.1012,1.10121,1.00,1.12
2016.07.22 13:00:38.464,1.1012,1.10121,1.00,1.00
2016.07.22 13:00:38.974,1.1012,1.10122,1.50,1.00
2016.07.22 13:00:39.025,1.10121,1.10123,1.00,2.25
2016.07.22 13:00:39.076,1.10121,1.10123,1.00,1.00
2016.07.22 13:00:39.246,1.10121,1.10123,1.00,1.25
2016.07.22 13:00:39.298,1.10122,1.10124,1.00,4.01
2016.07.22 13:00:39.349,1.10122,1.10124,3.25,1.58
2016.07.22 13:00:39.401,1.10123,1.10124,1.00,1.10
2016.07.22 13:00:39.452,1.10123,1.10126,1.50,7.31
2016.07.22 13:00:39.503,1.10123,1.10126,1.50,5.44
2016.07.22 13:00:39.554,1.10123,1.10126,2.25,2.32
2016.07.22 13:00:39.606,1.10123,1.10126,2.25,1.57
2016.07.22 13:00:39.657,1.10122,1.10123,6.37,1.00
2016.07.22 13:00:39.708,1.10122,1.10124,4.12,1.87
2016.07.22 13:00:39.760,1.10122,1.10124,2.25,3.75
2016.07.22 13:00:39.811,1.10123,1.10124,1.00,3.75
2016.07.22 13:00:39.862,1.10123,1.10125,1.50,3.37
2016.07.22 13:00:39.987,1.10123,1.10125,1.00,6.56
2016.07.22 13:00:40.039,1.10123,1.10125,1.00,6.94
2016.07.22 13:00:40.090,1.10123,1.10124,1.00,1.00
2016.07.22 13:00:40.141,1.10122,1.10124,1.00,2.06
2016.07.22 13:00:40.192,1.10121,1.10123,1.00,1.00
2016.07.22 13:00:40.244,1.10122,1.10123,1.87,1.12
2016.07.22 13:00:40.295,1.10122,1.10123,3.00,1.00
2016.07.22 13:00:40.346,1.10123,1.10125,1.00,1.01
2016.07.22 13:00:40.449,1.10123,1.10125,1.00,1.25
2016.07.22 13:00:40.703,1.10123,1.10125,1.00,1.00
2016.07.22 13:00:40.880,1.10123,1.10126,1.00,5.92
2016.07.22 13:00:40.982,1.10123,1.10126,1.50,2.55
2016.07.22 13:00:41.085,1.10123,1.10126,1.50,4.80
2016.07.22 13:00:41.188,1.10123,1.10126,1.50,5.55
2016.07.22 13:00:41.291,1.10123,1.10126,1.50,4.95
2016.07.22 13:00:41.394,1.10123,1.10124,1.50,1.00
2016.07.22 13:00:41.451,1.10122,1.10123,3.00,1.00
2016.07.22 13:00:41.505,1.10122,1.10123,2.25,2.62
2016.07.22 13:00:41.558,1.1012,1.10121,4.57,1.87
2016.07.22 13:00:41.646,1.1012,1.10121,3.45,1.00
2016.07.22 13:00:41.698,1.10118,1.10119,1.50,1.00
2016.07.22 13:00:42.005,1.10118,1.1012,1.50,4.50
2016.07.22 13:00:42.057,1.10118,1.1012,1.12,5.81
2016.07.22 13:00:42.108,1.10118,1.1012,1.00,6.00
2016.07.22 13:00:42.159,1.10118,1.1012,1.00,6.19
2016.07.22 13:00:42.212,1.10118,1.10119,1.00,1.12
2016.07.22 13:00:42.263,1.10118,1.10119,1.00,1.87
2016.07.22 13:00:42.557,1.10118,1.10119,1.00,2.06
2016.07.22 13:00:42.762,1.10118,1.10119,1.00,1.87
2016.07.22 13:00:42.864,1.10118,1.10119,1.00,1.31
2016.07.22 13:00:42.967,1.10118,1.1012,1.50,4.69
2016.07.22 13:00:43.019,1.10118,1.1012,1.50,2.81
2016.07.22 13:00:43.070,1.10118,1.10121,1.00,6.64
2016.07.22 13:00:43.172,1.10118,1.1012,1.00,1.31
2016.07.22 13:00:43.376,1.10118,1.1012,1.00,1.25
2016.07.22 13:00:43.428,1.10117,1.1012,5.25,1.25
2016.07.22 13:00:43.479,1.10117,1.10121,4.50,6.07
2016.07.22 13:00:43.570,1.10117,1.10121,4.87,5.32
2016.07.22 13:00:43.621,1.10118,1.10121,1.00,5.32
2016.07.22 13:00:43.673,1.10118,1.1012,1.50,1.00
2016.07.22 13:00:43.775,1.10118,1.10121,2.25,5.70
2016.07.22 13:00:43.878,1.10118,1.10121,2.25,4.95
2016.07.22 13:00:43.929,1.10118,1.10121,2.25,4.20
2016.07.22 13:00:43.981,1.10118,1.10121,3.00,2.32
2016.07.22 13:00:44.083,1.10118,1.10121,3.75,1.10
2016.07.22 13:00:44.286,1.10118,1.10122,3.00,6.37
2016.07.22 13:00:44.489,1.10118,1.10121,3.75,1.10
2016.07.22 13:00:44.682,1.10118,1.10122,3.00,6.37
2016.07.22 13:00:44.784,1.10118,1.10121,3.75,1.10
2016.07.22 13:00:45.217,1.10118,1.10121,4.12,1.10
2016.07.22 13:00:45.268,1.10118,1.10122,3.37,4.20
2016.07.22 13:00:45.370,1.10118,1.10122,3.37,3.45
2016.07.22 13:00:45.471,1.10118,1.10121,3.75,1.50
2016.07.22 13:00:45.624,1.10118,1.10121,3.00,1.50
2016.07.22 13:00:45.717,1.10118,1.10121,2.25,1.50
2016.07.22 13:00:45.769,1.10118,1.10121,3.00,1.00
2016.07.22 13:00:45.820,1.10118,1.10121,3.00,1.12
2016.07.22 13:00:45.871,1.10118,1.10121,3.00,1.87
2016.07.22 13:00:46.074,1.10118,1.10121,3.00,1.50
2016.07.22 13:00:46.176,1.10118,1.10121,3.00,1.12
2016.07.22 13:00:46.227,1.10118,1.1012,3.00,1.50
2016.07.22 13:00:46.278,1.10118,1.1012,2.25,1.50
2016.07.22 13:00:46.380,1.10118,1.1012,1.50,1.00
2016.07.22 13:00:46.584,1.10118,1.10121,1.50,1.12
2016.07.22 13:00:46.716,1.10118,1.10121,1.00,1.37
2016.07.22 13:00:46.767,1.10118,1.1012,1.00,1.00
2016.07.22 13:00:46.819,1.10118,1.1012,1.00,1.37
2016.07.22 13:00:46.871,1.10118,1.10119,1.00,1.12
2016.07.22 13:00:46.922,1.10117,1.10119,1.00,1.87
2016.07.22 13:00:46.974,1.10116,1.10119,2.32,2.62
2016.07.22 13:00:47.026,1.10116,1.10119,2.25,2.62
2016.07.22 13:00:47.077,1.10116,1.10119,2.25,2.81
2016.07.22 13:00:47.281,1.10116,1.10119,1.50,2.06
2016.07.22 13:00:47.382,1.10116,1.10119,1.50,1.87
2016.07.22 13:00:47.572,1.10116,1.10119,2.25,2.06
2016.07.22 13:00:47.812,1.10116,1.10119,2.25,1.31
2016.07.22 13:00:47.863,1.10116,1.1012,3.00,8.25
2016.07.22 13:00:47.914,1.10116,1.1012,3.00,5.62
2016.07.22 13:00:47.965,1.10116,1.1012,3.00,5.25
2016.07.22 13:00:48.270,1.10116,1.1012,3.75,5.25
2016.07.22 13:00:48.321,1.10116,1.1012,3.00,4.31
2016.07.22 13:00:48.371,1.10116,1.1012,2.25,4.31
2016.07.22 13:00:48.422,1.10116,1.1012,3.75,5.06
2016.07.22 13:00:48.524,1.10116,1.1012,3.75,5.25
2016.07.22 13:00:48.727,1.10116,1.1012,3.75,6.75
2016.07.22 13:00:48.884,1.10116,1.1012,3.75,5.81
2016.07.22 13:00:48.935,1.10116,1.1012,3.75,6.75
2016.07.22 13:00:49.455,1.10116,1.10119,3.00,1.50
2016.07.22 13:00:49.507,1.10116,1.10118,1.00,1.00
2016.07.22 13:00:49.609,1.10115,1.10118,4.50,1.00
2016.07.22 13:00:49.660,1.10115,1.10118,3.00,1.00
2016.07.22 13:00:49.762,1.10115,1.10118,3.37,1.00
2016.07.22 13:00:49.813,1.10115,1.10118,4.12,1.25
2016.07.22 13:00:49.864,1.10115,1.10118,5.62,1.25
2016.07.22 13:00:49.915,1.10115,1.10119,5.62,3.64
2016.07.22 13:00:50.059,1.10115,1.10119,6.75,3.64
2016.07.22 13:00:50.111,1.10115,1.10119,7.50,3.64
2016.07.22 13:00:50.162,1.10115,1.10119,7.87,3.64
2016.07.22 13:00:50.264,1.10115,1.10119,7.50,3.64
2016.07.22 13:00:50.467,1.10115,1.10119,6.00,3.26
2016.07.22 13:00:50.518,1.10115,1.10119,6.00,2.32
2016.07.22 13:00:50.620,1.10115,1.10119,7.50,3.26
2016.07.22 13:00:50.741,1.10115,1.10119,6.00,2.32
2016.07.22 13:00:50.792,1.10115,1.10119,7.50,3.26
2016.07.22 13:00:51.097,1.10115,1.10119,6.75,3.26
2016.07.22 13:00:51.199,1.10115,1.10119,7.50,3.26
2016.07.22 13:00:51.454,1.10115,1.10119,8.25,3.26
2016.07.22 13:00:51.506,1.10115,1.10119,8.62,4.01
2016.07.22 13:00:51.608,1.10115,1.10119,6.75,3.07
2016.07.22 13:00:51.659,1.10115,1.10119,4.50,3.07
2016.07.22 13:00:51.767,1.10115,1.10119,6.75,3.07
2016.07.22 13:00:51.818,1.10115,1.10119,8.25,4.01
2016.07.22 13:00:51.970,1.10115,1.10119,5.25,3.26
2016.07.22 13:00:52.021,1.10116,1.10119,1.00,3.26
2016.07.22 13:00:52.378,1.10116,1.10119,1.00,3.64
2016.07.22 13:00:52.429,1.10116,1.10119,1.00,3.82
2016.07.22 13:00:52.480,1.10116,1.10119,1.00,4.95
2016.07.22 13:00:52.531,1.10116,1.10119,1.00,5.14
2016.07.22 13:00:52.582,1.10116,1.10118,1.00,2.44
2016.07.22 13:00:52.634,1.10115,1.10117,2.25,2.62
2016.07.22 13:00:52.685,1.10115,1.10117,1.12,4.12
2016.07.22 13:00:52.736,1.10114,1.10115,1.50,1.00
2016.07.22 13:00:52.788,1.10114,1.10115,1.50,1.87
2016.07.22 13:00:52.841,1.10114,1.10115,1.00,3.00
2016.07.22 13:00:52.892,1.10113,1.10115,1.00,3.75
2016.07.22 13:00:52.978,1.10113,1.10115,1.00,3.37
2016.07.22 13:00:53.030,1.10113,1.10115,3.00,1.12
2016.07.22 13:00:53.081,1.10112,1.10114,4.12,1.37
2016.07.22 13:00:53.132,1.10112,1.10114,2.87,2.25
2016.07.22 13:00:53.183,1.10112,1.10114,1.00,7.12
2016.07.22 13:00:53.236,1.1011,1.10112,1.58,1.00
2016.07.22 13:00:53.288,1.10109,1.10112,6.19,1.10
2016.07.22 13:00:53.340,1.10109,1.10112,4.69,1.01
2016.07.22 13:00:53.392,1.10109,1.10112,3.56,2.14
2016.07.22 13:00:53.443,1.10109,1.10112,1.25,2.51
2016.07.22 13:00:53.577,1.10109,1.10112,1.00,2.51
2016.07.22 13:00:53.629,1.10109,1.10112,1.00,3.26
2016.07.22 13:00:53.680,1.10109,1.10112,1.00,3.64
2016.07.22 13:00:53.783,1.10109,1.10112,1.00,4.01
2016.07.22 13:00:53.935,1.10109,1.10112,1.00,4.39
2016.07.22 13:00:53.986,1.10109,1.10112,1.00,5.14
2016.07.22 13:00:54.037,1.10108,1.10112,4.50,4.95
2016.07.22 13:00:54.089,1.10108,1.10112,4.50,4.57
2016.07.22 13:00:54.190,1.10108,1.10112,4.88,4.57
2016.07.22 13:00:54.241,1.10108,1.10112,6.75,4.57
2016.07.22 13:00:54.292,1.10108,1.10112,7.35,3.45
2016.07.22 13:00:54.400,1.10108,1.10112,5.85,3.45
2016.07.22 13:00:54.454,1.1011,1.10112,1.00,2.70
2016.07.22 13:00:54.505,1.1011,1.10112,1.00,3.45
2016.07.22 13:00:54.658,1.1011,1.10112,1.00,2.70
2016.07.22 13:00:54.709,1.1011,1.10112,1.00,1.95
2016.07.22 13:00:54.812,1.1011,1.10112,1.00,2.70
2016.07.22 13:00:54.914,1.1011,1.10112,1.00,1.20
2016.07.22 13:00:55.015,1.1011,1.10112,1.00,1.95
2016.07.22 13:00:55.118,1.1011,1.10112,1.00,1.57
2016.07.22 13:00:55.220,1.10111,1.10112,3.37,1.10
2016.07.22 13:00:55.324,1.10112,1.10113,4.12,1.50
2016.07.22 13:00:55.375,1.10113,1.10115,1.50,1.12
2016.07.22 13:00:55.427,1.10115,1.10116,1.50,1.95
2016.07.22 13:00:55.529,1.10115,1.10116,1.50,1.10
2016.07.22 13:00:55.581,1.10115,1.10118,3.75,2.62
2016.07.22 13:00:55.632,1.10116,1.10118,1.00,1.50
2016.07.22 13:00:55.734,1.10117,1.10119,1.00,12.64
2016.07.22 13:00:55.785,1.10117,1.10119,1.00,8.32
2016.07.22 13:00:55.836,1.10117,1.10119,1.00,4.76
2016.07.22 13:00:55.938,1.10116,1.10119,2.25,5.14
2016.07.22 13:00:56.057,1.10116,1.10119,2.25,5.32
2016.07.22 13:00:56.112,1.10116,1.10119,3.00,6.07
2016.07.22 13:00:56.215,1.10116,1.10119,3.37,3.45
2016.07.22 13:00:56.317,1.10116,1.10119,3.00,4.01
2016.07.22 13:00:56.422,1.10116,1.10119,3.00,3.82
2016.07.22 13:00:56.529,1.10116,1.10119,3.00,4.01
2016.07.22 13:00:56.631,1.10116,1.10119,3.00,3.64
2016.07.22 13:00:56.734,1.10117,1.10119,1.00,2.32
2016.07.22 13:00:56.785,1.10117,1.10119,2.25,2.32
2016.07.22 13:00:56.927,1.10119,1.1012,5.02,1.10
2016.07.22 13:00:56.979,1.10121,1.10123,2.62,11.81
2016.07.22 13:00:57.030,1.10123,1.10124,1.50,2.85
2016.07.22 13:00:57.081,1.10123,1.10124,2.25,2.85
2016.07.22 13:00:57.133,1.10123,1.10126,3.75,1.87
2016.07.22 13:00:57.185,1.10123,1.10126,4.12,1.50
2016.07.22 13:00:57.237,1.10123,1.10126,4.12,1.12
2016.07.22 13:00:57.543,1.10123,1.10127,2.62,4.20
2016.07.22 13:00:57.645,1.10123,1.10126,2.62,1.12
2016.07.22 13:00:57.778,1.10123,1.10126,3.37,1.50
2016.07.22 13:00:57.833,1.10123,1.10126,4.88,1.12
2016.07.22 13:00:58.036,1.10123,1.10126,4.87,1.12
2016.07.22 13:00:58.240,1.10123,1.10126,5.62,1.12
2016.07.22 13:00:58.344,1.10124,1.10126,1.50,1.00
2016.07.22 13:00:58.395,1.10125,1.10127,1.00,3.26
2016.07.22 13:00:58.447,1.10126,1.10127,1.00,1.95
2016.07.22 13:00:58.500,1.10127,1.10129,1.00,7.69
2016.07.22 13:00:58.551,1.10128,1.10129,1.00,5.62
2016.07.22 13:00:58.655,1.10128,1.1013,1.00,3.56
2016.07.22 13:00:58.707,1.10129,1.10131,1.00,1.01
2016.07.22 13:00:58.758,1.10129,1.10131,1.50,1.01
2016.07.22 13:00:58.810,1.10129,1.10131,2.25,1.25
2016.07.22 13:00:58.861,1.10129,1.10132,1.00,3.07
2016.07.22 13:00:58.912,1.10128,1.10132,3.00,3.82
2016.07.22 13:00:58.964,1.10129,1.10132,1.00,4.01
2016.07.22 13:00:59.015,1.10129,1.1013,1.00,1.00
2016.07.22 13:00:59.117,1.10129,1.10131,1.50,1.00
2016.07.22 13:00:59.456,1.10129,1.10132,1.50,2.89
2016.07.22 13:00:59.559,1.10129,1.10132,1.50,4.39
2016.07.22 13:00:59.610,1.10129,1.10132,1.00,5.51
2016.07.22 13:00:59.661,1.10129,1.10132,1.00,6.64
2016.07.22 13:00:59.712,1.10129,1.10131,1.00,1.31
2016.07.22 13:00:59.764,1.10128,1.1013,5.25,1.00
2016.07.22 13:00:59.923,1.10128,1.1013,4.50,1.00
2016.07.22 13:01:00.025,1.10128,1.1013,1.00,1.87
2016.07.22 13:01:00.076,1.10128,1.1013,1.00,2.62
2016.07.22 13:01:00.127,1.10128,1.1013,1.00,1.50
2016.07.22 13:01:00.249,1.10128,1.1013,1.00,1.50
2016.07.22 13:01:00.610,1.10127,1.1013,3.45,3.19
2016.07.22 13:01:00.661,1.10127,1.1013,2.32,4.87
2016.07.22 13:01:00.712,1.10127,1.10129,1.57,1.87
2016.07.22 13:01:00.765,1.10127,1.10128,1.00,1.12
2016.07.22 13:01:00.817,1.10127,1.10128,1.00,2.25
2016.07.22 13:01:00.869,1.10125,1.10127,1.50,2.06
2016.07.22 13:01:00.994,1.10124,1.10127,3.37,3.56
2016.07.22 13:01:01.045,1.10123,1.10126,6.82,1.12
2016.07.22 13:01:01.096,1.10123,1.10126,6.07,1.12
2016.07.22 13:01:01.147,1.10123,1.10126,6.07,1.31
2016.07.22 13:01:01.249,1.10124,1.10126,1.00,1.25
2016.07.22 13:01:01.301,1.10124,1.10126,1.87,1.25
2016.07.22 13:01:01.352,1.10125,1.10127,1.00,1.69
2016.07.22 13:01:01.454,1.10125,1.10127,2.25,1.00
2016.07.22 13:01:01.505,1.10126,1.10127,1.00,1.00
2016.07.22 13:01:01.556,1.10127,1.10128,1.00,1.50
2016.07.22 13:01:01.607,1.10127,1.10129,2.25,1.76
2016.07.22 13:01:01.708,1.10128,1.1013,1.00,6.19
2016.07.22 13:01:01.760,1.10128,1.1013,1.12,2.25
2016.07.22 13:01:01.811,1.10128,1.10131,1.87,2.14
2016.07.22 13:01:01.863,1.10128,1.10131,2.25,2.32
2016.07.22 13:01:01.914,1.10128,1.10131,1.50,3.45
2016.07.22 13:01:01.966,1.10127,1.10129,4.87,1.12
2016.07.22 13:01:02.017,1.10127,1.10129,4.87,1.00
2016.07.22 13:01:02.068,1.10127,1.10129,4.12,1.00
2016.07.22 13:01:02.171,1.10127,1.10129,2.62,1.00
2016.07.22 13:01:02.273,1.10127,1.10129,2.62,1.12
2016.07.22 13:01:02.375,1.10127,1.10129,2.62,1.00
2016.07.22 13:01:03.052,1.10127,1.10129,1.87,1.00
2016.07.22 13:01:03.459,1.10127,1.1013,2.62,1.87
2016.07.22 13:01:03.510,1.10127,1.1013,2.62,1.12
2016.07.22 13:01:03.561,1.10127,1.1013,2.62,1.87
2016.07.22 13:01:03.612,1.10127,1.1013,1.87,1.87
2016.07.22 13:01:03.768,1.10127,1.1013,1.87,1.50
2016.07.22 13:01:03.819,1.10127,1.1013,1.87,1.87
2016.07.22 13:01:03.870,1.10127,1.1013,1.87,1.69
2016.07.22 13:01:03.972,1.10128,1.1013,1.00,1.69
2016.07.22 13:01:04.023,1.10128,1.1013,1.00,1.31
2016.07.22 13:01:04.125,1.10128,1.1013,1.50,1.31
2016.07.22 13:01:04.177,1.10128,1.1013,2.25,1.25
2016.07.22 13:01:04.228,1.10128,1.1013,1.50,1.25
2016.07.22 13:01:04.533,1.10128,1.10131,1.50,1.20
2016.07.22 13:01:04.757,1.10128,1.10131,1.50,1.95
2016.07.22 13:01:04.811,1.10128,1.10131,1.50,1.76
2016.07.22 13:01:04.862,1.10128,1.10131,1.50,1.20
2016.07.22 13:01:04.965,1.10128,1.10132,2.25,6.94
2016.07.22 13:01:05.068,1.10128,1.10131,3.00,1.00
2016.07.22 13:01:05.272,1.10128,1.10132,3.75,6.64
2016.07.22 13:01:05.323,1.10128,1.10132,3.75,6.26
2016.07.22 13:01:05.641,1.10128,1.10132,3.75,7.01
2016.07.22 13:01:05.743,1.10128,1.10131,3.75,1.00
2016.07.22 13:01:05.846,1.10129,1.10132,1.00,7.01
2016.07.22 13:01:05.897,1.10128,1.1013,4.50,1.00
2016.07.22 13:01:05.949,1.10128,1.10129,3.00,1.12
2016.07.22 13:01:06.001,1.10126,1.10128,10.12,1.37
2016.07.22 13:01:06.053,1.10126,1.10127,1.00,1.12
2016.07.22 13:01:06.104,1.10126,1.10127,1.00,1.00
2016.07.22 13:01:06.156,1.10125,1.10127,1.12,2.81
2016.07.22 13:01:06.258,1.10125,1.10127,1.12,3.56
2016.07.22 13:01:06.394,1.10124,1.10127,3.75,3.56
2016.07.22 13:01:06.598,1.10124,1.10127,3.00,3.56
2016.07.22 13:01:07.446,1.10124,1.10127,1.50,3.56
2016.07.22 13:01:07.751,1.10124,1.10127,1.50,2.62
2016.07.22 13:01:07.880,1.10124,1.10127,1.50,3.56
2016.07.22 13:01:08.434,1.10124,1.10127,1.00,3.56
2016.07.22 13:01:08.690,1.10126,1.10127,1.00,3.19
2016.07.22 13:01:08.742,1.10127,1.10128,1.50,1.57
2016.07.22 13:01:08.794,1.10127,1.10128,1.87,1.00
2016.07.22 13:01:08.845,1.10128,1.10129,1.50,1.01
2016.07.22 13:01:08.947,1.10128,1.1013,4.75,3.94
2016.07.22 13:01:08.998,1.10128,1.1013,4.75,3.19
2016.07.22 13:01:09.049,1.10128,1.1013,4.50,3.19
2016.07.22 13:01:09.238,1.10128,1.1013,3.37,2.25
2016.07.22 13:01:09.289,1.10128,1.10129,1.50,1.00
2016.07.22 13:01:09.340,1.10126,1.10127,2.62,1.12
2016.07.22 13:01:09.394,1.10125,1.10127,3.64,1.50
2016.07.22 13:01:09.445,1.10124,1.10126,2.25,3.00
2016.07.22 13:01:09.497,1.10124,1.10126,1.57,2.62
2016.07.22 13:01:09.548,1.10123,1.10125,1.87,1.00
2016.07.22 13:01:09.599,1.10122,1.10125,6.26,2.06
2016.07.22 13:01:09.651,1.10122,1.10123,1.57,1.12
2016.07.22 13:01:09.840,1.1012,1.10123,5.25,1.25
2016.07.22 13:01:09.891,1.10121,1.10123,1.00,1.25
2016.07.22 13:01:09.942,1.10121,1.10123,1.50,1.25
2016.07.22 13:01:09.994,1.10121,1.10124,3.00,3.26
2016.07.22 13:01:10.045,1.10121,1.10124,2.25,1.10
2016.07.22 13:01:10.097,1.10122,1.10124,1.00,1.10
2016.07.22 13:01:10.148,1.10122,1.10124,1.50,1.00
2016.07.22 13:01:10.250,1.10122,1.10125,1.50,8.51
2016.07.22 13:01:10.301,1.10122,1.10125,1.50,8.89
2016.07.22 13:01:10.352,1.10122,1.10125,1.50,7.20
2016.07.22 13:01:10.403,1.10122,1.10125,1.50,6.82
2016.07.22 13:01:10.454,1.10122,1.10125,1.50,6.07
2016.07.22 13:01:10.505,1.10122,1.10125,1.50,5.14
2016.07.22 13:01:10.556,1.10122,1.10125,1.50,6.07
2016.07.22 13:01:10.607,1.10122,1.10125,1.50,5.70
2016.07.22 13:01:10.742,1.10122,1.10125,1.50,5.32
2016.07.22 13:01:10.794,1.10122,1.10125,1.50,3.07
2016.07.22 13:01:10.845,1.10122,1.10125,1.00,3.07
2016.07.22 13:01:10.896,1.10122,1.10125,1.00,2.32
2016.07.22 13:01:10.948,1.10122,1.10125,1.00,1.57
2016.07.22 13:01:11.051,1.10122,1.10125,1.00,2.32
2016.07.22 13:01:11.205,1.10122,1.10125,1.00,2.70
2016.07.22 13:01:11.256,1.10122,1.10125,1.00,1.95
2016.07.22 13:01:11.358,1.10122,1.10125,1.00,2.70
2016.07.22 13:01:11.574,1.10122,1.10125,1.00,1.95
2016.07.22 13:01:11.656,1.10122,1.10125,1.00,2.70
2016.07.22 13:01:11.707,1.10122,1.10125,1.00,1.57
2016.07.22 13:01:11.758,1.10123,1.10125,1.50,1.67
2016.07.22 13:01:11.860,1.10123,1.10125,3.00,1.22
2016.07.22 13:01:11.912,1.10124,1.10125,1.00,1.12
2016.07.22 13:01:11.963,1.10125,1.10126,1.50,2.89
2016.07.22 13:01:12.014,1.10125,1.10126,2.25,1.76
2016.07.22 13:01:12.066,1.10125,1.10127,2.25,5.06
2016.07.22 13:01:12.117,1.10125,1.10127,2.25,5.81
2016.07.22 13:01:12.168,1.10123,1.10124,3.45,1.00
2016.07.22 13:01:12.219,1.10123,1.10124,1.57,2.25
2016.07.22 13:01:12.270,1.10121,1.10122,1.00,1.00
2016.07.22 13:01:12.359,1.10118,1.1012,17.81,5.12
2016.07.22 13:01:12.411,1.10117,1.10118,2.62,1.00
2016.07.22 13:01:12.462,1.10116,1.10118,3.37,1.50
2016.07.22 13:01:12.564,1.10116,1.10117,3.00,1.00
2016.07.22 13:01:12.666,1.10116,1.10117,2.25,1.00
2016.07.22 13:01:12.768,1.10116,1.10117,1.50,1.00
2016.07.22 13:01:12.870,1.10116,1.10117,1.00,1.00
2016.07.22 13:01:13.397,1.10115,1.10117,3.00,1.00
2016.07.22 13:01:13.499,1.10116,1.10117,1.00,1.00
2016.07.22 13:01:13.804,1.10115,1.10117,6.37,1.00
2016.07.22 13:01:13.855,1.10116,1.10119,1.00,5.06
2016.07.22 13:01:13.906,1.10116,1.10119,1.50,5.06
2016.07.22 13:01:14.131,1.10116,1.10119,1.50,5.81
2016.07.22 13:01:14.271,1.10116,1.10118,2.25,1.12
2016.07.22 13:01:14.323,1.10114,1.10115,1.00,1.87
2016.07.22 13:01:14.375,1.10112,1.10115,1.57,4.87
2016.07.22 13:01:14.426,1.10112,1.10115,1.50,7.88
2016.07.22 13:01:14.477,1.10111,1.10114,2.32,1.50
2016.07.22 13:01:14.528,1.10111,1.10114,1.50,4.50
2016.07.22 13:01:14.579,1.10111,1.10113,2.25,2.62
2016.07.22 13:01:14.630,1.10111,1.10112,2.25,1.00
2016.07.22 13:01:14.681,1.1011,1.10111,1.00,1.00
2016.07.22 13:01:14.732,1.10109,1.10111,1.50,1.00
2016.07.22 13:01:14.783,1.10108,1.10112,3.08,5.62
2016.07.22 13:01:14.968,1.10108,1.10112,4.95,5.81
2016.07.22 13:01:15.121,1.10108,1.10112,4.58,5.44
2016.07.22 13:01:15.377,1.10108,1.1011,3.08,1.50
2016.07.22 13:01:15.428,1.10108,1.1011,4.20,1.50
2016.07.22 13:01:15.479,1.10108,1.10111,3.45,3.19
2016.07.22 13:01:15.584,1.10108,1.10111,3.45,3.56
2016.07.22 13:01:15.635,1.10108,1.1011,1.50,2.25
2016.07.22 13:01:15.686,1.10108,1.1011,1.87,1.50
2016.07.22 13:01:15.738,1.10108,1.1011,2.62,1.50
2016.07.22 13:01:15.789,1.10108,1.10111,2.62,3.94
2016.07.22 13:01:15.890,1.10109,1.10111,1.50,1.31
2016.07.22 13:01:15.992,1.10109,1.10111,1.50,1.25
2016.07.22 13:01:16.044,1.10109,1.10111,1.50,1.00
2016.07.22 13:01:16.095,1.10109,1.10111,1.00,1.00
2016.07.22 13:01:16.146,1.10109,1.10111,1.50,1.00
2016.07.22 13:01:16.197,1.10109,1.10111,1.50,1.50
2016.07.22 13:01:16.299,1.10109,1.10112,2.25,2.62
2016.07.22 13:01:16.434,1.1011,1.10112,2.25,2.25
2016.07.22 13:01:16.485,1.1011,1.10112,3.75,1.50
2016.07.22 13:01:16.536,1.1011,1.10112,3.75,1.57
2016.07.22 13:01:16.587,1.1011,1.10112,3.00,1.20
2016.07.22 13:01:16.639,1.1011,1.10112,2.25,1.20
2016.07.22 13:01:16.690,1.10111,1.10113,1.00,1.50
2016.07.22 13:01:16.741,1.10112,1.10113,1.50,1.20
2016.07.22 13:01:16.792,1.10112,1.10114,1.50,1.12
2016.07.22 13:01:16.845,1.10113,1.10114,1.00,1.10
2016.07.22 13:01:16.897,1.10113,1.10114,3.37,1.10
2016.07.22 13:01:16.948,1.10113,1.10114,4.12,1.10
2016.07.22 13:01:17.000,1.10114,1.10115,1.12,1.12
2016.07.22 13:01:17.051,1.10115,1.10116,1.00,1.50
2016.07.22 13:01:17.182,1.10117,1.10119,1.00,6.00
2016.07.22 13:01:17.233,1.10118,1.10119,1.50,1.50
2016.07.22 13:01:17.285,1.10119,1.1012,1.00,1.57
2016.07.22 13:01:17.336,1.10119,1.10121,1.50,2.25
2016.07.22 13:01:17.387,1.10119,1.10121,2.25,1.87
2016.07.22 13:01:17.439,1.10119,1.10122,2.25,3.82
2016.07.22 13:01:17.490,1.10119,1.10122,3.00,3.82
2016.07.22 13:01:17.541,1.10119,1.10122,3.00,2.32
2016.07.22 13:01:17.592,1.10119,1.10122,3.00,2.51
2016.07.22 13:01:17.644,1.10119,1.10122,3.00,3.26
2016.07.22 13:01:17.695,1.10119,1.10122,3.00,2.51
2016.07.22 13:01:17.919,1.10119,1.10122,3.00,1.76
2016.07.22 13:01:17.970,1.10119,1.10122,3.75,1.76
2016.07.22 13:01:18.072,1.10119,1.10122,3.75,1.10
2016.07.22 13:01:18.733,1.10119,1.1012,2.25,4.87
2016.07.22 13:01:18.784,1.10117,1.10119,5.70,5.50
2016.07.22 13:01:18.899,1.10118,1.10119,1.00,1.12
2016.07.22 13:01:18.950,1.10117,1.10119,1.00,1.12
2016.07.22 13:01:19.001,1.10118,1.1012,1.00,4.39
2016.07.22 13:01:19.052,1.10118,1.1012,1.00,2.70
2016.07.22 13:01:19.104,1.10119,1.1012,1.50,1.01
2016.07.22 13:01:19.155,1.10119,1.10121,1.57,1.00
2016.07.22 13:01:19.206,1.10119,1.10121,2.32,1.00
2016.07.22 13:01:19.411,1.10119,1.10121,1.57,1.00
2016.07.22 13:01:19.513,1.10119,1.10121,2.32,1.00
2016.07.22 13:01:20.424,1.10119,1.10121,1.57,1.00
2016.07.22 13:01:20.475,1.10119,1.1012,1.10,1.00
2016.07.22 13:01:20.526,1.10119,1.1012,1.10,2.44
2016.07.22 13:01:20.577,1.10118,1.1012,3.37,3.19
2016.07.22 13:01:20.628,1.10118,1.1012,2.25,2.06
2016.07.22 13:01:20.679,1.10118,1.1012,1.50,2.81
2016.07.22 13:01:20.730,1.10118,1.1012,1.50,2.44
2016.07.22 13:01:20.781,1.10118,1.1012,1.00,1.69
2016.07.22 13:01:20.904,1.10117,1.1012,5.44,1.50
2016.07.22 13:01:21.108,1.10118,1.1012,1.00,1.69
2016.07.22 13:01:21.159,1.10119,1.1012,1.00,1.25
2016.07.22 13:01:21.210,1.10118,1.1012,1.00,1.31
2016.07.22 13:01:22.309,1.10119,1.1012,1.00,1.12
2016.07.22 13:01:23.484,1.10118,1.1012,1.00,1.50
2016.07.22 13:01:23.649,1.10118,1.1012,1.00,2.25
2016.07.22 13:01:24.005,1.10117,1.1012,3.19,2.25
2016.07.22 13:01:24.056,1.10117,1.1012,3.94,1.50
2016.07.22 13:01:24.175,1.10117,1.1012,4.69,2.25
2016.07.22 13:01:24.226,1.10117,1.1012,4.69,2.62
2016.07.22 13:01:24.329,1.10117,1.10119,4.69,1.00
2016.07.22 13:01:24.993,1.10118,1.1012,1.00,3.37
2016.07.22 13:01:25.045,1.10118,1.1012,1.00,4.12
2016.07.22 13:01:25.177,1.10118,1.10119,1.00,1.00
2016.07.22 13:01:25.230,1.10118,1.10119,1.50,1.00
2016.07.22 13:01:25.282,1.10119,1.1012,4.12,4.12
2016.07.22 13:01:25.334,1.10119,1.1012,4.87,1.00
2016.07.22 13:01:25.386,1.1012,1.10122,3.00,1.91
2016.07.22 13:01:25.438,1.10123,1.10125,1.00,15.79
2016.07.22 13:01:25.490,1.10124,1.10125,1.00,10.50
2016.07.22 13:01:25.541,1.10124,1.10125,1.50,1.00
2016.07.22 13:01:25.593,1.10124,1.10127,3.00,4.50
2016.07.22 13:01:25.644,1.10124,1.10127,2.25,4.50
2016.07.22 13:01:25.797,1.10124,1.10127,1.50,3.75
2016.07.22 13:01:26.061,1.10124,1.10126,1.00,1.00
2016.07.22 13:01:26.112,1.10123,1.10126,6.37,1.00
2016.07.22 13:01:26.164,1.10123,1.10126,6.00,1.12
2016.07.22 13:01:26.215,1.10123,1.10125,3.75,1.00
2016.07.22 13:01:26.267,1.10123,1.10125,3.00,2.25
2016.07.22 13:01:26.319,1.10123,1.10125,1.50,2.25
2016.07.22 13:01:26.370,1.10123,1.10125,1.50,1.87
2016.07.22 13:01:26.528,1.10123,1.10125,1.50,1.87
2016.07.22 13:01:26.579,1.10123,1.10125,1.50,2.62
2016.07.22 13:01:26.631,1.10123,1.10125,1.00,1.87
2016.07.22 13:01:26.733,1.10123,1.10125,1.00,2.25
2016.07.22 13:01:26.835,1.10123,1.10124,1.00,1.00
2016.07.22 13:01:26.886,1.10122,1.10124,3.94,1.00
2016.07.22 13:01:27.118,1.10122,1.10125,3.19,4.12
2016.07.22 13:01:27.169,1.10122,1.10125,2.44,3.37
2016.07.22 13:01:27.221,1.10122,1.10123,2.25,1.69
2016.07.22 13:01:27.272,1.10121,1.10122,2.25,1.00
2016.07.22 13:01:27.323,1.1012,1.10122,1.10,5.81
2016.07.22 13:01:27.374,1.10119,1.10121,1.31,1.00
2016.07.22 13:01:27.425,1.10119,1.1012,1.25,1.00
2016.07.22 13:01:27.476,1.10119,1.1012,1.00,1.00
2016.07.22 13:01:27.527,1.10118,1.1012,3.00,1.50
2016.07.22 13:01:27.720,1.10118,1.10122,2.25,7.76
2016.07.22 13:01:27.823,1.10118,1.10122,3.00,7.01
2016.07.22 13:01:27.925,1.10119,1.10122,1.00,4.57
2016.07.22 13:01:27.976,1.10119,1.10122,1.50,2.70
2016.07.22 13:01:28.079,1.10119,1.10122,1.50,2.32
2016.07.22 13:01:28.181,1.10119,1.10122,2.25,1.57
2016.07.22 13:01:28.232,1.1012,1.10122,1.00,1.10
2016.07.22 13:01:28.284,1.1012,1.10122,1.50,1.57
2016.07.22 13:01:28.335,1.1012,1.10122,1.00,1.57
2016.07.22 13:01:28.387,1.10119,1.10122,2.25,1.50
2016.07.22 13:01:28.639,1.10119,1.10122,3.00,1.50
2016.07.22 13:01:28.690,1.10119,1.10122,1.50,1.87
2016.07.22 13:01:28.944,1.10119,1.10122,1.50,2.06
2016.07.22 13:01:29.148,1.10119,1.10122,1.50,2.44
2016.07.22 13:01:29.250,1.10119,1.10122,1.50,2.06
2016.07.22 13:01:29.474,1.10119,1.10122,1.50,1.69
2016.07.22 13:01:29.576,1.10119,1.10122,1.50,2.06
2016.07.22 13:01:29.627,1.10119,1.10122,1.00,2.81
2016.07.22 13:01:30.034,1.10119,1.10121,1.00,1.00
2016.07.22 13:01:30.205,1.10119,1.10122,1.00,2.81
2016.07.22 13:01:30.307,1.10119,1.10122,1.12,1.50
2016.07.22 13:01:30.358,1.10119,1.10122,3.37,1.00
2016.07.22 13:01:30.488,1.1012,1.10122,1.50,1.00
2016.07.22 13:01:30.956,1.1012,1.10122,1.00,1.00
2016.07.22 13:01:31.058,1.10119,1.10122,5.62,1.00
2016.07.22 13:01:33.514,1.10119,1.10122,3.37,1.00
2016.07.22 13:01:33.616,1.10119,1.10122,5.62,1.00
2016.07.22 13:01:34.037,1.10119,1.10122,3.37,1.00
2016.07.22 13:01:34.140,1.10119,1.10122,4.12,1.00
2016.07.22 13:01:34.345,1.1012,1.10122,1.00,1.00
2016.07.22 13:01:36.368,1.1012,1.10123,1.00,5.70
2016.07.22 13:01:36.419,1.1012,1.10123,1.12,5.70
2016.07.22 13:01:36.471,1.1012,1.10122,1.12,1.00
2016.07.22 13:01:37.083,1.1012,1.10122,1.00,1.00
2016.07.22 13:01:37.236,1.10119,1.10123,5.06,6.26
2016.07.22 13:01:37.418,1.1012,1.10123,1.00,6.45
2016.07.22 13:01:37.572,1.1012,1.10123,1.00,6.26
2016.07.22 13:01:37.623,1.1012,1.10123,1.12,6.26
2016.07.22 13:01:38.741,1.10119,1.10123,5.44,5.51
2016.07.22 13:01:38.844,1.1012,1.10123,1.12,6.26
2016.07.22 13:01:38.895,1.1012,1.10123,1.00,6.26
2016.07.22 13:01:38.946,1.10119,1.10123,5.06,5.51
2016.07.22 13:01:39.048,1.10119,1.10121,5.06,1.00
2016.07.22 13:01:39.099,1.10119,1.10121,4.87,1.00
2016.07.22 13:01:39.253,1.10119,1.10123,5.62,5.70
2016.07.22 13:01:39.305,1.1012,1.10123,1.00,5.70
2016.07.22 13:01:39.357,1.10122,1.10123,1.12,3.07
2016.07.22 13:01:39.408,1.10122,1.10124,1.50,2.62
2016.07.22 13:01:39.528,1.10123,1.10125,3.37,2.25
2016.07.22 13:01:39.579,1.10125,1.10126,2.25,4.50
2016.07.22 13:01:39.630,1.10126,1.10127,1.00,1.10
2016.07.22 13:01:39.682,1.10126,1.10128,1.00,3.75
2016.07.22 13:01:39.733,1.10127,1.10128,1.00,1.00
2016.07.22 13:01:39.786,1.10126,1.10128,2.62,1.00
2016.07.22 13:01:39.837,1.10126,1.10129,1.12,1.37
2016.07.22 13:01:39.939,1.10126,1.10129,3.00,1.87
2016.07.22 13:01:39.990,1.10126,1.10129,3.75,1.87
2016.07.22 13:01:40.041,1.10126,1.10129,3.75,1.12
2016.07.22 13:01:40.092,1.10126,1.10129,3.00,1.87
2016.07.22 13:01:40.143,1.10126,1.10127,1.50,1.00
2016.07.22 13:01:40.274,1.10126,1.10128,1.00,3.00
2016.07.22 13:01:40.325,1.10126,1.10128,1.00,3.60
2016.07.22 13:01:40.376,1.10126,1.10127,1.00,1.00
2016.07.22 13:01:40.580,1.10126,1.10128,1.00,3.97
2016.07.22 13:01:40.681,1.10126,1.10127,1.00,1.00
2016.07.22 13:01:41.530,1.10126,1.10127,1.00,1.50
2016.07.22 13:01:42.228,1.10126,1.10127,1.00,1.00
2016.07.22 13:01:42.467,1.10126,1.10128,1.00,4.39
2016.07.22 13:01:42.946,1.10126,1.10128,1.00,4.20
2016.07.22 13:01:42.997,1.10126,1.10128,1.00,4.57
2016.07.22 13:01:43.048,1.10126,1.10128,1.00,3.07
2016.07.22 13:01:43.099,1.10126,1.10128,1.00,2.32
2016.07.22 13:01:43.251,1.10124,1.10127,5.25,1.25
2016.07.22 13:01:43.303,1.10124,1.10127,5.25,1.69
2016.07.22 13:01:43.354,1.10124,1.10127,3.00,2.06
2016.07.22 13:01:43.405,1.10124,1.10127,2.25,2.06
2016.07.22 13:01:43.487,1.10124,1.10127,2.25,1.69
2016.07.22 13:01:43.539,1.10124,1.10127,1.50,2.06
2016.07.22 13:01:43.640,1.10124,1.10127,1.50,2.25
2016.07.22 13:01:43.691,1.10124,1.10127,1.50,3.00
2016.07.22 13:01:44.300,1.10124,1.10127,1.50,3.75
2016.07.22 13:01:44.556,1.10124,1.10127,1.50,2.81
2016.07.22 13:01:44.692,1.10124,1.10127,1.50,3.75
2016.07.22 13:01:44.794,1.10124,1.10127,1.50,2.81
2016.07.22 13:01:45.103,1.10124,1.10127,1.50,3.75
2016.07.22 13:01:45.154,1.10125,1.10127,1.00,2.81
2016.07.22 13:01:45.206,1.10125,1.10127,1.00,1.31
2016.07.22 13:01:45.258,1.10125,1.10128,1.00,5.32
2016.07.22 13:01:45.310,1.10125,1.10127,1.00,1.12
2016.07.22 13:01:45.362,1.10124,1.10127,3.75,1.87
2016.07.22 13:01:45.413,1.10124,1.10127,3.75,2.81
2016.07.22 13:01:45.465,1.10124,1.10127,3.75,4.12
2016.07.22 13:01:45.588,1.10124,1.10126,3.00,1.00
2016.07.22 13:01:45.639,1.10124,1.10126,2.62,2.62
2016.07.22 13:01:45.690,1.10124,1.10125,1.12,1.00
2016.07.22 13:01:45.741,1.10123,1.10125,1.57,1.12
2016.07.22 13:01:45.792,1.10123,1.10125,1.00,1.12
2016.07.22 13:01:45.843,1.10123,1.10125,1.00,1.87
2016.07.22 13:01:45.894,1.10123,1.10124,1.00,2.47
2016.07.22 13:01:45.946,1.10122,1.10124,4.87,4.54
2016.07.22 13:01:45.997,1.10121,1.10122,2.25,1.50
2016.07.22 13:01:46.049,1.1012,1.10122,3.37,2.62
2016.07.22 13:01:46.100,1.1012,1.10122,1.87,6.60
2016.07.22 13:01:46.151,1.10119,1.10122,1.69,7.35
2016.07.22 13:01:46.202,1.10119,1.10122,1.69,6.49
2016.07.22 13:01:46.493,1.10119,1.10122,1.69,4.80
2016.07.22 13:01:46.595,1.10119,1.10122,1.69,4.05
2016.07.22 13:01:46.697,1.10119,1.10122,1.69,5.74
2016.07.22 13:01:46.748,1.10119,1.10122,1.69,5.14
2016.07.22 13:01:46.799,1.10121,1.10123,3.62,7.31
2016.07.22 13:01:46.851,1.10121,1.10123,9.81,3.94
2016.07.22 13:01:46.902,1.10122,1.10123,2.62,1.13
2016.07.22 13:01:46.953,1.10122,1.10124,3.75,3.83
2016.07.22 13:01:47.004,1.10122,1.10124,6.37,3.75
2016.07.22 13:01:47.055,1.10123,1.10124,1.50,3.75
2016.07.22 13:01:47.217,1.10123,1.10124,2.25,3.75
2016.07.22 13:01:47.269,1.10123,1.10126,2.25,3.45
2016.07.22 13:01:47.371,1.10123,1.10126,3.00,3.45
2016.07.22 13:01:47.779,1.10123,1.10126,4.50,2.70
2016.07.22 13:01:47.830,1.10123,1.10126,4.50,1.95
2016.07.22 13:01:47.952,1.10123,1.10127,4.50,7.69
2016.07.22 13:01:48.003,1.10123,1.10127,4.50,7.91
2016.07.22 13:01:48.054,1.10123,1.10127,4.50,8.51
2016.07.22 13:01:48.106,1.10123,1.10127,4.50,8.89
2016.07.22 13:01:48.158,1.10123,1.10127,4.50,9.07
2016.07.22 13:01:48.260,1.10123,1.10127,4.50,8.32
2016.07.22 13:01:48.362,1.10123,1.10127,4.50,7.72
2016.07.22 13:01:48.515,1.10124,1.10127,1.00,7.72
2016.07.22 13:01:48.566,1.10124,1.10127,1.00,8.14
2016.07.22 13:01:48.617,1.10124,1.10127,1.00,7.84
2016.07.22 13:01:48.872,1.10124,1.10127,1.00,7.46
2016.07.22 13:01:49.599,1.10123,1.10127,4.50,5.96
2016.07.22 13:01:49.701,1.10124,1.10127,1.00,7.46
2016.07.22 13:01:50.006,1.10123,1.10126,4.50,1.31
2016.07.22 13:01:50.107,1.10124,1.10126,1.00,1.31
2016.07.22 13:01:50.502,1.10123,1.10126,4.50,1.31
2016.07.22 13:01:50.604,1.10124,1.10126,1.00,1.31
2016.07.22 13:01:51.386,1.10122,1.10123,5.14,1.50
2016.07.22 13:01:51.438,1.1012,1.10123,25.50,2.47
2016.07.22 13:01:51.489,1.1012,1.10121,7.57,1.12
2016.07.22 13:01:51.541,1.10121,1.10122,1.50,4.35
2016.07.22 13:01:51.592,1.1012,1.10121,1.50,1.12
2016.07.22 13:01:51.643,1.10118,1.10121,4.69,1.12
2016.07.22 13:01:51.694,1.10118,1.10121,4.69,2.06
2016.07.22 13:01:51.999,1.10119,1.10121,1.25,2.06
2016.07.22 13:01:52.186,1.10119,1.10121,1.25,1.87
2016.07.22 13:01:52.288,1.10119,1.1012,1.25,1.00
2016.07.22 13:01:52.339,1.10119,1.1012,1.00,1.12
2016.07.22 13:01:52.390,1.10118,1.1012,1.50,1.87
2016.07.22 13:01:52.493,1.10117,1.10118,5.62,1.00
2016.07.22 13:01:52.544,1.10117,1.10118,4.87,1.00
2016.07.22 13:01:52.595,1.10117,1.10118,1.12,1.87
2016.07.22 13:01:52.646,1.10116,1.10118,1.00,2.62
2016.07.22 13:01:52.697,1.10115,1.10117,1.00,1.87
2016.07.22 13:01:52.748,1.10114,1.10117,2.32,1.87
2016.07.22 13:01:52.871,1.10114,1.10117,4.20,1.50
2016.07.22 13:01:52.922,1.10115,1.10117,1.12,1.00
2016.07.22 13:01:52.974,1.10116,1.10117,1.00,1.00
2016.07.22 13:01:53.025,1.10116,1.10118,1.50,1.00
2016.07.22 13:01:53.077,1.10116,1.10119,1.00,5.14
2016.07.22 13:01:53.128,1.10116,1.10119,1.00,4.95
2016.07.22 13:01:53.179,1.10116,1.10119,1.12,4.95
2016.07.22 13:01:53.230,1.10116,1.10119,1.12,4.20
2016.07.22 13:01:53.334,1.10116,1.10119,1.12,3.82
2016.07.22 13:01:53.487,1.10116,1.10119,1.12,3.75
2016.07.22 13:01:53.589,1.10116,1.10119,1.12,3.00
2016.07.22 13:01:53.792,1.10116,1.10119,1.12,3.75
2016.07.22 13:01:53.888,1.10115,1.10117,8.14,1.12
2016.07.22 13:01:53.940,1.10115,1.10117,4.57,1.12
2016.07.22 13:01:53.991,1.10115,1.10117,1.57,3.00
2016.07.22 13:01:54.042,1.10114,1.10117,3.82,3.00
2016.07.22 13:01:54.093,1.10114,1.10116,1.57,1.00
2016.07.22 13:01:54.144,1.10113,1.10116,7.57,1.00
2016.07.22 13:01:54.195,1.10113,1.10116,6.07,1.00
2016.07.22 13:01:54.246,1.10113,1.10116,6.45,1.00
2016.07.22 13:01:54.297,1.10113,1.10116,7.20,1.00
2016.07.22 13:01:54.348,1.10114,1.10116,1.00,1.00
2016.07.22 13:01:54.399,1.10114,1.10117,1.25,4.12
2016.07.22 13:01:54.501,1.10114,1.10117,2.25,3.00
2016.07.22 13:01:54.603,1.10115,1.10117,1.00,3.00
2016.07.22 13:01:54.789,1.10114,1.10117,2.44,3.00
2016.07.22 13:01:54.891,1.10114,1.10117,2.25,3.00
2016.07.22 13:01:55.196,1.10114,1.10117,1.50,3.00
2016.07.22 13:01:55.298,1.10114,1.10117,1.50,3.37
2016.07.22 13:01:55.501,1.10116,1.10118,6.25,4.01
2016.07.22 13:01:55.552,1.10117,1.10118,1.12,2.89
2016.07.22 13:01:55.603,1.10117,1.10118,3.00,1.10
2016.07.22 13:01:55.689,1.10117,1.10118,4.50,1.10
2016.07.22 13:01:55.741,1.10117,1.1012,5.06,3.75
2016.07.22 13:01:55.792,1.10118,1.1012,1.31,2.25
2016.07.22 13:01:55.894,1.10118,1.1012,1.25,2.25
2016.07.22 13:01:55.945,1.10118,1.1012,1.25,1.50
2016.07.22 13:01:55.996,1.10118,1.1012,1.00,2.25
2016.07.22 13:01:56.047,1.10118,1.1012,1.00,3.19
2016.07.22 13:01:56.098,1.10117,1.1012,4.31,3.94
2016.07.22 13:01:56.149,1.10117,1.1012,3.94,3.94
2016.07.22 13:01:56.200,1.10117,1.10119,3.56,1.12
2016.07.22 13:01:56.251,1.10117,1.10119,2.06,1.12
2016.07.22 13:01:56.302,1.10117,1.10119,1.31,1.00
2016.07.22 13:01:56.354,1.10117,1.10119,1.31,1.37
2016.07.22 13:01:56.405,1.10116,1.10118,1.69,1.12
2016.07.22 13:01:56.456,1.10116,1.10118,1.25,1.12
2016.07.22 13:01:56.937,1.10116,1.10119,1.25,4.50
2016.07.22 13:01:57.496,1.10116,1.10118,1.00,1.12
2016.07.22 13:01:57.702,1.10115,1.10117,4.39,1.00
2016.07.22 13:01:57.755,1.10115,1.10117,1.87,1.50
2016.07.22 13:01:57.807,1.10114,1.10117,3.82,4.12
2016.07.22 13:01:57.858,1.10116,1.10117,1.00,4.12
2016.07.22 13:01:57.909,1.10116,1.10117,1.50,3.75
2016.07.22 13:01:58.062,1.10116,1.10117,1.50,3.60
2016.07.22 13:01:58.114,1.10116,1.10117,1.50,2.47
2016.07.22 13:01:58.165,1.10116,1.10117,1.50,1.87
2016.07.22 13:01:58.268,1.10116,1.10117,1.50,1.50
2016.07.22 13:01:58.320,1.10116,1.10117,1.50,1.00
2016.07.22 13:01:58.806,1.10116,1.10117,1.00,1.00
2016.07.22 13:01:58.908,1.10116,1.10117,1.50,1.00
2016.07.22 13:01:59.243,1.10116,1.10117,1.00,1.00
2016.07.22 13:01:59.344,1.10116,1.10117,1.50,1.00
2016.07.22 13:01:59.751,1.10116,1.10118,1.50,1.50
2016.07.22 13:01:59.802,1.10116,1.10118,1.50,1.00
2016.07.22 13:02:00.288,1.10116,1.10118,1.50,1.57
2016.07.22 13:02:00.441,1.10116,1.10118,1.50,2.32
2016.07.22 13:02:00.492,1.10116,1.10118,1.50,2.70
2016.07.22 13:02:00.594,1.10116,1.10117,1.50,1.00
2016.07.22 13:02:00.645,1.10116,1.10117,1.00,1.50
2016.07.22 13:02:00.696,1.10116,1.10117,1.00,1.87
2016.07.22 13:02:00.747,1.10115,1.10116,3.75,1.00
2016.07.22 13:02:00.869,1.10115,1.10116,3.00,1.12
2016.07.22 13:02:01.022,1.10115,1.10116,3.75,1.12
2016.07.22 13:02:01.073,1.10115,1.10116,4.50,1.12
2016.07.22 13:02:01.124,1.10115,1.10116,5.25,1.00
2016.07.22 13:02:01.226,1.10116,1.10117,1.00,1.20
2016.07.22 13:02:01.277,1.10116,1.10117,1.00,1.00
2016.07.22 13:02:01.328,1.10116,1.10118,1.00,5.77
2016.07.22 13:02:01.462,1.10116,1.10118,1.00,5.02
2016.07.22 13:02:01.514,1.10116,1.10118,1.00,4.27
2016.07.22 13:02:01.707,1.10116,1.10118,1.00,5.02
2016.07.22 13:02:02.814,1.10116,1.10118,1.00,4.27
2016.07.22 13:02:02.865,1.10116,1.10118,1.50,3.52
2016.07.22 13:02:02.916,1.10117,1.10118,1.12,3.15
2016.07.22 13:02:02.967,1.10118,1.10119,1.72,1.10
2016.07.22 13:02:03.019,1.10121,1.10122,3.00,14.25
2016.07.22 13:02:03.070,1.10121,1.10122,5.10,4.80
2016.07.22 13:02:03.122,1.10121,1.10122,7.16,1.05
2016.07.22 13:02:03.173,1.10122,1.10125,3.94,1.00
2016.07.22 13:02:03.224,1.10124,1.10125,1.00,1.00
2016.07.22 13:02:03.275,1.10124,1.10127,1.00,4.20
2016.07.22 13:02:03.409,1.10124,1.10127,2.25,3.08
2016.07.22 13:02:03.511,1.10124,1.10127,2.25,2.70
2016.07.22 13:02:03.613,1.10124,1.10127,2.44,3.45
2016.07.22 13:02:03.715,1.10124,1.10127,2.25,3.45
2016.07.22 13:02:03.766,1.10124,1.10126,2.25,1.00
2016.07.22 13:02:03.920,1.10124,1.10126,1.69,1.00
2016.07.22 13:02:04.073,1.10124,1.10127,1.69,4.99
2016.07.22 13:02:04.124,1.10124,1.10127,2.06,3.49
2016.07.22 13:02:04.227,1.10124,1.10127,1.69,3.11
2016.07.22 13:02:04.407,1.10124,1.10127,1.69,2.51
2016.07.22 13:02:04.458,1.10124,1.10126,1.69,1.00
2016.07.22 13:02:04.662,1.10124,1.10126,1.25,1.50
2016.07.22 13:02:04.713,1.10124,1.10125,1.00,1.50
2016.07.22 13:02:04.764,1.10124,1.10125,1.00,3.00
2016.07.22 13:02:04.815,1.10122,1.10124,2.25,1.12
2016.07.22 13:02:04.917,1.10122,1.10124,1.00,1.00
2016.07.22 13:02:05.345,1.10123,1.10125,1.00,7.20
2016.07.22 13:02:05.396,1.10124,1.10126,1.00,14.81
2016.07.22 13:02:05.447,1.10124,1.10126,2.50,3.37
2016.07.22 13:02:05.499,1.10124,1.10125,2.25,1.10
2016.07.22 13:02:05.550,1.10125,1.10127,1.50,1.20
2016.07.22 13:02:05.652,1.10125,1.10127,3.00,1.20
2016.07.22 13:02:05.703,1.10125,1.10127,3.19,1.12
2016.07.22 13:02:05.754,1.10125,1.10127,2.81,1.12
2016.07.22 13:02:05.934,1.10125,1.10127,1.87,1.12
2016.07.22 13:02:06.038,1.10125,1.10127,2.81,1.12
2016.07.22 13:02:06.242,1.10127,1.10128,2.25,1.20
2016.07.22 13:02:06.293,1.10127,1.10128,3.00,1.20
2016.07.22 13:02:06.344,1.10127,1.10129,3.37,1.00
2016.07.22 13:02:06.396,1.10127,1.10129,3.37,1.12
2016.07.22 13:02:06.447,1.10128,1.10129,1.00,1.12
2016.07.22 13:02:06.550,1.10127,1.10129,1.50,1.12
2016.07.22 13:02:06.659,1.10127,1.10129,1.00,1.87
2016.07.22 13:02:06.711,1.10125,1.10127,1.87,1.12
2016.07.22 13:02:06.762,1.10124,1.10127,2.62,1.87
2016.07.22 13:02:06.864,1.10124,1.10127,1.69,1.50
2016.07.22 13:02:07.017,1.10124,1.10127,1.25,2.25
2016.07.22 13:02:07.069,1.10124,1.10127,1.25,4.12
2016.07.22 13:02:07.121,1.10124,1.10127,1.25,5.44
2016.07.22 13:02:07.224,1.10124,1.10126,1.25,1.12
2016.07.22 13:02:07.328,1.10124,1.10126,1.25,1.87
2016.07.22 13:02:07.459,1.10124,1.10126,1.69,1.50
2016.07.22 13:02:07.512,1.10124,1.10126,3.19,1.00
2016.07.22 13:02:07.563,1.10125,1.10127,1.50,1.12
2016.07.22 13:02:07.665,1.10125,1.10128,1.69,2.70
2016.07.22 13:02:07.716,1.10125,1.10128,1.87,2.70
2016.07.22 13:02:07.767,1.10125,1.10128,2.06,2.70
2016.07.22 13:02:08.326,1.10125,1.10128,1.12,2.70
2016.07.22 13:02:08.377,1.10125,1.10128,1.87,2.70
2016.07.22 13:02:08.475,1.10125,1.10128,1.87,1.95
2016.07.22 13:02:08.527,1.10125,1.10128,2.81,1.95
2016.07.22 13:02:08.934,1.10125,1.10128,1.87,1.95
2016.07.22 13:02:09.036,1.10125,1.10128,2.81,1.95
2016.07.22 13:02:09.188,1.10125,1.10128,2.62,1.95
2016.07.22 13:02:09.239,1.10125,1.10128,1.69,1.95
2016.07.22 13:02:09.290,1.10125,1.10128,1.12,1.95
2016.07.22 13:02:09.341,1.10125,1.10128,2.06,1.95
2016.07.22 13:02:09.392,1.10125,1.10128,1.87,1.95
2016.07.22 13:02:09.493,1.10125,1.10128,2.06,1.95
2016.07.22 13:02:09.698,1.10126,1.10129,1.00,9.37
2016.07.22 13:02:09.750,1.10127,1.10128,1.50,1.12
2016.07.22 13:02:09.801,1.10127,1.10128,2.25,1.12
2016.07.22 13:02:09.955,1.10127,1.10128,1.50,1.12
2016.07.22 13:02:10.057,1.10127,1.10128,1.00,1.12
2016.07.22 13:02:10.108,1.10126,1.10128,1.12,1.12
2016.07.22 13:02:10.159,1.10125,1.10127,3.07,2.87
2016.07.22 13:02:10.210,1.10125,1.10127,2.89,2.87
2016.07.22 13:02:10.262,1.10125,1.10127,2.70,3.62
2016.07.22 13:02:10.313,1.10125,1.10127,2.62,3.62
2016.07.22 13:02:10.415,1.10125,1.10127,1.87,3.25
2016.07.22 13:02:10.510,1.10126,1.10127,1.12,2.25
2016.07.22 13:02:10.561,1.10125,1.10127,1.87,3.25
2016.07.22 13:02:10.867,1.10126,1.10127,1.12,2.25
2016.07.22 13:02:10.970,1.10125,1.10127,1.87,3.25
2016.07.22 13:02:11.021,1.10125,1.10127,2.62,3.25
2016.07.22 13:02:11.071,1.10126,1.10127,1.12,2.25
2016.07.22 13:02:11.173,1.10126,1.10127,1.00,1.50
2016.07.22 13:02:11.275,1.10125,1.10127,3.37,1.00
2016.07.22 13:02:11.828,1.10126,1.10127,1.00,1.50
2016.07.22 13:02:11.930,1.10125,1.10127,3.37,1.00
2016.07.22 13:02:12.235,1.10126,1.10127,1.00,1.50
2016.07.22 13:02:12.338,1.10125,1.10127,3.37,1.00
2016.07.22 13:02:12.645,1.10126,1.10128,1.00,3.45
2016.07.22 13:02:12.877,1.10126,1.10127,1.00,1.00
2016.07.22 13:02:13.519,1.10126,1.10127,1.50,1.00
2016.07.22 13:02:13.571,1.10127,1.10128,1.00,1.57
2016.07.22 13:02:13.622,1.10127,1.10128,2.62,1.57
2016.07.22 13:02:13.673,1.10128,1.1013,1.00,6.00
2016.07.22 13:02:13.724,1.10128,1.1013,1.50,1.00
2016.07.22 13:02:13.776,1.10128,1.10131,1.50,4.31
2016.07.22 13:02:13.965,1.10128,1.10131,1.50,5.81
2016.07.22 13:02:14.119,1.10128,1.1013,1.50,1.25
2016.07.22 13:02:14.170,1.10128,1.1013,1.00,1.69
2016.07.22 13:02:14.221,1.10128,1.1013,1.50,1.50
2016.07.22 13:02:14.425,1.10128,1.1013,1.50,1.00
2016.07.22 13:02:14.527,1.10128,1.1013,1.50,1.50
2016.07.22 13:02:15.896,1.10128,1.10131,1.50,3.75
2016.07.22 13:02:16.049,1.10128,1.10131,2.25,3.75
2016.07.22 13:02:16.179,1.10128,1.10131,3.72,2.25
2016.07.22 13:02:16.230,1.10128,1.10131,3.37,2.25
2016.07.22 13:02:16.383,1.10128,1.10131,2.62,3.00
2016.07.22 13:02:17.275,1.10128,1.1013,2.62,1.00
2016.07.22 13:02:17.581,1.10128,1.1013,2.44,1.00
2016.07.22 13:02:17.885,1.10128,1.1013,1.69,1.00
2016.07.22 13:02:17.937,1.10128,1.1013,1.50,1.12
2016.07.22 13:02:17.988,1.10128,1.10131,1.00,6.75
2016.07.22 13:02:18.389,1.10128,1.1013,1.00,1.00
2016.07.22 13:02:18.847,1.10128,1.10129,1.00,1.00
2016.07.22 13:02:19.050,1.10128,1.1013,1.00,1.50
2016.07.22 13:02:20.122,1.10129,1.10131,3.25,4.87
2016.07.22 13:02:20.174,1.10131,1.10132,2.85,7.69
2016.07.22 13:02:20.226,1.10131,1.10133,3.22,13.12
2016.07.22 13:02:20.278,1.10134,1.10136,1.00,7.50
2016.07.22 13:02:20.330,1.10134,1.10136,2.12,3.94
2016.07.22 13:02:20.411,1.10134,1.10135,1.12,1.12
2016.07.22 13:02:20.464,1.10133,1.10136,5.44,1.87
2016.07.22 13:02:20.515,1.10133,1.10136,6.19,1.12
2016.07.22 13:02:20.567,1.10133,1.10136,3.19,2.62
2016.07.22 13:02:20.618,1.10133,1.10136,2.44,3.37
2016.07.22 13:02:20.670,1.10133,1.10134,1.00,1.50
2016.07.22 13:02:20.722,1.10132,1.10134,1.95,1.50
2016.07.22 13:02:20.776,1.10132,1.10134,1.12,1.50
2016.07.22 13:02:20.828,1.10131,1.10134,1.50,3.94
2016.07.22 13:02:20.880,1.10131,1.10132,1.00,2.25
2016.07.22 13:02:20.931,1.1013,1.10132,1.57,2.25
2016.07.22 13:02:20.983,1.10129,1.10132,2.47,3.07
2016.07.22 13:02:21.063,1.10129,1.10131,2.47,1.00
2016.07.22 13:02:21.115,1.10129,1.1013,1.12,1.00
2016.07.22 13:02:21.268,1.10129,1.10132,1.87,3.30
2016.07.22 13:02:21.319,1.10129,1.10132,2.62,3.30
2016.07.22 13:02:21.473,1.10129,1.10132,1.87,3.30
2016.07.22 13:02:21.575,1.10129,1.10132,1.87,2.70
2016.07.22 13:02:21.881,1.10129,1.10132,1.87,3.07
2016.07.22 13:02:21.965,1.10128,1.10132,7.69,6.45
2016.07.22 13:02:22.016,1.10128,1.1013,7.69,1.00
2016.07.22 13:02:22.067,1.10128,1.1013,4.87,2.25
2016.07.22 13:02:22.118,1.10128,1.1013,4.87,1.50
2016.07.22 13:02:22.169,1.10128,1.1013,4.87,1.00
2016.07.22 13:02:22.474,1.10128,1.1013,5.62,1.00
2016.07.22 13:02:22.576,1.10128,1.1013,6.00,1.00
2016.07.22 13:02:23.598,1.10128,1.1013,5.25,1.00
2016.07.22 13:02:23.650,1.10128,1.1013,4.50,1.12
2016.07.22 13:02:23.701,1.10128,1.1013,3.75,1.12
2016.07.22 13:02:23.752,1.10128,1.10131,3.75,6.00
2016.07.22 13:02:23.803,1.10128,1.1013,3.75,2.25
2016.07.22 13:02:23.855,1.10127,1.1013,5.62,3.55
2016.07.22 13:02:23.906,1.10127,1.1013,3.37,4.68
2016.07.22 13:02:23.957,1.10127,1.1013,3.37,5.38
2016.07.22 13:02:24.059,1.10127,1.1013,4.87,5.01
2016.07.22 13:02:24.110,1.10128,1.1013,1.00,5.01
2016.07.22 13:02:24.161,1.10128,1.1013,1.12,5.01
2016.07.22 13:02:24.461,1.10128,1.1013,1.00,4.08
2016.07.22 13:02:24.919,1.10128,1.1013,1.50,4.08
2016.07.22 13:02:24.970,1.10128,1.1013,1.50,2.25
2016.07.22 13:02:25.021,1.10128,1.1013,1.50,1.50
2016.07.22 13:02:25.072,1.10128,1.10131,2.25,3.41
2016.07.22 13:02:25.123,1.10128,1.10131,5.62,3.41
2016.07.22 13:02:25.174,1.10129,1.10131,1.12,1.00
2016.07.22 13:02:25.377,1.10128,1.10131,6.45,1.00
2016.07.22 13:02:25.694,1.10129,1.10131,1.12,1.00
2016.07.22 13:02:26.049,1.10129,1.10132,1.12,4.83
2016.07.22 13:02:26.990,1.10128,1.10132,6.45,4.08
2016.07.22 13:02:27.092,1.10129,1.10132,1.12,4.08
2016.07.22 13:02:27.245,1.10129,1.10132,1.37,4.08
2016.07.22 13:02:27.499,1.10128,1.10132,7.20,4.08
2016.07.22 13:02:27.550,1.10129,1.10132,1.87,3.33
2016.07.22 13:02:27.601,1.10129,1.10132,4.12,3.33
2016.07.22 13:02:27.652,1.10129,1.10132,4.87,2.62
2016.07.22 13:02:27.703,1.1013,1.10133,1.12,3.94
2016.07.22 13:02:27.784,1.1013,1.10133,1.12,3.56
2016.07.22 13:02:27.835,1.1013,1.10133,2.25,1.50
2016.07.22 13:02:27.886,1.1013,1.10133,2.62,1.50
2016.07.22 13:02:27.937,1.1013,1.10133,2.81,1.50
2016.07.22 13:02:28.090,1.1013,1.10133,3.56,1.50
2016.07.22 13:02:28.242,1.1013,1.10133,3.37,1.50
2016.07.22 13:02:28.293,1.1013,1.10133,1.87,2.62
2016.07.22 13:02:28.498,1.10132,1.10134,1.00,12.45
2016.07.22 13:02:28.549,1.10132,1.10134,1.00,11.32
2016.07.22 13:02:28.669,1.10133,1.10135,1.50,2.63
2016.07.22 13:02:28.724,1.10133,1.10135,1.37,1.00
2016.07.22 13:02:28.776,1.10133,1.10135,1.00,1.13
2016.07.22 13:02:28.828,1.10133,1.10135,1.25,1.13
2016.07.22 13:02:28.879,1.10133,1.10135,1.00,1.00
2016.07.22 13:02:29.288,1.10133,1.10135,1.00,1.50
2016.07.22 13:02:29.339,1.10133,1.10135,1.00,2.25
2016.07.22 13:02:29.791,1.10132,1.10134,1.00,6.97
2016.07.22 13:02:29.843,1.10131,1.10133,3.64,1.00
2016.07.22 13:02:29.895,1.1013,1.10132,2.40,2.25
2016.07.22 13:02:29.997,1.10129,1.10131,3.26,1.00
2016.07.22 13:02:30.048,1.10129,1.10131,2.89,1.00
2016.07.22 13:02:30.100,1.10129,1.1013,1.25,1.12
2016.07.22 13:02:30.151,1.10128,1.1013,1.10,1.12
2016.07.22 13:02:30.203,1.10128,1.1013,1.00,1.50
2016.07.22 13:02:30.254,1.10129,1.10131,3.75,7.35
2016.07.22 13:02:30.335,1.10129,1.10131,3.75,3.60
2016.07.22 13:02:30.386,1.10129,1.10131,3.37,1.12
2016.07.22 13:02:30.488,1.10129,1.1013,3.37,1.00
2016.07.22 13:02:30.591,1.10129,1.10131,4.12,1.00
2016.07.22 13:02:30.693,1.10129,1.10132,4.50,2.89
2016.07.22 13:02:30.744,1.10129,1.10132,4.50,2.81
2016.07.22 13:02:30.795,1.10129,1.10132,4.50,4.31
2016.07.22 13:02:30.846,1.10129,1.10132,4.50,3.56
2016.07.22 13:02:30.898,1.10129,1.10132,4.50,2.06
2016.07.22 13:02:30.999,1.10129,1.10132,4.50,3.56
2016.07.22 13:02:31.101,1.10129,1.10132,6.37,3.56
2016.07.22 13:02:31.183,1.10129,1.10132,7.12,3.56
2016.07.22 13:02:31.235,1.1013,1.10132,1.12,3.56
2016.07.22 13:02:31.884,1.1013,1.10132,1.12,2.06
2016.07.22 13:02:31.936,1.1013,1.10133,1.12,3.38
2016.07.22 13:02:31.987,1.1013,1.10133,1.12,5.81
2016.07.22 13:02:32.038,1.1013,1.10132,1.12,1.12
2016.07.22 13:02:32.089,1.1013,1.10132,1.12,1.87
2016.07.22 13:02:32.141,1.10129,1.10132,7.01,1.87
2016.07.22 13:02:32.192,1.10129,1.10132,6.19,1.68
2016.07.22 13:02:32.327,1.10129,1.10132,6.94,2.43
2016.07.22 13:02:33.247,1.10129,1.10132,6.94,3.18
2016.07.22 13:02:33.686,1.10129,1.10132,6.94,3.37
2016.07.22 13:02:34.708,1.10129,1.10132,6.19,2.62
2016.07.22 13:02:34.810,1.10129,1.10132,6.94,3.37
2016.07.22 13:02:34.928,1.10129,1.10132,3.94,3.37
2016.07.22 13:02:34.980,1.10129,1.10132,5.25,1.87
2016.07.22 13:02:35.031,1.1013,1.10132,1.12,1.50
2016.07.22 13:02:35.082,1.1013,1.10132,1.12,1.00
2016.07.22 13:02:35.438,1.1013,1.10133,1.12,4.58
2016.07.22 13:02:35.489,1.1013,1.10133,1.12,4.20
2016.07.22 13:02:35.540,1.1013,1.10132,1.12,1.00
2016.07.22 13:02:36.198,1.10131,1.10132,1.00,1.00
2016.07.22 13:02:37.215,1.10131,1.10133,1.00,2.33
2016.07.22 13:02:37.725,1.10131,1.10133,1.00,1.58
2016.07.22 13:02:37.828,1.10131,1.10133,1.00,2.33
2016.07.22 13:02:38.540,1.10131,1.10133,1.00,2.32
2016.07.22 13:02:38.746,1.10132,1.10134,1.00,7.12
2016.07.22 13:02:38.798,1.10132,1.10134,1.00,4.57
2016.07.22 13:02:38.900,1.10132,1.10134,1.00,5.32
2016.07.22 13:02:38.951,1.10132,1.10134,1.00,4.57
2016.07.22 13:02:39.745,1.10132,1.10134,1.00,5.32
2016.07.22 13:02:40.018,1.10132,1.10134,1.50,4.57
2016.07.22 13:02:40.070,1.10132,1.10133,3.19,2.25
2016.07.22 13:02:40.121,1.10134,1.10135,1.00,4.50
2016.07.22 13:02:40.173,1.10134,1.10135,1.00,1.50
2016.07.22 13:02:40.224,1.10134,1.10135,1.00,1.00
2016.07.22 13:02:40.275,1.10134,1.10135,1.12,1.00
2016.07.22 13:02:40.326,1.10134,1.10135,1.00,1.12
2016.07.22 13:02:40.377,1.10134,1.10135,1.00,1.72
2016.07.22 13:02:40.479,1.10133,1.10134,1.50,1.00
2016.07.22 13:02:40.530,1.10132,1.10133,1.00,3.37
2016.07.22 13:02:40.581,1.10131,1.10132,1.00,1.00
2016.07.22 13:02:40.633,1.1013,1.10131,1.10,1.00
2016.07.22 13:02:40.756,1.10129,1.10131,1.50,1.50
2016.07.22 13:02:40.960,1.10129,1.10131,2.44,1.50
2016.07.22 13:02:41.011,1.1013,1.10131,1.00,1.00
2016.07.22 13:02:41.062,1.1013,1.10132,1.50,1.12
2016.07.22 13:02:41.164,1.1013,1.10132,1.00,1.00
2016.07.22 13:02:41.215,1.1013,1.10133,1.50,3.82
2016.07.22 13:02:41.266,1.1013,1.10133,2.25,5.32
2016.07.22 13:02:41.317,1.1013,1.10133,2.25,3.07
2016.07.22 13:02:41.419,1.1013,1.10133,2.44,3.00
2016.07.22 13:02:41.470,1.1013,1.10133,1.87,1.50
2016.07.22 13:02:41.521,1.10131,1.10133,1.00,1.50
2016.07.22 13:02:41.616,1.10131,1.10133,1.00,3.00
2016.07.22 13:02:41.974,1.10131,1.10133,1.00,1.50
2016.07.22 13:02:42.178,1.10131,1.10133,1.00,3.00
2016.07.22 13:02:42.381,1.10131,1.10133,1.65,3.00
2016.07.22 13:02:42.506,1.10132,1.10133,1.00,2.25
2016.07.22 13:02:42.558,1.10132,1.10133,1.50,1.50
2016.07.22 13:02:43.274,1.10132,1.10133,1.00,1.50
2016.07.22 13:02:43.813,1.10132,1.10133,1.00,1.00
2016.07.22 13:02:43.864,1.10132,1.10133,1.00,1.50
2016.07.22 13:02:44.593,1.10132,1.10133,1.50,1.50
2016.07.22 13:02:45.145,1.10132,1.10133,1.50,1.00
2016.07.22 13:02:45.247,1.10132,1.10133,1.50,1.50
2016.07.22 13:02:46.563,1.10132,1.10133,1.50,1.00
2016.07.22 13:02:46.665,1.10132,1.10133,1.50,1.50
2016.07.22 13:02:47.641,1.10132,1.10133,1.50,1.00
2016.07.22 13:02:47.773,1.10132,1.10133,1.50,1.50
2016.07.22 13:02:47.983,1.10132,1.10133,1.50,1.00
2016.07.22 13:02:48.085,1.10132,1.10133,1.50,1.50
2016.07.22 13:02:48.644,1.10133,1.10134,1.00,6.00
2016.07.22 13:02:48.695,1.10132,1.10134,1.00,5.25
2016.07.22 13:02:48.746,1.10134,1.10135,1.00,3.82
2016.07.22 13:02:48.797,1.10134,1.10135,1.00,1.50
2016.07.22 13:02:48.973,1.10133,1.10135,1.50,1.50
2016.07.22 13:02:49.024,1.10133,1.10135,1.50,3.00
2016.07.22 13:02:49.075,1.10132,1.10133,1.00,1.31
2016.07.22 13:02:49.127,1.1013,1.10131,9.19,1.00
2016.07.22 13:02:49.178,1.1013,1.10132,1.50,2.25
2016.07.22 13:02:49.229,1.1013,1.10131,1.00,1.00
2016.07.22 13:02:49.331,1.10129,1.10131,3.07,1.00
2016.07.22 13:02:49.669,1.10129,1.10131,2.32,1.00
2016.07.22 13:02:49.771,1.10129,1.10131,3.07,1.00
2016.07.22 13:02:50.177,1.10129,1.10131,2.32,1.00
2016.07.22 13:02:50.330,1.1013,1.10131,1.00,1.00
2016.07.22 13:02:50.432,1.1013,1.10132,1.50,1.00
2016.07.22 13:02:50.578,1.1013,1.10133,2.62,3.75
2016.07.22 13:02:50.629,1.1013,1.10133,2.81,3.75
2016.07.22 13:02:50.681,1.1013,1.10133,1.69,2.25
2016.07.22 13:02:50.731,1.1013,1.10133,1.50,2.25
2016.07.22 13:02:50.782,1.1013,1.10133,2.25,3.75
2016.07.22 13:02:50.834,1.1013,1.10133,2.44,3.75
2016.07.22 13:02:50.885,1.1013,1.10133,1.69,2.25
2016.07.22 13:02:50.935,1.1013,1.10133,1.50,2.25
2016.07.22 13:02:50.986,1.1013,1.10133,2.25,3.75
2016.07.22 13:02:52.096,1.1013,1.10133,1.50,2.25
2016.07.22 13:02:52.148,1.1013,1.10133,1.69,2.25
2016.07.22 13:02:52.199,1.1013,1.10133,3.56,3.75
2016.07.22 13:02:52.250,1.1013,1.10133,3.75,3.75
2016.07.22 13:02:52.301,1.1013,1.10133,4.50,3.00
2016.07.22 13:02:52.352,1.10132,1.10133,1.00,3.00
2016.07.22 13:02:52.403,1.10132,1.10133,1.00,1.50
2016.07.22 13:02:52.505,1.10132,1.10133,1.00,1.00
2016.07.22 13:02:52.607,1.10131,1.10133,1.00,1.50
2016.07.22 13:02:52.737,1.10131,1.10133,1.00,1.00
2016.07.22 13:02:52.890,1.10131,1.10133,1.00,1.50
2016.07.22 13:02:52.941,1.1013,1.10133,4.57,1.87
2016.07.22 13:02:52.991,1.1013,1.10133,1.95,3.60
2016.07.22 13:02:53.042,1.1013,1.10131,1.95,1.30
2016.07.22 13:02:53.093,1.10129,1.10131,1.95,2.10
2016.07.22 13:02:53.144,1.10129,1.10131,1.95,3.22
2016.07.22 13:02:53.195,1.10129,1.1013,1.00,1.12
2016.07.22 13:02:53.298,1.10129,1.1013,1.00,1.00
2016.07.22 13:02:53.349,1.10128,1.1013,1.10,1.69
2016.07.22 13:02:53.400,1.10127,1.1013,4.95,2.06
2016.07.22 13:02:53.450,1.10127,1.1013,4.20,2.06
2016.07.22 13:02:53.553,1.10127,1.1013,3.45,2.06
2016.07.22 13:02:53.703,1.10127,1.1013,3.45,2.66
2016.07.22 13:02:53.907,1.10127,1.1013,3.82,2.06
2016.07.22 13:02:53.958,1.10127,1.1013,4.57,1.25
2016.07.22 13:02:54.009,1.10127,1.1013,4.76,1.00
2016.07.22 13:02:54.060,1.10129,1.1013,1.00,1.00
2016.07.22 13:02:54.111,1.10129,1.10131,1.00,3.00
2016.07.22 13:02:54.162,1.10129,1.10131,1.50,1.50
2016.07.22 13:02:54.366,1.10129,1.10131,1.00,1.00
2016.07.22 13:02:54.468,1.10129,1.10131,1.50,1.50
2016.07.22 13:02:54.837,1.10129,1.10131,1.50,2.25
2016.07.22 13:02:54.888,1.10129,1.10131,1.00,2.62
2016.07.22 13:02:55.514,1.10129,1.10131,1.00,3.37
2016.07.22 13:02:55.618,1.10129,1.10131,1.00,2.62
2016.07.22 13:02:55.669,1.10129,1.10131,1.00,1.00
2016.07.22 13:02:55.771,1.10129,1.10131,1.50,1.00
2016.07.22 13:02:55.975,1.1013,1.10131,1.00,1.00
2016.07.22 13:02:56.234,1.10129,1.10131,1.50,1.69
2016.07.22 13:02:56.285,1.10129,1.10131,1.50,1.31
2016.07.22 13:02:56.336,1.1013,1.10132,1.00,3.94
2016.07.22 13:02:56.387,1.1013,1.10132,1.00,3.19
2016.07.22 13:02:56.489,1.1013,1.10132,1.00,3.94
2016.07.22 13:02:57.027,1.1013,1.10132,1.00,3.19
2016.07.22 13:02:57.082,1.1013,1.10132,1.00,4.91
2016.07.22 13:02:57.138,1.10128,1.10131,8.14,4.54
2016.07.22 13:02:57.189,1.10128,1.1013,6.07,1.31
2016.07.22 13:02:57.310,1.10128,1.1013,6.00,1.25
2016.07.22 13:02:57.363,1.10128,1.1013,3.00,1.25
2016.07.22 13:02:57.414,1.10128,1.10131,2.25,6.79
2016.07.22 13:02:57.465,1.10128,1.10131,2.25,6.41
2016.07.22 13:02:57.516,1.10128,1.10131,2.25,6.04
2016.07.22 13:02:57.568,1.10128,1.10131,2.25,6.79
2016.07.22 13:02:57.618,1.10128,1.10131,2.25,6.04
2016.07.22 13:02:57.720,1.10128,1.10131,2.25,6.79
2016.07.22 13:02:57.822,1.10128,1.10131,2.25,6.04
2016.07.22 13:02:57.923,1.10128,1.10131,2.25,6.79
2016.07.22 13:02:58.330,1.10128,1.10131,1.50,6.79
2016.07.22 13:02:59.390,1.10128,1.10131,1.50,6.04
2016.07.22 13:02:59.491,1.10128,1.10131,1.50,6.79
2016.07.22 13:02:59.593,1.10128,1.10131,1.50,6.19
2016.07.22 13:02:59.644,1.10128,1.10131,1.00,6.94
2016.07.22 13:02:59.695,1.10128,1.10129,1.00,1.00
2016.07.22 13:02:59.748,1.10128,1.10129,1.00,1.50
2016.07.22 13:02:59.799,1.10128,1.10129,1.00,1.12
2016.07.22 13:02:59.931,1.10128,1.10129,1.00,1.00
2016.07.22 13:03:00.034,1.10127,1.10128,1.95,1.00
2016.07.22 13:03:00.085,1.10126,1.10127,3.00,3.41
2016.07.22 13:03:00.138,1.10125,1.10126,2.25,1.72
2016.07.22 13:03:00.191,1.10124,1.10125,5.32,2.25
2016.07.22 13:03:00.243,1.10124,1.10125,1.12,4.50
2016.07.22 13:03:00.294,1.10123,1.10125,1.00,7.35
2016.07.22 13:03:00.345,1.10121,1.10124,1.37,2.62
2016.07.22 13:03:00.396,1.1012,1.10123,6.75,2.14
2016.07.22 13:03:00.487,1.1012,1.10123,9.94,2.89
2016.07.22 13:03:00.538,1.1012,1.10122,7.50,1.00
2016.07.22 13:03:00.592,1.1012,1.10123,7.12,1.76
2016.07.22 13:03:00.645,1.10121,1.10123,1.00,1.76
2016.07.22 13:03:01.377,1.10121,1.10123,1.00,1.01
2016.07.22 13:03:01.747,1.10121,1.10123,1.50,1.01
2016.07.22 13:03:02.051,1.10121,1.10123,1.00,1.01
2016.07.22 13:03:02.102,1.10121,1.10123,1.00,1.39
2016.07.22 13:03:02.497,1.10121,1.10122,1.00,1.00
2016.07.22 13:03:02.599,1.1012,1.10123,6.75,2.51
2016.07.22 13:03:02.651,1.1012,1.10122,6.00,1.50
2016.07.22 13:03:02.702,1.1012,1.10121,6.00,1.25
2016.07.22 13:03:02.804,1.10119,1.10121,11.62,1.19
2016.07.22 13:03:02.856,1.10119,1.10121,10.87,1.19
2016.07.22 13:03:02.907,1.10119,1.10121,11.25,1.31
2016.07.22 13:03:02.958,1.10119,1.10121,9.37,1.69
2016.07.22 13:03:03.009,1.10119,1.10121,9.00,2.06
2016.07.22 13:03:03.350,1.10119,1.10121,10.50,2.06
2016.07.22 13:03:03.401,1.10119,1.10121,9.00,2.06
2016.07.22 13:03:03.505,1.10119,1.10121,10.50,2.06
2016.07.22 13:03:03.607,1.10119,1.10121,10.87,1.69
2016.07.22 13:03:04.231,1.10119,1.10121,9.00,1.69
2016.07.22 13:03:04.332,1.10119,1.10121,10.50,1.69
2016.07.22 13:03:04.511,1.10119,1.10121,9.37,1.69
2016.07.22 13:03:04.613,1.10119,1.10121,10.87,1.69
2016.07.22 13:03:04.765,1.1012,1.10121,3.75,1.69
2016.07.22 13:03:05.530,1.10121,1.10122,1.00,4.31
2016.07.22 13:03:05.640,1.10121,1.10122,6.75,2.62
2016.07.22 13:03:05.692,1.10123,1.10124,1.50,1.87
2016.07.22 13:03:05.743,1.10123,1.10125,3.75,2.31
2016.07.22 13:03:05.795,1.10123,1.10126,4.87,4.39
2016.07.22 13:03:05.847,1.10125,1.10127,1.00,5.55
2016.07.22 13:03:05.898,1.10125,1.10127,1.00,4.42
2016.07.22 13:03:05.949,1.10125,1.10126,1.00,1.00
2016.07.22 13:03:10.748,1.10124,1.10126,3.19,1.00
2016.07.22 13:03:10.850,1.10125,1.10126,1.00,1.00
2016.07.22 13:03:11.893,1.10125,1.10126,1.00,1.35
2016.07.22 13:03:12.046,1.10125,1.10126,1.00,1.72
2016.07.22 13:03:12.097,1.10124,1.10126,1.00,2.47
2016.07.22 13:03:12.655,1.10124,1.10126,1.00,3.22
2016.07.22 13:03:15.475,1.10124,1.10126,1.00,2.85
2016.07.22 13:03:15.579,1.10124,1.10126,1.50,3.60
2016.07.22 13:03:15.833,1.10124,1.10126,1.50,4.72
2016.07.22 13:03:15.886,1.10124,1.10125,1.50,1.00
2016.07.22 13:03:15.938,1.10124,1.10125,1.50,1.12
2016.07.22 13:03:15.989,1.10124,1.10126,1.50,5.47
2016.07.22 13:03:16.041,1.10124,1.10126,1.50,5.85
2016.07.22 13:03:16.092,1.10124,1.10126,1.00,5.85
2016.07.22 13:03:16.143,1.10123,1.10125,2.25,1.31
2016.07.22 13:03:16.195,1.10124,1.10126,1.00,8.66
2016.07.22 13:03:16.327,1.10123,1.10124,1.87,1.25
2016.07.22 13:03:16.632,1.10123,1.10125,1.87,2.81
2016.07.22 13:03:16.835,1.10123,1.10125,1.87,2.06
2016.07.22 13:03:16.937,1.10123,1.10125,1.87,2.81
2016.07.22 13:03:17.293,1.10123,1.10125,1.87,2.06
2016.07.22 13:03:17.509,1.10123,1.10125,1.50,2.66
2016.07.22 13:03:17.560,1.10123,1.10125,1.50,3.04
2016.07.22 13:03:17.611,1.10123,1.10125,1.87,3.41
2016.07.22 13:03:17.663,1.10123,1.10125,1.87,4.54
2016.07.22 13:03:17.714,1.10123,1.10125,1.12,4.54
2016.07.22 13:03:17.765,1.10123,1.10125,1.12,2.66
2016.07.22 13:03:17.816,1.10123,1.10125,1.12,3.41
2016.07.22 13:03:17.868,1.10123,1.10125,1.12,4.91
2016.07.22 13:03:18.021,1.10123,1.10124,1.00,1.16
2016.07.22 13:03:18.072,1.10123,1.10125,1.00,8.29
2016.07.22 13:03:18.123,1.10123,1.10125,1.00,8.66
2016.07.22 13:03:18.174,1.10123,1.10125,1.00,6.04
2016.07.22 13:03:18.225,1.10123,1.10124,1.00,1.05
2016.07.22 13:03:18.276,1.10123,1.10125,1.00,8.29
2016.07.22 13:03:18.378,1.10123,1.10125,1.00,4.69
2016.07.22 13:03:18.530,1.10123,1.10125,1.00,6.19
2016.07.22 13:03:18.583,1.10123,1.10125,1.50,3.56
2016.07.22 13:03:18.634,1.10123,1.10125,2.25,2.44
2016.07.22 13:03:18.685,1.10124,1.10126,1.00,2.44
2016.07.22 13:03:18.737,1.10124,1.10126,1.00,2.81
2016.07.22 13:03:19.197,1.10124,1.10126,1.00,2.44
2016.07.22 13:03:19.555,1.10124,1.10126,1.00,3.56
2016.07.22 13:03:19.645,1.1012,1.10124,28.35,6.25
2016.07.22 13:03:19.698,1.1012,1.10121,11.62,2.10
2016.07.22 13:03:19.750,1.10118,1.10121,13.12,6.66
2016.07.22 13:03:19.801,1.10118,1.1012,5.32,1.91
2016.07.22 13:03:19.852,1.10118,1.10119,2.32,1.25
2016.07.22 13:03:19.904,1.10118,1.1012,2.57,3.41
2016.07.22 13:03:20.007,1.10118,1.10119,1.10,1.25
2016.07.22 13:03:20.058,1.10118,1.10119,1.00,1.25
2016.07.22 13:03:20.564,1.10117,1.10119,3.75,1.31
2016.07.22 13:03:20.615,1.10118,1.10119,1.12,1.69
2016.07.22 13:03:20.667,1.10119,1.1012,1.69,2.89
2016.07.22 13:03:20.718,1.1012,1.10121,1.00,1.25
2016.07.22 13:03:20.820,1.1012,1.10121,1.00,1.25
2016.07.22 13:03:21.023,1.1012,1.10121,1.50,1.25
2016.07.22 13:03:21.125,1.10121,1.10122,1.00,2.06
2016.07.22 13:03:21.177,1.10122,1.10123,1.00,2.89
2016.07.22 13:03:21.228,1.10123,1.10124,1.00,6.26
2016.07.22 13:03:21.279,1.10123,1.10124,1.50,1.76
2016.07.22 13:03:21.403,1.10123,1.10125,3.94,1.03
2016.07.22 13:03:21.456,1.10123,1.10126,4.31,3.36
2016.07.22 13:03:21.508,1.10123,1.10126,5.06,1.86
2016.07.22 13:03:21.560,1.10123,1.10126,4.69,2.23
2016.07.22 13:03:21.612,1.10123,1.10126,4.69,2.83
2016.07.22 13:03:21.663,1.10123,1.10126,3.75,5.08
2016.07.22 13:03:21.714,1.10123,1.10126,3.00,5.08
2016.07.22 13:03:21.769,1.10123,1.10125,1.50,1.41
2016.07.22 13:03:21.828,1.10123,1.10125,1.00,2.06
2016.07.22 13:03:21.881,1.10123,1.10125,1.00,1.31
2016.07.22 13:03:22.109,1.10123,1.10126,1.00,5.46
2016.07.22 13:03:22.262,1.10123,1.10126,1.00,4.71
2016.07.22 13:03:22.363,1.10123,1.10126,1.00,5.46
2016.07.22 13:03:22.668,1.10123,1.10125,1.00,1.54
2016.07.22 13:03:22.719,1.10123,1.10125,1.00,1.63
2016.07.22 13:03:22.770,1.10123,1.10124,1.00,1.12
2016.07.22 13:03:22.872,1.10123,1.10125,1.00,2.01
2016.07.22 13:03:23.076,1.10123,1.10125,1.12,5.16
2016.07.22 13:03:23.246,1.10123,1.10125,1.00,5.53
2016.07.22 13:03:23.401,1.10123,1.10125,1.00,6.13
2016.07.22 13:03:23.604,1.10123,1.10125,1.00,4.63
2016.07.22 13:03:23.758,1.10123,1.10125,1.00,3.88
2016.07.22 13:03:23.860,1.10123,1.10125,1.00,4.63
2016.07.22 13:03:23.962,1.10123,1.10125,1.00,5.38
2016.07.22 13:03:24.064,1.10123,1.10125,1.00,6.51
2016.07.22 13:03:24.115,1.10123,1.10125,1.00,7.63
2016.07.22 13:03:24.246,1.10122,1.10123,2.25,1.12
2016.07.22 13:03:24.348,1.10122,1.10123,2.25,1.44
2016.07.22 13:03:24.400,1.1012,1.10122,9.64,3.79
2016.07.22 13:03:24.452,1.10121,1.10122,1.00,6.19
2016.07.22 13:03:24.503,1.10121,1.10122,1.50,8.25
2016.07.22 13:03:24.554,1.10121,1.10122,1.50,6.37
2016.07.22 13:03:24.605,1.10121,1.10122,1.50,3.37
2016.07.22 13:03:24.657,1.10121,1.10122,1.50,1.50
2016.07.22 13:03:24.708,1.10121,1.10123,2.25,1.03
2016.07.22 13:03:24.759,1.10121,1.10123,1.87,1.03
2016.07.22 13:03:24.861,1.10121,1.10123,2.62,1.03
2016.07.22 13:03:24.963,1.10121,1.10124,3.56,6.36
2016.07.22 13:03:25.014,1.10121,1.10124,4.69,4.86
2016.07.22 13:03:25.102,1.10122,1.10124,1.00,4.78
2016.07.22 13:03:25.153,1.10122,1.10125,4.31,1.86
2016.07.22 13:03:25.255,1.10122,1.10125,3.94,1.86
2016.07.22 13:03:25.408,1.10122,1.10125,3.94,1.78
2016.07.22 13:03:25.663,1.10122,1.10123,3.19,2.94
2016.07.22 13:03:25.714,1.1012,1.10122,14.40,1.69
2016.07.22 13:03:25.765,1.1012,1.10122,9.90,2.75
2016.07.22 13:03:25.816,1.10122,1.10123,1.00,4.87
2016.07.22 13:03:25.868,1.10122,1.10123,2.25,1.00
2016.07.22 13:03:26.007,1.10121,1.10123,6.37,1.09
2016.07.22 13:03:26.058,1.10121,1.10123,5.62,1.09
2016.07.22 13:03:26.110,1.10121,1.10123,5.25,1.09
2016.07.22 13:03:26.161,1.10122,1.10123,1.50,1.22
2016.07.22 13:03:26.367,1.10122,1.10124,1.50,6.32
2016.07.22 13:03:27.039,1.10121,1.10122,6.75,1.44
2016.07.22 13:03:27.153,1.1012,1.10122,2.89,2.57
2016.07.22 13:03:27.205,1.1012,1.10121,1.00,1.87
2016.07.22 13:03:27.256,1.10121,1.10122,1.00,7.22
2016.07.22 13:03:27.308,1.10121,1.10122,1.00,2.34
2016.07.22 13:03:27.359,1.1012,1.10122,6.37,1.06
2016.07.22 13:03:27.410,1.1012,1.10122,6.45,1.06
2016.07.22 13:03:27.461,1.10121,1.10122,1.00,1.08
2016.07.22 13:03:27.563,1.10122,1.10123,1.12,3.06
2016.07.22 13:03:27.614,1.10121,1.10123,5.85,1.08
2016.07.22 13:03:27.665,1.10123,1.10125,1.00,1.57
2016.07.22 13:03:27.716,1.10123,1.10126,2.25,1.85
2016.07.22 13:03:27.767,1.10124,1.10126,1.00,1.57
2016.07.22 13:03:27.818,1.10124,1.10126,1.12,1.10
2016.07.22 13:03:27.869,1.10126,1.10128,1.00,8.29
2016.07.22 13:03:27.962,1.10126,1.10128,1.00,6.79
2016.07.22 13:03:28.013,1.10126,1.10128,1.00,8.66
2016.07.22 13:03:28.071,1.10126,1.10128,1.00,8.29
2016.07.22 13:03:28.326,1.10126,1.10128,1.00,9.60
2016.07.22 13:03:28.681,1.10126,1.10128,1.00,8.47
2016.07.22 13:03:28.732,1.10125,1.10126,1.00,2.25
2016.07.22 13:03:28.783,1.10123,1.10125,2.25,3.19
2016.07.22 13:03:28.835,1.10124,1.10126,2.81,9.04
2016.07.22 13:03:28.886,1.10124,1.10125,1.87,1.50
2016.07.22 13:03:28.937,1.10123,1.10125,1.00,3.22
2016.07.22 13:03:29.034,1.10122,1.10125,2.44,4.35
2016.07.22 13:03:29.086,1.10122,1.10125,1.00,5.10
2016.07.22 13:03:29.188,1.10122,1.10125,1.00,5.85
2016.07.22 13:03:29.239,1.10121,1.10124,4.69,2.85
2016.07.22 13:03:29.291,1.10121,1.10124,4.50,2.85
2016.07.22 13:03:29.393,1.10121,1.10124,4.50,3.60
2016.07.22 13:03:29.494,1.10121,1.10124,3.00,3.60
2016.07.22 13:03:29.596,1.10121,1.10124,3.75,3.60
2016.07.22 13:03:30.009,1.10121,1.10124,3.00,3.60
2016.07.22 13:03:30.226,1.10121,1.10124,2.25,3.60
2016.07.22 13:03:30.277,1.10121,1.10123,3.00,5.10
2016.07.22 13:03:30.329,1.10121,1.10122,2.25,1.35
2016.07.22 13:03:30.381,1.10119,1.10121,5.50,2.62
2016.07.22 13:03:30.433,1.10121,1.10122,1.50,3.94
2016.07.22 13:03:30.484,1.10121,1.10122,1.50,1.69
2016.07.22 13:03:30.536,1.10121,1.10122,1.50,1.12
2016.07.22 13:03:30.588,1.10122,1.10124,1.00,5.32
2016.07.22 13:03:30.639,1.10122,1.10124,1.00,3.82
2016.07.22 13:03:30.690,1.10122,1.10124,1.50,1.57
2016.07.22 13:03:30.741,1.10123,1.10124,1.00,1.10
2016.07.22 13:03:30.851,1.10123,1.10124,2.25,1.10
2016.07.22 13:03:30.902,1.10125,1.10127,1.00,3.37
2016.07.22 13:03:30.954,1.10126,1.10128,1.00,9.94
2016.07.22 13:03:31.005,1.10126,1.10128,1.00,8.44
2016.07.22 13:03:31.108,1.10125,1.10126,1.00,1.00
2016.07.22 13:03:31.210,1.10126,1.10128,1.00,6.94
2016.07.22 13:03:31.414,1.10126,1.10128,1.00,6.19
2016.07.22 13:03:31.633,1.10124,1.10127,5.81,3.07
2016.07.22 13:03:31.735,1.10123,1.10125,12.56,2.50
2016.07.22 13:03:31.788,1.10122,1.10124,7.76,3.10
2016.07.22 13:03:31.840,1.10124,1.10125,1.87,1.05
2016.07.22 13:03:31.891,1.10124,1.10125,1.87,4.72
2016.07.22 13:03:31.943,1.10122,1.10125,2.62,5.41
2016.07.22 13:03:31.995,1.10123,1.10124,1.12,1.00
2016.07.22 13:03:32.046,1.10122,1.10124,5.25,1.37
2016.07.22 13:03:32.098,1.10122,1.10124,8.25,1.00
2016.07.22 13:03:32.149,1.10123,1.10127,15.19,6.53
2016.07.22 13:03:32.200,1.10124,1.10127,1.00,7.28
2016.07.22 13:03:32.251,1.10125,1.10127,1.00,7.88
2016.07.22 13:03:32.302,1.10125,1.10127,1.00,6.38
2016.07.22 13:03:32.434,1.10125,1.10127,1.00,7.13
2016.07.22 13:03:32.485,1.10124,1.10125,1.00,1.00
2016.07.22 13:03:33.350,1.10124,1.10126,1.00,5.55
2016.07.22 13:03:33.401,1.10121,1.10123,16.01,1.69
2016.07.22 13:03:33.509,1.10122,1.10124,3.19,1.12
2016.07.22 13:03:33.560,1.10125,1.10127,1.00,10.36
2016.07.22 13:03:33.612,1.10125,1.10126,1.00,3.76
2016.07.22 13:03:33.664,1.10125,1.10126,1.00,2.85
2016.07.22 13:03:33.715,1.10125,1.10126,1.00,2.10
2016.07.22 13:03:33.766,1.10125,1.10127,1.00,1.61
2016.07.22 13:03:33.818,1.10125,1.10127,1.00,1.99
2016.07.22 13:03:33.920,1.10125,1.10127,1.00,1.61
2016.07.22 13:03:34.959,1.10123,1.10125,7.69,5.60
2016.07.22 13:03:35.010,1.10122,1.10124,5.32,6.04
2016.07.22 13:03:35.062,1.10122,1.10123,1.95,3.75
2016.07.22 13:03:35.113,1.1012,1.10121,9.07,1.00
2016.07.22 13:03:35.165,1.10121,1.10123,1.00,8.06
2016.07.22 13:03:35.216,1.10121,1.10123,2.50,1.31
2016.07.22 13:03:35.267,1.10122,1.10123,1.00,1.12
2016.07.22 13:03:35.353,1.10122,1.10124,1.00,9.00
2016.07.22 13:03:35.404,1.10122,1.10124,1.00,4.12
2016.07.22 13:03:35.812,1.10122,1.10124,1.00,2.62
2016.07.22 13:03:35.914,1.10122,1.10124,1.00,3.37
2016.07.22 13:03:36.168,1.10122,1.10124,1.00,4.12
2016.07.22 13:03:36.269,1.10122,1.10124,1.00,4.87
2016.07.22 13:03:36.396,1.10122,1.10124,1.00,4.50
2016.07.22 13:03:36.448,1.10122,1.10124,1.00,5.25
2016.07.22 13:03:36.651,1.10122,1.10124,1.00,10.16
2016.07.22 13:03:36.702,1.1012,1.10121,4.31,1.00
2016.07.22 13:03:36.753,1.1012,1.10122,2.87,7.16
2016.07.22 13:03:36.804,1.10119,1.1012,1.87,1.69
2016.07.22 13:03:36.855,1.10119,1.10121,2.12,4.31
2016.07.22 13:03:36.906,1.10119,1.1012,1.87,1.69
2016.07.22 13:03:36.957,1.10119,1.1012,1.00,1.69
2016.07.22 13:03:37.611,1.10119,1.10121,1.00,5.06
2016.07.22 13:03:37.713,1.10119,1.1012,1.00,1.69
2016.07.22 13:03:38.068,1.10119,1.10121,1.00,4.69
2016.07.22 13:03:38.170,1.10119,1.1012,1.00,1.69
2016.07.22 13:03:38.402,1.10119,1.1012,1.00,2.06
2016.07.22 13:03:38.454,1.10119,1.10121,1.00,6.79
2016.07.22 13:03:38.506,1.10119,1.1012,1.00,2.81
2016.07.22 13:03:38.608,1.10119,1.10121,1.00,7.61
2016.07.22 13:03:38.659,1.10119,1.10121,1.00,6.11
2016.07.22 13:03:38.711,1.10119,1.1012,1.00,2.06
2016.07.22 13:03:38.867,1.10117,1.10119,5.44,1.00
2016.07.22 13:03:38.919,1.10118,1.10119,1.25,1.00
2016.07.22 13:03:38.971,1.10118,1.10119,1.25,1.50
2016.07.22 13:03:39.022,1.10117,1.10119,5.37,2.25
2016.07.22 13:03:39.073,1.10116,1.10118,18.97,1.00
2016.07.22 13:03:39.125,1.10118,1.10119,1.00,2.25
2016.07.22 13:03:39.176,1.10116,1.10118,2.44,2.47
2016.07.22 13:03:39.316,1.10115,1.10117,6.07,3.75
2016.07.22 13:03:39.367,1.10115,1.10116,2.25,1.50
2016.07.22 13:03:39.418,1.10115,1.10116,2.25,2.25
2016.07.22 13:03:39.816,1.10115,1.10116,2.25,1.50
2016.07.22 13:03:40.020,1.10115,1.10116,2.25,2.25
2016.07.22 13:03:40.269,1.10115,1.10116,2.25,1.50
2016.07.22 13:03:40.321,1.10115,1.10116,2.25,2.25
2016.07.22 13:03:40.423,1.10115,1.10116,3.00,2.25
2016.07.22 13:03:40.829,1.10115,1.10116,2.25,2.25
2016.07.22 13:03:40.880,1.10117,1.10119,1.00,14.66
2016.07.22 13:03:40.931,1.10115,1.10116,1.50,1.50
2016.07.22 13:03:41.032,1.10115,1.10116,1.50,2.25
2016.07.22 13:03:42.441,1.10118,1.1012,1.00,7.05
2016.07.22 13:03:42.493,1.10118,1.1012,1.00,4.12
2016.07.22 13:03:42.544,1.10119,1.1012,1.87,3.37
2016.07.22 13:03:42.595,1.10119,1.1012,2.62,3.00
2016.07.22 13:03:42.646,1.10119,1.1012,1.50,3.75
2016.07.22 13:03:42.697,1.10118,1.1012,3.89,3.75
2016.07.22 13:03:42.748,1.10118,1.10119,2.89,2.25
2016.07.22 13:03:42.799,1.10118,1.10119,2.14,2.25
2016.07.22 13:03:42.901,1.10117,1.10119,11.62,2.50
2016.07.22 13:03:42.952,1.10118,1.10119,1.95,1.50
2016.07.22 13:03:43.003,1.10117,1.10119,7.69,3.25
2016.07.22 13:03:43.120,1.10117,1.10118,4.20,1.00
2016.07.22 13:03:43.172,1.10117,1.10118,4.01,1.00
2016.07.22 13:03:43.223,1.10117,1.10118,4.76,1.50
2016.07.22 13:03:43.275,1.10117,1.10118,5.14,1.50
2016.07.22 13:03:43.326,1.10117,1.10118,3.45,1.00
2016.07.22 13:03:43.377,1.10117,1.10118,3.82,1.00
2016.07.22 13:03:43.428,1.10117,1.10118,5.51,2.25
2016.07.22 13:03:43.479,1.10117,1.10119,6.26,1.50
2016.07.22 13:03:43.530,1.10117,1.10119,8.32,1.00
2016.07.22 13:03:43.582,1.10118,1.10119,1.87,1.50
2016.07.22 13:03:43.633,1.10118,1.1012,4.91,1.50
2016.07.22 13:03:43.685,1.1012,1.10121,1.87,3.75
2016.07.22 13:03:43.736,1.1012,1.10122,3.25,2.32
2016.07.22 13:03:43.787,1.10121,1.10122,1.12,2.25
2016.07.22 13:03:43.838,1.10121,1.10122,1.12,1.50
2016.07.22 13:03:43.934,1.10123,1.10124,1.12,3.19
2016.07.22 13:03:43.986,1.10123,1.10124,1.12,1.87
2016.07.22 13:03:44.038,1.10123,1.10124,1.25,1.50
2016.07.22 13:03:44.089,1.10123,1.10124,2.06,1.35
2016.07.22 13:03:44.141,1.10122,1.10123,2.70,1.50
2016.07.22 13:03:44.193,1.10121,1.10123,2.25,2.25
2016.07.22 13:03:44.244,1.1012,1.10122,1.76,1.00
2016.07.22 13:03:44.295,1.10119,1.10122,6.94,1.00
2016.07.22 13:03:44.347,1.10119,1.10121,6.56,1.00
2016.07.22 13:03:44.398,1.10119,1.10121,6.37,1.00
2016.07.22 13:03:44.449,1.10119,1.10121,6.00,1.00
2016.07.22 13:03:44.500,1.10119,1.10121,6.37,1.00
2016.07.22 13:03:44.602,1.1012,1.10121,1.10,1.00
2016.07.22 13:03:44.653,1.1012,1.10121,1.57,1.00
2016.07.22 13:03:44.860,1.1012,1.10121,1.10,1.00
2016.07.22 13:03:44.962,1.1012,1.10122,2.55,1.00
2016.07.22 13:03:45.013,1.1012,1.10122,3.11,1.00
2016.07.22 13:03:45.064,1.10121,1.10122,1.12,1.00
2016.07.22 13:03:45.166,1.10121,1.10123,1.31,1.00
2016.07.22 13:03:45.269,1.1012,1.10122,6.64,1.00
2016.07.22 13:03:45.371,1.1012,1.10122,7.39,1.00
2016.07.22 13:03:45.474,1.10121,1.10122,1.00,1.50
2016.07.22 13:03:45.678,1.1012,1.10121,2.89,1.50
2016.07.22 13:03:45.774,1.1012,1.10121,3.64,1.50
2016.07.22 13:03:45.825,1.10121,1.10122,1.00,1.50
2016.07.22 13:03:47.103,1.10121,1.10122,1.00,2.25
2016.07.22 13:03:47.154,1.1012,1.10122,3.07,1.50
2016.07.22 13:03:47.256,1.1012,1.10122,3.07,3.00
2016.07.22 13:03:47.966,1.1012,1.10122,3.07,1.50
2016.07.22 13:03:48.169,1.1012,1.10122,3.07,3.00
2016.07.22 13:03:48.271,1.1012,1.10122,4.07,3.00
2016.07.22 13:03:48.725,1.1012,1.10121,3.82,1.00
2016.07.22 13:03:48.776,1.10119,1.10121,8.81,3.75
2016.07.22 13:03:48.828,1.10118,1.10119,5.06,1.00
2016.07.22 13:03:48.879,1.10117,1.10119,2.81,2.62
2016.07.22 13:03:48.930,1.10117,1.10119,1.87,7.72
2016.07.22 13:03:48.982,1.10115,1.10117,6.56,1.00
2016.07.22 13:03:49.033,1.10115,1.10117,2.81,2.25
2016.07.22 13:03:49.084,1.10115,1.10117,1.00,3.75
2016.07.22 13:03:49.220,1.10114,1.10115,3.00,1.50
2016.07.22 13:03:49.271,1.10114,1.10115,2.25,2.25
2016.07.22 13:03:49.373,1.10114,1.10115,2.25,3.00
2016.07.22 13:03:49.892,1.10114,1.10115,2.25,2.25
2016.07.22 13:03:49.943,1.10114,1.10115,2.25,3.00
2016.07.22 13:03:50.096,1.10114,1.10115,2.25,3.75
2016.07.22 13:03:50.463,1.10114,1.10115,1.50,2.25
2016.07.22 13:03:50.565,1.10114,1.10115,1.50,3.75
2016.07.22 13:03:50.740,1.10114,1.10115,1.50,2.25
2016.07.22 13:03:50.842,1.10114,1.10115,1.50,3.75
2016.07.22 13:03:50.944,1.10114,1.10115,1.50,2.25
2016.07.22 13:03:50.995,1.10114,1.10115,1.50,1.50
2016.07.22 13:03:51.046,1.10114,1.10115,1.50,3.00
2016.07.22 13:03:51.097,1.10114,1.10115,1.50,3.75
2016.07.22 13:03:51.249,1.10114,1.10115,1.50,2.25
2016.07.22 13:03:51.300,1.10113,1.10114,6.00,1.00
2016.07.22 13:03:51.352,1.10113,1.10114,4.12,1.50
2016.07.22 13:03:51.403,1.10113,1.10114,3.75,1.50
2016.07.22 13:03:51.602,1.10113,1.10114,3.75,2.25
2016.07.22 13:03:52.059,1.10113,1.10114,3.75,1.50
2016.07.22 13:03:52.162,1.10113,1.10114,4.50,2.25
2016.07.22 13:03:52.697,1.10113,1.10114,3.75,1.50
2016.07.22 13:03:52.755,1.10113,1.10114,4.50,2.25
2016.07.22 13:03:53.283,1.10113,1.10114,4.50,1.87
2016.07.22 13:03:53.994,1.10113,1.10114,3.75,1.87
2016.07.22 13:03:54.276,1.10113,1.10114,3.75,2.25
2016.07.22 13:03:54.428,1.10113,1.10114,3.00,2.25
2016.07.22 13:03:54.886,1.10113,1.10114,3.00,1.50
2016.07.22 13:03:54.988,1.10113,1.10114,3.00,2.25
2016.07.22 13:03:55.140,1.10113,1.10114,3.37,2.25
2016.07.22 13:03:55.377,1.10113,1.10114,3.37,1.00
2016.07.22 13:03:55.428,1.10113,1.10115,3.37,3.00
2016.07.22 13:03:55.530,1.10113,1.10115,3.00,3.75
2016.07.22 13:03:56.004,1.10114,1.10115,1.00,3.00
2016.07.22 13:03:56.055,1.10114,1.10115,1.00,2.25
2016.07.22 13:03:56.106,1.10114,1.10115,1.50,1.00
2016.07.22 13:03:56.157,1.10114,1.10116,2.62,2.62
2016.07.22 13:03:56.208,1.10115,1.10116,1.50,1.50
2016.07.22 13:03:56.356,1.10115,1.10116,1.69,1.00
2016.07.22 13:03:56.407,1.10116,1.10117,1.50,2.62
2016.07.22 13:03:56.610,1.10115,1.10117,2.12,1.87
2016.07.22 13:03:56.712,1.10115,1.10117,1.00,1.87
2016.07.22 13:03:56.813,1.10116,1.10117,1.50,2.62
2016.07.22 13:03:57.091,1.10115,1.10117,2.12,1.87
2016.07.22 13:03:57.193,1.10116,1.10117,1.50,2.62
2016.07.22 13:03:57.295,1.10114,1.10116,1.39,1.00
2016.07.22 13:03:57.418,1.10113,1.10115,7.50,1.50
2016.07.22 13:03:57.469,1.10114,1.10115,1.10,1.50
2016.07.22 13:03:57.521,1.10114,1.10115,1.10,1.00
2016.07.22 13:03:57.573,1.10114,1.10115,1.57,1.00
2016.07.22 13:03:57.727,1.10115,1.10116,1.00,1.00
2016.07.22 13:03:57.830,1.10114,1.10116,1.10,1.00
2016.07.22 13:03:59.329,1.10114,1.10116,1.10,1.12
2016.07.22 13:03:59.535,1.10115,1.10117,2.40,3.84
2016.07.22 13:03:59.587,1.10116,1.10117,1.20,1.59
2016.07.22 13:03:59.639,1.10116,1.10118,1.20,1.50
2016.07.22 13:03:59.761,1.10116,1.10118,3.45,2.25
2016.07.22 13:03:59.813,1.10117,1.10118,1.12,1.50
2016.07.22 13:03:59.867,1.10117,1.10119,2.70,2.62
2016.07.22 13:03:59.919,1.10118,1.1012,6.19,1.50
2016.07.22 13:03:59.971,1.10119,1.1012,1.87,1.50
2016.07.22 13:04:00.022,1.1012,1.10122,4.12,1.50
2016.07.22 13:04:00.074,1.10121,1.10122,1.10,1.00
2016.07.22 13:04:00.126,1.10121,1.10123,7.91,2.25
2016.07.22 13:04:00.177,1.10123,1.10124,1.12,1.87
2016.07.22 13:04:00.229,1.10123,1.10125,1.12,3.00
2016.07.22 13:04:00.280,1.10123,1.10125,1.20,2.25
2016.07.22 13:04:00.332,1.10123,1.10125,1.57,1.00
2016.07.22 13:04:00.466,1.10123,1.10126,1.95,2.44
2016.07.22 13:04:00.518,1.10123,1.10125,1.20,3.37
2016.07.22 13:04:00.569,1.10123,1.10125,1.10,4.50
2016.07.22 13:04:00.672,1.10123,1.10124,1.00,1.50
2016.07.22 13:04:00.723,1.10123,1.10124,1.00,2.25
2016.07.22 13:04:00.774,1.10122,1.10124,1.00,1.87
2016.07.22 13:04:01.029,1.10123,1.10124,1.00,1.00
2016.07.22 13:04:01.081,1.10123,1.10124,1.50,1.00
2016.07.22 13:04:01.241,1.10123,1.10125,1.00,3.75
2016.07.22 13:04:01.393,1.10123,1.10125,1.00,2.25
2016.07.22 13:04:01.444,1.10123,1.10125,2.25,1.50
2016.07.22 13:04:01.648,1.10123,1.10125,2.25,1.87
2016.07.22 13:04:01.927,1.10123,1.10125,1.00,3.37
2016.07.22 13:04:02.033,1.10123,1.10125,1.00,4.50
2016.07.22 13:04:02.084,1.10123,1.10125,1.00,6.75
2016.07.22 13:04:02.135,1.10123,1.10124,1.00,1.00
2016.07.22 13:04:02.237,1.10123,1.10125,1.00,6.37
2016.07.22 13:04:02.629,1.10123,1.10124,1.00,1.12
2016.07.22 13:04:02.782,1.10123,1.10124,1.00,1.87
2016.07.22 13:04:03.180,1.10123,1.10124,1.00,2.62
2016.07.22 13:04:03.281,1.10123,1.10124,1.00,1.87
2016.07.22 13:04:03.638,1.10123,1.10124,1.00,1.12
2016.07.22 13:04:03.689,1.10123,1.10124,1.00,1.87
2016.07.22 13:04:04.048,1.10123,1.10125,1.00,9.37
2016.07.22 13:04:04.099,1.10123,1.10124,1.00,1.50
2016.07.22 13:04:04.895,1.10123,1.10124,1.00,1.00
2016.07.22 13:04:05.131,1.10123,1.10124,1.00,1.50
2016.07.22 13:04:06.809,1.10123,1.10124,1.00,1.00
2016.07.22 13:04:06.937,1.10123,1.10124,1.00,1.50
2016.07.22 13:04:07.598,1.10123,1.10124,1.00,1.00
2016.07.22 13:04:07.650,1.10123,1.10124,1.12,1.00
2016.07.22 13:04:08.108,1.10123,1.10124,1.87,1.00
2016.07.22 13:04:08.159,1.10123,1.10125,1.00,3.75
2016.07.22 13:04:08.210,1.10124,1.10125,1.00,1.50
2016.07.22 13:04:08.308,1.10124,1.10125,1.00,1.00
2016.07.22 13:04:08.667,1.10124,1.10125,1.00,1.50
2016.07.22 13:04:08.718,1.10123,1.10124,1.50,1.00
2016.07.22 13:04:08.770,1.10123,1.10124,1.50,1.50
2016.07.22 13:04:08.821,1.10122,1.10124,1.00,2.25
2016.07.22 13:04:08.872,1.10122,1.10123,1.50,1.00
2016.07.22 13:04:08.923,1.10122,1.10123,1.00,1.00
2016.07.22 13:04:11.373,1.10122,1.10124,1.00,1.50
2016.07.22 13:04:11.495,1.10123,1.10125,1.00,5.81
2016.07.22 13:04:11.547,1.10123,1.10125,1.00,7.31
2016.07.22 13:04:11.598,1.10123,1.10125,1.00,6.94
2016.07.22 13:04:11.649,1.10123,1.10124,1.00,1.50
2016.07.22 13:04:11.903,1.10123,1.10124,1.00,1.00
2016.07.22 13:04:11.954,1.10121,1.10124,10.09,1.00
2016.07.22 13:04:12.005,1.10123,1.10124,1.00,1.50
2016.07.22 13:04:12.056,1.10123,1.10124,1.50,1.50
2016.07.22 13:04:12.107,1.10123,1.10124,1.50,2.25
2016.07.22 13:04:12.311,1.10122,1.10124,2.50,2.25
2016.07.22 13:04:12.412,1.10123,1.10124,1.00,2.25
2016.07.22 13:04:12.825,1.10123,1.10124,1.00,1.50
2016.07.22 13:04:12.877,1.10123,1.10124,1.00,1.00
2016.07.22 13:04:12.928,1.10124,1.10125,1.00,3.19
2016.07.22 13:04:13.057,1.10124,1.10125,1.00,2.44
2016.07.22 13:04:13.108,1.10124,1.10125,1.00,3.19
2016.07.22 13:04:13.718,1.10124,1.10125,1.00,2.44
2016.07.22 13:04:13.769,1.10124,1.10125,1.00,1.69
2016.07.22 13:04:13.820,1.10124,1.10125,1.00,2.44
2016.07.22 13:04:13.871,1.10124,1.10125,1.00,3.19
2016.07.22 13:04:15.449,1.10124,1.10125,1.00,2.44
2016.07.22 13:04:15.635,1.10124,1.10125,1.00,3.19
2016.07.22 13:04:15.940,1.10124,1.10125,1.00,2.44
2016.07.22 13:04:15.991,1.10123,1.10124,1.00,1.00
2016.07.22 13:04:16.093,1.10123,1.10124,1.00,1.50
2016.07.22 13:04:16.144,1.10123,1.10124,1.00,2.25
2016.07.22 13:04:16.195,1.10123,1.10124,1.00,3.00
2016.07.22 13:04:16.297,1.10122,1.10123,2.34,1.00
2016.07.22 13:04:16.349,1.10122,1.10123,1.59,3.00
2016.07.22 13:04:16.400,1.10122,1.10123,1.50,3.56
2016.07.22 13:04:16.497,1.10121,1.10122,3.37,1.50
2016.07.22 13:04:16.550,1.1012,1.10121,1.00,1.50
2016.07.22 13:04:16.653,1.1012,1.10121,1.00,2.25
2016.07.22 13:04:17.110,1.1012,1.10121,1.12,2.25
2016.07.22 13:04:17.161,1.1012,1.10121,1.50,2.25
2016.07.22 13:04:17.212,1.1012,1.10121,1.50,1.50
2016.07.22 13:04:17.263,1.1012,1.10122,1.87,3.25
2016.07.22 13:04:17.314,1.1012,1.10122,2.44,3.25
2016.07.22 13:04:17.405,1.10121,1.10122,1.00,1.50
2016.07.22 13:04:17.457,1.10121,1.10122,1.00,1.00
2016.07.22 13:04:17.865,1.10122,1.10123,1.00,2.62
2016.07.22 13:04:17.917,1.10122,1.10123,1.50,2.62
2016.07.22 13:04:17.968,1.10123,1.10124,1.50,2.32
2016.07.22 13:04:18.019,1.10124,1.10125,1.12,2.25
2016.07.22 13:04:18.070,1.10124,1.10125,2.25,1.50
2016.07.22 13:04:18.121,1.10124,1.10125,1.87,1.00
2016.07.22 13:04:18.223,1.10125,1.10126,1.12,1.50
2016.07.22 13:04:18.274,1.10126,1.10128,1.00,8.70
2016.07.22 13:04:18.325,1.10125,1.10126,1.50,1.00
2016.07.22 13:04:18.429,1.10125,1.10126,1.69,1.00
2016.07.22 13:04:18.481,1.10125,1.10126,1.50,1.00
2016.07.22 13:04:18.583,1.10125,1.10126,1.50,1.50
2016.07.22 13:04:18.634,1.10125,1.10126,1.00,1.50
2016.07.22 13:04:18.736,1.10124,1.10126,1.00,2.25
2016.07.22 13:04:18.787,1.10124,1.10125,1.00,1.50
2016.07.22 13:04:18.890,1.10124,1.10125,1.00,3.75
2016.07.22 13:04:18.942,1.10123,1.10125,1.00,5.25
2016.07.22 13:04:18.994,1.10124,1.10126,1.00,8.25
2016.07.22 13:04:19.045,1.10124,1.10125,1.00,5.25
2016.07.22 13:04:19.422,1.10124,1.10125,1.00,4.50
2016.07.22 13:04:20.174,1.10124,1.10125,1.00,3.75
2016.07.22 13:04:20.275,1.10124,1.10125,1.00,4.50
2016.07.22 13:04:20.479,1.10124,1.10125,1.00,3.75
2016.07.22 13:04:20.581,1.10124,1.10125,1.00,4.50
2016.07.22 13:04:20.631,1.10124,1.10125,1.00,4.87
2016.07.22 13:04:20.931,1.10124,1.10125,1.00,4.12
2016.07.22 13:04:21.119,1.10124,1.10125,1.00,4.87
2016.07.22 13:04:21.272,1.10124,1.10125,1.00,3.37
2016.07.22 13:04:21.374,1.10124,1.10125,1.00,4.87
2016.07.22 13:04:21.425,1.10123,1.10124,1.12,1.00
2016.07.22 13:04:21.476,1.10123,1.10125,1.00,5.25
2016.07.22 13:04:21.527,1.10123,1.10124,1.00,1.50
2016.07.22 13:04:21.855,1.10123,1.10125,1.00,2.25
2016.07.22 13:04:21.907,1.10124,1.10125,1.00,1.50
2016.07.22 13:04:21.958,1.10124,1.10125,1.50,1.00
2016.07.22 13:04:22.112,1.10124,1.10125,1.87,1.00
2016.07.22 13:04:22.163,1.10125,1.10126,1.00,1.50
2016.07.22 13:04:22.215,1.10125,1.10126,1.87,1.50
2016.07.22 13:04:22.266,1.10126,1.10127,1.00,1.57
2016.07.22 13:04:22.318,1.10126,1.10127,1.50,1.50
2016.07.22 13:04:22.370,1.10127,1.10128,3.00,1.20
2016.07.22 13:04:22.422,1.10127,1.10128,3.00,1.00
2016.07.22 13:04:22.509,1.10128,1.10129,1.50,2.81
2016.07.22 13:04:22.560,1.10128,1.10129,1.50,2.44
2016.07.22 13:04:22.612,1.10127,1.10128,3.00,1.00
2016.07.22 13:04:22.663,1.10127,1.10129,1.00,3.94
2016.07.22 13:04:22.765,1.10127,1.10128,1.00,2.25
2016.07.22 13:04:23.020,1.10127,1.10128,1.00,2.62
2016.07.22 13:04:23.773,1.10126,1.10128,1.00,1.87
2016.07.22 13:04:23.874,1.10127,1.10129,1.00,6.19
2016.07.22 13:04:23.976,1.10127,1.10128,1.00,1.87
2016.07.22 13:04:24.027,1.10126,1.10127,1.50,1.00
2016.07.22 13:04:25.171,1.10127,1.10128,1.00,3.00
2016.07.22 13:04:25.222,1.10127,1.10128,1.00,1.50
2016.07.22 13:04:25.273,1.10128,1.1013,1.00,13.76
2016.07.22 13:04:25.324,1.10128,1.1013,1.00,11.51
2016.07.22 13:04:25.375,1.10128,1.1013,1.00,13.76
2016.07.22 13:04:25.426,1.10128,1.1013,1.00,12.45
2016.07.22 13:04:25.477,1.10127,1.10129,1.00,2.25
2016.07.22 13:04:25.579,1.10128,1.1013,1.00,7.20
2016.07.22 13:04:26.018,1.10128,1.10129,1.50,2.62
2016.07.22 13:04:26.316,1.10128,1.10129,1.00,1.87
2016.07.22 13:04:26.469,1.10128,1.10129,1.50,2.62
2016.07.22 13:04:26.623,1.10127,1.10129,1.50,2.25
2016.07.22 13:04:27.182,1.10127,1.10129,1.00,2.25
2016.07.22 13:04:27.366,1.10127,1.10129,1.00,1.50
2016.07.22 13:04:27.417,1.10128,1.10129,1.00,1.00
2016.07.22 13:04:27.469,1.10127,1.1013,1.25,6.00
2016.07.22 13:04:27.520,1.10127,1.1013,4.50,6.00
2016.07.22 13:04:27.572,1.10129,1.10131,3.97,5.62
2016.07.22 13:04:27.624,1.1013,1.10132,2.47,3.82
2016.07.22 13:04:27.675,1.10131,1.10132,1.72,1.50
2016.07.22 13:04:27.726,1.10132,1.10133,1.00,2.25
2016.07.22 13:04:27.779,1.10132,1.10133,2.32,1.00
2016.07.22 13:04:27.831,1.10132,1.10134,3.82,1.00
2016.07.22 13:04:27.882,1.10133,1.10135,3.75,1.50
2016.07.22 13:04:27.934,1.10133,1.10135,6.37,1.50
2016.07.22 13:04:28.082,1.10134,1.10137,1.69,3.37
2016.07.22 13:04:28.133,1.10134,1.10136,2.06,1.00
2016.07.22 13:04:28.185,1.10135,1.10136,1.00,1.00
2016.07.22 13:04:28.287,1.10135,1.10136,1.00,1.50
2016.07.22 13:04:28.339,1.10134,1.10136,1.00,1.87
2016.07.22 13:04:28.390,1.10135,1.10137,1.00,5.06
2016.07.22 13:04:28.441,1.10135,1.10137,1.00,4.31
2016.07.22 13:04:28.493,1.10135,1.10136,1.00,1.87
2016.07.22 13:04:28.648,1.10134,1.10136,1.00,1.50
2016.07.22 13:04:28.699,1.10135,1.10136,1.00,1.00
2016.07.22 13:04:28.838,1.10136,1.10137,1.00,3.19
2016.07.22 13:04:28.889,1.10135,1.10137,1.65,3.19
2016.07.22 13:04:28.940,1.10136,1.10137,3.37,2.25
2016.07.22 13:04:28.991,1.10137,1.10138,1.87,1.00
2016.07.22 13:04:29.043,1.10137,1.10139,3.75,1.00
2016.07.22 13:04:29.094,1.10138,1.1014,1.00,3.82
2016.07.22 13:04:29.145,1.10137,1.1014,4.95,2.62
2016.07.22 13:04:29.196,1.10138,1.1014,1.00,3.00
2016.07.22 13:04:29.248,1.10138,1.1014,1.37,3.37
2016.07.22 13:04:29.299,1.10138,1.1014,1.50,3.75
2016.07.22 13:04:29.350,1.10138,1.10139,1.00,1.00
2016.07.22 13:04:29.452,1.10138,1.10139,1.50,1.00
2016.07.22 13:04:29.503,1.10137,1.10138,2.32,1.50
2016.07.22 13:04:29.554,1.10136,1.10137,4.87,1.50
2016.07.22 13:04:29.665,1.10136,1.10137,1.00,3.37
2016.07.22 13:04:29.716,1.10135,1.10137,1.00,6.37
2016.07.22 13:04:29.767,1.10135,1.10136,1.50,3.75
2016.07.22 13:04:30.390,1.10135,1.10136,1.50,4.50
2016.07.22 13:04:30.543,1.10135,1.10136,1.50,4.87
2016.07.22 13:04:30.763,1.10134,1.10136,2.25,4.87
2016.07.22 13:04:30.814,1.10134,1.10136,3.00,5.25
2016.07.22 13:04:31.143,1.10135,1.10136,1.50,4.87
2016.07.22 13:04:31.194,1.10135,1.10136,1.50,4.50
2016.07.22 13:04:31.245,1.10135,1.10136,1.50,4.87
2016.07.22 13:04:31.296,1.10135,1.10136,1.50,4.12
2016.07.22 13:04:31.347,1.10135,1.10136,1.50,4.50
2016.07.22 13:04:31.398,1.10134,1.10136,1.00,8.25
2016.07.22 13:04:31.449,1.10134,1.10136,1.00,9.75
2016.07.22 13:04:31.500,1.10134,1.10135,1.00,3.00
2016.07.22 13:04:31.754,1.10134,1.10135,1.00,4.12
2016.07.22 13:04:31.907,1.10134,1.10135,1.00,4.87
2016.07.22 13:04:31.958,1.10133,1.10135,1.50,4.87
2016.07.22 13:04:32.009,1.10133,1.10135,1.50,4.50
2016.07.22 13:04:32.060,1.10133,1.10135,1.00,3.75
2016.07.22 13:04:32.162,1.10133,1.10135,1.00,4.50
2016.07.22 13:04:32.428,1.10133,1.10135,1.00,3.75
2016.07.22 13:04:32.479,1.10133,1.10135,1.00,4.50
2016.07.22 13:04:32.683,1.10133,1.10135,1.00,3.75
2016.07.22 13:04:32.898,1.10133,1.10135,1.00,4.50
2016.07.22 13:04:33.050,1.10133,1.10135,1.00,5.25
2016.07.22 13:04:33.203,1.10133,1.10135,1.00,4.50
2016.07.22 13:04:33.254,1.10133,1.10135,1.00,5.62
2016.07.22 13:04:33.305,1.10133,1.10135,1.00,6.37
2016.07.22 13:04:33.356,1.10133,1.10135,1.00,5.62
2016.07.22 13:04:33.458,1.10133,1.10135,1.00,7.12
2016.07.22 13:04:33.611,1.10133,1.10134,1.00,1.12
2016.07.22 13:04:33.662,1.10133,1.10134,1.00,1.87
2016.07.22 13:04:33.713,1.10133,1.10134,1.00,2.62
2016.07.22 13:04:33.949,1.10131,1.10133,6.34,1.00
2016.07.22 13:04:34.002,1.10132,1.10133,1.00,3.37
2016.07.22 13:04:34.053,1.10131,1.10133,2.76,4.12
2016.07.22 13:04:34.104,1.10131,1.10133,1.00,6.37
2016.07.22 13:04:34.207,1.10131,1.10132,1.00,1.87
2016.07.22 13:04:34.259,1.10131,1.10132,1.00,1.50
2016.07.22 13:04:34.311,1.10131,1.10132,1.00,2.25
2016.07.22 13:04:35.007,1.10131,1.10132,1.00,1.50
2016.07.22 13:04:35.261,1.10131,1.10132,3.22,1.50
2016.07.22 13:04:35.312,1.10133,1.10134,1.50,6.19
2016.07.22 13:04:35.423,1.10133,1.10134,2.25,6.00
2016.07.22 13:04:35.474,1.10135,1.10136,2.06,1.10
2016.07.22 13:04:35.525,1.10135,1.10137,2.81,4.50
2016.07.22 13:04:35.576,1.10136,1.10137,1.00,1.50
2016.07.22 13:04:35.627,1.10136,1.10137,1.00,1.00
2016.07.22 13:04:35.729,1.10136,1.10137,1.00,1.50
2016.07.22 13:04:35.781,1.10135,1.10137,2.12,3.00
2016.07.22 13:04:36.034,1.10135,1.10137,1.00,3.00
2016.07.22 13:04:36.394,1.10134,1.10137,3.75,3.00
2016.07.22 13:04:36.598,1.10134,1.10137,6.60,1.50
2016.07.22 13:04:36.649,1.10134,1.10137,8.47,1.50
2016.07.22 13:04:36.701,1.10136,1.10137,1.00,1.00
2016.07.22 13:04:36.752,1.10136,1.10138,1.00,3.64
2016.07.22 13:04:36.803,1.10136,1.10138,1.00,2.89
2016.07.22 13:04:36.861,1.10136,1.10138,1.00,2.14
2016.07.22 13:04:36.916,1.10136,1.10138,2.44,1.13
2016.07.22 13:04:37.305,1.10137,1.10139,1.00,4.58
2016.07.22 13:04:37.356,1.10137,1.10139,1.00,4.50
2016.07.22 13:04:37.408,1.10138,1.10139,2.25,4.50
2016.07.22 13:04:37.459,1.10138,1.10139,2.25,1.00
2016.07.22 13:04:37.511,1.10138,1.1014,1.00,5.32
2016.07.22 13:04:37.562,1.10138,1.1014,4.50,4.57
2016.07.22 13:04:37.614,1.10138,1.1014,5.25,1.10
2016.07.22 13:04:37.665,1.10138,1.1014,5.85,1.10
2016.07.22 13:04:37.717,1.10139,1.10141,1.12,2.62
2016.07.22 13:04:38.022,1.10138,1.10141,9.79,3.37
2016.07.22 13:04:38.136,1.10138,1.10141,8.85,1.12
2016.07.22 13:04:38.188,1.10139,1.10141,1.87,2.62
2016.07.22 13:04:38.240,1.10139,1.10141,1.87,2.25
2016.07.22 13:04:38.291,1.10139,1.10141,1.87,1.50
2016.07.22 13:04:38.342,1.10139,1.10141,2.25,1.00
2016.07.22 13:04:38.394,1.10139,1.10141,1.87,1.00
2016.07.22 13:04:38.599,1.10139,1.10141,2.25,1.00
2016.07.22 13:04:38.650,1.10139,1.10141,2.85,1.00
2016.07.22 13:04:38.701,1.1014,1.10142,1.00,1.87
2016.07.22 13:04:38.803,1.10139,1.10141,4.35,1.00
2016.07.22 13:04:38.854,1.10139,1.10141,5.10,1.00
2016.07.22 13:04:38.935,1.10139,1.10141,9.22,1.00
2016.07.22 13:04:38.986,1.1014,1.10141,1.50,1.00
2016.07.22 13:04:39.291,1.1014,1.10142,1.87,1.00
2016.07.22 13:04:39.342,1.1014,1.10142,2.06,1.00
2016.07.22 13:04:39.393,1.1014,1.10142,1.87,1.00
2016.07.22 13:04:39.495,1.1014,1.10142,2.06,1.00
2016.07.22 13:04:39.698,1.10139,1.10141,6.79,1.00
2016.07.22 13:04:39.749,1.10139,1.10141,3.79,1.00
2016.07.22 13:04:39.800,1.10139,1.10141,4.35,1.00
2016.07.22 13:04:39.851,1.10139,1.10141,3.00,1.00
2016.07.22 13:04:39.953,1.1014,1.10141,1.00,1.00
2016.07.22 13:04:40.083,1.1014,1.10142,1.00,4.12
2016.07.22 13:04:40.337,1.1014,1.10142,1.00,3.37
2016.07.22 13:04:40.439,1.1014,1.10142,1.00,3.00
2016.07.22 13:04:40.542,1.10139,1.10142,3.97,3.00
2016.07.22 13:04:40.645,1.10139,1.10142,3.97,3.37
2016.07.22 13:04:40.747,1.10139,1.10142,3.60,3.00
2016.07.22 13:04:41.656,1.1014,1.10142,1.00,3.00
2016.07.22 13:04:42.099,1.1014,1.10142,1.00,1.50
2016.07.22 13:04:42.201,1.1014,1.10142,1.00,3.00
2016.07.22 13:04:42.304,1.1014,1.10142,1.00,1.50
2016.07.22 13:04:42.355,1.1014,1.10142,1.00,1.87
2016.07.22 13:04:42.407,1.1014,1.10142,1.00,3.37
2016.07.22 13:04:42.458,1.1014,1.10142,1.00,3.37
2016.07.22 13:04:42.661,1.10141,1.10143,1.00,9.07
2016.07.22 13:04:42.713,1.10141,1.10142,1.00,3.00
2016.07.22 13:04:43.252,1.10141,1.10143,7.56,3.82
2016.07.22 13:04:43.304,1.10142,1.10143,3.00,1.00
2016.07.22 13:04:43.355,1.10143,1.10145,1.00,9.07
2016.07.22 13:04:43.406,1.10143,1.10144,1.57,1.00
2016.07.22 13:04:43.457,1.10144,1.10145,1.00,1.00
2016.07.22 13:04:43.559,1.10145,1.10146,1.00,4.12
2016.07.22 13:04:43.661,1.10144,1.10146,1.00,3.00
2016.07.22 13:04:43.781,1.10145,1.10147,1.00,5.44
2016.07.22 13:04:43.833,1.10145,1.10146,1.00,2.25
2016.07.22 13:04:43.935,1.10145,1.10147,1.00,5.06
2016.07.22 13:04:44.037,1.10145,1.10146,1.00,2.25
2016.07.22 13:04:44.243,1.10145,1.10147,1.00,4.31
2016.07.22 13:04:44.295,1.10145,1.10146,1.00,2.25
2016.07.22 13:04:44.948,1.10145,1.10146,1.00,2.62
2016.07.22 13:04:45.253,1.10145,1.10146,1.00,2.25
2016.07.22 13:04:45.304,1.10145,1.10147,1.00,4.31
2016.07.22 13:04:45.406,1.10145,1.10146,1.00,2.25
2016.07.22 13:04:45.908,1.10145,1.10146,1.00,3.94
2016.07.22 13:04:45.959,1.10144,1.10146,1.00,4.31
2016.07.22 13:04:46.010,1.10144,1.10146,1.00,5.81
2016.07.22 13:04:46.061,1.10144,1.10146,1.00,8.06
2016.07.22 13:04:46.112,1.10144,1.10146,1.00,7.87
2016.07.22 13:04:46.265,1.10144,1.10146,1.00,7.50
2016.07.22 13:04:46.316,1.10144,1.10146,1.00,6.75
2016.07.22 13:04:46.367,1.10144,1.10145,1.00,1.12
2016.07.22 13:04:46.419,1.10142,1.10144,4.95,1.00
2016.07.22 13:04:46.471,1.10142,1.10143,3.64,3.37
2016.07.22 13:04:46.522,1.1014,1.10141,3.26,1.00
2016.07.22 13:04:46.573,1.1014,1.10141,2.32,1.50
2016.07.22 13:04:46.626,1.1014,1.10141,2.25,2.25
2016.07.22 13:04:46.812,1.1014,1.10141,2.25,3.00
2016.07.22 13:04:46.863,1.1014,1.10141,2.25,2.25
2016.07.22 13:04:46.914,1.1014,1.10141,3.00,1.00
2016.07.22 13:04:46.966,1.10142,1.10143,1.00,6.64
2016.07.22 13:04:47.017,1.10141,1.10142,2.25,3.00
2016.07.22 13:04:47.068,1.10141,1.10142,2.25,2.25
2016.07.22 13:04:47.171,1.10141,1.10142,2.25,3.00
2016.07.22 13:04:47.273,1.10141,1.10142,1.50,3.00
2016.07.22 13:04:47.324,1.1014,1.10142,2.50,3.00
2016.07.22 13:04:47.375,1.1014,1.10142,2.50,3.37
2016.07.22 13:04:47.426,1.1014,1.10142,2.50,3.00
2016.07.22 13:04:47.477,1.1014,1.10142,1.00,3.37
2016.07.22 13:04:47.676,1.1014,1.10142,1.00,4.12
2016.07.22 13:04:47.727,1.1014,1.10142,2.50,4.12
2016.07.22 13:04:48.175,1.10141,1.10142,1.00,4.50
2016.07.22 13:04:48.226,1.10141,1.10142,1.00,4.12
2016.07.22 13:04:49.161,1.10141,1.10142,1.00,2.62
2016.07.22 13:04:49.263,1.1014,1.10141,1.50,1.00
2016.07.22 13:04:49.314,1.10141,1.10142,1.00,4.31
2016.07.22 13:04:49.365,1.10139,1.1014,3.37,2.62
2016.07.22 13:04:49.417,1.10139,1.1014,1.50,4.87
2016.07.22 13:04:49.469,1.10139,1.1014,1.50,7.12
2016.07.22 13:04:49.520,1.10138,1.10139,6.37,1.00
2016.07.22 13:04:49.674,1.10138,1.10139,6.37,1.12
2016.07.22 13:04:49.776,1.10139,1.1014,1.00,8.25
2016.07.22 13:04:49.970,1.10138,1.10139,6.37,1.00
2016.07.22 13:04:50.682,1.10138,1.10139,6.37,2.62
2016.07.22 13:04:50.733,1.10138,1.10139,6.37,3.75
2016.07.22 13:04:50.784,1.10138,1.10139,6.37,3.75
2016.07.22 13:04:50.836,1.10137,1.10139,11.70,4.37
2016.07.22 13:04:50.971,1.10138,1.10139,6.37,2.62
2016.07.22 13:04:51.074,1.10138,1.10139,6.37,4.12
2016.07.22 13:04:51.177,1.10138,1.10139,5.62,4.12
2016.07.22 13:04:51.228,1.10138,1.10139,5.62,3.37
2016.07.22 13:04:51.280,1.10138,1.10139,6.37,3.00
2016.07.22 13:04:51.332,1.10138,1.10139,7.12,1.50
2016.07.22 13:04:51.384,1.10139,1.1014,1.50,2.44
2016.07.22 13:04:51.435,1.1014,1.10142,1.00,7.76
2016.07.22 13:04:51.490,1.1014,1.10142,1.00,4.01
2016.07.22 13:04:51.541,1.10141,1.10142,1.00,1.76
2016.07.22 13:04:51.592,1.10141,1.10142,1.00,2.51
2016.07.22 13:04:51.643,1.1014,1.10142,1.50,2.51
2016.07.22 13:04:51.745,1.1014,1.10142,1.50,2.89
2016.07.22 13:04:51.833,1.1014,1.10141,1.50,1.00
2016.07.22 13:04:52.045,1.1014,1.10142,1.50,3.26
2016.07.22 13:04:52.198,1.1014,1.10142,1.50,3.19
2016.07.22 13:04:52.350,1.10141,1.10142,1.00,2.44
2016.07.22 13:04:52.452,1.10141,1.10142,1.00,3.56
2016.07.22 13:04:52.554,1.10141,1.10142,1.00,5.06
2016.07.22 13:04:52.656,1.10141,1.10142,1.00,5.44
2016.07.22 13:04:52.758,1.10141,1.10142,1.00,5.06
2016.07.22 13:04:52.929,1.10141,1.10142,1.00,5.44
2016.07.22 13:04:52.981,1.10141,1.10142,1.00,4.69
2016.07.22 13:04:53.084,1.10141,1.10142,1.00,3.19
2016.07.22 13:04:53.136,1.10141,1.10142,1.50,2.25
2016.07.22 13:04:53.188,1.10141,1.10142,1.50,1.00
2016.07.22 13:04:53.290,1.10142,1.10144,1.00,7.20
2016.07.22 13:04:53.342,1.10142,1.10144,1.00,7.12
2016.07.22 13:04:53.394,1.10142,1.10144,1.00,6.37
2016.07.22 13:04:53.548,1.10142,1.10144,1.00,3.37
2016.07.22 13:04:53.599,1.10142,1.10144,1.00,3.00
2016.07.22 13:04:53.650,1.10142,1.10144,1.12,1.87
2016.07.22 13:04:53.782,1.10143,1.10145,1.25,1.50
2016.07.22 13:04:53.833,1.10143,1.10145,2.44,1.00
2016.07.22 13:04:53.884,1.10145,1.10147,1.00,15.19
2016.07.22 13:04:53.936,1.10145,1.10147,1.00,14.81
2016.07.22 13:04:53.988,1.10145,1.10146,1.00,1.69
2016.07.22 13:04:54.040,1.10144,1.10145,1.00,1.87
2016.07.22 13:04:54.091,1.10143,1.10144,2.70,1.12
2016.07.22 13:04:54.143,1.10143,1.10145,1.00,8.81
2016.07.22 13:04:54.194,1.10142,1.10143,1.00,1.00
2016.07.22 13:04:54.245,1.10142,1.10144,1.00,5.06
2016.07.22 13:04:54.444,1.10141,1.10143,1.10,1.00
2016.07.22 13:04:54.496,1.10141,1.10142,1.10,1.87
2016.07.22 13:04:54.548,1.10141,1.10142,1.00,2.62
2016.07.22 13:04:54.599,1.10141,1.10142,1.00,4.50
2016.07.22 13:04:54.650,1.10141,1.10142,1.00,5.06
2016.07.22 13:04:54.702,1.10139,1.10141,2.32,1.00
2016.07.22 13:04:54.753,1.10139,1.1014,1.57,1.00
2016.07.22 13:04:54.804,1.10139,1.1014,1.10,1.12
2016.07.22 13:04:54.856,1.10139,1.1014,1.00,1.12
2016.07.22 13:04:54.958,1.10139,1.10141,1.00,6.00
2016.07.22 13:04:55.009,1.10139,1.1014,1.00,1.31
2016.07.22 13:04:55.060,1.10139,1.1014,1.00,3.56
2016.07.22 13:04:55.111,1.10139,1.1014,1.00,2.81
2016.07.22 13:04:55.236,1.10139,1.10141,1.00,6.56
2016.07.22 13:04:55.288,1.10139,1.10141,1.00,4.31
2016.07.22 13:04:55.339,1.10139,1.10141,1.00,4.69
2016.07.22 13:04:55.390,1.10139,1.10141,1.00,6.19
2016.07.22 13:04:55.441,1.10139,1.10141,1.00,5.81
2016.07.22 13:04:55.543,1.10139,1.10141,1.00,4.31
2016.07.22 13:04:55.594,1.1014,1.10141,1.50,3.37
2016.07.22 13:04:55.645,1.1014,1.10141,1.50,2.62
2016.07.22 13:04:55.747,1.1014,1.10141,1.50,1.87
2016.07.22 13:04:55.900,1.1014,1.10141,1.50,1.12
2016.07.22 13:04:56.002,1.1014,1.10141,1.50,1.00
2016.07.22 13:04:57.134,1.1014,1.10142,1.50,1.00
2016.07.22 13:04:58.281,1.1014,1.10142,1.00,1.00
2016.07.22 13:04:58.382,1.1014,1.10142,1.50,1.00
2016.07.22 13:04:58.945,1.10141,1.10143,1.50,2.81
2016.07.22 13:04:58.997,1.10142,1.10143,3.75,1.12
2016.07.22 13:04:59.048,1.10143,1.10144,1.13,1.12
2016.07.22 13:04:59.101,1.10143,1.10146,3.19,3.19
2016.07.22 13:04:59.153,1.10144,1.10146,1.72,2.81
2016.07.22 13:04:59.204,1.10144,1.10146,2.85,1.87
2016.07.22 13:04:59.255,1.10144,1.10146,6.19,1.50
2016.07.22 13:04:59.306,1.10144,1.10147,6.94,1.50
2016.07.22 13:04:59.445,1.10145,1.10147,1.57,1.00
2016.07.22 13:04:59.956,1.10146,1.10148,1.00,4.50
2016.07.22 13:05:00.007,1.10146,1.10148,1.00,5.25
2016.07.22 13:05:00.058,1.10146,1.10148,1.00,4.87
2016.07.22 13:05:00.109,1.10146,1.10147,1.00,2.25
2016.07.22 13:05:00.212,1.10146,1.10148,1.00,4.50
2016.07.22 13:05:00.263,1.10146,1.10147,1.00,1.50
2016.07.22 13:05:00.402,1.10146,1.10148,1.00,4.69
2016.07.22 13:05:00.504,1.10146,1.10147,1.00,1.50
2016.07.22 13:05:00.656,1.10146,1.10148,1.00,4.51
2016.07.22 13:05:00.758,1.10146,1.10147,1.00,1.50
2016.07.22 13:05:00.860,1.10146,1.10148,1.00,4.51
2016.07.22 13:05:00.962,1.10146,1.10147,1.00,1.50
2016.07.22 13:05:01.600,1.10146,1.10147,1.00,1.00
2016.07.22 13:05:01.652,1.10146,1.10147,1.00,1.12
2016.07.22 13:05:01.703,1.10144,1.10145,4.87,2.25
2016.07.22 13:05:01.754,1.10144,1.10145,3.00,4.50
2016.07.22 13:05:01.806,1.10144,1.10145,2.62,6.00
2016.07.22 13:05:01.858,1.10144,1.10145,1.50,3.75
2016.07.22 13:05:01.909,1.10145,1.10147,1.00,12.19
2016.07.22 13:05:01.961,1.10144,1.10145,2.25,1.00
2016.07.22 13:05:02.063,1.10144,1.10145,2.62,1.00
2016.07.22 13:05:02.114,1.10144,1.10145,3.00,1.00
2016.07.22 13:05:02.387,1.10145,1.10146,1.00,3.19
2016.07.22 13:05:02.490,1.10144,1.10145,3.00,1.00
2016.07.22 13:05:02.592,1.10145,1.10146,1.00,3.19
2016.07.22 13:05:02.694,1.10144,1.10145,3.00,1.00
2016.07.22 13:05:03.002,1.10145,1.10146,1.00,1.69
2016.07.22 13:05:03.686,1.10145,1.10146,1.00,1.25
2016.07.22 13:05:03.940,1.10145,1.10146,1.00,1.69
2016.07.22 13:05:03.991,1.10145,1.10146,1.00,1.25
2016.07.22 13:05:04.195,1.10145,1.10147,1.00,5.06
2016.07.22 13:05:04.296,1.10145,1.10146,1.00,1.25
2016.07.22 13:05:05.006,1.10145,1.10147,1.00,4.31
2016.07.22 13:05:05.108,1.10145,1.10146,1.00,1.25
2016.07.22 13:05:05.158,1.10144,1.10146,1.50,1.25
2016.07.22 13:05:05.210,1.10145,1.10146,1.00,1.25
2016.07.22 13:05:05.261,1.10146,1.10147,1.00,3.37
2016.07.22 13:05:05.312,1.10147,1.10148,1.00,2.62
2016.07.22 13:05:05.364,1.10147,1.10148,1.87,1.00
2016.07.22 13:05:05.415,1.10148,1.10149,1.00,1.13
2016.07.22 13:05:05.507,1.10147,1.10149,3.82,1.00
2016.07.22 13:05:05.562,1.1015,1.10152,1.00,13.01
2016.07.22 13:05:05.614,1.1015,1.10152,1.00,8.32
2016.07.22 13:05:05.667,1.10149,1.10151,1.00,1.50
2016.07.22 13:05:05.871,1.1015,1.10151,1.00,1.00
2016.07.22 13:05:05.973,1.1015,1.10151,1.00,1.50
2016.07.22 13:05:06.126,1.10149,1.10151,1.00,1.87
2016.07.22 13:05:06.177,1.1015,1.10151,1.00,1.12
2016.07.22 13:05:06.228,1.1015,1.10151,1.00,1.87
2016.07.22 13:05:06.279,1.1015,1.10151,1.00,2.62
2016.07.22 13:05:06.513,1.10148,1.10149,2.62,3.75
2016.07.22 13:05:06.564,1.10148,1.10149,2.25,3.94
2016.07.22 13:05:06.616,1.10147,1.10149,1.12,3.56
2016.07.22 13:05:06.667,1.10147,1.10149,1.12,5.44
2016.07.22 13:05:06.719,1.10147,1.10148,1.12,1.00
2016.07.22 13:05:06.771,1.10145,1.10146,1.57,1.00
2016.07.22 13:05:06.873,1.10146,1.10147,1.00,1.00
2016.07.22 13:05:06.924,1.10147,1.10148,1.00,4.12
2016.07.22 13:05:07.029,1.10147,1.10148,1.00,3.00
2016.07.22 13:05:08.180,1.10146,1.10148,1.00,2.25
2016.07.22 13:05:08.305,1.10147,1.10148,1.00,3.00
2016.07.22 13:05:08.408,1.10147,1.10148,1.00,2.25
2016.07.22 13:05:09.104,1.10146,1.10148,1.00,2.25
2016.07.22 13:05:09.206,1.10146,1.10148,1.00,2.62
2016.07.22 13:05:09.308,1.10147,1.10148,1.00,1.50
2016.07.22 13:05:09.488,1.10146,1.10148,1.00,2.25
2016.07.22 13:05:09.781,1.10147,1.10148,1.00,1.50
2016.07.22 13:05:09.882,1.10146,1.10148,1.00,2.25
2016.07.22 13:05:10.412,1.10147,1.10148,1.00,1.50
2016.07.22 13:05:10.515,1.10146,1.10148,1.00,2.25
2016.07.22 13:05:10.768,1.10147,1.10148,1.00,1.50
2016.07.22 13:05:10.819,1.10146,1.10148,1.00,2.25
2016.07.22 13:05:11.327,1.10147,1.10148,1.00,1.50
2016.07.22 13:05:11.429,1.10146,1.10148,1.00,2.25
2016.07.22 13:05:12.236,1.10147,1.10148,1.00,1.50
2016.07.22 13:05:12.384,1.10146,1.10148,1.00,2.25
2016.07.22 13:05:12.689,1.10147,1.10148,1.00,1.50
2016.07.22 13:05:12.791,1.10146,1.10148,1.00,2.25
2016.07.22 13:05:12.842,1.10146,1.10148,1.00,3.37
2016.07.22 13:05:13.873,1.10146,1.10148,1.00,3.28
2016.07.22 13:05:13.975,1.10146,1.10148,1.00,3.28
2016.07.22 13:05:14.077,1.10146,1.10148,1.00,2.62
2016.07.22 13:05:14.869,1.10146,1.10148,1.00,1.87
2016.07.22 13:05:14.920,1.10147,1.10149,1.00,4.87
2016.07.22 13:05:14.973,1.10148,1.10149,1.50,1.50
2016.07.22 13:05:15.024,1.10149,1.10151,2.47,4.30
2016.07.22 13:05:15.076,1.10149,1.10151,2.85,1.50
2016.07.22 13:05:15.127,1.10149,1.10151,2.85,1.12
2016.07.22 13:05:15.178,1.10149,1.10151,3.97,1.00
2016.07.22 13:05:15.229,1.10151,1.10152,2.25,1.12
2016.07.22 13:05:15.282,1.10152,1.10153,1.12,3.75
2016.07.22 13:05:15.333,1.10152,1.10154,2.87,1.95
2016.07.22 13:05:15.384,1.10153,1.10155,1.12,1.12
2016.07.22 13:05:15.508,1.10153,1.10155,1.31,1.00
2016.07.22 13:05:15.560,1.10152,1.10155,5.51,1.12
2016.07.22 13:05:15.662,1.10154,1.10155,1.00,2.13
2016.07.22 13:05:15.765,1.10154,1.10155,1.00,4.38
2016.07.22 13:05:15.817,1.10154,1.10155,1.00,5.88
2016.07.22 13:05:15.919,1.10154,1.10155,1.00,5.50
2016.07.22 13:05:16.022,1.10154,1.10155,1.00,7.00
2016.07.22 13:05:16.178,1.10154,1.10155,1.00,6.25
2016.07.22 13:05:16.230,1.10154,1.10155,1.00,5.50
2016.07.22 13:05:16.580,1.10153,1.10155,1.00,5.32
2016.07.22 13:05:16.632,1.10153,1.10154,1.00,1.00
2016.07.22 13:05:17.580,1.10152,1.10154,1.00,1.00
2016.07.22 13:05:17.633,1.10153,1.10156,1.00,14.87
2016.07.22 13:05:17.684,1.10153,1.10156,1.00,12.14
2016.07.22 13:05:17.735,1.10152,1.10154,1.00,1.50
2016.07.22 13:05:17.837,1.10152,1.10154,1.00,1.00
2016.07.22 13:05:17.938,1.10152,1.10154,1.00,1.50
2016.07.22 13:05:18.537,1.10152,1.10154,1.00,1.00
2016.07.22 13:05:18.740,1.10153,1.10156,1.00,13.76
2016.07.22 13:05:19.034,1.10153,1.10156,1.00,14.51
2016.07.22 13:05:19.137,1.10153,1.10156,1.00,12.26
2016.07.22 13:05:19.188,1.10153,1.10156,1.00,12.17
2016.07.22 13:05:19.239,1.10153,1.10156,1.00,14.42
2016.07.22 13:05:19.290,1.10153,1.10156,1.00,12.92
2016.07.22 13:05:19.342,1.10152,1.10155,2.25,4.22
2016.07.22 13:05:19.393,1.10152,1.10155,2.62,3.75
2016.07.22 13:05:19.444,1.10153,1.10155,1.00,4.50
2016.07.22 13:05:19.885,1.10153,1.10155,1.00,3.75
2016.07.22 13:05:20.029,1.10153,1.10155,1.00,4.50
2016.07.22 13:05:20.239,1.10152,1.10155,2.62,3.75
2016.07.22 13:05:20.437,1.10153,1.10155,1.00,4.50
2016.07.22 13:05:20.589,1.10153,1.10155,1.00,3.75
2016.07.22 13:05:20.691,1.10153,1.10155,1.00,4.50
2016.07.22 13:05:21.239,1.10153,1.10155,1.00,5.25
2016.07.22 13:05:21.910,1.10153,1.10155,1.00,4.50
2016.07.22 13:05:22.012,1.10153,1.10155,1.00,5.25
2016.07.22 13:05:22.063,1.10153,1.10155,1.00,4.50
2016.07.22 13:05:22.165,1.10153,1.10155,1.00,5.25
2016.07.22 13:05:22.266,1.10153,1.10155,1.00,4.50
2016.07.22 13:05:22.317,1.10153,1.10155,1.00,5.25
2016.07.22 13:05:22.532,1.10153,1.10155,1.00,4.50
2016.07.22 13:05:22.634,1.10153,1.10155,1.00,5.25
2016.07.22 13:05:22.751,1.10153,1.10155,1.00,6.00
2016.07.22 13:05:23.572,1.10152,1.10155,1.12,5.25
2016.07.22 13:05:23.623,1.10153,1.10155,1.00,6.00
2016.07.22 13:05:23.674,1.10153,1.10155,1.00,7.50
2016.07.22 13:05:23.725,1.10154,1.10156,1.00,13.80
2016.07.22 13:05:23.776,1.10154,1.10156,1.00,14.55
2016.07.22 13:05:23.928,1.10153,1.10156,1.00,13.05
2016.07.22 13:05:24.144,1.10153,1.10156,1.00,15.30
2016.07.22 13:05:24.424,1.10153,1.10156,1.00,17.17
2016.07.22 13:05:25.198,1.10153,1.10155,1.00,8.25
2016.07.22 13:05:25.902,1.10152,1.10154,1.00,3.00
2016.07.22 13:05:25.953,1.10151,1.10154,1.20,4.50
2016.07.22 13:05:26.004,1.1015,1.10153,4.69,1.00
2016.07.22 13:05:26.106,1.1015,1.10153,5.06,1.00
2016.07.22 13:05:26.157,1.1015,1.10153,3.56,2.25
2016.07.22 13:05:26.209,1.1015,1.10152,3.00,2.62
2016.07.22 13:05:26.260,1.1015,1.10152,1.10,3.75
2016.07.22 13:05:26.311,1.10149,1.1015,2.81,1.00
2016.07.22 13:05:26.425,1.10149,1.1015,1.20,3.75
2016.07.22 13:05:26.487,1.10149,1.1015,1.00,4.12
2016.07.22 13:05:26.541,1.10149,1.1015,1.00,4.87
2016.07.22 13:05:26.593,1.10149,1.1015,1.00,3.37
2016.07.22 13:05:26.644,1.10149,1.1015,1.00,2.62
2016.07.22 13:05:26.746,1.10149,1.1015,1.00,1.87
2016.07.22 13:05:26.797,1.10149,1.1015,1.00,1.50
2016.07.22 13:05:26.849,1.10149,1.1015,1.00,1.87
2016.07.22 13:05:26.900,1.10147,1.1015,6.41,2.25
2016.07.22 13:05:27.032,1.10148,1.1015,1.00,1.50
2016.07.22 13:05:27.087,1.10148,1.1015,1.00,1.00
2016.07.22 13:05:27.138,1.10148,1.1015,1.00,1.50
2016.07.22 13:05:27.189,1.10148,1.1015,1.35,1.50
2016.07.22 13:05:27.241,1.10148,1.10151,2.47,3.00
2016.07.22 13:05:27.292,1.10148,1.10151,3.60,1.12
2016.07.22 13:05:27.344,1.10149,1.10151,1.00,1.12
2016.07.22 13:05:27.395,1.10149,1.10151,1.00,1.00
2016.07.22 13:05:27.446,1.10151,1.10153,1.00,10.01
2016.07.22 13:05:27.497,1.10151,1.10153,1.00,8.51
2016.07.22 13:05:27.548,1.10151,1.10153,1.00,7.39
2016.07.22 13:05:27.663,1.10151,1.10153,1.00,6.64
2016.07.22 13:05:27.714,1.10151,1.10153,1.00,4.39
2016.07.22 13:05:28.173,1.10151,1.10153,1.00,5.14
2016.07.22 13:05:28.224,1.1015,1.10153,1.00,7.76
2016.07.22 13:05:28.275,1.1015,1.10153,1.00,10.01
2016.07.22 13:05:28.377,1.1015,1.10153,1.00,9.26
2016.07.22 13:05:28.428,1.1015,1.10153,1.00,10.76
2016.07.22 13:05:28.479,1.1015,1.10153,1.00,11.51
2016.07.22 13:05:28.558,1.1015,1.10153,1.00,10.76
2016.07.22 13:05:28.610,1.10151,1.10152,1.00,2.25
2016.07.22 13:05:28.713,1.10151,1.10152,1.00,1.50
2016.07.22 13:05:28.764,1.10151,1.10152,1.00,1.00
2016.07.22 13:05:28.866,1.10151,1.10154,1.00,7.87
2016.07.22 13:05:28.917,1.10151,1.10154,1.00,6.75
2016.07.22 13:05:28.968,1.10151,1.10154,1.00,7.50
2016.07.22 13:05:29.019,1.10152,1.10154,1.00,4.50
2016.07.22 13:05:29.071,1.10152,1.10153,1.50,1.20
2016.07.22 13:05:29.122,1.10152,1.10155,3.75,1.87
2016.07.22 13:05:29.173,1.10152,1.10155,4.69,1.50
2016.07.22 13:05:29.224,1.10152,1.10155,3.19,1.00
2016.07.22 13:05:29.275,1.10153,1.10155,1.69,1.00
2016.07.22 13:05:29.391,1.10152,1.10155,3.19,1.00
2016.07.22 13:05:29.648,1.10152,1.10154,2.25,1.00
2016.07.22 13:05:29.699,1.10152,1.10154,2.25,1.37
2016.07.22 13:05:29.750,1.10152,1.10153,1.12,1.50
2016.07.22 13:05:29.802,1.10149,1.10151,6.00,2.81
2016.07.22 13:05:29.853,1.10149,1.1015,3.00,1.30
2016.07.22 13:05:29.905,1.10148,1.10149,4.50,1.87
2016.07.22 13:05:29.956,1.10147,1.10149,1.00,1.72
2016.07.22 13:05:30.007,1.10147,1.10148,1.50,4.69
2016.07.22 13:05:30.058,1.10147,1.10148,1.12,5.44
2016.07.22 13:05:30.109,1.10146,1.10147,2.25,1.00
2016.07.22 13:05:30.160,1.10146,1.10147,1.87,1.00
2016.07.22 13:05:30.295,1.10146,1.10147,1.00,1.00
2016.07.22 13:05:30.397,1.10146,1.10147,1.00,1.00
2016.07.22 13:05:30.448,1.10145,1.10147,2.62,1.00
2016.07.22 13:05:30.499,1.10145,1.10147,2.62,3.37
2016.07.22 13:05:30.551,1.10144,1.10146,1.12,1.00
2016.07.22 13:05:30.602,1.10144,1.10146,1.87,1.00
2016.07.22 13:05:30.653,1.10145,1.10147,1.12,3.75
2016.07.22 13:05:30.704,1.10145,1.10147,1.12,1.00
2016.07.22 13:05:30.755,1.10145,1.10148,3.00,4.69
2016.07.22 13:05:30.806,1.10145,1.10148,3.00,3.94
2016.07.22 13:05:30.857,1.10145,1.10148,2.25,3.94
2016.07.22 13:05:30.909,1.10145,1.10148,4.50,3.19
2016.07.22 13:05:30.960,1.10145,1.10148,5.44,2.44
2016.07.22 13:05:31.011,1.10145,1.10148,6.82,1.00
2016.07.22 13:05:31.062,1.10147,1.10149,1.00,1.88
2016.07.22 13:05:31.199,1.10145,1.10149,4.31,5.25
2016.07.22 13:05:31.250,1.10145,1.10149,2.44,6.75
2016.07.22 13:05:31.352,1.10145,1.10149,1.00,6.00
2016.07.22 13:05:31.454,1.10145,1.10148,2.06,1.13
2016.07.22 13:05:31.506,1.10145,1.10148,2.06,1.00
2016.07.22 13:05:31.557,1.10145,1.10149,2.06,7.12
2016.07.22 13:05:31.659,1.10148,1.1015,5.80,8.25
2016.07.22 13:05:31.710,1.1015,1.10152,2.47,25.12
2016.07.22 13:05:31.761,1.1015,1.10151,6.60,1.50
2016.07.22 13:05:31.814,1.10152,1.10153,2.47,18.37
2016.07.22 13:05:31.922,1.10153,1.10154,2.85,1.31
2016.07.22 13:05:31.974,1.10154,1.10155,2.47,1.87
2016.07.22 13:05:32.030,1.10154,1.10156,2.85,1.00
2016.07.22 13:05:32.082,1.10154,1.10156,1.91,1.00
2016.07.22 13:05:32.136,1.10154,1.10156,1.91,1.50
2016.07.22 13:05:32.187,1.10154,1.10156,1.72,1.50
2016.07.22 13:05:32.239,1.10154,1.10156,1.12,1.50
2016.07.22 13:05:32.290,1.10154,1.10155,1.12,1.00
2016.07.22 13:05:32.341,1.10154,1.10155,1.50,1.00
2016.07.22 13:05:32.392,1.10154,1.10156,1.12,5.70
2016.07.22 13:05:32.443,1.10153,1.10155,1.00,1.12
2016.07.22 13:05:32.495,1.10153,1.10155,1.00,1.87
2016.07.22 13:05:32.573,1.10153,1.10155,1.00,2.62
2016.07.22 13:05:32.625,1.10152,1.10153,2.62,1.00
2016.07.22 13:05:32.727,1.10151,1.10153,3.75,2.47
2016.07.22 13:05:32.779,1.10151,1.10153,3.75,3.22
2016.07.22 13:05:32.831,1.10151,1.10152,3.37,1.12
2016.07.22 13:05:32.883,1.10151,1.10152,1.50,2.62
2016.07.22 13:05:32.935,1.1015,1.10152,1.50,6.37
2016.07.22 13:05:32.986,1.10149,1.10151,1.87,1.57
2016.07.22 13:05:33.038,1.10149,1.10151,1.12,1.95
2016.07.22 13:05:33.089,1.1015,1.10151,1.00,2.32
2016.07.22 13:05:33.191,1.1015,1.10151,1.00,1.57
2016.07.22 13:05:33.425,1.10149,1.10151,1.87,1.95
2016.07.22 13:05:33.476,1.10149,1.10151,1.50,1.95
2016.07.22 13:05:33.527,1.10149,1.1015,1.50,1.00
2016.07.22 13:05:33.578,1.10149,1.1015,1.00,1.50
2016.07.22 13:05:33.731,1.10149,1.1015,1.00,1.00
2016.07.22 13:05:33.782,1.10149,1.10151,1.00,1.10
2016.07.22 13:05:33.884,1.10149,1.10151,1.00,1.57
2016.07.22 13:05:33.935,1.10149,1.10151,1.50,1.10
2016.07.22 13:05:33.986,1.10149,1.10151,1.50,2.32
2016.07.22 13:05:34.037,1.10149,1.10151,1.87,1.57
2016.07.22 13:05:34.088,1.1015,1.10151,1.00,1.10
2016.07.22 13:05:34.189,1.1015,1.10151,1.00,1.57
2016.07.22 13:05:34.678,1.1015,1.10151,1.00,1.10
2016.07.22 13:05:34.780,1.1015,1.10151,1.50,1.57
2016.07.22 13:05:35.136,1.1015,1.10151,1.12,2.32
2016.07.22 13:05:35.187,1.10149,1.10151,1.00,2.32
2016.07.22 13:05:35.239,1.10149,1.10151,1.00,3.45
2016.07.22 13:05:35.290,1.10149,1.1015,1.00,1.50
2016.07.22 13:05:35.341,1.10148,1.1015,1.00,2.25
2016.07.22 13:05:35.393,1.10149,1.1015,1.00,1.50
2016.07.22 13:05:35.528,1.10149,1.10151,1.00,3.18
2016.07.22 13:05:35.579,1.10148,1.10151,4.87,2.43
2016.07.22 13:05:35.630,1.10148,1.10151,6.37,1.57
2016.07.22 13:05:35.681,1.1015,1.10152,1.00,6.48
2016.07.22 13:05:35.936,1.1015,1.10152,1.00,6.00
2016.07.22 13:05:35.987,1.1015,1.10152,1.00,5.25
2016.07.22 13:05:36.038,1.1015,1.10152,1.00,4.50
2016.07.22 13:05:36.191,1.1015,1.10152,1.00,5.25
2016.07.22 13:05:36.344,1.1015,1.10152,1.00,4.87
2016.07.22 13:05:36.940,1.1015,1.10152,1.00,3.75
2016.07.22 13:05:36.991,1.10151,1.10152,1.00,1.50
2016.07.22 13:05:37.093,1.10151,1.10152,1.00,1.00
2016.07.22 13:05:37.144,1.10151,1.10152,1.00,1.12
2016.07.22 13:05:37.247,1.10151,1.10152,1.00,1.00
2016.07.22 13:05:37.298,1.1015,1.10151,1.12,1.00
2016.07.22 13:05:37.501,1.1015,1.10152,1.50,1.00
2016.07.22 13:05:37.653,1.10151,1.10152,1.00,1.50
2016.07.22 13:05:37.959,1.10151,1.10153,7.87,1.62
2016.07.22 13:05:38.010,1.10152,1.10153,1.87,1.25
2016.07.22 13:05:38.061,1.10153,1.10155,1.00,4.12
2016.07.22 13:05:38.112,1.10153,1.10155,1.00,3.07
2016.07.22 13:05:38.164,1.10153,1.10156,2.06,2.44
2016.07.22 13:05:38.215,1.10154,1.10156,1.00,1.76
2016.07.22 13:05:38.266,1.10155,1.10156,1.12,1.01
2016.07.22 13:05:38.318,1.10155,1.10156,1.12,2.51
2016.07.22 13:05:38.369,1.10154,1.10156,1.00,2.70
2016.07.22 13:05:38.420,1.10154,1.10156,1.00,3.07
2016.07.22 13:05:38.471,1.10154,1.10155,1.00,1.00
2016.07.22 13:05:38.522,1.10154,1.10155,1.00,1.50
2016.07.22 13:05:38.687,1.10154,1.10155,1.00,3.00
2016.07.22 13:05:38.738,1.10153,1.10155,1.00,3.37
2016.07.22 13:05:38.789,1.10153,1.10155,1.00,2.62
2016.07.22 13:05:38.893,1.10153,1.10155,1.00,1.87
2016.07.22 13:05:39.369,1.10153,1.10154,1.00,1.00
2016.07.22 13:05:39.572,1.10153,1.10154,1.00,1.50
2016.07.22 13:05:39.623,1.10153,1.10154,1.00,2.25
2016.07.22 13:05:39.674,1.10152,1.10153,1.50,1.00
2016.07.22 13:05:39.978,1.10153,1.10154,1.00,3.75
2016.07.22 13:05:40.080,1.10152,1.10153,1.50,1.00
2016.07.22 13:05:40.496,1.10153,1.10154,1.00,3.75
2016.07.22 13:05:40.663,1.10152,1.10154,1.50,3.75
2016.07.22 13:05:40.714,1.10152,1.10153,1.50,1.00
2016.07.22 13:05:40.816,1.10152,1.10154,1.50,4.54
2016.07.22 13:05:40.969,1.10152,1.10154,1.50,3.04
2016.07.22 13:05:41.020,1.10152,1.10154,1.50,1.54
2016.07.22 13:05:41.161,1.10152,1.10154,1.50,4.54
2016.07.22 13:05:41.314,1.10152,1.10154,1.50,4.91
2016.07.22 13:05:41.365,1.10152,1.10154,1.50,5.66
2016.07.22 13:05:41.467,1.10152,1.10154,1.12,5.29
2016.07.22 13:05:41.518,1.10152,1.10153,1.00,1.05
2016.07.22 13:05:41.570,1.10152,1.10154,1.00,5.66
2016.07.22 13:05:41.672,1.10152,1.10154,1.00,6.04
2016.07.22 13:05:41.723,1.10152,1.10153,1.00,1.05
2016.07.22 13:05:42.510,1.10152,1.10154,1.00,4.91
2016.07.22 13:05:42.713,1.10152,1.10153,1.00,1.05
2016.07.22 13:05:42.940,1.10152,1.10153,1.00,1.00
2016.07.22 13:05:42.990,1.10152,1.10154,1.00,5.66
2016.07.22 13:05:43.157,1.10152,1.10154,1.00,5.29
2016.07.22 13:05:43.563,1.10152,1.10154,1.00,4.91
2016.07.22 13:05:43.615,1.10153,1.10154,1.00,3.79
2016.07.22 13:05:43.853,1.10153,1.10155,1.00,9.11
2016.07.22 13:05:44.109,1.10153,1.10155,1.00,6.86
2016.07.22 13:05:44.211,1.10153,1.10155,1.00,9.11
2016.07.22 13:05:44.262,1.10153,1.10155,1.00,9.49
2016.07.22 13:05:44.415,1.10153,1.10155,1.00,7.24
2016.07.22 13:05:44.517,1.10153,1.10155,1.00,9.49
2016.07.22 13:05:44.771,1.10152,1.10154,1.12,3.04
2016.07.22 13:05:44.822,1.10152,1.10155,2.25,3.11
2016.07.22 13:05:44.945,1.10152,1.10155,2.06,4.54
2016.07.22 13:05:44.999,1.10152,1.10155,2.06,3.79
2016.07.22 13:05:45.050,1.10152,1.10155,2.44,3.79
2016.07.22 13:05:45.101,1.10152,1.10155,2.44,2.29
2016.07.22 13:05:45.203,1.10152,1.10155,3.19,3.04
2016.07.22 13:05:45.305,1.10152,1.10155,3.19,2.29
2016.07.22 13:05:45.458,1.10154,1.10155,1.00,2.25
2016.07.22 13:05:45.764,1.10152,1.10155,9.00,1.54
2016.07.22 13:05:45.888,1.10152,1.10156,10.50,1.24
2016.07.22 13:05:45.939,1.10153,1.10156,2.25,1.10
2016.07.22 13:05:45.990,1.10154,1.10156,1.00,1.10
2016.07.22 13:05:46.042,1.10154,1.10156,1.00,1.00
2016.07.22 13:05:46.552,1.10155,1.10156,1.00,1.00
2016.07.22 13:05:46.656,1.10155,1.10157,1.00,3.75
2016.07.22 13:05:46.974,1.10154,1.10156,1.00,1.00
2016.07.22 13:05:47.025,1.10153,1.10155,2.70,2.85
2016.07.22 13:05:47.076,1.10153,1.10154,2.32,1.35
2016.07.22 13:05:47.127,1.10153,1.10154,1.12,1.35
2016.07.22 13:05:47.178,1.10153,1.10154,1.00,1.35
2016.07.22 13:05:47.332,1.10153,1.10155,1.00,5.85
2016.07.22 13:05:47.434,1.10153,1.10155,1.00,6.60
2016.07.22 13:05:48.019,1.10153,1.10155,1.00,5.10
2016.07.22 13:05:48.070,1.10153,1.10155,1.00,4.72
2016.07.22 13:05:48.121,1.10153,1.10155,1.00,6.22
2016.07.22 13:05:48.428,1.10153,1.10155,1.00,5.47
2016.07.22 13:05:48.529,1.10153,1.10155,1.00,6.22
2016.07.22 13:05:48.732,1.10153,1.10155,1.00,4.72
2016.07.22 13:05:48.834,1.10153,1.10155,1.00,6.22
2016.07.22 13:05:49.119,1.10153,1.10155,1.00,5.47
2016.07.22 13:05:49.221,1.10153,1.10155,1.00,7.72
2016.07.22 13:05:49.425,1.10153,1.10155,1.00,6.22
2016.07.22 13:05:49.527,1.10153,1.10155,1.00,7.72
2016.07.22 13:05:49.630,1.10153,1.10155,1.00,5.47
2016.07.22 13:05:49.681,1.10153,1.10155,1.00,6.22
2016.07.22 13:05:49.732,1.10153,1.10155,1.50,6.22
2016.07.22 13:05:49.834,1.10153,1.10155,1.50,7.72
2016.07.22 13:05:50.095,1.10153,1.10155,1.50,6.22
2016.07.22 13:05:50.299,1.10153,1.10155,1.50,7.72
2016.07.22 13:05:50.401,1.10153,1.10155,1.50,6.97
2016.07.22 13:05:50.452,1.10153,1.10155,1.50,5.47
2016.07.22 13:05:50.504,1.10153,1.10155,1.50,4.72
2016.07.22 13:05:50.555,1.10153,1.10155,1.50,3.97
2016.07.22 13:05:51.531,1.10153,1.10155,1.00,3.22
2016.07.22 13:05:51.633,1.10153,1.10155,1.50,3.97
2016.07.22 13:05:51.735,1.10153,1.10155,1.00,3.22
2016.07.22 13:05:51.836,1.10153,1.10155,1.50,3.97
2016.07.22 13:05:52.040,1.10153,1.10155,1.00,3.22
2016.07.22 13:05:52.091,1.10153,1.10154,1.00,2.85
2016.07.22 13:05:52.244,1.10153,1.10154,1.00,4.16
2016.07.22 13:05:52.296,1.10152,1.10153,1.12,1.50
2016.07.22 13:05:52.437,1.1015,1.10151,1.50,5.85
2016.07.22 13:05:52.489,1.10149,1.1015,4.95,1.50
2016.07.22 13:05:52.541,1.10148,1.1015,6.07,4.50
2016.07.22 13:05:52.592,1.10148,1.10149,7.57,1.12
2016.07.22 13:05:52.644,1.10148,1.1015,7.50,8.44
2016.07.22 13:05:52.695,1.10148,1.1015,6.75,12.38
2016.07.22 13:05:52.747,1.10148,1.10149,3.37,1.69
2016.07.22 13:05:52.850,1.10148,1.1015,3.75,5.06
2016.07.22 13:05:52.901,1.10148,1.1015,4.12,1.50
2016.07.22 13:05:52.953,1.10148,1.10151,5.25,5.18
2016.07.22 13:05:53.091,1.10149,1.10151,1.00,2.10
2016.07.22 13:05:53.143,1.1015,1.10151,1.00,1.00
2016.07.22 13:05:53.196,1.10151,1.10153,1.00,8.62
2016.07.22 13:05:53.248,1.10151,1.10152,1.00,2.70
2016.07.22 13:05:53.299,1.1015,1.10152,1.00,5.85
2016.07.22 13:05:53.351,1.1015,1.10151,1.00,1.00
2016.07.22 13:05:53.403,1.10149,1.10151,3.26,3.22
2016.07.22 13:05:53.455,1.10149,1.10151,1.95,3.97
2016.07.22 13:05:53.506,1.10149,1.10151,1.50,4.35
2016.07.22 13:05:53.558,1.10149,1.10151,1.50,5.10
2016.07.22 13:05:53.662,1.10149,1.10151,1.00,4.35
2016.07.22 13:05:53.764,1.10149,1.1015,1.00,1.00
2016.07.22 13:05:53.885,1.1015,1.10151,2.25,4.35
2016.07.22 13:05:53.936,1.1015,1.10151,2.25,1.50
2016.07.22 13:05:54.040,1.1015,1.10151,2.25,1.12
2016.07.22 13:05:54.091,1.1015,1.10152,2.25,1.50
2016.07.22 13:05:54.193,1.1015,1.10152,2.25,1.00
2016.07.22 13:05:54.245,1.1015,1.10153,2.25,1.57
2016.07.22 13:05:54.398,1.1015,1.10153,1.50,1.57
2016.07.22 13:05:54.502,1.1015,1.10153,2.25,2.32
2016.07.22 13:05:54.656,1.1015,1.10153,2.25,1.57
2016.07.22 13:05:54.891,1.1015,1.10153,2.25,1.10
2016.07.22 13:05:56.383,1.1015,1.10153,1.00,1.10
2016.07.22 13:05:57.095,1.1015,1.10153,1.12,1.10
2016.07.22 13:05:57.196,1.1015,1.10153,1.00,1.10
2016.07.22 13:05:57.793,1.1015,1.10153,1.00,1.12
2016.07.22 13:05:57.845,1.1015,1.10154,1.00,11.10
2016.07.22 13:05:57.896,1.1015,1.10154,1.00,11.85
2016.07.22 13:05:58.201,1.1015,1.10154,1.00,11.10
2016.07.22 13:05:58.404,1.10152,1.10154,1.00,11.85
2016.07.22 13:05:58.506,1.10152,1.10154,1.00,11.47
2016.07.22 13:05:58.557,1.10152,1.10154,1.00,9.97
2016.07.22 13:05:58.659,1.10152,1.10154,1.00,11.47
2016.07.22 13:05:58.963,1.10152,1.10154,1.00,9.97
2016.07.22 13:05:59.066,1.10152,1.10154,1.00,11.47
2016.07.22 13:05:59.686,1.10151,1.10154,1.00,11.85
2016.07.22 13:05:59.737,1.10151,1.10154,1.00,12.60
2016.07.22 13:05:59.839,1.10151,1.10154,1.00,10.50
2016.07.22 13:06:00.200,1.10151,1.10154,1.00,13.35
2016.07.22 13:06:00.251,1.10151,1.10154,1.00,11.85
2016.07.22 13:06:00.302,1.10151,1.10154,1.00,10.35
2016.07.22 13:06:00.353,1.10151,1.10154,1.00,11.85
2016.07.22 13:06:00.841,1.1015,1.10152,1.00,5.47
2016.07.22 13:06:00.893,1.1015,1.10151,1.00,3.22
2016.07.22 13:06:00.995,1.10149,1.10151,1.00,6.22
2016.07.22 13:06:01.097,1.10148,1.1015,2.32,2.10
2016.07.22 13:06:01.148,1.10148,1.1015,2.51,2.10
2016.07.22 13:06:01.251,1.10148,1.1015,3.00,2.10
2016.07.22 13:06:01.302,1.10148,1.1015,2.25,2.10
2016.07.22 13:06:01.353,1.10148,1.1015,1.50,2.10
2016.07.22 13:06:01.791,1.10148,1.10151,2.25,4.35
2016.07.22 13:06:01.893,1.10148,1.10151,3.75,4.35
2016.07.22 13:06:02.153,1.10148,1.10151,3.00,5.10
2016.07.22 13:06:02.358,1.10148,1.10151,1.00,5.10
2016.07.22 13:06:02.460,1.10148,1.10151,1.50,5.10
2016.07.22 13:06:03.145,1.10148,1.10151,1.50,2.85
2016.07.22 13:06:03.197,1.10149,1.10151,1.00,2.10
2016.07.22 13:06:03.299,1.1015,1.10151,1.00,1.35
2016.07.22 13:06:03.414,1.1015,1.10152,1.00,2.10
2016.07.22 13:06:05.878,1.1015,1.10153,3.00,5.36
2016.07.22 13:06:05.929,1.10151,1.10153,1.00,4.99
2016.07.22 13:06:05.980,1.1015,1.10152,3.56,1.35
2016.07.22 13:06:06.031,1.1015,1.10152,3.19,1.35
2016.07.22 13:06:06.082,1.10151,1.10153,1.00,6.79
2016.07.22 13:06:06.184,1.1015,1.10152,2.25,2.85
2016.07.22 13:06:06.235,1.1015,1.10152,1.69,2.85
2016.07.22 13:06:06.286,1.1015,1.10152,1.50,3.22
2016.07.22 13:06:06.337,1.1015,1.10152,1.00,3.22
2016.07.22 13:06:06.751,1.10149,1.10152,1.01,3.22
2016.07.22 13:06:06.963,1.10149,1.10151,1.01,1.35
2016.07.22 13:06:07.014,1.10149,1.10151,1.01,2.85
2016.07.22 13:06:07.065,1.10148,1.10151,5.62,3.60
2016.07.22 13:06:07.116,1.10148,1.1015,5.25,4.12
2016.07.22 13:06:07.168,1.10147,1.10149,5.25,6.10
2016.07.22 13:06:07.219,1.10146,1.10149,4.31,10.35
2016.07.22 13:06:07.270,1.10146,1.10147,2.62,1.00
2016.07.22 13:06:07.321,1.10145,1.10146,4.12,1.00
2016.07.22 13:06:07.373,1.10145,1.10146,1.12,1.35
2016.07.22 13:06:07.586,1.10145,1.10146,1.12,2.47
2016.07.22 13:06:07.790,1.10143,1.10146,3.19,2.47
2016.07.22 13:06:07.892,1.10144,1.10146,1.00,2.47
2016.07.22 13:06:07.943,1.10144,1.10146,1.00,2.10
2016.07.22 13:06:08.712,1.10145,1.10146,1.12,2.10
2016.07.22 13:06:09.598,1.10144,1.10146,1.12,2.85
2016.07.22 13:06:09.700,1.10145,1.10146,1.12,3.60
2016.07.22 13:06:09.853,1.10145,1.10146,1.12,3.97
2016.07.22 13:06:09.954,1.10145,1.10146,1.12,3.60
2016.07.22 13:06:10.203,1.10144,1.10146,1.00,3.60
2016.07.22 13:06:10.305,1.10144,1.10146,1.00,3.97
2016.07.22 13:06:10.356,1.10144,1.10146,1.00,4.35
2016.07.22 13:06:10.407,1.10144,1.10146,1.00,3.97
2016.07.22 13:06:10.458,1.10144,1.10146,1.00,5.47
2016.07.22 13:06:10.610,1.10144,1.10146,1.00,4.72
2016.07.22 13:06:11.199,1.10144,1.10146,1.00,7.35
2016.07.22 13:06:11.251,1.10143,1.10144,4.50,1.00
2016.07.22 13:06:11.327,1.10142,1.10144,11.51,1.87
2016.07.22 13:06:11.378,1.10142,1.10143,1.57,4.50
2016.07.22 13:06:11.429,1.10142,1.10143,1.57,5.25
2016.07.22 13:06:11.480,1.10141,1.10143,3.00,6.00
2016.07.22 13:06:11.531,1.1014,1.10141,5.70,1.87
2016.07.22 13:06:11.583,1.1014,1.10141,4.12,1.87
2016.07.22 13:06:11.634,1.1014,1.10141,3.37,2.62
2016.07.22 13:06:11.736,1.1014,1.10142,4.37,6.38
2016.07.22 13:06:11.837,1.1014,1.10141,3.37,2.25
2016.07.22 13:06:11.889,1.1014,1.10141,2.25,2.25
2016.07.22 13:06:11.992,1.10139,1.10141,3.75,2.25
2016.07.22 13:06:12.087,1.10139,1.10141,3.00,2.25
2016.07.22 13:06:12.147,1.10138,1.10141,8.51,1.50
2016.07.22 13:06:12.249,1.10139,1.10141,2.25,1.50
2016.07.22 13:06:12.300,1.1014,1.10141,1.12,1.50
2016.07.22 13:06:12.505,1.1014,1.10141,1.87,1.00
2016.07.22 13:06:12.607,1.10141,1.10143,1.00,9.26
2016.07.22 13:06:12.710,1.10141,1.10143,1.00,8.32
2016.07.22 13:06:12.761,1.10141,1.10143,1.00,7.95
2016.07.22 13:06:12.813,1.1014,1.10142,1.12,3.75
2016.07.22 13:06:13.063,1.1014,1.10142,1.12,2.25
2016.07.22 13:06:13.114,1.10139,1.10142,3.75,1.50
2016.07.22 13:06:13.266,1.10139,1.10142,4.12,1.50
2016.07.22 13:06:13.368,1.10139,1.10142,4.31,1.50
2016.07.22 13:06:13.419,1.10139,1.10142,5.62,1.50
2016.07.22 13:06:13.471,1.10139,1.10142,7.69,1.00
2016.07.22 13:06:13.523,1.10141,1.10143,1.00,3.26
2016.07.22 13:06:13.574,1.10141,1.10143,1.00,2.32
2016.07.22 13:06:14.223,1.10141,1.10143,1.00,1.57
2016.07.22 13:06:14.324,1.10142,1.10143,1.12,3.07
2016.07.22 13:06:14.376,1.10142,1.10143,1.12,2.32
2016.07.22 13:06:14.427,1.10145,1.10146,1.00,5.35
2016.07.22 13:06:14.478,1.10145,1.10146,1.00,3.10
2016.07.22 13:06:14.530,1.10145,1.10147,1.00,6.10
2016.07.22 13:06:15.111,1.10144,1.10146,1.00,3.04
2016.07.22 13:06:15.774,1.10144,1.10146,1.00,3.41
2016.07.22 13:06:15.927,1.10144,1.10146,1.00,4.16
2016.07.22 13:06:16.040,1.10144,1.10146,1.50,4.16
2016.07.22 13:06:16.092,1.10144,1.10145,1.50,1.35
2016.07.22 13:06:16.346,1.10144,1.10145,1.00,1.35
2016.07.22 13:06:17.304,1.10144,1.10146,1.00,4.16
2016.07.22 13:06:17.355,1.10144,1.10146,1.00,4.91
2016.07.22 13:06:17.406,1.10144,1.10145,1.00,1.35
2016.07.22 13:06:18.823,1.10143,1.10145,2.44,3.97
2016.07.22 13:06:18.874,1.10143,1.10144,2.44,2.85
2016.07.22 13:06:18.925,1.10142,1.10143,1.01,6.22
2016.07.22 13:06:18.976,1.10141,1.10142,1.24,3.97
2016.07.22 13:06:19.027,1.1014,1.10141,1.50,5.47
2016.07.22 13:06:19.079,1.10139,1.10141,4.57,5.72
2016.07.22 13:06:19.130,1.10139,1.1014,3.82,1.00
2016.07.22 13:06:19.181,1.10139,1.1014,3.75,1.12
2016.07.22 13:06:19.412,1.10139,1.1014,3.00,1.87
2016.07.22 13:06:19.464,1.10139,1.1014,3.00,2.62
2016.07.22 13:06:19.515,1.10139,1.1014,3.00,3.37
2016.07.22 13:06:19.668,1.10138,1.1014,2.12,3.00
2016.07.22 13:06:19.974,1.10138,1.1014,2.12,2.25
2016.07.22 13:06:20.025,1.10138,1.1014,1.12,2.25
2016.07.22 13:06:20.563,1.10138,1.1014,1.12,1.50
2016.07.22 13:06:20.614,1.10138,1.1014,1.12,2.25
2016.07.22 13:06:20.818,1.10138,1.1014,1.12,1.50
2016.07.22 13:06:20.919,1.10138,1.1014,1.12,2.25
2016.07.22 13:06:21.848,1.10138,1.1014,1.12,1.50
2016.07.22 13:06:21.899,1.10138,1.1014,1.12,2.25
2016.07.22 13:06:23.284,1.10138,1.1014,1.12,1.50
2016.07.22 13:06:23.335,1.1014,1.10142,1.00,11.17
2016.07.22 13:06:23.386,1.1014,1.10142,1.00,7.95
2016.07.22 13:06:23.439,1.1014,1.10142,3.00,4.76
2016.07.22 13:06:23.491,1.10141,1.10142,1.50,2.70
2016.07.22 13:06:23.542,1.10142,1.10144,1.00,6.19
2016.07.22 13:06:23.594,1.10142,1.10143,1.00,1.42
2016.07.22 13:06:23.645,1.10142,1.10144,1.00,8.66
2016.07.22 13:06:23.697,1.10142,1.10144,1.00,8.29
2016.07.22 13:06:23.748,1.10142,1.10144,1.00,9.04
2016.07.22 13:06:23.800,1.10141,1.10143,2.25,3.60
2016.07.22 13:06:23.850,1.10141,1.10143,1.50,3.97
2016.07.22 13:06:23.970,1.10141,1.10143,1.00,4.35
2016.07.22 13:06:24.021,1.10141,1.10143,1.00,4.54
2016.07.22 13:06:24.072,1.10141,1.10143,1.00,5.29
2016.07.22 13:06:24.430,1.1014,1.10143,3.00,5.29
2016.07.22 13:06:24.532,1.1014,1.10143,1.50,5.29
2016.07.22 13:06:24.584,1.1014,1.10143,1.00,5.29
2016.07.22 13:06:24.636,1.1014,1.10143,2.25,5.29
2016.07.22 13:06:24.687,1.1014,1.10142,3.00,2.10
2016.07.22 13:06:24.841,1.1014,1.10142,2.25,2.10
2016.07.22 13:06:24.980,1.10139,1.10141,2.89,3.37
2016.07.22 13:06:25.031,1.10138,1.10139,1.50,2.85
2016.07.22 13:06:25.083,1.10137,1.10139,1.76,3.22
2016.07.22 13:06:25.135,1.10137,1.10139,1.57,3.41
2016.07.22 13:06:25.186,1.10137,1.10139,1.50,3.41
2016.07.22 13:06:26.649,1.10137,1.10139,1.00,3.41
2016.07.22 13:06:26.751,1.10137,1.10139,1.50,3.41
2016.07.22 13:06:26.853,1.10137,1.10139,1.00,3.41
2016.07.22 13:06:28.079,1.10137,1.10139,1.00,1.54
2016.07.22 13:06:28.259,1.10137,1.10139,1.19,1.05
2016.07.22 13:06:28.311,1.10137,1.1014,2.06,3.11
2016.07.22 13:06:28.362,1.10138,1.1014,1.25,1.76
2016.07.22 13:06:28.413,1.10139,1.1014,1.00,1.10
2016.07.22 13:06:28.466,1.10139,1.10141,2.25,2.44
2016.07.22 13:06:28.517,1.1014,1.10142,1.00,7.31
2016.07.22 13:06:28.569,1.1014,1.10142,4.87,2.06
2016.07.22 13:06:28.621,1.10141,1.10144,3.00,4.72
2016.07.22 13:06:28.672,1.10141,1.10144,4.12,3.97
2016.07.22 13:06:28.723,1.10141,1.10144,4.46,2.47
2016.07.22 13:06:28.775,1.10141,1.10144,4.91,2.47
2016.07.22 13:06:28.877,1.10141,1.10144,4.54,2.47
2016.07.22 13:06:28.929,1.10141,1.10144,2.89,2.85
2016.07.22 13:06:28.982,1.10141,1.10143,1.19,1.12
2016.07.22 13:06:29.062,1.1014,1.10142,8.89,1.19
2016.07.22 13:06:29.115,1.1014,1.10142,1.00,7.91
2016.07.22 13:06:29.169,1.10139,1.10141,1.10,5.29
2016.07.22 13:06:29.221,1.10139,1.10141,1.10,4.54
2016.07.22 13:06:29.273,1.10139,1.10141,1.00,4.54
2016.07.22 13:06:29.324,1.10139,1.10141,1.00,3.79
2016.07.22 13:06:29.426,1.10139,1.10141,1.00,4.54
2016.07.22 13:06:29.528,1.10139,1.10141,1.00,3.79
2016.07.22 13:06:29.579,1.10139,1.10141,1.00,1.69
2016.07.22 13:06:29.630,1.10139,1.10141,1.00,2.44
2016.07.22 13:06:29.833,1.10139,1.10141,1.00,1.69
2016.07.22 13:06:29.884,1.10139,1.10141,1.00,1.25
2016.07.22 13:06:29.935,1.10139,1.10142,1.00,5.36
2016.07.22 13:06:30.197,1.10139,1.10142,1.00,4.99
2016.07.22 13:06:30.299,1.10139,1.10142,1.00,4.24
2016.07.22 13:06:30.451,1.10139,1.10142,1.25,4.24
2016.07.22 13:06:31.039,1.10139,1.10142,1.00,4.24
2016.07.22 13:06:31.270,1.10139,1.10142,1.00,1.99
2016.07.22 13:06:31.372,1.10139,1.10141,1.00,1.54
2016.07.22 13:06:31.423,1.1014,1.10141,1.00,1.91
2016.07.22 13:06:31.474,1.10139,1.1014,1.50,1.50
2016.07.22 13:06:31.678,1.10139,1.1014,1.50,1.00
2016.07.22 13:06:31.782,1.1014,1.10142,1.00,4.99
2016.07.22 13:06:31.834,1.1014,1.10142,1.00,4.80
2016.07.22 13:06:31.885,1.1014,1.10142,1.00,3.67
2016.07.22 13:06:31.987,1.1014,1.10142,1.00,2.32
2016.07.22 13:06:32.038,1.1014,1.10142,1.00,1.95
2016.07.22 13:06:32.318,1.1014,1.10142,1.00,1.20
2016.07.22 13:06:32.369,1.1014,1.10142,1.00,1.95
2016.07.22 13:06:32.876,1.1014,1.10142,1.00,1.20
2016.07.22 13:06:33.079,1.1014,1.10142,1.00,1.95
2016.07.22 13:06:33.232,1.10141,1.10143,1.00,8.10
2016.07.22 13:06:33.283,1.10141,1.10142,1.00,1.20
2016.07.22 13:06:33.335,1.10141,1.10142,1.00,1.12
2016.07.22 13:06:33.386,1.10141,1.10143,1.00,4.42
2016.07.22 13:06:33.488,1.10141,1.10143,1.00,5.17
2016.07.22 13:06:33.539,1.10141,1.10142,1.00,2.47
2016.07.22 13:06:33.791,1.1014,1.10142,1.00,3.97
2016.07.22 13:06:33.842,1.1014,1.10142,1.00,4.35
2016.07.22 13:06:33.944,1.1014,1.10142,1.00,4.72
2016.07.22 13:06:34.046,1.1014,1.10142,1.00,9.04
2016.07.22 13:06:34.097,1.1014,1.10141,1.00,1.16
2016.07.22 13:06:34.199,1.10139,1.10141,1.00,1.16
2016.07.22 13:06:34.250,1.10139,1.1014,1.00,1.00
2016.07.22 13:06:34.352,1.10138,1.1014,1.87,1.00
2016.07.22 13:06:34.403,1.10138,1.1014,1.50,1.12
2016.07.22 13:06:34.454,1.10138,1.1014,1.50,1.87
2016.07.22 13:06:34.753,1.10138,1.1014,1.50,3.37
2016.07.22 13:06:34.804,1.10138,1.1014,1.50,3.00
2016.07.22 13:06:34.856,1.10138,1.1014,1.69,1.50
2016.07.22 13:06:34.958,1.10138,1.1014,2.06,1.00
2016.07.22 13:06:35.060,1.10138,1.10141,4.87,2.66
2016.07.22 13:06:35.112,1.10139,1.10141,1.00,2.29
2016.07.22 13:06:35.164,1.10139,1.10141,1.50,2.29
2016.07.22 13:06:35.317,1.10139,1.10141,1.50,3.79
2016.07.22 13:06:35.369,1.10138,1.1014,2.25,1.00
2016.07.22 13:06:35.966,1.10138,1.10141,2.25,6.41
2016.07.22 13:06:36.068,1.10138,1.1014,2.44,1.00
2016.07.22 13:06:36.272,1.10138,1.10141,2.44,5.66
2016.07.22 13:06:36.374,1.10138,1.10141,3.19,5.66
2016.07.22 13:06:36.477,1.10138,1.10141,3.19,4.91
2016.07.22 13:06:36.637,1.10139,1.10141,1.00,2.29
2016.07.22 13:06:37.043,1.10139,1.10141,1.00,2.66
2016.07.22 13:06:37.102,1.10139,1.10141,1.00,3.26
2016.07.22 13:06:37.257,1.10139,1.10141,1.00,1.91
2016.07.22 13:06:37.359,1.1014,1.10141,1.00,1.05
2016.07.22 13:06:37.527,1.1014,1.10142,1.00,2.92
2016.07.22 13:06:38.095,1.1014,1.10142,1.00,3.67
2016.07.22 13:06:38.475,1.1014,1.10142,1.00,2.92
2016.07.22 13:06:39.338,1.1014,1.10142,1.00,3.30
2016.07.22 13:06:39.389,1.1014,1.10142,1.00,2.70
2016.07.22 13:06:39.440,1.1014,1.10142,1.00,3.07
2016.07.22 13:06:39.491,1.1014,1.10141,1.00,1.00
2016.07.22 13:06:39.542,1.1014,1.10142,1.00,3.82
2016.07.22 13:06:39.594,1.1014,1.10141,1.00,1.00
2016.07.22 13:06:40.532,1.10139,1.10141,2.25,1.00
2016.07.22 13:06:40.583,1.10139,1.10142,1.50,4.05
2016.07.22 13:06:40.686,1.10139,1.10142,1.69,2.55
2016.07.22 13:06:40.737,1.1014,1.10142,1.00,2.17
2016.07.22 13:06:40.788,1.10141,1.10143,1.00,5.85
2016.07.22 13:06:40.839,1.10141,1.10143,1.00,4.72
2016.07.22 13:06:40.891,1.10141,1.10143,1.12,1.35
2016.07.22 13:06:40.994,1.10142,1.10144,1.00,4.99
2016.07.22 13:06:41.098,1.10142,1.10144,1.00,5.74
2016.07.22 13:06:41.201,1.10142,1.10144,1.00,4.99
2016.07.22 13:06:41.252,1.10142,1.10144,1.00,3.11
2016.07.22 13:06:41.405,1.10142,1.10144,1.00,3.86
2016.07.22 13:06:41.660,1.10142,1.10144,1.00,4.24
2016.07.22 13:06:41.762,1.10142,1.10144,1.00,5.74
2016.07.22 13:06:41.813,1.10142,1.10143,1.00,1.00
2016.07.22 13:06:42.005,1.10142,1.10144,1.00,4.24
2016.07.22 13:06:42.312,1.10142,1.10143,1.00,1.00
2016.07.22 13:06:42.677,1.10142,1.10144,1.00,4.24
2016.07.22 13:06:42.779,1.10142,1.10143,1.00,1.00
2016.07.22 13:06:42.881,1.10142,1.10144,2.12,1.76
2016.07.22 13:06:42.933,1.10143,1.10144,1.00,1.25
2016.07.22 13:06:42.984,1.10143,1.10145,1.00,4.01
2016.07.22 13:06:43.093,1.10143,1.10145,1.00,1.69
2016.07.22 13:06:43.144,1.10144,1.10146,1.00,7.61
2016.07.22 13:06:43.196,1.10143,1.10145,2.62,1.00
2016.07.22 13:06:43.247,1.10144,1.10145,1.00,3.00
2016.07.22 13:06:43.298,1.10143,1.10145,4.87,3.25
2016.07.22 13:06:43.349,1.10143,1.10144,4.57,1.50
2016.07.22 13:06:43.400,1.10143,1.10144,4.57,1.00
2016.07.22 13:06:43.502,1.10143,1.10144,4.76,1.00
2016.07.22 13:06:43.553,1.10143,1.10144,4.76,1.50
2016.07.22 13:06:43.605,1.10143,1.10144,4.57,1.00
2016.07.22 13:06:43.656,1.10145,1.10146,1.00,3.94
2016.07.22 13:06:43.707,1.10145,1.10146,1.00,1.69
2016.07.22 13:06:43.810,1.10144,1.10145,1.50,1.00
2016.07.22 13:06:44.014,1.10144,1.10145,1.50,1.50
2016.07.22 13:06:44.065,1.10144,1.10145,1.50,2.25
2016.07.22 13:06:44.146,1.10144,1.10145,1.50,1.50
2016.07.22 13:06:44.197,1.10144,1.10146,1.00,4.16
2016.07.22 13:06:44.249,1.10144,1.10146,1.00,3.79
2016.07.22 13:06:44.300,1.10143,1.10144,1.57,1.50
2016.07.22 13:06:44.351,1.10141,1.10143,3.94,1.00
2016.07.22 13:06:44.402,1.10143,1.10144,1.20,1.12
2016.07.22 13:06:44.453,1.10141,1.10142,1.57,2.10
2016.07.22 13:06:44.505,1.1014,1.10141,1.87,2.10
2016.07.22 13:06:44.556,1.1014,1.10141,1.12,2.10
2016.07.22 13:06:44.607,1.1014,1.10141,1.12,1.50
2016.07.22 13:06:44.659,1.1014,1.10141,1.00,1.00
2016.07.22 13:06:44.811,1.10141,1.10142,1.00,2.10
2016.07.22 13:06:44.913,1.10141,1.10142,1.00,1.35
2016.07.22 13:06:45.087,1.10141,1.10142,1.00,2.10
2016.07.22 13:06:45.189,1.10141,1.10142,1.00,2.85
2016.07.22 13:06:45.291,1.10141,1.10142,1.00,2.47
2016.07.22 13:06:45.648,1.10141,1.10142,1.00,2.85
2016.07.22 13:06:45.699,1.10141,1.10142,1.00,5.10
2016.07.22 13:06:45.801,1.1014,1.10142,1.00,6.79
2016.07.22 13:06:45.853,1.1014,1.10142,1.00,6.41
2016.07.22 13:06:45.904,1.1014,1.10142,1.00,6.79
2016.07.22 13:06:45.955,1.1014,1.10142,1.00,6.41
2016.07.22 13:06:46.074,1.1014,1.10142,1.00,7.16
2016.07.22 13:06:46.794,1.1014,1.10142,1.00,5.66
2016.07.22 13:06:46.897,1.1014,1.10142,1.00,7.16
2016.07.22 13:06:47.695,1.1014,1.10142,1.00,5.66
2016.07.22 13:06:47.797,1.1014,1.10141,1.00,2.29
2016.07.22 13:06:47.899,1.10139,1.1014,1.12,1.87
2016.07.22 13:06:47.950,1.10139,1.1014,1.00,1.87
2016.07.22 13:06:48.001,1.10139,1.1014,1.00,1.50
2016.07.22 13:06:48.306,1.10139,1.10141,1.00,5.66
2016.07.22 13:06:48.491,1.10139,1.1014,1.00,1.50
2016.07.22 13:06:48.595,1.10139,1.10141,1.00,4.16
2016.07.22 13:06:48.696,1.10139,1.1014,1.00,1.50
2016.07.22 13:06:48.849,1.10139,1.1014,1.00,1.00
2016.07.22 13:06:49.103,1.10139,1.10141,1.00,2.44
2016.07.22 13:06:49.154,1.1014,1.10142,1.00,8.29
2016.07.22 13:06:49.205,1.1014,1.10142,1.00,7.16
2016.07.22 13:06:49.409,1.1014,1.10141,1.00,1.25
2016.07.22 13:06:49.510,1.1014,1.10142,1.00,3.79
2016.07.22 13:06:49.562,1.1014,1.10142,1.50,4.16
2016.07.22 13:06:49.692,1.1014,1.10142,1.12,3.79
2016.07.22 13:06:50.255,1.1014,1.10142,1.12,3.19
2016.07.22 13:06:50.306,1.1014,1.10142,1.31,3.19
2016.07.22 13:06:50.358,1.1014,1.10142,2.25,3.19
2016.07.22 13:06:50.409,1.1014,1.10142,3.19,3.19
2016.07.22 13:06:50.562,1.10141,1.10143,4.87,3.56
2016.07.22 13:06:50.700,1.10143,1.10144,1.00,1.10
2016.07.22 13:06:50.752,1.10143,1.10144,1.25,1.00
2016.07.22 13:06:50.804,1.10144,1.10145,1.00,1.25
2016.07.22 13:06:51.060,1.10144,1.10145,1.00,2.44
2016.07.22 13:06:51.162,1.10144,1.10145,1.00,2.06
2016.07.22 13:06:51.213,1.10143,1.10144,1.12,2.10
2016.07.22 13:06:51.265,1.10142,1.10144,1.12,3.97
2016.07.22 13:06:51.318,1.10142,1.10143,1.12,1.05
2016.07.22 13:06:51.370,1.10141,1.10142,1.31,2.10
2016.07.22 13:06:51.508,1.1014,1.10142,2.25,4.91
2016.07.22 13:06:51.559,1.1014,1.10142,1.00,5.81
2016.07.22 13:06:51.611,1.1014,1.10142,1.12,8.66
2016.07.22 13:06:51.662,1.1014,1.10142,1.12,9.04
2016.07.22 13:06:51.713,1.1014,1.10142,1.12,8.29
2016.07.22 13:06:51.764,1.1014,1.10142,1.12,7.54
2016.07.22 13:06:52.171,1.1014,1.10142,1.00,7.54
2016.07.22 13:06:52.222,1.1014,1.10142,1.00,6.79
2016.07.22 13:06:52.324,1.1014,1.10142,1.00,8.29
2016.07.22 13:06:52.543,1.1014,1.10142,1.00,7.54
2016.07.22 13:06:52.797,1.1014,1.10142,1.00,7.91
2016.07.22 13:06:52.849,1.10137,1.10139,8.44,1.00
2016.07.22 13:06:52.901,1.10137,1.10138,3.19,2.25
2016.07.22 13:06:52.953,1.10137,1.10138,1.87,5.10
2016.07.22 13:06:53.004,1.10135,1.10137,12.75,2.85
2016.07.22 13:06:53.056,1.10135,1.10137,6.82,3.04
2016.07.22 13:06:53.107,1.10135,1.10137,4.95,4.91
2016.07.22 13:06:53.158,1.10135,1.10137,3.75,6.04
2016.07.22 13:06:53.252,1.10135,1.10136,3.00,2.85
2016.07.22 13:06:53.303,1.10135,1.10136,1.00,3.60
2016.07.22 13:06:53.355,1.10135,1.10136,1.00,2.10
2016.07.22 13:06:53.406,1.10134,1.10136,1.50,2.10
2016.07.22 13:06:53.459,1.10134,1.10136,1.50,1.00
2016.07.22 13:06:53.511,1.10134,1.10137,1.87,4.54
2016.07.22 13:06:53.563,1.10135,1.10137,1.00,5.29
2016.07.22 13:06:53.614,1.10135,1.10137,1.00,3.04
2016.07.22 13:06:53.717,1.10135,1.10137,1.00,1.54
2016.07.22 13:06:53.768,1.10136,1.10137,1.00,1.05
2016.07.22 13:06:53.819,1.10136,1.10137,1.00,1.25
2016.07.22 13:06:53.871,1.10135,1.10136,1.50,1.00
2016.07.22 13:06:53.970,1.10135,1.10137,1.00,1.54
2016.07.22 13:06:54.026,1.10135,1.10136,1.00,2.10
2016.07.22 13:06:54.127,1.10135,1.10137,1.00,5.66
2016.07.22 13:06:54.179,1.10135,1.10136,1.00,1.12
2016.07.22 13:06:54.230,1.10134,1.10136,1.00,3.97
2016.07.22 13:06:54.332,1.10134,1.10136,1.00,2.47
2016.07.22 13:06:54.383,1.10135,1.10137,1.00,9.11
2016.07.22 13:06:54.434,1.10135,1.10137,1.00,8.36
2016.07.22 13:06:54.756,1.10135,1.10137,1.00,9.49
2016.07.22 13:06:54.808,1.10135,1.10137,1.00,9.11
2016.07.22 13:06:54.910,1.10134,1.10136,1.00,2.29
2016.07.22 13:06:55.266,1.10134,1.10136,1.00,1.69
2016.07.22 13:06:55.470,1.10134,1.10136,1.00,2.06
2016.07.22 13:06:55.522,1.10134,1.10135,1.00,1.31
2016.07.22 13:06:55.624,1.10133,1.10135,1.00,3.56
2016.07.22 13:06:55.753,1.10133,1.10135,1.00,5.06
2016.07.22 13:06:55.855,1.10133,1.10135,1.00,5.81
2016.07.22 13:06:56.058,1.10134,1.10136,1.00,13.16
2016.07.22 13:06:56.160,1.10134,1.10135,1.00,3.56
2016.07.22 13:06:56.211,1.10134,1.10135,1.00,2.81
2016.07.22 13:06:56.262,1.10134,1.10135,1.00,1.87
2016.07.22 13:06:56.313,1.10134,1.10135,1.00,1.50
2016.07.22 13:06:56.465,1.10134,1.10136,1.00,5.29
2016.07.22 13:06:56.568,1.10134,1.10135,1.00,1.50
2016.07.22 13:06:57.535,1.10134,1.10136,1.00,4.54
2016.07.22 13:06:57.637,1.10134,1.10135,1.00,1.50
2016.07.22 13:06:58.310,1.10134,1.10135,1.00,2.25
2016.07.22 13:06:58.462,1.10134,1.10136,1.00,6.79
2016.07.22 13:06:58.564,1.10134,1.10135,1.00,2.25
2016.07.22 13:06:58.818,1.10134,1.10135,1.00,1.50
2016.07.22 13:06:59.360,1.10133,1.10135,1.00,1.50
2016.07.22 13:07:00.172,1.10133,1.10135,1.00,1.00
2016.07.22 13:07:00.357,1.10133,1.10135,1.00,1.50
2016.07.22 13:07:00.409,1.10133,1.10135,1.00,1.00
2016.07.22 13:07:00.460,1.10134,1.10136,1.00,3.79
2016.07.22 13:07:00.511,1.10134,1.10136,1.00,4.54
2016.07.22 13:07:00.613,1.10134,1.10136,1.00,3.79
2016.07.22 13:07:00.925,1.10135,1.10136,1.00,1.31
2016.07.22 13:07:00.976,1.10135,1.10136,1.00,1.25
2016.07.22 13:07:01.109,1.10135,1.10137,1.00,6.11
2016.07.22 13:07:01.213,1.10135,1.10137,1.00,4.61
2016.07.22 13:07:01.417,1.10135,1.10137,1.00,4.42
2016.07.22 13:07:01.469,1.10135,1.10137,1.00,3.07
2016.07.22 13:07:01.520,1.10135,1.10137,1.00,2.70
2016.07.22 13:07:01.571,1.10136,1.10137,1.00,1.57
2016.07.22 13:07:01.674,1.10136,1.10137,1.00,1.10
2016.07.22 13:07:01.726,1.10136,1.10137,11.10,1.00
2016.07.22 13:07:01.777,1.10137,1.10139,1.87,1.12
2016.07.22 13:07:01.828,1.10139,1.1014,1.00,3.75
2016.07.22 13:07:01.933,1.10139,1.1014,1.00,4.13
2016.07.22 13:07:01.985,1.10138,1.10139,1.00,1.72
2016.07.22 13:07:02.037,1.10137,1.10138,1.69,1.00
2016.07.22 13:07:02.088,1.10137,1.10138,1.00,1.35
2016.07.22 13:07:02.139,1.10137,1.10139,1.00,6.97
2016.07.22 13:07:02.190,1.10137,1.10139,1.00,5.10
2016.07.22 13:07:02.293,1.10137,1.10139,1.00,6.60
2016.07.22 13:07:02.396,1.10137,1.10139,1.00,6.67
2016.07.22 13:07:02.447,1.10137,1.10139,1.00,7.05
2016.07.22 13:07:03.386,1.10137,1.10139,1.00,7.80
2016.07.22 13:07:03.437,1.10135,1.10137,7.87,8.85
2016.07.22 13:07:03.488,1.10133,1.10135,11.06,2.65
2016.07.22 13:07:03.540,1.10132,1.10134,9.37,2.85
2016.07.22 13:07:03.591,1.10132,1.10134,1.50,3.41
2016.07.22 13:07:03.642,1.10132,1.10134,1.50,4.54
2016.07.22 13:07:03.693,1.10132,1.10133,1.00,1.35
2016.07.22 13:07:03.744,1.10132,1.10133,1.00,1.00
2016.07.22 13:07:03.843,1.10132,1.10133,1.00,1.50
2016.07.22 13:07:03.895,1.10132,1.10133,1.12,3.60
2016.07.22 13:07:03.946,1.10132,1.10133,1.12,2.85
2016.07.22 13:07:03.997,1.10131,1.10133,1.00,2.85
2016.07.22 13:07:04.099,1.10131,1.10133,1.50,2.85
2016.07.22 13:07:04.201,1.10132,1.10134,1.00,3.97
2016.07.22 13:07:04.303,1.10132,1.10134,1.00,3.22
2016.07.22 13:07:04.354,1.10132,1.10134,1.00,3.30
2016.07.22 13:07:04.406,1.10131,1.10133,1.50,2.85
2016.07.22 13:07:04.457,1.10132,1.10133,1.00,1.00
2016.07.22 13:07:04.610,1.10132,1.10133,1.00,1.00
2016.07.22 13:07:04.724,1.10133,1.10135,1.00,1.17
2016.07.22 13:07:04.826,1.10133,1.10136,1.00,9.11
2016.07.22 13:07:04.877,1.10134,1.10136,1.00,7.54
2016.07.22 13:07:04.979,1.10133,1.10136,1.12,6.41
2016.07.22 13:07:05.030,1.10133,1.10136,1.50,7.54
2016.07.22 13:07:05.081,1.10133,1.10135,1.12,1.05
2016.07.22 13:07:05.132,1.10133,1.10135,1.00,1.70
2016.07.22 13:07:05.590,1.10133,1.10135,1.00,1.60
2016.07.22 13:07:05.765,1.10132,1.10135,1.87,1.35
2016.07.22 13:07:05.816,1.10134,1.10135,1.12,1.00
2016.07.22 13:07:05.868,1.10135,1.10136,1.50,4.76
2016.07.22 13:07:05.919,1.10136,1.10137,4.50,1.05
2016.07.22 13:07:05.970,1.10136,1.10137,9.37,2.62
2016.07.22 13:07:06.021,1.10136,1.10138,7.72,1.00
2016.07.22 13:07:06.072,1.10136,1.10138,10.72,1.00
2016.07.22 13:07:06.124,1.10139,1.10141,1.00,1.50
2016.07.22 13:07:06.175,1.10139,1.10141,1.37,2.25
2016.07.22 13:07:06.227,1.10139,1.10141,1.50,1.50
2016.07.22 13:07:06.278,1.10139,1.10142,1.87,3.94
2016.07.22 13:07:06.329,1.10139,1.10142,1.87,2.44
2016.07.22 13:07:06.413,1.1014,1.10142,1.00,2.44
2016.07.22 13:07:06.464,1.1014,1.10142,1.12,1.69
2016.07.22 13:07:06.566,1.10141,1.10143,1.00,7.01
2016.07.22 13:07:06.618,1.10141,1.10143,1.00,7.39
2016.07.22 13:07:06.669,1.10141,1.10143,1.00,8.51
2016.07.22 13:07:06.720,1.10141,1.10143,1.00,9.26
2016.07.22 13:07:06.771,1.10141,1.10143,1.00,8.89
2016.07.22 13:07:06.822,1.10141,1.10143,1.00,8.14
2016.07.22 13:07:07.076,1.1014,1.10141,1.12,1.00
2016.07.22 13:07:07.281,1.1014,1.10142,1.00,4.54
2016.07.22 13:07:07.333,1.1014,1.10141,1.00,3.60
2016.07.22 13:07:07.422,1.10139,1.1014,1.00,1.00
2016.07.22 13:07:07.527,1.10138,1.1014,4.20,1.50
2016.07.22 13:07:07.578,1.10138,1.1014,4.12,1.50
2016.07.22 13:07:07.731,1.10138,1.1014,1.00,1.50
2016.07.22 13:07:08.022,1.10138,1.10139,1.00,1.00
2016.07.22 13:07:08.073,1.10138,1.1014,1.00,2.10
2016.07.22 13:07:08.124,1.10138,1.1014,1.00,10.35
2016.07.22 13:07:08.175,1.10137,1.10138,3.07,1.00
2016.07.22 13:07:08.226,1.10137,1.10138,1.00,1.00
2016.07.22 13:07:08.488,1.10137,1.10139,1.00,4.54
2016.07.22 13:07:09.250,1.10137,1.10138,1.00,1.12
2016.07.22 13:07:09.302,1.10136,1.10138,1.00,1.50
2016.07.22 13:07:09.353,1.10135,1.10137,3.82,4.72
2016.07.22 13:07:09.404,1.10135,1.10137,1.00,7.35
2016.07.22 13:07:09.558,1.10135,1.10137,1.00,8.10
2016.07.22 13:07:09.609,1.10135,1.10136,1.00,1.35
2016.07.22 13:07:09.711,1.10135,1.10137,1.00,8.29
2016.07.22 13:07:09.863,1.10135,1.10137,1.00,6.79
2016.07.22 13:07:09.914,1.10135,1.10137,1.00,4.35
2016.07.22 13:07:10.016,1.10135,1.10137,1.00,6.79
2016.07.22 13:07:10.195,1.10135,1.10137,1.00,7.16
2016.07.22 13:07:10.246,1.10135,1.10136,1.50,1.12
2016.07.22 13:07:10.298,1.10135,1.10136,1.00,1.12
2016.07.22 13:07:10.400,1.10135,1.10136,1.00,1.72
2016.07.22 13:07:10.655,1.10135,1.10137,1.00,7.91
2016.07.22 13:07:10.822,1.10135,1.10137,1.00,7.54
2016.07.22 13:07:11.198,1.10135,1.10137,1.00,6.04
2016.07.22 13:07:11.350,1.10135,1.10137,1.00,5.66
2016.07.22 13:07:11.401,1.10135,1.10137,1.00,3.97
2016.07.22 13:07:11.453,1.10135,1.10137,1.00,3.22
2016.07.22 13:07:11.505,1.10135,1.10137,1.00,1.91
2016.07.22 13:07:11.556,1.10135,1.10136,1.50,1.35
2016.07.22 13:07:11.658,1.10135,1.10136,1.00,1.35
2016.07.22 13:07:12.160,1.10135,1.10136,1.00,1.72
2016.07.22 13:07:12.212,1.10134,1.10135,1.50,1.00
2016.07.22 13:07:12.313,1.10134,1.10135,1.00,1.00
2016.07.22 13:07:12.466,1.10134,1.10135,1.00,1.12
2016.07.22 13:07:13.354,1.10134,1.10135,1.00,1.00
2016.07.22 13:07:13.506,1.10134,1.10136,1.00,4.91
2016.07.22 13:07:13.557,1.10134,1.10136,1.00,4.54
2016.07.22 13:07:13.608,1.10134,1.10136,1.00,3.60
2016.07.22 13:07:13.659,1.10134,1.10136,1.00,3.97
2016.07.22 13:07:13.710,1.10134,1.10136,1.00,3.37
2016.07.22 13:07:13.761,1.10134,1.10136,1.00,3.00
2016.07.22 13:07:13.812,1.10134,1.10136,1.00,2.25
2016.07.22 13:07:13.864,1.10135,1.10136,1.00,1.50
2016.07.22 13:07:13.915,1.10135,1.10136,1.50,1.00
2016.07.22 13:07:14.137,1.10135,1.10136,1.00,1.00
2016.07.22 13:07:14.188,1.10135,1.10136,1.00,1.35
2016.07.22 13:07:15.895,1.10134,1.10135,1.00,1.00
2016.07.22 13:07:15.997,1.10134,1.10136,1.00,2.85
2016.07.22 13:07:16.048,1.10134,1.10136,1.00,5.29
2016.07.22 13:07:16.099,1.10134,1.10136,1.00,5.66
2016.07.22 13:07:16.201,1.10134,1.10136,1.00,7.16
2016.07.22 13:07:16.404,1.10134,1.10136,1.00,6.79
2016.07.22 13:07:16.455,1.10134,1.10136,1.00,6.41
2016.07.22 13:07:16.509,1.10134,1.10136,1.00,5.47
2016.07.22 13:07:16.632,1.10134,1.10136,1.00,6.41
2016.07.22 13:07:17.112,1.10134,1.10136,1.00,6.79
2016.07.22 13:07:17.163,1.10134,1.10136,1.00,6.41
2016.07.22 13:07:17.214,1.10134,1.10136,1.00,6.04
2016.07.22 13:07:17.521,1.10134,1.10136,1.00,5.85
2016.07.22 13:07:17.733,1.10134,1.10136,1.00,6.22
2016.07.22 13:07:17.784,1.10134,1.10135,1.00,1.50
2016.07.22 13:07:17.836,1.10134,1.10135,1.00,3.75
2016.07.22 13:07:17.887,1.10133,1.10135,1.69,6.00
2016.07.22 13:07:17.989,1.10133,1.10135,1.69,5.25
2016.07.22 13:07:18.040,1.10133,1.10135,1.69,3.75
2016.07.22 13:07:18.141,1.10133,1.10135,1.69,4.50
2016.07.22 13:07:18.252,1.10133,1.10135,1.69,1.50
2016.07.22 13:07:18.303,1.10134,1.10136,1.00,5.06
2016.07.22 13:07:18.355,1.10135,1.10136,1.00,1.12
2016.07.22 13:07:18.406,1.10135,1.10137,1.00,4.76
2016.07.22 13:07:18.457,1.10135,1.10137,1.00,3.07
2016.07.22 13:07:18.508,1.10135,1.10137,1.00,4.20
2016.07.22 13:07:18.559,1.10135,1.10137,1.00,4.12
2016.07.22 13:07:18.701,1.10135,1.10137,1.00,3.00
2016.07.22 13:07:18.807,1.10135,1.10137,1.00,4.12
2016.07.22 13:07:18.910,1.10135,1.10137,1.00,3.37
2016.07.22 13:07:19.115,1.10135,1.10137,1.00,2.62
2016.07.22 13:07:19.267,1.10135,1.10136,1.00,1.00
2016.07.22 13:07:19.369,1.10135,1.10137,1.00,2.62
2016.07.22 13:07:19.420,1.10135,1.10136,1.00,1.00
2016.07.22 13:07:19.752,1.10135,1.10137,1.00,3.37
2016.07.22 13:07:19.803,1.10135,1.10137,1.00,2.25
2016.07.22 13:07:19.905,1.10135,1.10137,1.00,2.62
2016.07.22 13:07:20.059,1.10135,1.10137,1.00,3.00
2016.07.22 13:07:20.212,1.10135,1.10136,1.00,1.00
2016.07.22 13:07:20.314,1.10135,1.10136,1.00,1.12
2016.07.22 13:07:20.365,1.10134,1.10135,1.00,1.00
2016.07.22 13:07:20.416,1.10134,1.10136,1.00,3.60
2016.07.22 13:07:20.468,1.10134,1.10135,1.00,1.00
2016.07.22 13:07:20.518,1.10134,1.10135,1.00,1.50
2016.07.22 13:07:21.628,1.10134,1.10135,1.00,1.00
2016.07.22 13:07:21.730,1.10134,1.10135,1.00,1.50
2016.07.22 13:07:22.268,1.10134,1.10135,1.00,1.00
2016.07.22 13:07:22.369,1.10134,1.10135,1.00,1.00
2016.07.22 13:07:22.420,1.10133,1.10135,2.62,2.25
2016.07.22 13:07:22.471,1.10132,1.10134,6.45,2.50
2016.07.22 13:07:22.522,1.10132,1.10134,6.07,3.75
2016.07.22 13:07:22.574,1.10132,1.10134,3.45,2.25
2016.07.22 13:07:22.625,1.10133,1.10135,2.87,7.76
2016.07.22 13:07:22.676,1.10134,1.10135,1.00,4.76
2016.07.22 13:07:22.727,1.10134,1.10135,1.00,3.64
2016.07.22 13:07:22.808,1.10133,1.10134,2.62,1.00
2016.07.22 13:07:23.064,1.10133,1.10135,2.62,4.57
2016.07.22 13:07:23.115,1.10133,1.10135,2.62,4.95
2016.07.22 13:07:23.167,1.10133,1.10135,2.62,5.70
2016.07.22 13:07:23.284,1.10132,1.10134,4.87,1.00
2016.07.22 13:07:23.336,1.10132,1.10133,3.37,3.37
2016.07.22 13:07:23.388,1.10132,1.10133,1.50,3.37
2016.07.22 13:07:23.439,1.10132,1.10133,1.00,1.50
2016.07.22 13:07:23.656,1.10132,1.10133,1.00,1.00
2016.07.22 13:07:23.758,1.10133,1.10134,1.00,1.76
2016.07.22 13:07:23.860,1.10132,1.10133,3.75,1.00
2016.07.22 13:07:24.064,1.10133,1.10135,1.00,7.01
2016.07.22 13:07:24.115,1.10133,1.10135,1.00,6.26
2016.07.22 13:07:24.166,1.10133,1.10135,1.00,5.51
2016.07.22 13:07:24.217,1.10133,1.10135,1.00,5.14
2016.07.22 13:07:24.320,1.10133,1.10135,1.00,3.82
2016.07.22 13:07:24.372,1.10133,1.10135,1.00,1.10
2016.07.22 13:07:24.474,1.10133,1.10135,1.00,3.07
2016.07.22 13:07:24.576,1.10133,1.10135,1.00,4.57
2016.07.22 13:07:24.962,1.10133,1.10135,1.00,3.07
2016.07.22 13:07:25.170,1.10133,1.10135,1.00,2.32
2016.07.22 13:07:25.221,1.10133,1.10135,1.00,3.07
2016.07.22 13:07:25.272,1.10133,1.10135,1.00,4.95
2016.07.22 13:07:25.374,1.10133,1.10135,1.00,1.95
2016.07.22 13:07:25.425,1.10133,1.10135,1.00,1.20
2016.07.22 13:07:25.476,1.10134,1.10135,1.00,1.10
2016.07.22 13:07:25.759,1.10134,1.10136,1.00,9.79
2016.07.22 13:07:25.810,1.10134,1.10136,1.00,7.54
2016.07.22 13:07:25.862,1.10133,1.10134,1.00,1.00
2016.07.22 13:07:26.474,1.10133,1.10135,1.00,2.70
2016.07.22 13:07:26.526,1.10134,1.10135,1.00,2.32
2016.07.22 13:07:26.577,1.10134,1.10136,1.00,6.41
2016.07.22 13:07:26.628,1.10134,1.10136,1.00,4.91
2016.07.22 13:07:26.713,1.10134,1.10136,1.00,3.79
2016.07.22 13:07:26.765,1.10134,1.10136,1.00,3.56
2016.07.22 13:07:26.816,1.10134,1.10136,1.00,2.81
2016.07.22 13:07:26.868,1.10134,1.10136,1.00,1.87
2016.07.22 13:07:26.918,1.10134,1.10136,1.00,1.50
2016.07.22 13:07:26.969,1.10134,1.10136,1.00,2.44
2016.07.22 13:07:27.173,1.10134,1.10136,1.00,1.50
2016.07.22 13:07:27.275,1.10134,1.10136,1.00,2.44
2016.07.22 13:07:27.495,1.10134,1.10135,1.00,1.00
2016.07.22 13:07:27.547,1.10133,1.10134,1.00,1.00
2016.07.22 13:07:27.779,1.10134,1.10136,1.00,12.41
2016.07.22 13:07:27.830,1.10134,1.10136,1.00,14.66
2016.07.22 13:07:27.881,1.10133,1.10134,1.00,1.00
2016.07.22 13:07:27.932,1.10133,1.10135,1.00,5.06
2016.07.22 13:07:27.983,1.10133,1.10134,1.00,1.00
2016.07.22 13:07:28.490,1.10133,1.10135,1.00,4.12
2016.07.22 13:07:28.542,1.10133,1.10135,1.00,5.62
2016.07.22 13:07:28.593,1.10133,1.10134,1.00,1.00
2016.07.22 13:07:29.299,1.10133,1.10135,1.00,3.56
2016.07.22 13:07:29.350,1.10133,1.10134,1.00,1.00
2016.07.22 13:07:29.554,1.10133,1.10135,1.00,5.25
2016.07.22 13:07:29.605,1.10133,1.10135,1.00,4.50
2016.07.22 13:07:29.656,1.10133,1.10134,1.00,1.00
2016.07.22 13:07:29.759,1.10133,1.10135,1.00,5.25
2016.07.22 13:07:29.810,1.10133,1.10135,1.00,4.50
2016.07.22 13:07:29.862,1.10133,1.10134,1.00,1.00
2016.07.22 13:07:31.043,1.10133,1.10134,1.00,1.50
2016.07.22 13:07:31.123,1.10132,1.10134,2.70,1.87
2016.07.22 13:07:31.175,1.1013,1.10132,9.00,5.47
2016.07.22 13:07:31.226,1.1013,1.10131,7.12,2.47
2016.07.22 13:07:31.277,1.1013,1.10131,1.00,3.97
2016.07.22 13:07:31.329,1.10129,1.1013,1.50,1.00
2016.07.22 13:07:31.380,1.10129,1.1013,1.00,1.50
2016.07.22 13:07:31.482,1.10128,1.1013,1.00,2.06
2016.07.22 13:07:31.533,1.10128,1.1013,1.00,2.66
2016.07.22 13:07:31.584,1.10128,1.1013,1.00,2.47
2016.07.22 13:07:31.635,1.10128,1.1013,1.00,2.85
2016.07.22 13:07:31.687,1.10128,1.10129,1.00,1.00
2016.07.22 13:07:31.738,1.10128,1.10129,1.00,1.35
2016.07.22 13:07:31.921,1.10128,1.1013,1.00,5.66
2016.07.22 13:07:31.976,1.10128,1.10129,1.00,1.35
2016.07.22 13:07:32.084,1.10128,1.1013,1.00,5.66
2016.07.22 13:07:32.187,1.10128,1.1013,1.00,5.29
2016.07.22 13:07:32.289,1.10128,1.1013,1.00,5.66
2016.07.22 13:07:32.493,1.10128,1.1013,1.00,4.72
2016.07.22 13:07:32.544,1.10128,1.1013,1.00,3.97
2016.07.22 13:07:32.595,1.10128,1.1013,1.00,4.91
2016.07.22 13:07:32.646,1.10128,1.10129,1.00,1.35
2016.07.22 13:07:32.748,1.10125,1.10127,12.52,2.47
2016.07.22 13:07:32.855,1.10125,1.10127,1.12,4.54
2016.07.22 13:07:32.907,1.10124,1.10126,1.20,3.79
2016.07.22 13:07:32.959,1.10124,1.10126,1.12,7.16
2016.07.22 13:07:33.010,1.10123,1.10125,1.87,2.10
2016.07.22 13:07:33.061,1.10123,1.10125,1.50,2.47
2016.07.22 13:07:33.113,1.10123,1.10125,1.00,2.10
2016.07.22 13:07:33.266,1.10124,1.10125,1.00,1.35
2016.07.22 13:07:33.317,1.10123,1.10125,1.00,1.35
2016.07.22 13:07:33.673,1.10123,1.10125,1.00,4.35
2016.07.22 13:07:33.792,1.10123,1.10125,1.00,4.91
2016.07.22 13:07:33.844,1.10123,1.10125,1.00,5.29
2016.07.22 13:07:34.316,1.10123,1.10125,1.00,5.10
2016.07.22 13:07:34.367,1.10123,1.10125,1.00,5.29
2016.07.22 13:07:34.469,1.10123,1.10125,1.00,5.10
2016.07.22 13:07:34.582,1.10122,1.10123,1.50,1.00
2016.07.22 13:07:34.633,1.10122,1.10123,1.00,3.22
2016.07.22 13:07:34.772,1.10119,1.1012,2.89,3.00
2016.07.22 13:07:34.823,1.10117,1.10119,3.94,1.37
2016.07.22 13:07:34.874,1.10117,1.10118,2.81,4.35
2016.07.22 13:07:34.926,1.10117,1.10118,1.00,4.72
2016.07.22 13:07:34.977,1.10115,1.10117,5.81,1.00
2016.07.22 13:07:35.029,1.10117,1.10118,1.50,1.69
2016.07.22 13:07:35.081,1.10119,1.1012,1.00,9.49
2016.07.22 13:07:35.132,1.10119,1.1012,1.00,2.55
2016.07.22 13:07:35.184,1.10121,1.10122,1.00,1.50
2016.07.22 13:07:35.235,1.10121,1.10122,1.00,1.00
2016.07.22 13:07:35.327,1.10122,1.10123,1.00,4.12
2016.07.22 13:07:35.378,1.10121,1.10123,1.00,3.00
2016.07.22 13:07:35.480,1.10122,1.10123,1.00,2.25
2016.07.22 13:07:35.938,1.10122,1.10123,1.12,2.25
2016.07.22 13:07:35.990,1.10122,1.10123,1.50,3.75
2016.07.22 13:07:36.042,1.10122,1.10123,1.12,5.47
2016.07.22 13:07:36.180,1.1012,1.10121,1.20,1.50
2016.07.22 13:07:36.231,1.1012,1.10121,1.10,1.50
2016.07.22 13:07:36.282,1.1012,1.10121,1.00,1.50
2016.07.22 13:07:36.334,1.1012,1.10122,1.00,4.69
2016.07.22 13:07:36.385,1.1012,1.10122,1.00,2.25
2016.07.22 13:07:36.437,1.1012,1.10122,1.00,1.87
2016.07.22 13:07:36.493,1.1012,1.10121,1.00,1.50
2016.07.22 13:07:36.869,1.1012,1.10122,1.00,3.37
2016.07.22 13:07:36.922,1.1012,1.10122,1.00,1.12
2016.07.22 13:07:37.535,1.10121,1.10122,1.00,1.12
2016.07.22 13:07:38.734,1.10121,1.10123,1.00,6.94
2016.07.22 13:07:38.849,1.10121,1.10123,1.00,5.44
2016.07.22 13:07:38.900,1.10121,1.10123,1.50,3.94
2016.07.22 13:07:39.002,1.10121,1.10123,1.00,3.94
2016.07.22 13:07:39.104,1.10121,1.10123,1.00,2.44
2016.07.22 13:07:39.207,1.10121,1.10123,1.00,2.25
2016.07.22 13:07:39.308,1.10121,1.10123,1.00,2.44
2016.07.22 13:07:39.411,1.10121,1.10122,1.00,1.12
2016.07.22 13:07:39.794,1.10121,1.10122,1.00,1.00
2016.07.22 13:07:39.845,1.10121,1.10122,1.00,1.00
2016.07.22 13:07:40.486,1.10121,1.10122,1.00,3.00
2016.07.22 13:07:40.537,1.10119,1.10121,1.67,1.00
2016.07.22 13:07:40.663,1.10119,1.10121,1.57,1.00
2016.07.22 13:07:40.918,1.10119,1.10122,1.57,4.54
2016.07.22 13:07:40.991,1.10119,1.10121,1.57,1.00
2016.07.22 13:07:41.297,1.10119,1.10121,2.32,1.00
2016.07.22 13:07:42.001,1.10119,1.10122,1.57,4.54
2016.07.22 13:07:42.103,1.10119,1.10121,2.32,1.00
2016.07.22 13:07:42.437,1.10119,1.10122,1.57,4.54
2016.07.22 13:07:42.785,1.10119,1.10121,2.32,1.00
2016.07.22 13:07:42.938,1.10119,1.10122,1.57,4.16
2016.07.22 13:07:42.989,1.10119,1.10122,1.95,2.47
2016.07.22 13:07:43.040,1.10119,1.10122,2.70,4.16
2016.07.22 13:07:43.447,1.10119,1.10122,1.95,3.41
2016.07.22 13:07:43.498,1.10119,1.10122,1.20,2.10
2016.07.22 13:07:43.550,1.10119,1.10122,1.10,2.47
2016.07.22 13:07:43.601,1.10119,1.10122,1.10,4.16
2016.07.22 13:07:43.872,1.10119,1.10122,1.10,5.66
2016.07.22 13:07:43.974,1.10119,1.10122,1.10,4.16
2016.07.22 13:07:44.026,1.10119,1.10122,1.10,3.22
2016.07.22 13:07:44.077,1.10119,1.10122,1.10,5.47
2016.07.22 13:07:44.128,1.10119,1.10121,1.10,1.00
2016.07.22 13:07:44.179,1.10119,1.10121,1.00,1.00
2016.07.22 13:07:44.485,1.10119,1.10121,1.00,1.12
2016.07.22 13:07:44.794,1.10119,1.10121,1.00,1.87
2016.07.22 13:07:44.975,1.10119,1.10121,1.00,1.12
2016.07.22 13:07:45.026,1.10119,1.10121,1.00,1.87
2016.07.22 13:07:45.446,1.10119,1.10121,1.00,1.12
2016.07.22 13:07:45.548,1.10119,1.10121,1.00,1.12
2016.07.22 13:07:45.802,1.10119,1.10121,1.00,1.72
2016.07.22 13:07:45.853,1.10118,1.10121,1.10,3.97
2016.07.22 13:07:45.904,1.10118,1.10119,1.10,1.00
2016.07.22 13:07:46.056,1.10118,1.1012,1.00,2.62
2016.07.22 13:07:46.107,1.10119,1.1012,1.00,3.37
2016.07.22 13:07:46.158,1.10119,1.1012,1.00,2.25
2016.07.22 13:07:46.463,1.10119,1.10121,1.00,3.75
2016.07.22 13:07:46.514,1.10119,1.1012,1.00,2.25
2016.07.22 13:07:47.758,1.10119,1.1012,1.00,1.50
2016.07.22 13:07:47.961,1.10119,1.1012,1.00,2.25
2016.07.22 13:07:48.012,1.10119,1.1012,1.00,1.50
2016.07.22 13:07:48.063,1.10119,1.1012,1.00,1.00
2016.07.22 13:07:49.463,1.10119,1.10121,1.00,1.00
2016.07.22 13:07:49.578,1.10119,1.1012,1.00,1.00
2016.07.22 13:07:49.733,1.1012,1.10121,1.00,1.00
2016.07.22 13:07:49.835,1.10119,1.1012,1.00,1.00
2016.07.22 13:07:50.859,1.1012,1.10121,1.00,1.00
2016.07.22 13:07:51.015,1.1012,1.10121,1.00,1.00
2016.07.22 13:07:51.066,1.1012,1.10122,1.00,2.70
2016.07.22 13:07:51.117,1.1012,1.10121,1.00,1.00
2016.07.22 13:07:51.169,1.1012,1.10122,1.00,5.14
2016.07.22 13:07:51.220,1.1012,1.10122,1.00,5.81
2016.07.22 13:07:51.271,1.1012,1.10121,1.00,1.00
2016.07.22 13:07:51.323,1.1012,1.10121,1.12,1.00
2016.07.22 13:07:51.375,1.1012,1.10123,2.62,3.45
2016.07.22 13:07:51.426,1.1012,1.10123,2.25,3.97
2016.07.22 13:07:51.477,1.1012,1.10122,2.25,1.87
2016.07.22 13:07:51.628,1.1012,1.10122,1.00,1.16
2016.07.22 13:07:51.679,1.10121,1.10123,1.00,3.56
2016.07.22 13:07:51.730,1.10122,1.10123,1.87,1.50
2016.07.22 13:07:51.782,1.10123,1.10124,1.00,1.95
2016.07.22 13:07:51.833,1.10123,1.10125,1.87,4.87
2016.07.22 13:07:51.885,1.10123,1.10124,1.12,1.12
2016.07.22 13:07:51.988,1.10123,1.10125,1.00,4.50
2016.07.22 13:07:52.039,1.10122,1.10125,3.37,4.50
2016.07.22 13:07:52.090,1.10122,1.10125,3.75,4.50
2016.07.22 13:07:52.141,1.10123,1.10125,1.00,3.37
2016.07.22 13:07:52.192,1.10123,1.10125,1.87,1.50
2016.07.22 13:07:52.250,1.10124,1.10126,1.00,8.51
2016.07.22 13:07:52.386,1.10124,1.10126,1.00,11.17
2016.07.22 13:07:52.437,1.10123,1.10124,1.00,1.00
2016.07.22 13:07:52.488,1.10123,1.10124,1.00,1.50
2016.07.22 13:07:52.539,1.10123,1.10124,1.00,5.10
2016.07.22 13:07:52.590,1.10121,1.10123,4.01,1.00
2016.07.22 13:07:52.642,1.10121,1.10123,3.94,1.00
2016.07.22 13:07:52.693,1.10121,1.10122,1.25,1.00
2016.07.22 13:07:52.744,1.10122,1.10124,1.00,4.12
2016.07.22 13:07:52.796,1.10122,1.10123,1.00,1.00
2016.07.22 13:07:52.897,1.10122,1.10123,1.12,1.00
2016.07.22 13:07:52.949,1.10122,1.10124,1.00,2.62
2016.07.22 13:07:53.051,1.10122,1.10123,1.87,1.00
2016.07.22 13:07:53.101,1.10123,1.10125,1.00,7.50
2016.07.22 13:07:53.153,1.10123,1.10125,1.00,5.62
2016.07.22 13:07:53.204,1.10123,1.10124,1.00,1.00
2016.07.22 13:07:53.399,1.10123,1.10125,1.00,9.37
2016.07.22 13:07:53.450,1.10123,1.10125,1.00,7.12
2016.07.22 13:07:53.552,1.10123,1.10125,1.00,9.37
2016.07.22 13:07:53.767,1.10123,1.10124,1.00,1.00
2016.07.22 13:07:53.818,1.10122,1.10123,1.00,1.00
2016.07.22 13:07:54.073,1.10122,1.10124,1.50,1.00
2016.07.22 13:07:54.124,1.10123,1.10125,1.00,6.94
2016.07.22 13:07:54.175,1.10123,1.10124,3.75,1.00
2016.07.22 13:07:54.226,1.10124,1.10125,1.00,2.25
2016.07.22 13:07:54.277,1.10124,1.10126,3.00,1.47
2016.07.22 13:07:54.393,1.10124,1.10126,6.75,1.00
2016.07.22 13:07:54.444,1.10126,1.10127,1.00,2.70
2016.07.22 13:07:54.547,1.10126,1.10127,1.00,2.62
2016.07.22 13:07:54.598,1.10126,1.10127,1.00,3.00
2016.07.22 13:07:54.649,1.10126,1.10127,1.00,1.87
2016.07.22 13:07:54.700,1.10126,1.10127,1.00,1.00
2016.07.22 13:07:54.904,1.10126,1.10127,1.50,1.00
2016.07.22 13:07:54.955,1.10126,1.10127,1.87,1.00
2016.07.22 13:07:55.006,1.10126,1.10128,2.25,1.00
2016.07.22 13:07:55.058,1.10128,1.10129,1.00,1.87
2016.07.22 13:07:55.109,1.10128,1.10129,1.00,1.00
2016.07.22 13:07:55.326,1.10127,1.10128,1.00,2.06
2016.07.22 13:07:55.378,1.10127,1.10128,1.00,1.69
2016.07.22 13:07:55.430,1.10127,1.10128,1.00,1.69
2016.07.22 13:07:55.481,1.10127,1.10128,1.00,1.00
2016.07.22 13:07:55.583,1.10126,1.10127,1.00,1.00
2016.07.22 13:07:55.686,1.10126,1.10127,1.00,1.12
2016.07.22 13:07:55.788,1.10125,1.10126,1.10,1.00
2016.07.22 13:07:55.840,1.10125,1.10126,1.00,1.00
2016.07.22 13:07:55.942,1.10126,1.10127,1.00,2.06
2016.07.22 13:07:56.266,1.10126,1.10128,1.00,5.32
2016.07.22 13:07:56.319,1.10126,1.10128,1.00,4.57
2016.07.22 13:07:56.371,1.10126,1.10127,1.00,1.87
2016.07.22 13:07:56.473,1.10126,1.10127,1.00,1.50
2016.07.22 13:07:56.525,1.10125,1.10127,2.62,1.50
2016.07.22 13:07:56.780,1.10125,1.10127,1.87,1.50
2016.07.22 13:07:56.983,1.10125,1.10128,1.87,3.45
2016.07.22 13:07:57.086,1.10125,1.10127,1.87,1.50
2016.07.22 13:07:57.339,1.10125,1.10127,1.00,1.50
2016.07.22 13:07:57.495,1.10125,1.10127,1.00,1.87
2016.07.22 13:07:57.648,1.10125,1.10127,1.00,2.06
2016.07.22 13:07:57.851,1.10125,1.10127,1.00,1.31
2016.07.22 13:07:58.224,1.10124,1.10127,2.62,4.16
2016.07.22 13:07:58.276,1.10123,1.10125,5.70,1.00
2016.07.22 13:07:58.327,1.10122,1.10124,9.00,4.12
2016.07.22 13:07:58.378,1.10121,1.10122,6.82,1.00
2016.07.22 13:07:58.514,1.10121,1.10123,1.65,1.50
2016.07.22 13:07:58.565,1.10123,1.10124,1.00,3.37
2016.07.22 13:07:58.616,1.10123,1.10124,1.00,1.00
2016.07.22 13:07:58.667,1.10123,1.10124,1.50,1.00
2016.07.22 13:07:58.769,1.10123,1.10124,2.25,1.00
2016.07.22 13:07:59.075,1.10123,1.10124,1.50,1.00
2016.07.22 13:07:59.427,1.10123,1.10124,1.00,1.00
2016.07.22 13:07:59.529,1.10123,1.10125,1.00,2.62
2016.07.22 13:07:59.580,1.10123,1.10125,1.00,3.37
2016.07.22 13:07:59.682,1.10123,1.10125,1.00,2.62
2016.07.22 13:07:59.733,1.10123,1.10124,1.00,1.00
2016.07.22 13:07:59.836,1.10123,1.10125,1.00,2.25
2016.07.22 13:08:00.300,1.10123,1.10125,1.00,3.00
2016.07.22 13:08:00.724,1.10123,1.10124,1.50,1.00
2016.07.22 13:08:01.121,1.10123,1.10124,1.00,1.50
2016.07.22 13:08:01.494,1.10122,1.10124,2.69,1.50
2016.07.22 13:08:01.598,1.10121,1.10124,9.58,1.50
2016.07.22 13:08:01.699,1.10122,1.10124,1.19,1.50
2016.07.22 13:08:03.401,1.10121,1.10124,4.26,1.50
2016.07.22 13:08:03.502,1.10121,1.10124,3.73,1.50
2016.07.22 13:08:03.553,1.10121,1.10124,13.48,1.50
2016.07.22 13:08:03.604,1.10121,1.10124,14.23,1.50
2016.07.22 13:08:03.706,1.10121,1.10124,13.11,3.00
2016.07.22 13:08:03.808,1.10121,1.10124,13.11,3.75
2016.07.22 13:08:03.859,1.10122,1.10124,1.10,3.75
2016.07.22 13:08:03.961,1.10121,1.10124,12.44,3.75
2016.07.22 13:08:04.013,1.10121,1.10124,13.86,3.75
2016.07.22 13:08:04.115,1.10121,1.10124,13.49,3.75
2016.07.22 13:08:04.166,1.10122,1.10124,1.47,3.75
2016.07.22 13:08:04.217,1.10122,1.10124,4.19,3.75
2016.07.22 13:08:04.324,1.10122,1.10124,1.57,3.00
2016.07.22 13:08:04.379,1.10122,1.10124,1.20,3.00
2016.07.22 13:08:04.430,1.10121,1.10124,15.07,2.25
2016.07.22 13:08:04.481,1.10121,1.10124,15.07,1.50
2016.07.22 13:08:04.901,1.10122,1.10124,1.87,1.50
2016.07.22 13:08:05.053,1.10122,1.10124,2.24,1.50
2016.07.22 13:08:05.155,1.10122,1.10124,1.87,1.50
2016.07.22 13:08:05.307,1.10122,1.10124,2.25,1.50
2016.07.22 13:08:05.503,1.10122,1.10124,2.62,1.50
2016.07.22 13:08:05.605,1.10122,1.10124,2.25,1.50
2016.07.22 13:08:05.757,1.10122,1.10124,3.75,1.50
2016.07.22 13:08:05.808,1.10123,1.10124,1.00,1.50
2016.07.22 13:08:05.911,1.10122,1.10124,4.87,1.12
2016.07.22 13:08:05.962,1.10122,1.10125,5.25,3.75
2016.07.22 13:08:06.013,1.10122,1.10125,5.25,4.12
2016.07.22 13:08:06.063,1.10122,1.10125,4.95,5.25
2016.07.22 13:08:06.302,1.10122,1.10125,8.51,3.37
2016.07.22 13:08:06.354,1.10123,1.10125,3.00,1.50
2016.07.22 13:08:06.405,1.10123,1.10126,3.07,2.44
2016.07.22 13:08:06.508,1.10123,1.10126,2.70,2.44
2016.07.22 13:08:06.559,1.10123,1.10126,2.70,2.25
2016.07.22 13:08:06.762,1.10123,1.10126,2.70,1.50
2016.07.22 13:08:06.813,1.10123,1.10126,2.70,1.00
2016.07.22 13:08:06.915,1.10123,1.10127,2.70,3.75
2016.07.22 13:08:07.017,1.10123,1.10126,2.70,1.00
2016.07.22 13:08:07.118,1.10123,1.10126,3.07,1.00
2016.07.22 13:08:07.517,1.10123,1.10126,2.32,1.00
2016.07.22 13:08:07.568,1.10123,1.10126,2.32,1.35
2016.07.22 13:08:07.822,1.10123,1.10126,1.95,1.35
2016.07.22 13:08:08.229,1.10123,1.10126,2.32,1.00
2016.07.22 13:08:08.394,1.10125,1.10127,1.87,3.37
2016.07.22 13:08:08.445,1.10125,1.10127,1.13,3.25
2016.07.22 13:08:08.496,1.10125,1.10127,1.13,2.12
2016.07.22 13:08:08.548,1.10125,1.10127,3.37,1.00
2016.07.22 13:08:08.599,1.10125,1.10127,4.50,1.12
2016.07.22 13:08:08.650,1.10126,1.10128,1.00,4.12
2016.07.22 13:08:08.701,1.10127,1.10128,1.00,1.87
2016.07.22 13:08:08.752,1.10127,1.10128,1.00,1.00
2016.07.22 13:08:08.854,1.10127,1.10128,1.12,1.50
2016.07.22 13:08:08.906,1.10127,1.10128,1.12,1.00
2016.07.22 13:08:09.117,1.10127,1.10128,1.12,2.25
2016.07.22 13:08:09.249,1.10126,1.10128,3.00,2.50
2016.07.22 13:08:09.720,1.10126,1.10128,3.00,1.00
2016.07.22 13:08:09.772,1.10127,1.10128,1.12,1.00
2016.07.22 13:08:09.823,1.10127,1.10128,1.12,2.25
2016.07.22 13:08:09.875,1.10127,1.10129,1.37,2.62
2016.07.22 13:08:09.926,1.10128,1.10129,1.12,1.00
2016.07.22 13:08:09.978,1.10127,1.10129,2.47,1.50
2016.07.22 13:08:10.070,1.10128,1.10129,5.25,1.00
2016.07.22 13:08:10.121,1.10133,1.10135,1.00,17.44
2016.07.22 13:08:10.172,1.10133,1.10134,1.50,3.37
2016.07.22 13:08:10.223,1.10133,1.10135,2.50,9.07
2016.07.22 13:08:10.275,1.10134,1.10135,1.12,8.25
2016.07.22 13:08:10.326,1.10134,1.10135,3.37,1.87
2016.07.22 13:08:10.378,1.10138,1.10139,1.00,15.60
2016.07.22 13:08:10.429,1.1014,1.10141,1.00,12.60
2016.07.22 13:08:10.481,1.10137,1.10139,4.88,2.85
2016.07.22 13:08:10.532,1.10138,1.10139,7.13,2.47
2016.07.22 13:08:10.584,1.10139,1.10141,18.94,2.85
2016.07.22 13:08:10.666,1.10139,1.10141,18.56,3.60
2016.07.22 13:08:10.719,1.10139,1.1014,4.13,1.00
2016.07.22 13:08:10.772,1.10139,1.1014,1.00,1.50
2016.07.22 13:08:10.823,1.10139,1.1014,1.50,1.00
2016.07.22 13:08:10.874,1.10139,1.1014,1.00,1.00
2016.07.22 13:08:10.976,1.10139,1.1014,1.00,1.50
2016.07.22 13:08:11.078,1.10139,1.1014,1.00,1.00
2016.07.22 13:08:11.129,1.10139,1.10141,1.12,3.62
2016.07.22 13:08:11.179,1.10139,1.10141,5.25,3.62
2016.07.22 13:08:11.231,1.10139,1.10141,4.87,2.12
2016.07.22 13:08:11.281,1.10139,1.1014,1.00,1.00
2016.07.22 13:08:11.332,1.10139,1.1014,1.00,1.50
2016.07.22 13:08:11.505,1.10139,1.1014,1.00,2.25
2016.07.22 13:08:11.607,1.10138,1.1014,2.25,1.50
2016.07.22 13:08:11.709,1.10138,1.10141,2.25,2.62
2016.07.22 13:08:11.760,1.10138,1.10141,3.00,3.37
2016.07.22 13:08:12.224,1.10138,1.10141,2.25,1.87
2016.07.22 13:08:12.326,1.10138,1.10141,3.00,3.37
2016.07.22 13:08:12.563,1.10138,1.10141,2.25,1.87
2016.07.22 13:08:12.614,1.10138,1.10141,3.00,3.37
2016.07.22 13:08:12.665,1.10138,1.10141,2.25,3.37
2016.07.22 13:08:12.716,1.10138,1.1014,2.25,3.00
2016.07.22 13:08:12.767,1.10138,1.10139,1.12,1.00
2016.07.22 13:08:12.818,1.10137,1.10138,2.32,1.00
2016.07.22 13:08:12.869,1.10136,1.10138,1.87,1.50
2016.07.22 13:08:12.920,1.10135,1.10138,4.57,2.25
2016.07.22 13:08:12.971,1.10135,1.10137,1.57,1.00
2016.07.22 13:08:13.022,1.10135,1.10137,1.10,2.62
2016.07.22 13:08:13.073,1.10134,1.10137,4.31,1.87
2016.07.22 13:08:13.125,1.10134,1.10137,2.62,2.62
2016.07.22 13:08:13.176,1.10134,1.10137,2.62,3.37
2016.07.22 13:08:13.228,1.10135,1.10137,1.00,2.62
2016.07.22 13:08:13.329,1.10134,1.10137,4.12,1.12
2016.07.22 13:08:13.380,1.10134,1.10137,4.12,1.87
2016.07.22 13:08:13.475,1.10134,1.10137,4.12,1.50
2016.07.22 13:08:13.527,1.10134,1.10137,4.87,3.00
2016.07.22 13:08:13.630,1.10134,1.10137,4.50,3.00
2016.07.22 13:08:13.834,1.10134,1.10137,3.75,1.50
2016.07.22 13:08:13.885,1.10134,1.10138,3.00,5.62
2016.07.22 13:08:13.936,1.10134,1.10137,3.75,1.50
2016.07.22 13:08:13.987,1.10134,1.10137,4.50,3.00
2016.07.22 13:08:14.088,1.10134,1.10137,4.50,2.25
2016.07.22 13:08:14.140,1.10134,1.10137,4.50,3.00
2016.07.22 13:08:14.241,1.10134,1.10137,4.50,2.25
2016.07.22 13:08:14.343,1.10134,1.10137,4.50,3.00
2016.07.22 13:08:14.445,1.10134,1.10137,4.50,2.25
2016.07.22 13:08:14.548,1.10134,1.10137,4.50,3.00
2016.07.22 13:08:14.628,1.10134,1.10137,3.00,3.00
2016.07.22 13:08:14.679,1.10134,1.10137,2.25,3.75
2016.07.22 13:08:14.731,1.10134,1.10137,2.25,4.87
2016.07.22 13:08:14.784,1.10134,1.10137,1.50,5.06
2016.07.22 13:08:14.836,1.10134,1.10136,1.50,1.00
2016.07.22 13:08:14.887,1.10133,1.10136,5.32,1.50
2016.07.22 13:08:14.938,1.10133,1.10136,5.51,1.50
2016.07.22 13:08:14.990,1.10133,1.10136,5.89,1.50
2016.07.22 13:08:15.143,1.10133,1.10136,5.51,1.50
2016.07.22 13:08:15.453,1.10133,1.10136,4.57,1.50
2016.07.22 13:08:15.504,1.10133,1.10136,5.51,1.50
2016.07.22 13:08:15.937,1.10134,1.10136,1.00,1.50
2016.07.22 13:08:15.988,1.10133,1.10136,2.89,1.87
2016.07.22 13:08:16.039,1.10133,1.10136,2.32,3.00
2016.07.22 13:08:16.090,1.10133,1.10136,2.32,3.75
2016.07.22 13:08:16.293,1.10134,1.10136,1.00,3.75
2016.07.22 13:08:16.395,1.10133,1.10136,3.82,3.00
2016.07.22 13:08:16.513,1.10135,1.10136,1.00,1.12
2016.07.22 13:08:16.573,1.10135,1.10137,1.00,2.81
2016.07.22 13:08:16.727,1.10133,1.10137,4.20,2.81
2016.07.22 13:08:16.778,1.10133,1.10137,6.07,3.56
2016.07.22 13:08:16.829,1.10134,1.10137,1.00,3.56
2016.07.22 13:08:16.931,1.10134,1.10137,1.00,3.94
2016.07.22 13:08:17.032,1.10134,1.10137,1.00,4.69
2016.07.22 13:08:17.388,1.10134,1.10137,1.00,5.44
2016.07.22 13:08:18.465,1.10134,1.10137,1.00,4.69
2016.07.22 13:08:18.516,1.10133,1.10137,4.95,3.94
2016.07.22 13:08:18.640,1.10134,1.10137,1.00,4.69
2016.07.22 13:08:19.443,1.10134,1.10136,1.00,1.12
2016.07.22 13:08:19.494,1.10134,1.10135,1.00,1.00
2016.07.22 13:08:19.545,1.10133,1.10135,1.57,1.00
2016.07.22 13:08:19.596,1.10133,1.10135,1.10,1.69
2016.07.22 13:08:19.647,1.10133,1.10134,1.01,1.25
2016.07.22 13:08:19.698,1.10133,1.10134,1.25,1.25
2016.07.22 13:08:19.749,1.10133,1.10134,1.00,1.25
2016.07.22 13:08:20.397,1.10132,1.10134,3.64,1.25
2016.07.22 13:08:20.449,1.10132,1.10134,1.57,1.25
2016.07.22 13:08:20.499,1.10132,1.10134,1.10,1.25
2016.07.22 13:08:20.805,1.10132,1.10134,1.00,1.31
2016.07.22 13:08:20.857,1.10132,1.10134,1.00,1.69
2016.07.22 13:08:20.908,1.10132,1.10134,1.12,1.69
2016.07.22 13:08:20.959,1.10132,1.10134,1.00,1.31
2016.07.22 13:08:21.063,1.10131,1.10134,13.31,1.31
2016.07.22 13:08:21.114,1.10131,1.10134,12.94,1.31
2016.07.22 13:08:21.368,1.10131,1.10134,11.44,1.31
2016.07.22 13:08:21.419,1.10131,1.10134,10.69,1.31
2016.07.22 13:08:21.470,1.10131,1.10134,10.69,2.66
2016.07.22 13:08:21.521,1.1013,1.10132,17.14,1.72
2016.07.22 13:08:21.572,1.1013,1.10131,11.51,3.22
2016.07.22 13:08:21.623,1.1013,1.10131,3.82,6.00
2016.07.22 13:08:21.674,1.10129,1.1013,1.00,1.00
2016.07.22 13:08:21.725,1.10129,1.1013,1.00,1.25
2016.07.22 13:08:21.776,1.10128,1.10131,1.50,4.69
2016.07.22 13:08:21.911,1.10128,1.10131,1.50,2.44
2016.07.22 13:08:21.962,1.10128,1.10131,1.50,1.50
2016.07.22 13:08:22.064,1.10128,1.10131,1.50,1.00
2016.07.22 13:08:22.166,1.10128,1.10131,1.50,1.50
2016.07.22 13:08:22.218,1.10128,1.10131,1.87,1.50
2016.07.22 13:08:22.320,1.10128,1.10131,2.06,1.50
2016.07.22 13:08:22.371,1.10128,1.10131,3.56,1.50
2016.07.22 13:08:22.422,1.10128,1.10131,3.19,4.87
2016.07.22 13:08:22.473,1.10128,1.10131,1.69,5.62
2016.07.22 13:08:22.524,1.10128,1.10131,1.50,6.37
2016.07.22 13:08:23.036,1.10128,1.10131,1.50,6.75
2016.07.22 13:08:23.250,1.10128,1.10131,1.50,7.12
2016.07.22 13:08:23.353,1.10128,1.10131,1.50,8.62
2016.07.22 13:08:23.505,1.10128,1.10131,1.50,9.22
2016.07.22 13:08:23.556,1.10128,1.10131,1.50,9.60
2016.07.22 13:08:23.658,1.10128,1.10131,1.50,9.22
2016.07.22 13:08:23.760,1.10128,1.10131,1.50,5.85
2016.07.22 13:08:23.811,1.10128,1.10131,1.50,6.60
2016.07.22 13:08:23.862,1.10128,1.10131,1.50,8.10
2016.07.22 13:08:24.015,1.10128,1.10131,1.50,7.72
2016.07.22 13:08:24.640,1.10128,1.1013,1.50,1.50
2016.07.22 13:08:24.691,1.10128,1.1013,1.50,2.25
2016.07.22 13:08:24.742,1.10128,1.1013,1.12,4.50
2016.07.22 13:08:24.793,1.10128,1.10129,1.00,1.00
2016.07.22 13:08:24.895,1.10127,1.10128,2.70,1.00
2016.07.22 13:08:24.946,1.10127,1.10128,2.32,1.00
2016.07.22 13:08:24.999,1.10127,1.10128,1.00,1.00
2016.07.22 13:08:25.050,1.10127,1.10128,1.00,1.50
2016.07.22 13:08:25.101,1.10127,1.10128,1.00,3.37
2016.07.22 13:08:25.236,1.10125,1.10126,1.00,7.12
2016.07.22 13:08:25.288,1.10124,1.10125,1.00,2.25
2016.07.22 13:08:25.339,1.10124,1.10125,1.00,3.00
2016.07.22 13:08:25.441,1.10122,1.10125,2.32,3.00
2016.07.22 13:08:25.493,1.10122,1.10125,2.14,3.00
2016.07.22 13:08:25.646,1.10122,1.10125,2.14,2.25
2016.07.22 13:08:25.697,1.10122,1.10125,2.14,1.50
2016.07.22 13:08:25.748,1.10122,1.10125,2.14,1.87
2016.07.22 13:08:25.850,1.10122,1.10125,2.14,1.12
2016.07.22 13:08:25.902,1.10122,1.10125,1.39,1.12
2016.07.22 13:08:25.953,1.10122,1.10125,1.39,1.87
2016.07.22 13:08:26.004,1.10122,1.10125,1.31,1.87
2016.07.22 13:08:26.055,1.10122,1.10125,1.31,2.62
2016.07.22 13:08:26.157,1.10122,1.10125,1.12,2.62
2016.07.22 13:08:26.276,1.10122,1.10125,1.12,3.00
2016.07.22 13:08:26.328,1.10122,1.10125,1.12,3.60
2016.07.22 13:08:26.379,1.10122,1.10124,1.12,1.00
2016.07.22 13:08:26.480,1.10121,1.10125,10.20,4.72
2016.07.22 13:08:26.531,1.10122,1.10124,1.12,1.00
2016.07.22 13:08:26.633,1.10122,1.10125,1.12,4.72
2016.07.22 13:08:27.063,1.10122,1.10125,1.31,3.97
2016.07.22 13:08:27.266,1.10121,1.10125,11.14,3.22
2016.07.22 13:08:27.431,1.10122,1.10125,1.31,3.97
2016.07.22 13:08:27.482,1.10121,1.10125,11.14,3.22
2016.07.22 13:08:27.533,1.10121,1.10125,11.14,2.62
2016.07.22 13:08:27.584,1.10122,1.10125,1.31,3.37
2016.07.22 13:08:27.737,1.10121,1.10125,11.14,2.62
2016.07.22 13:08:27.859,1.10122,1.10125,1.31,3.37
2016.07.22 13:08:27.963,1.10122,1.10125,1.31,3.00
2016.07.22 13:08:28.065,1.10121,1.10125,10.76,2.25
2016.07.22 13:08:28.167,1.10122,1.10125,1.31,3.00
2016.07.22 13:08:28.736,1.10121,1.10125,10.76,2.25
2016.07.22 13:08:28.945,1.10122,1.10125,1.31,3.00
2016.07.22 13:08:29.025,1.10122,1.10125,1.31,3.75
2016.07.22 13:08:29.076,1.10122,1.10124,1.12,1.00
2016.07.22 13:08:29.839,1.10122,1.10125,1.31,3.00
2016.07.22 13:08:29.941,1.10122,1.10125,1.31,3.75
2016.07.22 13:08:30.043,1.10121,1.10125,11.51,2.25
2016.07.22 13:08:30.182,1.10122,1.10125,1.31,3.75
2016.07.22 13:08:30.234,1.10122,1.10125,1.31,3.00
2016.07.22 13:08:30.336,1.10122,1.10125,1.31,3.75
2016.07.22 13:08:31.379,1.10122,1.10125,1.12,3.75
2016.07.22 13:08:31.634,1.10122,1.10125,1.12,5.62
2016.07.22 13:08:31.685,1.10122,1.10125,1.12,6.75
2016.07.22 13:08:31.736,1.10122,1.10125,1.50,5.62
2016.07.22 13:08:31.787,1.10122,1.10125,1.87,3.75
2016.07.22 13:08:31.838,1.10122,1.10125,2.25,2.25
2016.07.22 13:08:31.889,1.10122,1.10125,2.06,3.00
2016.07.22 13:08:31.940,1.10122,1.10125,1.69,3.00
2016.07.22 13:08:32.144,1.10122,1.10125,1.69,2.25
2016.07.22 13:08:32.330,1.10122,1.10125,1.69,1.50
2016.07.22 13:08:33.175,1.10122,1.10125,1.00,1.00
2016.07.22 13:08:33.279,1.10122,1.10125,1.69,1.50
2016.07.22 13:08:34.191,1.10122,1.10125,1.00,1.00
2016.07.22 13:08:34.293,1.10122,1.10125,2.44,1.50
2016.07.22 13:08:35.492,1.10122,1.10125,1.50,1.00
2016.07.22 13:08:35.594,1.10122,1.10125,2.44,1.50
2016.07.22 13:08:35.999,1.10122,1.10125,1.50,1.00
2016.07.22 13:08:36.050,1.10122,1.10125,1.12,1.00
2016.07.22 13:08:36.101,1.10122,1.10125,2.06,1.50
2016.07.22 13:08:36.468,1.10122,1.10125,3.56,1.50
2016.07.22 13:08:38.002,1.10122,1.10125,2.62,1.00
2016.07.22 13:08:38.103,1.10122,1.10125,3.56,1.50
2016.07.22 13:08:38.459,1.10122,1.10125,3.56,1.87
2016.07.22 13:08:39.045,1.10122,1.10125,3.56,1.50
2016.07.22 13:08:39.096,1.10122,1.10125,3.94,1.50
2016.07.22 13:08:39.249,1.10122,1.10125,3.19,1.50
2016.07.22 13:08:39.401,1.10122,1.10125,3.00,3.00
2016.07.22 13:08:39.655,1.10122,1.10125,3.00,2.25
2016.07.22 13:08:39.706,1.10122,1.10125,2.25,1.50
2016.07.22 13:08:40.121,1.10122,1.10125,2.25,2.25
2016.07.22 13:08:40.172,1.10122,1.10125,2.62,2.62
2016.07.22 13:08:40.559,1.10122,1.10125,2.62,2.25
2016.07.22 13:08:40.610,1.10122,1.10125,1.12,2.25
2016.07.22 13:08:40.712,1.10122,1.10125,1.12,2.62
2016.07.22 13:08:40.763,1.10122,1.10125,1.50,2.62
2016.07.22 13:08:40.865,1.10122,1.10125,1.50,2.25
2016.07.22 13:08:41.069,1.10122,1.10125,1.12,2.25
2016.07.22 13:08:41.208,1.10122,1.10125,1.12,3.00
2016.07.22 13:08:41.362,1.10122,1.10125,1.12,3.37
2016.07.22 13:08:41.515,1.10121,1.10125,9.68,3.37
2016.07.22 13:08:41.567,1.10121,1.10125,9.53,3.37
2016.07.22 13:08:41.618,1.1012,1.10122,15.45,1.00
2016.07.22 13:08:41.670,1.10121,1.10122,5.78,2.25
2016.07.22 13:08:41.721,1.10121,1.10122,3.08,6.00
2016.07.22 13:08:41.773,1.1012,1.10121,1.57,1.12
2016.07.22 13:08:41.824,1.10119,1.10121,1.47,1.12
2016.07.22 13:08:41.875,1.10119,1.10121,1.10,1.12
2016.07.22 13:08:41.926,1.10118,1.10121,3.00,1.12
2016.07.22 13:08:41.978,1.10118,1.10121,2.62,1.87
2016.07.22 13:08:42.107,1.10118,1.10121,1.95,1.87
2016.07.22 13:08:42.159,1.10118,1.10121,1.95,2.62
2016.07.22 13:08:42.211,1.10118,1.10121,1.95,3.19
2016.07.22 13:08:42.262,1.10118,1.10121,1.87,3.64
2016.07.22 13:08:42.365,1.10118,1.10121,1.12,3.64
2016.07.22 13:08:42.416,1.10118,1.10121,1.12,3.26
2016.07.22 13:08:42.468,1.10118,1.10121,1.12,2.89
2016.07.22 13:08:42.728,1.10118,1.10121,1.12,1.95
2016.07.22 13:08:42.779,1.10118,1.10121,1.12,3.64
2016.07.22 13:08:43.007,1.10118,1.10121,1.12,1.95
2016.07.22 13:08:43.146,1.10118,1.10121,1.12,3.64
2016.07.22 13:08:43.248,1.10118,1.10121,1.12,3.26
2016.07.22 13:08:43.299,1.10118,1.1012,1.00,1.12
2016.07.22 13:08:43.401,1.10117,1.1012,4.50,1.50
2016.07.22 13:08:43.635,1.10117,1.1012,4.50,2.25
2016.07.22 13:08:44.328,1.10118,1.1012,1.12,2.25
2016.07.22 13:08:44.379,1.10117,1.1012,5.25,2.25
2016.07.22 13:08:44.481,1.10118,1.1012,1.12,2.25
2016.07.22 13:08:44.820,1.10117,1.1012,5.25,2.25
2016.07.22 13:08:44.871,1.10117,1.1012,4.50,2.25
2016.07.22 13:08:44.922,1.10118,1.1012,1.12,2.25
2016.07.22 13:08:45.684,1.10117,1.1012,5.25,2.25
2016.07.22 13:08:45.786,1.10118,1.1012,1.12,2.25
2016.07.22 13:08:45.887,1.10117,1.1012,5.25,2.25
2016.07.22 13:08:46.106,1.10118,1.1012,1.12,2.25
2016.07.22 13:08:46.258,1.10118,1.1012,1.87,2.25
2016.07.22 13:08:46.627,1.10118,1.1012,2.25,2.25
2016.07.22 13:08:47.382,1.10118,1.1012,2.62,1.50
2016.07.22 13:08:47.433,1.10118,1.10121,2.62,4.76
2016.07.22 13:08:47.484,1.10118,1.10121,3.75,4.76
2016.07.22 13:08:47.535,1.10118,1.10121,4.35,3.26
2016.07.22 13:08:47.586,1.10118,1.10121,3.60,3.26
2016.07.22 13:08:47.792,1.10118,1.10121,2.85,2.51
2016.07.22 13:08:47.843,1.10118,1.10121,2.10,2.51
2016.07.22 13:08:47.894,1.10118,1.10121,1.87,3.26
2016.07.22 13:08:47.945,1.10118,1.10121,1.12,4.61
2016.07.22 13:08:47.996,1.10117,1.1012,3.75,4.50
2016.07.22 13:08:48.046,1.10117,1.1012,3.37,6.37
2016.07.22 13:08:48.097,1.10117,1.1012,2.25,6.64
2016.07.22 13:08:48.148,1.10117,1.1012,1.00,6.64
2016.07.22 13:08:48.246,1.10117,1.10118,1.00,1.12
2016.07.22 13:08:48.298,1.10117,1.10118,1.00,2.25
2016.07.22 13:08:48.350,1.10116,1.10118,2.62,1.12
2016.07.22 13:08:48.401,1.10116,1.10118,1.50,1.00
2016.07.22 13:08:48.454,1.10116,1.10117,1.00,1.00
2016.07.22 13:08:48.506,1.10116,1.10117,1.00,3.75
2016.07.22 13:08:48.557,1.10115,1.10116,1.12,1.50
2016.07.22 13:08:48.609,1.10115,1.10116,1.00,2.62
2016.07.22 13:08:48.661,1.10113,1.10115,3.82,1.00
2016.07.22 13:08:48.712,1.10113,1.10114,3.07,1.87
2016.07.22 13:08:48.763,1.10112,1.10114,1.57,2.62
2016.07.22 13:08:48.900,1.1011,1.10113,1.10,2.44
2016.07.22 13:08:48.952,1.10109,1.10111,1.13,1.00
2016.07.22 13:08:49.003,1.10108,1.10111,3.38,1.00
2016.07.22 13:08:49.054,1.10107,1.10111,5.25,2.62
2016.07.22 13:08:49.106,1.10108,1.10111,1.50,3.00
2016.07.22 13:08:49.157,1.10108,1.10111,3.00,3.00
2016.07.22 13:08:49.208,1.10109,1.10111,1.72,2.25
2016.07.22 13:08:49.259,1.1011,1.10111,1.69,1.50
2016.07.22 13:08:49.311,1.10111,1.10113,1.72,4.87
2016.07.22 13:08:49.362,1.10112,1.10113,1.12,2.25
2016.07.22 13:08:49.414,1.10112,1.10114,1.87,1.50
2016.07.22 13:08:49.543,1.10112,1.10116,3.00,2.70
2016.07.22 13:08:49.594,1.10112,1.10116,3.37,2.70
2016.07.22 13:08:49.645,1.10112,1.10116,3.45,2.62
2016.07.22 13:08:50.052,1.10112,1.10116,3.45,3.00
2016.07.22 13:08:50.103,1.10112,1.10116,2.70,3.19
2016.07.22 13:08:50.154,1.10112,1.10116,1.95,3.94
2016.07.22 13:08:50.205,1.10112,1.10115,1.57,1.00
2016.07.22 13:08:50.362,1.10112,1.10115,1.95,1.00
2016.07.22 13:08:50.414,1.10112,1.10115,1.57,1.00
2016.07.22 13:08:50.465,1.10112,1.10115,1.20,1.00
2016.07.22 13:08:50.822,1.10112,1.10115,1.57,1.00
2016.07.22 13:08:50.873,1.10112,1.10115,1.57,1.50
2016.07.22 13:08:50.924,1.10113,1.10115,1.50,1.50
2016.07.22 13:08:51.026,1.10113,1.10115,1.12,1.00
2016.07.22 13:08:51.408,1.10113,1.10115,1.00,1.69
2016.07.22 13:08:51.461,1.10113,1.10115,1.00,2.44
2016.07.22 13:08:51.512,1.10112,1.10114,1.57,1.00
2016.07.22 13:08:51.615,1.10112,1.10113,1.10,1.00
2016.07.22 13:08:51.717,1.10111,1.10113,1.50,1.00
2016.07.22 13:08:51.818,1.10111,1.10113,1.20,1.00
2016.07.22 13:08:52.022,1.1011,1.10112,3.00,2.25
2016.07.22 13:08:52.073,1.10109,1.10112,2.63,2.25
2016.07.22 13:08:52.124,1.10109,1.10112,1.50,4.87
2016.07.22 13:08:52.242,1.10109,1.10111,1.13,1.00
2016.07.22 13:08:52.294,1.10108,1.10111,3.38,1.00
2016.07.22 13:08:52.396,1.10108,1.10111,1.88,1.00
2016.07.22 13:08:52.447,1.10108,1.10111,1.50,1.50
2016.07.22 13:08:52.499,1.10108,1.10111,1.50,3.00
2016.07.22 13:08:52.654,1.10108,1.1011,1.50,1.00
2016.07.22 13:08:52.705,1.10108,1.1011,1.88,1.00
2016.07.22 13:08:52.756,1.10108,1.1011,1.50,1.00
2016.07.22 13:08:52.858,1.10107,1.1011,6.75,1.00
2016.07.22 13:08:52.989,1.10107,1.1011,7.88,1.00
2016.07.22 13:08:53.142,1.10107,1.1011,7.13,1.00
2016.07.22 13:08:53.244,1.10107,1.1011,7.88,1.00
2016.07.22 13:08:54.435,1.10107,1.1011,8.48,1.00
2016.07.22 13:08:54.537,1.10109,1.1011,1.10,1.00
2016.07.22 13:08:54.740,1.10108,1.1011,1.88,1.00
2016.07.22 13:08:54.945,1.10109,1.1011,1.10,1.00
2016.07.22 13:08:55.151,1.10108,1.1011,1.88,1.00
2016.07.22 13:08:55.359,1.10109,1.1011,1.58,1.50
2016.07.22 13:08:55.410,1.1011,1.10111,2.62,1.12
2016.07.22 13:08:55.461,1.1011,1.10112,3.75,1.00
2016.07.22 13:08:55.513,1.1011,1.10112,4.12,1.00
2016.07.22 13:08:55.615,1.1011,1.10112,2.62,1.00
2016.07.22 13:08:55.717,1.1011,1.10112,3.37,1.00
2016.07.22 13:08:55.819,1.1011,1.10112,4.87,1.00
2016.07.22 13:08:55.870,1.10111,1.10113,1.10,3.75
2016.07.22 13:08:55.921,1.10112,1.10113,1.00,1.50
2016.07.22 13:08:55.972,1.10112,1.10113,1.12,1.00
2016.07.22 13:08:56.092,1.10112,1.10113,1.50,1.00
2016.07.22 13:08:56.144,1.10111,1.10114,6.30,1.50
2016.07.22 13:08:56.195,1.10111,1.10114,4.95,3.00
2016.07.22 13:08:56.247,1.10112,1.10114,1.37,3.00
2016.07.22 13:08:56.300,1.10112,1.10114,1.37,2.62
2016.07.22 13:08:56.352,1.10112,1.10114,1.62,1.50
2016.07.22 13:08:56.403,1.10112,1.10114,1.69,1.50
2016.07.22 13:08:56.454,1.10112,1.10114,1.69,1.00
2016.07.22 13:08:56.505,1.10112,1.10115,1.50,8.06
2016.07.22 13:08:56.556,1.10112,1.10115,1.00,6.75
2016.07.22 13:08:56.608,1.10112,1.10115,1.12,6.00
2016.07.22 13:08:56.659,1.10112,1.10115,1.87,6.00
2016.07.22 13:08:56.710,1.10112,1.10115,1.87,6.37
2016.07.22 13:08:56.763,1.10112,1.10115,1.50,6.37
2016.07.22 13:08:56.814,1.10112,1.10115,1.50,6.00
2016.07.22 13:08:56.865,1.10112,1.10115,1.87,5.25
2016.07.22 13:08:56.916,1.10112,1.10115,2.06,3.37
2016.07.22 13:08:57.040,1.10112,1.10115,2.62,2.25
2016.07.22 13:08:57.143,1.10112,1.10115,2.06,2.25
2016.07.22 13:08:57.195,1.10112,1.10115,1.69,2.62
2016.07.22 13:08:57.246,1.10112,1.10114,1.12,1.00
2016.07.22 13:08:57.298,1.10112,1.10114,1.12,3.75
2016.07.22 13:08:57.350,1.10111,1.10113,1.10,1.12
2016.07.22 13:08:57.656,1.10111,1.10113,1.20,1.12
2016.07.22 13:08:57.961,1.10111,1.10113,1.20,1.87
2016.07.22 13:08:58.628,1.1011,1.10113,6.00,1.87
2016.07.22 13:08:58.730,1.10111,1.10113,1.20,1.87
2016.07.22 13:08:58.780,1.10111,1.10113,1.20,2.25
2016.07.22 13:08:58.831,1.1011,1.10113,5.25,2.25
2016.07.22 13:08:58.933,1.10111,1.10113,1.20,2.25
2016.07.22 13:08:59.373,1.1011,1.10113,5.25,2.25
2016.07.22 13:08:59.428,1.10111,1.10113,1.20,2.25
2016.07.22 13:09:00.081,1.10111,1.10113,1.95,2.25
2016.07.22 13:09:00.132,1.10113,1.10114,1.12,6.37
2016.07.22 13:09:00.183,1.10113,1.10114,2.25,2.25
2016.07.22 13:09:00.235,1.10114,1.10115,1.00,1.50
2016.07.22 13:09:00.348,1.10114,1.10117,2.63,8.06
2016.07.22 13:09:00.399,1.10114,1.10117,3.38,4.50
2016.07.22 13:09:00.451,1.10115,1.10117,1.00,3.00
2016.07.22 13:09:00.553,1.10115,1.10117,1.00,2.25
2016.07.22 13:09:00.656,1.10115,1.10117,3.00,1.00
2016.07.22 13:09:00.758,1.10115,1.10117,1.50,1.00
2016.07.22 13:09:00.984,1.10115,1.10117,1.50,1.12
2016.07.22 13:09:01.367,1.10115,1.10117,1.00,2.44
2016.07.22 13:09:01.419,1.10115,1.10117,1.00,1.69
2016.07.22 13:09:01.470,1.10114,1.10116,2.25,1.00
2016.07.22 13:09:01.521,1.10113,1.10115,3.07,1.00
2016.07.22 13:09:01.623,1.10113,1.10115,3.00,1.00
2016.07.22 13:09:01.674,1.10113,1.10115,2.25,1.00
2016.07.22 13:09:01.725,1.10113,1.10115,1.50,1.00
2016.07.22 13:09:01.776,1.10113,1.10115,1.00,1.00
2016.07.22 13:09:02.072,1.10113,1.10115,1.50,1.00
2016.07.22 13:09:02.174,1.10114,1.10116,1.00,3.79
2016.07.22 13:09:02.276,1.10114,1.10116,1.00,3.04
2016.07.22 13:09:02.379,1.10113,1.10116,1.50,1.54
2016.07.22 13:09:02.481,1.10114,1.10116,1.00,2.29
2016.07.22 13:09:03.033,1.10114,1.10116,1.00,3.04
2016.07.22 13:09:03.084,1.10113,1.10116,1.00,2.47
2016.07.22 13:09:03.186,1.10113,1.10116,1.00,3.04
2016.07.22 13:09:03.288,1.10113,1.10116,1.50,3.97
2016.07.22 13:09:03.492,1.10113,1.10116,1.00,3.04
2016.07.22 13:09:03.593,1.10113,1.10116,1.50,3.97
2016.07.22 13:09:03.645,1.10113,1.10116,1.50,3.22
2016.07.22 13:09:03.696,1.10113,1.10116,1.00,2.29
2016.07.22 13:09:03.798,1.10113,1.10116,1.50,3.22
2016.07.22 13:09:03.979,1.10113,1.10115,1.00,1.00
2016.07.22 13:09:04.092,1.10113,1.10115,1.50,1.00
2016.07.22 13:09:04.194,1.10113,1.10115,1.00,1.00
2016.07.22 13:09:04.295,1.10113,1.10115,1.50,1.00
2016.07.22 13:09:04.848,1.10113,1.10116,2.62,1.87
2016.07.22 13:09:04.899,1.10114,1.10117,1.12,7.57
2016.07.22 13:09:04.950,1.10114,1.10117,1.12,6.82
2016.07.22 13:09:05.097,1.10114,1.10117,2.62,3.07
2016.07.22 13:09:05.148,1.10114,1.10117,4.87,1.50
2016.07.22 13:09:05.199,1.10113,1.10115,10.05,1.00
2016.07.22 13:09:05.301,1.10113,1.10116,10.80,1.00
2016.07.22 13:09:05.353,1.10115,1.10117,1.12,1.00
2016.07.22 13:09:05.404,1.10115,1.10118,1.50,1.95
2016.07.22 13:09:05.455,1.10115,1.10119,2.25,8.06
2016.07.22 13:09:05.506,1.10116,1.10119,1.00,9.41
2016.07.22 13:09:05.557,1.10116,1.10118,1.00,2.44
2016.07.22 13:09:05.608,1.10115,1.10117,1.12,1.25
2016.07.22 13:09:05.762,1.10115,1.10117,1.00,1.31
2016.07.22 13:09:07.061,1.10115,1.10118,1.00,5.25
2016.07.22 13:09:07.400,1.10114,1.10118,4.12,3.56
2016.07.22 13:09:07.453,1.10114,1.10118,1.87,3.94
2016.07.22 13:09:07.504,1.10114,1.10117,3.00,1.00
2016.07.22 13:09:07.605,1.10114,1.10117,3.00,1.25
2016.07.22 13:09:07.656,1.10115,1.10117,1.00,1.25
2016.07.22 13:09:07.707,1.10115,1.10118,1.00,8.25
2016.07.22 13:09:07.758,1.10115,1.10118,1.00,7.50
2016.07.22 13:09:07.809,1.10115,1.10118,1.00,5.06
2016.07.22 13:09:07.912,1.10115,1.10118,1.00,7.50
2016.07.22 13:09:08.065,1.10113,1.10115,7.20,5.80
2016.07.22 13:09:08.116,1.10112,1.10113,4.87,1.00
2016.07.22 13:09:08.229,1.10111,1.10113,13.35,2.81
2016.07.22 13:09:08.280,1.10111,1.10113,1.35,4.69
2016.07.22 13:09:08.331,1.1011,1.10111,8.62,1.00
2016.07.22 13:09:08.382,1.10109,1.1011,1.10,1.25
2016.07.22 13:09:08.433,1.10108,1.1011,1.20,1.25
2016.07.22 13:09:08.485,1.10108,1.10111,1.10,3.37
2016.07.22 13:09:08.536,1.10108,1.10111,1.12,3.00
2016.07.22 13:09:08.587,1.10109,1.10111,1.00,1.31
2016.07.22 13:09:08.892,1.10109,1.10111,1.00,1.25
2016.07.22 13:09:09.093,1.10109,1.10111,1.50,1.00
2016.07.22 13:09:09.400,1.10109,1.10112,1.50,6.64
2016.07.22 13:09:09.451,1.10109,1.10112,1.50,4.39
2016.07.22 13:09:09.502,1.10109,1.10112,1.50,4.01
2016.07.22 13:09:09.553,1.10109,1.10112,1.50,5.51
2016.07.22 13:09:09.604,1.10109,1.10112,1.50,5.32
2016.07.22 13:09:09.857,1.10109,1.10112,1.50,6.07
2016.07.22 13:09:09.959,1.10109,1.10112,1.50,4.57
2016.07.22 13:09:10.010,1.10109,1.10112,1.00,3.07
2016.07.22 13:09:10.062,1.10109,1.10112,1.00,2.32
2016.07.22 13:09:10.208,1.10109,1.10112,1.50,3.07
2016.07.22 13:09:10.260,1.10109,1.10112,2.25,3.07
2016.07.22 13:09:10.311,1.10109,1.10112,2.25,2.32
2016.07.22 13:09:10.414,1.10109,1.10112,4.12,2.25
2016.07.22 13:09:10.465,1.10109,1.10113,5.06,8.14
2016.07.22 13:09:10.517,1.10109,1.10112,3.56,1.00
2016.07.22 13:09:10.568,1.10109,1.10111,2.06,1.50
2016.07.22 13:09:10.620,1.10109,1.10111,3.19,3.00
2016.07.22 13:09:10.672,1.10111,1.10113,1.00,7.39
2016.07.22 13:09:10.724,1.10111,1.10113,3.00,5.39
2016.07.22 13:09:10.776,1.10112,1.10114,2.50,1.87
2016.07.22 13:09:10.827,1.10112,1.10114,1.00,1.87
2016.07.22 13:09:10.878,1.10113,1.10114,1.00,1.12
2016.07.22 13:09:10.963,1.10113,1.10115,1.00,5.70
2016.07.22 13:09:11.014,1.10113,1.10115,1.00,6.45
2016.07.22 13:09:11.065,1.10113,1.10114,1.00,1.12
2016.07.22 13:09:11.116,1.10112,1.10114,1.50,1.12
2016.07.22 13:09:11.167,1.10112,1.10115,3.56,4.95
2016.07.22 13:09:11.218,1.10113,1.10115,1.25,3.07
2016.07.22 13:09:11.270,1.10113,1.10114,2.06,1.00
2016.07.22 13:09:11.321,1.10114,1.10115,1.00,2.25
2016.07.22 13:09:11.475,1.10114,1.10115,1.00,1.12
2016.07.22 13:09:11.578,1.10114,1.10116,1.00,3.00
2016.07.22 13:09:11.630,1.10114,1.10116,1.00,2.25
2016.07.22 13:09:11.681,1.10114,1.10116,1.12,2.25
2016.07.22 13:09:12.015,1.10114,1.10116,1.00,3.00
2016.07.22 13:09:12.067,1.10114,1.10116,1.00,3.75
2016.07.22 13:09:12.118,1.10113,1.10116,2.89,3.75
2016.07.22 13:09:12.169,1.10113,1.10116,2.89,5.25
2016.07.22 13:09:12.630,1.10113,1.10116,2.51,5.25
2016.07.22 13:09:13.157,1.10113,1.10116,2.44,4.50
2016.07.22 13:09:13.208,1.10113,1.10116,1.69,3.75
2016.07.22 13:09:13.259,1.10113,1.10116,1.69,4.50
2016.07.22 13:09:13.310,1.10113,1.10116,1.69,5.25
2016.07.22 13:09:13.567,1.10113,1.10115,1.69,1.00
2016.07.22 13:09:13.670,1.10113,1.10115,1.31,1.00
2016.07.22 13:09:13.772,1.10113,1.10115,1.25,1.00
2016.07.22 13:09:13.824,1.10114,1.10115,1.00,1.00
2016.07.22 13:09:14.021,1.10113,1.10115,2.81,1.00
2016.07.22 13:09:14.072,1.10113,1.10115,2.44,1.50
2016.07.22 13:09:14.123,1.10113,1.10115,1.69,1.50
2016.07.22 13:09:14.174,1.10113,1.10115,2.06,1.00
2016.07.22 13:09:14.225,1.10113,1.10115,2.81,1.00
2016.07.22 13:09:14.582,1.10113,1.10115,2.44,1.00
2016.07.22 13:09:15.379,1.10113,1.10115,3.19,1.00
2016.07.22 13:09:15.430,1.10113,1.10115,3.56,1.00
2016.07.22 13:09:15.532,1.10113,1.10115,2.44,1.00
2016.07.22 13:09:15.634,1.10113,1.10115,2.81,1.00
2016.07.22 13:09:15.761,1.10113,1.10115,2.44,1.00
2016.07.22 13:09:15.812,1.10114,1.10115,1.00,1.00
2016.07.22 13:09:15.914,1.10114,1.10117,1.50,5.51
2016.07.22 13:09:15.965,1.10114,1.10117,1.50,3.26
2016.07.22 13:09:16.017,1.10114,1.10117,1.50,2.06
2016.07.22 13:09:16.068,1.10114,1.10117,1.50,2.81
2016.07.22 13:09:16.119,1.10114,1.10117,1.12,2.62
2016.07.22 13:09:16.221,1.10114,1.10117,1.00,2.81
2016.07.22 13:09:16.272,1.10114,1.10117,2.25,2.81
2016.07.22 13:09:16.323,1.10114,1.10117,2.62,1.50
2016.07.22 13:09:16.374,1.10115,1.10118,1.00,6.11
2016.07.22 13:09:16.477,1.10115,1.10117,1.00,1.12
2016.07.22 13:09:16.605,1.10115,1.10117,1.50,1.12
2016.07.22 13:09:17.482,1.10115,1.10117,1.50,1.72
2016.07.22 13:09:17.533,1.10115,1.10117,1.00,1.72
2016.07.22 13:09:17.662,1.10115,1.10117,1.50,1.72
2016.07.22 13:09:18.428,1.10115,1.10117,1.00,1.72
2016.07.22 13:09:18.529,1.10115,1.10117,1.50,1.12
2016.07.22 13:09:18.632,1.10115,1.10117,1.00,1.50
2016.07.22 13:09:18.733,1.10115,1.10117,1.50,1.69
2016.07.22 13:09:18.784,1.10115,1.10117,1.50,1.31
2016.07.22 13:09:19.229,1.10115,1.10117,1.50,1.25
2016.07.22 13:09:19.280,1.10115,1.10117,1.69,1.25
2016.07.22 13:09:19.331,1.10115,1.10117,1.69,1.54
2016.07.22 13:09:19.382,1.10115,1.10117,1.69,1.91
2016.07.22 13:09:19.484,1.10115,1.10117,1.12,3.41
2016.07.22 13:09:19.536,1.10114,1.10117,1.47,3.41
2016.07.22 13:09:19.587,1.10114,1.10117,1.09,3.04
2016.07.22 13:09:19.638,1.10114,1.10117,1.22,2.85
2016.07.22 13:09:19.689,1.10114,1.10117,1.97,2.25
2016.07.22 13:09:19.791,1.10114,1.10116,5.53,1.00
2016.07.22 13:09:19.842,1.10114,1.10116,4.78,1.00
2016.07.22 13:09:19.894,1.10114,1.10116,5.16,1.00
2016.07.22 13:09:19.945,1.10115,1.10117,1.03,1.00
2016.07.22 13:09:20.070,1.10115,1.10117,1.41,1.00
2016.07.22 13:09:20.121,1.10114,1.10116,7.03,1.00
2016.07.22 13:09:20.223,1.10114,1.10118,7.03,2.32
2016.07.22 13:09:20.333,1.10115,1.10118,1.41,3.26
2016.07.22 13:09:20.943,1.10115,1.10118,1.03,3.26
2016.07.22 13:09:21.248,1.10115,1.10118,1.41,3.26
2016.07.22 13:09:22.345,1.10115,1.10118,1.03,4.01
2016.07.22 13:09:22.530,1.10115,1.10118,1.03,4.39
2016.07.22 13:09:22.582,1.10115,1.10117,1.03,1.00
2016.07.22 13:09:22.633,1.10115,1.10117,1.03,1.72
2016.07.22 13:09:22.684,1.10115,1.10117,1.03,2.10
2016.07.22 13:09:22.735,1.10115,1.10117,1.34,3.04
2016.07.22 13:09:22.837,1.10114,1.10117,4.78,2.85
2016.07.22 13:09:22.940,1.10115,1.10117,1.34,3.04
2016.07.22 13:09:23.346,1.10115,1.10117,1.34,3.19
2016.07.22 13:09:23.449,1.10115,1.10117,1.09,4.91
2016.07.22 13:09:23.500,1.10115,1.10117,1.22,3.41
2016.07.22 13:09:23.552,1.10114,1.10116,1.59,1.00
2016.07.22 13:09:23.683,1.10114,1.10116,1.09,1.00
2016.07.22 13:09:23.837,1.10113,1.10116,3.66,1.50
2016.07.22 13:09:23.889,1.10113,1.10116,5.06,1.50
2016.07.22 13:09:23.940,1.10113,1.10116,5.44,1.00
2016.07.22 13:09:23.991,1.10113,1.10116,3.94,1.00
2016.07.22 13:09:24.245,1.10113,1.10116,3.19,1.00
2016.07.22 13:09:24.347,1.10113,1.10116,3.94,1.00
2016.07.22 13:09:24.550,1.10113,1.10116,4.31,1.00
2016.07.22 13:09:24.734,1.10113,1.10116,3.56,1.00
2016.07.22 13:09:24.836,1.10113,1.10116,4.31,1.00
2016.07.22 13:09:25.148,1.10113,1.10116,3.94,1.00
2016.07.22 13:09:25.351,1.10113,1.10116,3.19,1.00
2016.07.22 13:09:25.454,1.10113,1.10116,3.94,1.00
2016.07.22 13:09:25.657,1.10113,1.10117,6.94,5.89
2016.07.22 13:09:25.708,1.10114,1.10117,2.25,4.76
2016.07.22 13:09:25.839,1.10115,1.10117,1.12,4.05
2016.07.22 13:09:25.891,1.10114,1.10116,3.56,1.12
2016.07.22 13:09:25.942,1.10114,1.10116,2.44,2.62
2016.07.22 13:09:25.994,1.10113,1.10116,4.31,3.00
2016.07.22 13:09:26.045,1.10113,1.10116,3.94,4.12
2016.07.22 13:09:26.096,1.10113,1.10116,3.19,4.12
2016.07.22 13:09:26.197,1.10113,1.10116,3.19,4.72
2016.07.22 13:09:26.248,1.10113,1.10116,3.19,4.35
2016.07.22 13:09:26.299,1.10113,1.10116,3.19,3.75
2016.07.22 13:09:26.351,1.10113,1.10116,3.19,3.00
2016.07.22 13:09:26.453,1.10113,1.10116,3.19,1.50
2016.07.22 13:09:26.556,1.10113,1.10116,3.94,1.50
2016.07.22 13:09:26.658,1.10113,1.10116,5.44,1.50
2016.07.22 13:09:26.798,1.10113,1.10116,7.31,1.50
2016.07.22 13:09:26.900,1.10114,1.10116,1.31,1.50
2016.07.22 13:09:26.951,1.10114,1.10116,1.25,1.50
2016.07.22 13:09:27.002,1.10113,1.10116,5.06,1.50
2016.07.22 13:09:27.054,1.10113,1.10116,5.06,2.25
2016.07.22 13:09:27.258,1.10113,1.10116,4.69,1.50
2016.07.22 13:09:27.360,1.10113,1.10116,5.44,2.25
2016.07.22 13:09:27.411,1.10113,1.10116,7.69,1.00
2016.07.22 13:09:27.462,1.10113,1.10117,7.69,4.20
2016.07.22 13:09:27.514,1.10113,1.10117,8.06,4.20
2016.07.22 13:09:27.565,1.10113,1.10117,6.94,4.20
2016.07.22 13:09:27.794,1.10113,1.10117,8.44,4.20
2016.07.22 13:09:27.846,1.10113,1.10117,7.69,2.70
2016.07.22 13:09:27.947,1.10113,1.10117,8.44,4.20
2016.07.22 13:09:28.256,1.10113,1.10117,8.44,4.95
2016.07.22 13:09:28.307,1.10113,1.10117,8.06,4.95
2016.07.22 13:09:28.358,1.10113,1.10117,7.31,3.82
2016.07.22 13:09:28.459,1.10113,1.10117,8.06,3.82
2016.07.22 13:09:28.510,1.10113,1.10117,8.06,4.42
2016.07.22 13:09:28.561,1.10113,1.10117,7.69,5.17
2016.07.22 13:09:28.612,1.10113,1.10117,7.69,5.92
2016.07.22 13:09:28.741,1.10113,1.10116,8.06,1.50
2016.07.22 13:09:28.793,1.10113,1.10116,4.31,3.00
2016.07.22 13:09:28.895,1.10113,1.10116,3.56,3.00
2016.07.22 13:09:28.946,1.10113,1.10116,3.19,2.25
2016.07.22 13:09:29.048,1.10113,1.10115,1.69,2.25
2016.07.22 13:09:29.099,1.10113,1.10115,1.69,2.44
2016.07.22 13:09:29.150,1.10113,1.10115,1.69,1.69
2016.07.22 13:09:29.255,1.10113,1.10115,1.69,2.44
2016.07.22 13:09:29.305,1.10113,1.10115,1.19,2.44
2016.07.22 13:09:29.357,1.10113,1.10115,1.19,1.69
2016.07.22 13:09:29.458,1.10113,1.10115,1.19,2.44
2016.07.22 13:09:29.714,1.10113,1.10115,1.19,3.19
2016.07.22 13:09:29.817,1.10113,1.10115,1.19,1.69
2016.07.22 13:09:29.956,1.10113,1.10115,1.19,1.25
2016.07.22 13:09:30.058,1.10113,1.10115,1.31,1.25
2016.07.22 13:09:30.211,1.10113,1.10115,2.06,1.25
2016.07.22 13:09:30.263,1.10113,1.10115,1.69,1.25
2016.07.22 13:09:30.367,1.10113,1.10115,2.44,1.25
2016.07.22 13:09:31.364,1.10113,1.10115,1.69,1.25
2016.07.22 13:09:32.059,1.10113,1.10115,1.19,1.25
2016.07.22 13:09:32.468,1.10113,1.10115,1.69,1.25
2016.07.22 13:09:32.977,1.10113,1.10115,1.69,2.06
2016.07.22 13:09:33.209,1.10113,1.10115,1.00,2.06
2016.07.22 13:09:33.260,1.10113,1.10115,1.00,3.56
2016.07.22 13:09:33.362,1.10112,1.10115,3.45,2.81
2016.07.22 13:09:33.464,1.10112,1.10115,3.45,4.31
2016.07.22 13:09:33.515,1.10112,1.10115,2.70,5.81
2016.07.22 13:09:33.870,1.10112,1.10115,1.95,4.31
2016.07.22 13:09:33.972,1.10112,1.10115,2.70,5.81
2016.07.22 13:09:34.226,1.10112,1.10115,2.70,5.06
2016.07.22 13:09:34.328,1.10112,1.10115,2.70,5.81
2016.07.22 13:09:34.882,1.10112,1.10115,2.70,5.44
2016.07.22 13:09:34.933,1.10112,1.10115,1.95,4.69
2016.07.22 13:09:35.035,1.10112,1.10115,1.95,5.44
2016.07.22 13:09:35.674,1.10112,1.10115,1.95,4.69
2016.07.22 13:09:35.877,1.10112,1.10115,1.95,5.44
2016.07.22 13:09:35.978,1.10112,1.10115,1.95,4.69
2016.07.22 13:09:36.029,1.10112,1.10115,2.70,4.69
2016.07.22 13:09:36.081,1.10112,1.10115,1.95,3.94
2016.07.22 13:09:36.133,1.10112,1.10114,1.95,1.00
2016.07.22 13:09:36.184,1.10112,1.10114,2.70,1.00
2016.07.22 13:09:36.545,1.10112,1.10115,2.70,5.44
2016.07.22 13:09:37.787,1.10112,1.10115,2.70,4.69
2016.07.22 13:09:37.889,1.10112,1.10115,2.70,5.44
2016.07.22 13:09:37.940,1.10112,1.10115,2.70,4.69
2016.07.22 13:09:38.041,1.10112,1.10115,2.70,5.44
2016.07.22 13:09:38.365,1.10112,1.10115,2.70,5.81
2016.07.22 13:09:38.417,1.10112,1.10115,1.95,6.56
2016.07.22 13:09:38.468,1.10112,1.10114,1.95,1.87
2016.07.22 13:09:38.519,1.10112,1.10113,1.20,1.00
2016.07.22 13:09:38.570,1.10111,1.10113,7.31,1.50
2016.07.22 13:09:38.621,1.10111,1.10113,2.51,1.50
2016.07.22 13:09:38.672,1.10111,1.10113,1.01,2.85
2016.07.22 13:09:38.724,1.10111,1.10113,1.50,2.25
2016.07.22 13:09:38.775,1.10111,1.10113,1.50,1.00
2016.07.22 13:09:38.826,1.10111,1.10113,2.10,1.10
2016.07.22 13:09:38.877,1.10111,1.10113,2.85,1.10
2016.07.22 13:09:39.114,1.10111,1.10113,2.10,1.00
2016.07.22 13:09:39.368,1.10111,1.10113,1.35,1.00
2016.07.22 13:09:39.472,1.10111,1.10113,2.10,1.00
2016.07.22 13:09:39.676,1.10111,1.10112,2.10,1.00
2016.07.22 13:09:39.778,1.10111,1.10112,1.35,1.00
2016.07.22 13:09:39.829,1.10111,1.10112,1.30,1.00
2016.07.22 13:09:39.880,1.10111,1.10112,1.72,1.00
2016.07.22 13:09:39.931,1.10111,1.10112,1.35,1.00
2016.07.22 13:09:40.285,1.1011,1.10112,6.04,1.00
2016.07.22 13:09:40.386,1.10111,1.10112,1.35,1.00
2016.07.22 13:09:40.488,1.1011,1.10112,6.04,1.00
2016.07.22 13:09:40.590,1.10111,1.10112,1.35,1.00
2016.07.22 13:09:40.793,1.1011,1.10112,4.16,1.00
2016.07.22 13:09:40.895,1.1011,1.10112,6.04,1.00
2016.07.22 13:09:41.117,1.10111,1.10112,1.35,1.00
2016.07.22 13:09:41.691,1.10111,1.10113,1.35,1.10
2016.07.22 13:09:41.998,1.1011,1.10113,6.04,1.10
2016.07.22 13:09:42.201,1.10111,1.10113,1.35,1.10
2016.07.22 13:09:42.659,1.10111,1.10113,1.35,1.00
2016.07.22 13:09:42.761,1.10111,1.10114,1.35,6.64
2016.07.22 13:09:42.881,1.10111,1.10114,1.20,5.51
2016.07.22 13:09:42.933,1.10111,1.10114,1.50,7.01
2016.07.22 13:09:43.144,1.10111,1.10114,1.50,8.36
2016.07.22 13:09:43.398,1.10111,1.10114,1.00,6.86
2016.07.22 13:09:43.449,1.10111,1.10114,1.00,5.36
2016.07.22 13:09:43.500,1.10111,1.10114,3.90,2.89
2016.07.22 13:09:43.551,1.10111,1.10114,4.09,2.14
2016.07.22 13:09:43.602,1.10111,1.10114,1.09,2.70
2016.07.22 13:09:43.653,1.10111,1.10113,1.09,1.00
2016.07.22 13:09:43.704,1.10111,1.10113,1.46,1.00
2016.07.22 13:09:43.966,1.10111,1.10113,1.09,1.00
2016.07.22 13:09:44.017,1.10111,1.10113,2.29,1.00
2016.07.22 13:09:44.120,1.10111,1.10113,1.54,1.00
2016.07.22 13:09:44.222,1.10111,1.10113,2.29,1.00
2016.07.22 13:09:44.426,1.10111,1.10114,1.69,5.36
2016.07.22 13:09:44.680,1.10111,1.10114,1.69,6.11
2016.07.22 13:09:44.782,1.10111,1.10114,1.25,4.61
2016.07.22 13:09:44.899,1.10111,1.10114,1.69,6.11
2016.07.22 13:09:45.376,1.10111,1.10114,1.25,4.61
2016.07.22 13:09:45.477,1.10111,1.10114,1.69,6.11
2016.07.22 13:09:45.528,1.10111,1.10113,1.69,1.00
2016.07.22 13:09:45.579,1.10111,1.10113,2.06,1.00
2016.07.22 13:09:45.884,1.10111,1.10113,4.31,1.00
2016.07.22 13:09:45.935,1.10111,1.10114,8.06,3.64
2016.07.22 13:09:45.986,1.10111,1.10114,10.31,3.64
2016.07.22 13:09:46.037,1.10112,1.10113,1.12,1.00
2016.07.22 13:09:46.088,1.10112,1.10113,1.50,1.00
2016.07.22 13:09:46.139,1.10112,1.10113,1.00,1.00
2016.07.22 13:09:46.342,1.10112,1.10113,1.50,1.00
2016.07.22 13:09:46.568,1.10112,1.10114,2.44,3.56
2016.07.22 13:09:47.694,1.10112,1.10114,2.44,2.81
2016.07.22 13:09:48.414,1.10112,1.10114,2.44,2.06
2016.07.22 13:09:48.515,1.10112,1.10114,2.44,2.81
2016.07.22 13:09:48.947,1.10112,1.10114,3.19,2.81
2016.07.22 13:09:48.998,1.10113,1.10115,2.69,8.32
2016.07.22 13:09:49.100,1.10113,1.10114,2.44,1.87
2016.07.22 13:09:49.354,1.10113,1.10114,1.69,2.62
2016.07.22 13:09:49.405,1.10112,1.10114,4.31,2.62
2016.07.22 13:09:49.615,1.10112,1.10114,2.81,1.87
2016.07.22 13:09:49.666,1.10112,1.10114,2.81,1.12
2016.07.22 13:09:49.718,1.10112,1.10114,4.31,1.12
2016.07.22 13:09:49.821,1.10112,1.10114,2.81,1.12
2016.07.22 13:09:49.923,1.10112,1.10114,4.31,1.12
2016.07.22 13:09:51.129,1.10112,1.10114,3.56,1.72
2016.07.22 13:09:51.231,1.10112,1.10114,1.69,1.72
2016.07.22 13:09:51.284,1.10112,1.10113,1.00,1.00
2016.07.22 13:09:51.336,1.10112,1.10113,1.00,1.35
2016.07.22 13:09:51.471,1.10112,1.10114,1.00,1.69
2016.07.22 13:09:51.522,1.10112,1.10115,1.00,10.61
2016.07.22 13:09:51.573,1.10112,1.10115,1.00,8.92
2016.07.22 13:09:51.624,1.10113,1.10115,1.00,7.20
2016.07.22 13:09:51.675,1.10113,1.10115,1.00,5.51
2016.07.22 13:09:51.726,1.10113,1.10115,1.50,3.07
2016.07.22 13:09:51.777,1.10113,1.10115,1.50,3.82
2016.07.22 13:09:51.930,1.10113,1.10115,1.50,3.45
2016.07.22 13:09:51.981,1.10113,1.10115,1.50,2.32
2016.07.22 13:09:52.032,1.10113,1.10115,1.50,2.70
2016.07.22 13:09:52.083,1.10113,1.10115,1.50,3.07
2016.07.22 13:09:52.134,1.10113,1.10115,1.50,2.70
2016.07.22 13:09:52.185,1.10113,1.10115,1.50,1.57
2016.07.22 13:09:52.338,1.10113,1.10115,1.50,1.95
2016.07.22 13:09:52.457,1.10113,1.10115,1.50,3.07
2016.07.22 13:09:52.574,1.10113,1.10115,1.50,2.32
2016.07.22 13:09:52.625,1.10113,1.10115,1.50,3.07
2016.07.22 13:09:52.676,1.10113,1.10115,1.50,3.82
2016.07.22 13:09:52.880,1.10113,1.10115,2.25,2.32
2016.07.22 13:09:52.931,1.10113,1.10115,2.25,1.00
2016.07.22 13:09:53.032,1.10114,1.10115,1.00,1.57
2016.07.22 13:09:53.083,1.10114,1.10115,1.00,1.10
2016.07.22 13:09:53.134,1.10114,1.10115,1.00,1.00
2016.07.22 13:09:53.236,1.10114,1.10116,1.00,2.32
2016.07.22 13:09:53.734,1.10114,1.10116,1.00,1.57
2016.07.22 13:09:53.836,1.10114,1.10116,1.00,2.32
2016.07.22 13:09:54.045,1.10114,1.10116,1.00,1.57
2016.07.22 13:09:54.096,1.10115,1.10117,1.00,6.56
2016.07.22 13:09:54.147,1.10116,1.10117,9.00,1.80
2016.07.22 13:09:54.200,1.10116,1.10118,12.97,4.69
2016.07.22 13:09:54.251,1.1012,1.10122,4.20,7.49
2016.07.22 13:09:54.303,1.1012,1.10122,9.07,1.50
2016.07.22 13:09:54.354,1.10122,1.10123,1.69,2.32
2016.07.22 13:09:54.405,1.10122,1.10123,2.44,1.57
2016.07.22 13:09:54.456,1.10122,1.10123,2.06,1.00
2016.07.22 13:09:54.579,1.10122,1.10123,1.87,3.75
2016.07.22 13:09:54.631,1.1012,1.10122,1.88,1.25
2016.07.22 13:09:54.682,1.1012,1.10122,1.50,2.44
2016.07.22 13:09:54.734,1.1012,1.10122,1.50,4.31
2016.07.22 13:09:54.785,1.1012,1.10121,1.50,1.50
2016.07.22 13:09:54.938,1.1012,1.10121,1.50,1.69
2016.07.22 13:09:55.529,1.1012,1.10121,1.50,1.50
2016.07.22 13:09:55.998,1.1012,1.10121,1.00,1.50
2016.07.22 13:09:56.051,1.10119,1.1012,3.19,1.50
2016.07.22 13:09:56.102,1.10119,1.1012,3.00,4.50
2016.07.22 13:09:56.153,1.10118,1.1012,5.14,7.00
2016.07.22 13:09:56.205,1.10119,1.1012,1.09,6.37
2016.07.22 13:09:56.257,1.10118,1.10119,1.00,1.50
2016.07.22 13:09:56.309,1.10118,1.10119,1.00,2.25
2016.07.22 13:09:56.360,1.10117,1.10119,1.76,2.50
2016.07.22 13:09:56.476,1.10117,1.10119,1.69,2.50
2016.07.22 13:09:56.527,1.10117,1.10118,1.69,1.00
2016.07.22 13:09:56.637,1.10117,1.10118,1.25,1.00
2016.07.22 13:09:56.741,1.10116,1.10118,9.64,1.00
2016.07.22 13:09:56.843,1.10117,1.10118,2.06,1.00
2016.07.22 13:09:56.944,1.10117,1.10118,2.44,1.00
2016.07.22 13:09:57.046,1.10118,1.10119,1.00,1.50
2016.07.22 13:09:57.489,1.10118,1.10119,1.00,2.25
2016.07.22 13:09:57.543,1.10118,1.10119,1.00,2.62
2016.07.22 13:09:57.594,1.10116,1.10118,6.94,1.00
2016.07.22 13:09:57.646,1.10115,1.10117,9.19,1.00
2016.07.22 13:09:57.697,1.10115,1.10117,9.94,1.00
2016.07.22 13:09:57.748,1.10115,1.10117,12.56,1.00
2016.07.22 13:09:57.799,1.10115,1.10117,14.66,1.00
2016.07.22 13:09:57.850,1.10115,1.10117,14.74,1.00
2016.07.22 13:09:57.901,1.10115,1.10117,16.24,1.00
2016.07.22 13:09:57.953,1.10116,1.10118,8.85,1.00
2016.07.22 13:09:58.004,1.10116,1.10118,11.29,1.00
2016.07.22 13:09:58.129,1.10116,1.10118,13.54,1.00
2016.07.22 13:09:58.182,1.10116,1.10118,14.36,1.00
2016.07.22 13:09:58.233,1.10116,1.10118,13.61,1.00
2016.07.22 13:09:58.335,1.10116,1.10118,8.74,1.00
2016.07.22 13:09:58.386,1.10116,1.10118,7.99,1.00
2016.07.22 13:09:58.437,1.10116,1.10118,6.64,1.00
2016.07.22 13:09:58.539,1.10116,1.10118,8.14,1.00
2016.07.22 13:09:58.743,1.10116,1.10118,8.29,1.00
2016.07.22 13:09:58.947,1.10116,1.10119,8.89,1.87
2016.07.22 13:09:59.049,1.10116,1.10119,9.11,1.87
2016.07.22 13:09:59.101,1.10116,1.10118,9.11,1.00
2016.07.22 13:09:59.236,1.10117,1.10119,2.66,1.12
2016.07.22 13:09:59.287,1.10117,1.10119,3.66,1.12
2016.07.22 13:09:59.955,1.10117,1.10119,3.78,1.12
2016.07.22 13:10:00.057,1.10117,1.10119,4.54,1.12
2016.07.22 13:10:00.243,1.10117,1.10119,7.26,1.12
2016.07.22 13:10:00.446,1.10117,1.10119,5.51,1.12
2016.07.22 13:10:00.548,1.10117,1.10119,7.76,1.12
2016.07.22 13:10:01.136,1.10117,1.10119,9.26,1.00
2016.07.22 13:10:01.348,1.10117,1.10119,9.95,1.00
2016.07.22 13:10:01.450,1.10117,1.10119,9.57,1.00
2016.07.22 13:10:01.552,1.10117,1.10121,9.26,4.58
2016.07.22 13:10:01.604,1.10117,1.10121,9.26,5.33
2016.07.22 13:10:01.655,1.10117,1.10121,4.70,5.33
2016.07.22 13:10:01.757,1.10117,1.10121,6.95,6.83
2016.07.22 13:10:01.808,1.10117,1.10121,6.57,6.83
2016.07.22 13:10:01.859,1.10117,1.10121,7.01,6.07
2016.07.22 13:10:02.063,1.10117,1.10119,7.01,1.00
2016.07.22 13:10:02.308,1.10117,1.10119,6.26,1.00
2016.07.22 13:10:02.361,1.10117,1.10119,5.51,1.00
2016.07.22 13:10:02.463,1.10117,1.10119,6.26,1.00
2016.07.22 13:10:02.718,1.10117,1.10119,5.89,1.00
2016.07.22 13:10:02.768,1.10117,1.10119,5.14,1.00
2016.07.22 13:10:02.871,1.10117,1.10119,5.89,1.00
2016.07.22 13:10:03.608,1.10118,1.10119,1.25,1.00
2016.07.22 13:10:03.660,1.10117,1.10119,4.01,1.12
2016.07.22 13:10:03.711,1.10117,1.10119,2.89,1.00
2016.07.22 13:10:03.762,1.10117,1.10119,2.81,1.00
2016.07.22 13:10:03.871,1.10117,1.10119,2.06,1.00
2016.07.22 13:10:04.726,1.10117,1.10119,2.06,2.50
2016.07.22 13:10:04.777,1.10117,1.10118,1.31,1.00
2016.07.22 13:10:04.980,1.10117,1.10119,1.31,2.50
2016.07.22 13:10:05.387,1.10116,1.10118,7.80,1.00
2016.07.22 13:10:05.489,1.10116,1.10118,9.11,1.00
2016.07.22 13:10:05.591,1.10118,1.10119,1.00,1.50
2016.07.22 13:10:05.888,1.10118,1.10119,1.00,1.00
2016.07.22 13:10:06.092,1.10117,1.10118,2.81,1.00
2016.07.22 13:10:06.194,1.10117,1.10118,2.06,1.00
2016.07.22 13:10:06.296,1.10116,1.10118,6.64,1.00
2016.07.22 13:10:06.347,1.10116,1.10118,6.26,1.00
2016.07.22 13:10:06.399,1.10117,1.10118,2.06,1.00
2016.07.22 13:10:06.450,1.10117,1.10118,2.44,1.00
2016.07.22 13:10:06.501,1.10117,1.10119,3.04,1.12
2016.07.22 13:10:06.553,1.10117,1.10119,5.29,1.00
2016.07.22 13:10:06.637,1.10118,1.10119,1.31,1.12
2016.07.22 13:10:06.689,1.10118,1.10119,1.25,1.00
2016.07.22 13:10:07.352,1.10118,1.1012,1.25,1.00
2016.07.22 13:10:07.404,1.10117,1.10119,4.69,1.00
2016.07.22 13:10:07.456,1.10117,1.10119,4.31,1.87
2016.07.22 13:10:07.592,1.10117,1.10118,2.06,1.00
2016.07.22 13:10:07.645,1.10117,1.10118,1.25,1.50
2016.07.22 13:10:07.697,1.10117,1.10118,1.25,2.25
2016.07.22 13:10:07.901,1.10117,1.10118,1.25,1.00
2016.07.22 13:10:07.952,1.10117,1.10119,1.25,1.50
2016.07.22 13:10:08.003,1.10117,1.10118,1.25,1.00
2016.07.22 13:10:08.105,1.10117,1.10118,1.50,1.00
2016.07.22 13:10:08.309,1.10117,1.10119,1.00,1.12
2016.07.22 13:10:09.116,1.10117,1.10119,1.00,1.31
2016.07.22 13:10:09.269,1.10117,1.10119,1.00,1.69
2016.07.22 13:10:09.803,1.10116,1.10119,2.29,1.50
2016.07.22 13:10:09.905,1.10117,1.10119,1.00,1.69
2016.07.22 13:10:10.616,1.10116,1.10119,2.29,1.50
2016.07.22 13:10:10.699,1.10117,1.10119,1.00,1.69
2016.07.22 13:10:10.801,1.10116,1.10119,2.29,1.50
2016.07.22 13:10:11.083,1.10117,1.10119,1.00,1.69
2016.07.22 13:10:11.185,1.10117,1.10119,3.37,1.00
2016.07.22 13:10:11.236,1.10117,1.10119,5.85,1.00
2016.07.22 13:10:11.287,1.10118,1.1012,1.00,5.21
2016.07.22 13:10:11.338,1.10118,1.1012,1.00,5.14
2016.07.22 13:10:11.389,1.10118,1.1012,1.00,5.06
2016.07.22 13:10:11.440,1.10118,1.1012,1.00,5.14
2016.07.22 13:10:11.491,1.10117,1.1012,4.95,5.14
2016.07.22 13:10:11.598,1.10117,1.1012,3.45,4.39
2016.07.22 13:10:11.700,1.10117,1.1012,4.95,5.14
2016.07.22 13:10:12.425,1.10117,1.1012,4.20,5.14
2016.07.22 13:10:13.507,1.10117,1.1012,3.45,4.39
2016.07.22 13:10:13.715,1.10117,1.1012,4.20,5.14
2016.07.22 13:10:16.309,1.10117,1.1012,4.20,4.39
2016.07.22 13:10:16.361,1.10117,1.1012,4.20,3.64
2016.07.22 13:10:18.690,1.10117,1.1012,2.70,3.64
2016.07.22 13:10:19.674,1.10116,1.10118,19.69,1.00
2016.07.22 13:10:19.725,1.10117,1.10119,3.07,1.00
2016.07.22 13:10:19.878,1.10117,1.10119,3.67,1.00
2016.07.22 13:10:20.030,1.10117,1.1012,4.42,2.04
2016.07.22 13:10:20.081,1.10118,1.10119,1.00,1.00
2016.07.22 13:10:20.133,1.10118,1.10119,3.37,1.00
2016.07.22 13:10:20.184,1.10118,1.1012,3.37,2.04
2016.07.22 13:10:20.235,1.10118,1.1012,3.75,2.04
2016.07.22 13:10:20.718,1.10118,1.10121,3.75,6.92
2016.07.22 13:10:20.769,1.10118,1.1012,6.97,1.00
2016.07.22 13:10:20.820,1.10119,1.10121,2.85,1.29
2016.07.22 13:10:20.872,1.10119,1.10121,2.85,1.22
2016.07.22 13:10:20.923,1.10121,1.10123,2.12,8.31
2016.07.22 13:10:20.974,1.10122,1.10123,1.25,4.56
2016.07.22 13:10:21.025,1.10123,1.10124,1.12,2.25
2016.07.22 13:10:21.076,1.10123,1.10124,1.12,1.10
2016.07.22 13:10:21.127,1.10123,1.10126,2.25,1.87
2016.07.22 13:10:21.243,1.10124,1.10127,1.00,4.20
2016.07.22 13:10:21.295,1.10123,1.10125,5.70,1.00
2016.07.22 13:10:21.347,1.10123,1.10125,4.95,1.00
2016.07.22 13:10:21.398,1.10123,1.10125,4.20,1.00
2016.07.22 13:10:21.500,1.10123,1.10124,3.82,1.00
2016.07.22 13:10:21.551,1.10123,1.10125,4.01,2.25
2016.07.22 13:10:21.603,1.10123,1.10125,4.01,1.00
2016.07.22 13:10:21.654,1.10123,1.10127,3.82,3.38
2016.07.22 13:10:21.705,1.10124,1.10127,3.37,1.50
2016.07.22 13:10:21.756,1.10125,1.10127,1.00,1.50
2016.07.22 13:10:21.807,1.10125,1.10126,1.00,1.00
2016.07.22 13:10:21.859,1.10124,1.10127,5.06,1.50
2016.07.22 13:10:21.910,1.10124,1.10127,5.81,1.00
2016.07.22 13:10:21.960,1.10124,1.10128,5.44,3.86
2016.07.22 13:10:22.011,1.10125,1.10128,2.62,3.86
2016.07.22 13:10:22.302,1.10125,1.10128,3.00,3.86
2016.07.22 13:10:22.354,1.10125,1.10128,3.37,3.11
2016.07.22 13:10:22.406,1.10125,1.10128,3.00,2.36
2016.07.22 13:10:22.559,1.10125,1.10128,2.62,2.36
2016.07.22 13:10:22.712,1.10124,1.10126,8.44,1.00
2016.07.22 13:10:22.813,1.10124,1.10126,8.06,1.00
2016.07.22 13:10:23.224,1.10124,1.10126,5.44,1.00
2016.07.22 13:10:23.479,1.10124,1.10126,3.19,1.00
2016.07.22 13:10:23.530,1.10124,1.10126,2.25,1.35
2016.07.22 13:10:23.581,1.10124,1.10126,1.37,1.87
2016.07.22 13:10:23.633,1.10122,1.10123,2.81,1.00
2016.07.22 13:10:23.684,1.10122,1.10124,1.31,2.81
2016.07.22 13:10:23.735,1.10121,1.10122,1.50,1.35
2016.07.22 13:10:23.786,1.10121,1.10122,1.12,3.22
2016.07.22 13:10:23.837,1.10119,1.10121,1.25,1.50
2016.07.22 13:10:24.222,1.10119,1.10121,1.25,2.10
2016.07.22 13:10:24.323,1.10119,1.10121,1.25,1.50
2016.07.22 13:10:24.374,1.10119,1.10121,1.00,1.50
2016.07.22 13:10:24.425,1.10119,1.10122,3.00,1.12
2016.07.22 13:10:24.476,1.10119,1.10122,3.75,1.00
2016.07.22 13:10:24.629,1.1012,1.10122,1.50,1.00
2016.07.22 13:10:24.781,1.1012,1.10122,1.00,1.00
2016.07.22 13:10:24.832,1.10119,1.10122,2.62,1.00
2016.07.22 13:10:25.231,1.10119,1.10122,1.87,1.00
2016.07.22 13:10:25.332,1.10119,1.10122,2.62,1.00
2016.07.22 13:10:25.486,1.10119,1.10122,2.64,1.00
2016.07.22 13:10:25.741,1.10119,1.10122,3.24,1.00
2016.07.22 13:10:25.792,1.10119,1.10123,3.43,7.20
2016.07.22 13:10:25.843,1.10122,1.10124,3.60,9.19
2016.07.22 13:10:25.894,1.10125,1.10126,3.00,27.56
2016.07.22 13:10:25.945,1.10124,1.10126,15.67,5.99
2016.07.22 13:10:25.996,1.10125,1.10126,1.31,1.87
2016.07.22 13:10:26.087,1.10125,1.10126,6.38,1.87
2016.07.22 13:10:26.139,1.10129,1.10131,1.31,5.24
2016.07.22 13:10:26.190,1.10129,1.10131,2.31,4.64
2016.07.22 13:10:26.242,1.10129,1.10131,3.06,4.20
2016.07.22 13:10:26.293,1.10129,1.1013,2.06,1.12
2016.07.22 13:10:26.344,1.10129,1.1013,2.06,2.25
2016.07.22 13:10:26.395,1.10128,1.10129,4.31,1.12
2016.07.22 13:10:26.446,1.10128,1.1013,3.56,1.87
2016.07.22 13:10:26.498,1.10129,1.1013,1.31,3.22
2016.07.22 13:10:26.550,1.10128,1.10129,1.00,1.00
2016.07.22 13:10:26.653,1.10126,1.10128,6.56,1.00
2016.07.22 13:10:26.705,1.10126,1.10129,6.94,1.00
2016.07.22 13:10:26.756,1.10126,1.10129,15.19,1.12
2016.07.22 13:10:26.842,1.10128,1.10129,1.00,1.50
2016.07.22 13:10:26.895,1.10127,1.10128,1.20,1.00
2016.07.22 13:10:26.946,1.10128,1.10129,1.00,2.47
2016.07.22 13:10:26.997,1.10126,1.10129,3.45,2.47
2016.07.22 13:10:27.049,1.10126,1.10128,1.57,3.00
2016.07.22 13:10:27.101,1.10126,1.10127,1.57,1.12
2016.07.22 13:10:27.152,1.10126,1.10127,1.95,2.25
2016.07.22 13:10:27.203,1.10126,1.10127,1.87,2.25
2016.07.22 13:10:27.254,1.10126,1.10127,1.50,2.25
2016.07.22 13:10:27.356,1.10126,1.10127,2.25,2.25
2016.07.22 13:10:27.560,1.10126,1.10127,2.25,1.50
2016.07.22 13:10:27.611,1.10126,1.10127,1.00,1.50
2016.07.22 13:10:27.662,1.10126,1.10127,1.00,1.87
2016.07.22 13:10:27.714,1.10126,1.10127,1.00,2.25
2016.07.22 13:10:27.792,1.10125,1.10126,6.26,1.12
2016.07.22 13:10:27.843,1.10125,1.10127,5.57,2.25
2016.07.22 13:10:27.895,1.10125,1.10126,4.50,1.12
2016.07.22 13:10:27.946,1.10126,1.10127,1.00,4.50
2016.07.22 13:10:27.997,1.10125,1.10127,5.25,4.50
2016.07.22 13:10:28.048,1.10125,1.10127,4.50,4.50
2016.07.22 13:10:28.150,1.10126,1.10127,1.00,4.50
2016.07.22 13:10:28.252,1.10126,1.10127,1.00,2.62
2016.07.22 13:10:28.353,1.10126,1.10127,1.00,4.87
2016.07.22 13:10:28.455,1.10126,1.10127,1.00,4.31
2016.07.22 13:10:28.507,1.10126,1.10127,1.00,3.94
2016.07.22 13:10:28.558,1.10126,1.10128,1.00,7.76
2016.07.22 13:10:28.609,1.10128,1.1013,3.25,20.44
2016.07.22 13:10:28.660,1.10129,1.1013,1.00,9.75
2016.07.22 13:10:28.711,1.10131,1.10132,2.25,18.75
2016.07.22 13:10:28.836,1.10132,1.10133,1.00,5.25
2016.07.22 13:10:28.890,1.1013,1.10132,11.06,3.37
2016.07.22 13:10:28.942,1.1013,1.10132,4.69,2.25
2016.07.22 13:10:28.993,1.10131,1.10132,1.00,1.00
2016.07.22 13:10:29.352,1.1013,1.10131,3.26,1.00
2016.07.22 13:10:29.403,1.1013,1.10131,2.89,1.00
2016.07.22 13:10:29.454,1.1013,1.10131,1.76,1.00
2016.07.22 13:10:29.508,1.1013,1.10131,1.39,1.50
2016.07.22 13:10:29.648,1.1013,1.10131,1.25,2.81
2016.07.22 13:10:30.054,1.1013,1.10131,1.25,2.62
2016.07.22 13:10:30.105,1.1013,1.10131,1.00,2.62
2016.07.22 13:10:30.410,1.10129,1.10131,3.19,2.62
2016.07.22 13:10:30.461,1.10129,1.10131,2.44,1.87
2016.07.22 13:10:30.563,1.10129,1.10131,3.19,2.62
2016.07.22 13:10:30.614,1.10129,1.10131,3.19,3.00
2016.07.22 13:10:30.960,1.10129,1.10131,3.19,3.19
2016.07.22 13:10:31.570,1.10129,1.10131,2.44,2.25
2016.07.22 13:10:31.672,1.10129,1.10131,3.19,3.19
2016.07.22 13:10:31.723,1.1013,1.10131,1.00,2.81
2016.07.22 13:10:31.972,1.10129,1.1013,3.19,1.12
2016.07.22 13:10:32.582,1.1013,1.10131,1.00,2.25
2016.07.22 13:10:32.684,1.1013,1.10131,1.00,2.06
2016.07.22 13:10:32.786,1.1013,1.10131,1.00,1.87
2016.07.22 13:10:33.021,1.1013,1.10131,1.50,1.87
2016.07.22 13:10:33.122,1.1013,1.10131,1.00,1.87
2016.07.22 13:10:34.423,1.1013,1.10132,3.37,6.64
2016.07.22 13:10:34.474,1.10132,1.10133,1.00,9.94
2016.07.22 13:10:34.525,1.10134,1.10136,4.50,28.16
2016.07.22 13:10:34.577,1.10132,1.10134,4.50,4.35
2016.07.22 13:10:34.628,1.10133,1.10134,1.12,4.35
2016.07.22 13:10:34.679,1.10137,1.10139,2.25,9.98
2016.07.22 13:10:34.730,1.10137,1.10139,3.37,9.98
2016.07.22 13:10:34.782,1.10137,1.10139,3.37,1.00
2016.07.22 13:10:34.834,1.10137,1.10139,3.00,1.00
2016.07.22 13:10:34.885,1.10137,1.10139,2.25,1.00
2016.07.22 13:10:35.040,1.10137,1.10138,2.25,1.12
2016.07.22 13:10:35.091,1.10136,1.10137,2.06,3.37
2016.07.22 13:10:35.142,1.10136,1.10137,1.00,4.50
2016.07.22 13:10:35.194,1.10134,1.10136,4.42,1.12
2016.07.22 13:10:35.245,1.10134,1.10136,2.85,1.87
2016.07.22 13:10:35.347,1.10134,1.10136,2.10,1.12
2016.07.22 13:10:35.450,1.10134,1.10136,1.50,2.06
2016.07.22 13:10:35.552,1.10134,1.10136,1.50,2.62
2016.07.22 13:10:35.654,1.10134,1.10136,1.50,1.87
2016.07.22 13:10:36.093,1.10134,1.10136,1.00,1.87
2016.07.22 13:10:36.602,1.10134,1.10136,1.25,1.87
2016.07.22 13:10:37.365,1.10134,1.10136,1.25,2.62
2016.07.22 13:10:38.436,1.10134,1.10137,1.25,9.82
2016.07.22 13:10:38.490,1.10134,1.10136,1.25,2.62
2016.07.22 13:10:38.542,1.10134,1.10136,1.31,3.25
2016.07.22 13:10:38.593,1.10134,1.10136,2.21,1.00
2016.07.22 13:10:38.695,1.10134,1.10136,2.59,1.00
2016.07.22 13:10:38.746,1.10135,1.10137,1.50,2.89
2016.07.22 13:10:38.797,1.10135,1.10137,1.69,1.95
2016.07.22 13:10:38.899,1.10135,1.10137,2.44,1.95
2016.07.22 13:10:39.106,1.10135,1.10137,3.19,2.70
2016.07.22 13:10:39.221,1.10135,1.10137,2.44,2.70
2016.07.22 13:10:39.272,1.10135,1.10137,2.44,3.45
2016.07.22 13:10:39.323,1.10135,1.10137,3.19,3.45
2016.07.22 13:10:39.425,1.10136,1.10137,2.44,2.32
2016.07.22 13:10:39.476,1.10137,1.10138,1.87,2.55
2016.07.22 13:10:39.584,1.10138,1.10139,3.94,1.87
2016.07.22 13:10:39.635,1.1014,1.10141,1.69,8.36
2016.07.22 13:10:39.686,1.10141,1.10142,1.69,10.16
2016.07.22 13:10:39.738,1.10142,1.10143,1.00,12.11
2016.07.22 13:10:39.790,1.10143,1.10144,1.00,11.66
2016.07.22 13:10:39.841,1.10141,1.10142,2.81,1.12
2016.07.22 13:10:39.892,1.10142,1.10143,3.37,7.87
2016.07.22 13:10:39.944,1.10142,1.10143,3.75,13.50
2016.07.22 13:10:39.995,1.10139,1.10141,3.00,3.00
2016.07.22 13:10:40.047,1.10138,1.1014,3.37,3.75
2016.07.22 13:10:40.098,1.10138,1.10139,3.37,3.00
2016.07.22 13:10:40.149,1.10137,1.10139,7.54,1.00
2016.07.22 13:10:40.231,1.10137,1.10138,5.66,1.50
2016.07.22 13:10:40.283,1.10138,1.10139,1.69,1.00
2016.07.22 13:10:40.384,1.10138,1.1014,1.31,1.00
2016.07.22 13:10:40.588,1.10138,1.10139,2.06,1.00
2016.07.22 13:10:40.741,1.10137,1.10139,7.69,1.00
2016.07.22 13:10:40.792,1.10137,1.10139,6.94,1.00
2016.07.22 13:10:40.895,1.10137,1.10139,6.19,2.12
2016.07.22 13:10:40.947,1.10136,1.10138,11.81,3.29
2016.07.22 13:10:41.060,1.10134,1.10136,7.46,3.25
2016.07.22 13:10:41.111,1.10134,1.10135,4.31,1.12
2016.07.22 13:10:41.164,1.10133,1.10135,3.19,1.31
2016.07.22 13:10:41.215,1.10133,1.10135,3.19,2.12
2016.07.22 13:10:41.267,1.10133,1.10135,3.19,1.00
2016.07.22 13:10:41.319,1.10133,1.10135,3.94,1.00
2016.07.22 13:10:41.582,1.10133,1.10135,6.94,1.00
2016.07.22 13:10:41.633,1.10133,1.10135,8.44,1.00
2016.07.22 13:10:41.735,1.10134,1.10135,1.31,1.00
2016.07.22 13:10:42.337,1.10134,1.10136,1.31,1.50
2016.07.22 13:10:42.388,1.10134,1.10136,1.31,1.00
2016.07.22 13:10:42.439,1.10135,1.10136,1.00,1.00
2016.07.22 13:10:42.490,1.10135,1.10136,1.50,1.00
2016.07.22 13:10:43.087,1.10136,1.10137,1.25,3.64
2016.07.22 13:10:43.139,1.10139,1.10141,3.37,35.44
2016.07.22 13:10:43.190,1.1014,1.10142,8.69,12.00
2016.07.22 13:10:43.241,1.10142,1.10143,1.12,15.19
2016.07.22 13:10:43.293,1.10142,1.10143,2.81,2.25
2016.07.22 13:10:43.344,1.10142,1.10143,3.94,1.00
2016.07.22 13:10:43.396,1.10142,1.10144,4.69,1.50
2016.07.22 13:10:43.448,1.10142,1.10143,2.44,1.12
2016.07.22 13:10:43.499,1.10141,1.10143,1.69,1.12
2016.07.22 13:10:43.601,1.10141,1.10143,1.19,1.12
2016.07.22 13:10:43.652,1.10141,1.10143,1.19,2.47
2016.07.22 13:10:43.703,1.10141,1.10142,1.25,1.12
2016.07.22 13:10:43.824,1.1014,1.10141,2.81,1.00
2016.07.22 13:10:43.876,1.10139,1.10141,2.44,1.00
2016.07.22 13:10:43.928,1.10139,1.10141,1.69,1.50
2016.07.22 13:10:44.080,1.10139,1.10141,1.69,2.25
2016.07.22 13:10:44.131,1.10139,1.10141,1.69,2.62
2016.07.22 13:10:44.182,1.10139,1.10141,1.69,2.62
2016.07.22 13:10:44.234,1.10139,1.10141,1.69,1.00
2016.07.22 13:10:44.285,1.10139,1.10142,3.19,3.37
2016.07.22 13:10:44.336,1.10139,1.10142,4.31,1.12
2016.07.22 13:10:44.388,1.10139,1.10143,5.44,3.75
2016.07.22 13:10:44.490,1.10139,1.10143,3.94,2.63
2016.07.22 13:10:44.541,1.10139,1.10143,5.44,2.63
2016.07.22 13:10:44.677,1.1014,1.10143,1.69,3.38
2016.07.22 13:10:44.728,1.1014,1.10143,1.69,3.75
2016.07.22 13:10:44.830,1.1014,1.10143,1.69,5.25
2016.07.22 13:10:44.881,1.1014,1.10143,1.69,5.63
2016.07.22 13:10:44.932,1.1014,1.10143,1.69,5.25
2016.07.22 13:10:44.983,1.1014,1.10143,1.25,4.88
2016.07.22 13:10:45.086,1.1014,1.10143,1.69,4.88
2016.07.22 13:10:45.188,1.1014,1.10143,1.69,5.48
2016.07.22 13:10:45.392,1.1014,1.10143,1.69,5.66
2016.07.22 13:10:45.443,1.1014,1.10143,1.69,6.04
2016.07.22 13:10:45.494,1.1014,1.10143,1.69,7.54
2016.07.22 13:10:45.617,1.1014,1.10143,1.69,6.56
2016.07.22 13:10:45.668,1.1014,1.10143,1.69,5.06
2016.07.22 13:10:45.720,1.10141,1.10143,1.00,4.69
2016.07.22 13:10:45.775,1.10141,1.10143,1.00,3.56
2016.07.22 13:10:45.828,1.1014,1.10143,3.94,1.88
2016.07.22 13:10:45.879,1.1014,1.10143,5.44,1.88
2016.07.22 13:10:45.930,1.10141,1.10143,1.25,3.56
2016.07.22 13:10:46.235,1.1014,1.10142,6.19,1.00
2016.07.22 13:10:46.388,1.1014,1.10142,4.69,1.00
2016.07.22 13:10:46.496,1.1014,1.10142,6.19,1.00
2016.07.22 13:10:46.798,1.1014,1.10142,5.44,1.00
2016.07.22 13:10:46.909,1.1014,1.10142,3.94,1.00
2016.07.22 13:10:46.960,1.10139,1.1014,8.44,1.12
2016.07.22 13:10:47.012,1.10139,1.1014,4.31,1.12
2016.07.22 13:10:47.063,1.10139,1.1014,2.06,1.50
2016.07.22 13:10:47.114,1.10139,1.1014,1.31,4.12
2016.07.22 13:10:47.165,1.10138,1.1014,3.19,4.12
2016.07.22 13:10:47.267,1.10137,1.10139,7.31,1.00
2016.07.22 13:10:47.318,1.10138,1.10139,3.19,1.12
2016.07.22 13:10:47.500,1.10139,1.1014,1.50,1.12
2016.07.22 13:10:47.552,1.10139,1.1014,1.50,1.00
2016.07.22 13:10:47.603,1.10139,1.10141,1.69,1.57
2016.07.22 13:10:47.655,1.10139,1.1014,1.69,1.00
2016.07.22 13:10:49.151,1.10139,1.1014,1.25,1.00
2016.07.22 13:10:50.127,1.10139,1.10141,1.69,2.25
2016.07.22 13:10:50.178,1.10139,1.10141,2.06,2.25
2016.07.22 13:10:50.229,1.10139,1.10141,3.56,2.25
2016.07.22 13:10:50.280,1.10139,1.10141,3.19,2.25
2016.07.22 13:10:50.331,1.10139,1.10141,2.44,3.00
2016.07.22 13:10:50.484,1.10139,1.10141,2.81,3.00
2016.07.22 13:10:50.535,1.10139,1.10141,2.44,1.12
2016.07.22 13:10:50.585,1.1014,1.10142,1.25,1.57
2016.07.22 13:10:50.637,1.10142,1.10143,1.00,2.89
2016.07.22 13:10:50.688,1.10142,1.10143,1.00,2.51
2016.07.22 13:10:50.739,1.10142,1.10143,2.62,1.00
2016.07.22 13:10:50.844,1.10142,1.10144,2.44,3.00
2016.07.22 13:10:50.895,1.10142,1.10143,2.81,1.50
2016.07.22 13:10:50.946,1.10142,1.10143,6.19,1.50
2016.07.22 13:10:50.997,1.10142,1.10143,6.94,1.50
2016.07.22 13:10:51.150,1.10142,1.10143,5.81,1.12
2016.07.22 13:10:51.201,1.10142,1.10143,6.19,1.00
2016.07.22 13:10:51.252,1.10142,1.10144,6.56,1.00
2016.07.22 13:10:51.303,1.10142,1.10144,5.06,1.00
2016.07.22 13:10:51.456,1.10142,1.10144,7.69,1.00
2016.07.22 13:10:51.507,1.10142,1.10144,8.06,1.00
2016.07.22 13:10:51.558,1.10142,1.10144,7.69,1.00
2016.07.22 13:10:51.609,1.10142,1.10144,7.31,1.00
2016.07.22 13:10:51.660,1.10142,1.10144,6.94,1.00
2016.07.22 13:10:51.760,1.10142,1.10144,5.44,1.00
2016.07.22 13:10:51.812,1.10142,1.10144,6.94,1.00
2016.07.22 13:10:51.864,1.10142,1.10144,7.31,1.00
2016.07.22 13:10:51.916,1.10142,1.10144,6.56,1.00
2016.07.22 13:10:52.069,1.10142,1.10144,6.19,1.00
2016.07.22 13:10:52.172,1.10142,1.10144,6.56,1.00
2016.07.22 13:10:52.273,1.10142,1.10144,6.19,1.00
2016.07.22 13:10:52.862,1.10142,1.10144,4.69,1.00
2016.07.22 13:10:53.015,1.10142,1.10144,5.44,1.00
2016.07.22 13:10:53.621,1.10142,1.10144,4.69,1.00
2016.07.22 13:10:53.827,1.10142,1.10144,5.44,1.00
2016.07.22 13:10:54.541,1.10142,1.10144,3.94,1.00
2016.07.22 13:10:54.865,1.10142,1.10144,3.19,1.00
2016.07.22 13:10:54.916,1.10143,1.10144,1.00,1.00
2016.07.22 13:10:55.018,1.10142,1.10144,3.19,1.00
2016.07.22 13:10:55.069,1.10142,1.10144,3.94,1.00
2016.07.22 13:10:55.120,1.10142,1.10144,3.19,1.00
2016.07.22 13:10:55.432,1.10142,1.10144,3.94,1.00
2016.07.22 13:10:55.483,1.10142,1.10144,3.19,1.00
2016.07.22 13:10:55.641,1.10142,1.10143,1.69,1.00
2016.07.22 13:10:55.743,1.10141,1.10143,4.91,1.00
2016.07.22 13:10:55.947,1.10141,1.10143,5.29,1.00
2016.07.22 13:10:56.049,1.10141,1.10143,2.59,1.87
2016.07.22 13:10:56.100,1.10141,1.10143,2.44,1.87
2016.07.22 13:10:56.253,1.10141,1.10143,2.44,1.50
2016.07.22 13:10:56.354,1.10141,1.10143,1.69,1.50
2016.07.22 13:10:56.405,1.10141,1.10143,1.69,1.87
2016.07.22 13:10:56.456,1.10141,1.10143,2.44,1.87
2016.07.22 13:10:56.947,1.10141,1.10143,1.69,2.62
2016.07.22 13:10:57.049,1.10141,1.10143,1.69,1.87
2016.07.22 13:10:57.100,1.10141,1.10142,1.69,1.00
2016.07.22 13:10:57.152,1.1014,1.10142,5.44,1.50
2016.07.22 13:10:57.203,1.1014,1.10142,3.19,1.50
2016.07.22 13:10:57.254,1.1014,1.10142,3.19,1.00
2016.07.22 13:10:57.305,1.1014,1.10143,3.19,4.42
2016.07.22 13:10:57.356,1.1014,1.10143,2.44,1.80
2016.07.22 13:10:57.407,1.1014,1.10143,2.06,1.20
2016.07.22 13:10:57.458,1.1014,1.10142,3.19,1.00
2016.07.22 13:10:57.509,1.1014,1.10142,3.94,1.00
2016.07.22 13:10:57.640,1.1014,1.10142,3.94,1.00
2016.07.22 13:10:57.743,1.10139,1.10141,7.31,1.00
2016.07.22 13:10:58.049,1.10139,1.10141,6.56,1.00
2016.07.22 13:10:58.354,1.10139,1.10141,6.94,1.00
2016.07.22 13:10:58.844,1.10139,1.10141,7.31,1.00
2016.07.22 13:10:58.896,1.10139,1.10141,6.56,1.00
2016.07.22 13:10:58.947,1.10139,1.10141,5.44,1.00
2016.07.22 13:10:59.355,1.10139,1.10141,6.19,1.00
2016.07.22 13:10:59.674,1.1014,1.10141,2.06,1.00
2016.07.22 13:10:59.724,1.10139,1.10141,1.19,1.50
2016.07.22 13:10:59.776,1.10139,1.10141,1.69,2.62
2016.07.22 13:11:00.080,1.10139,1.10141,1.19,2.62
2016.07.22 13:11:00.182,1.10139,1.10141,1.69,2.62
2016.07.22 13:11:01.099,1.10139,1.10141,1.69,3.00
2016.07.22 13:11:01.150,1.10139,1.10141,1.19,3.00
2016.07.22 13:11:01.201,1.10139,1.10141,1.19,2.62
2016.07.22 13:11:01.252,1.10139,1.1014,1.25,1.00
2016.07.22 13:11:01.405,1.10139,1.1014,1.25,1.50
2016.07.22 13:11:01.529,1.10138,1.1014,4.80,1.50
2016.07.22 13:11:01.580,1.10139,1.1014,1.25,1.50
2016.07.22 13:11:01.682,1.10138,1.1014,4.80,1.50
2016.07.22 13:11:01.885,1.10138,1.1014,4.05,1.50
2016.07.22 13:11:02.190,1.10138,1.1014,3.30,1.50
2016.07.22 13:11:02.292,1.10138,1.1014,4.05,1.50
2016.07.22 13:11:02.344,1.10138,1.1014,3.30,1.50
2016.07.22 13:11:02.395,1.10138,1.10139,2.92,3.00
2016.07.22 13:11:02.557,1.10133,1.10134,4.12,3.37
2016.07.22 13:11:02.608,1.10132,1.10133,6.00,1.00
2016.07.22 13:11:02.659,1.10132,1.10133,2.62,1.10
2016.07.22 13:11:02.711,1.10133,1.10134,1.00,3.00
2016.07.22 13:11:02.763,1.10133,1.10134,1.50,1.57
2016.07.22 13:11:02.814,1.10133,1.10135,2.25,1.87
2016.07.22 13:11:02.865,1.10134,1.10136,1.00,1.95
2016.07.22 13:11:02.917,1.10134,1.10136,1.00,1.57
2016.07.22 13:11:02.969,1.10133,1.10136,3.94,1.95
2016.07.22 13:11:03.020,1.10135,1.10136,1.00,1.95
2016.07.22 13:11:03.116,1.10135,1.10137,1.87,4.12
2016.07.22 13:11:03.168,1.10136,1.10138,2.32,1.35
2016.07.22 13:11:03.270,1.10136,1.10138,7.87,1.00
2016.07.22 13:11:03.323,1.10136,1.10138,8.25,1.00
2016.07.22 13:11:03.478,1.10137,1.10138,1.00,1.00
2016.07.22 13:11:03.683,1.10137,1.10139,1.00,5.14
2016.07.22 13:11:03.785,1.10136,1.10138,3.60,1.00
2016.07.22 13:11:03.922,1.10137,1.10138,1.00,1.00
2016.07.22 13:11:04.178,1.10137,1.10139,1.00,3.45
2016.07.22 13:11:04.280,1.10136,1.10139,3.60,4.20
2016.07.22 13:11:04.331,1.10136,1.10138,3.60,1.00
2016.07.22 13:11:04.382,1.10137,1.10138,1.00,1.00
2016.07.22 13:11:04.433,1.10137,1.10138,1.50,1.00
2016.07.22 13:11:04.484,1.10137,1.10139,1.87,1.95
2016.07.22 13:11:04.535,1.10137,1.10139,1.12,1.57
2016.07.22 13:11:04.586,1.10139,1.1014,1.00,5.25
2016.07.22 13:11:04.707,1.10139,1.1014,1.00,1.00
2016.07.22 13:11:04.759,1.10138,1.10141,2.14,1.50
2016.07.22 13:11:04.860,1.10138,1.10141,2.14,2.25
2016.07.22 13:11:04.963,1.10138,1.10141,2.14,3.00
2016.07.22 13:11:05.065,1.10138,1.10141,1.76,3.00
2016.07.22 13:11:05.116,1.10138,1.10141,1.01,3.00
2016.07.22 13:11:05.218,1.10138,1.10141,1.01,3.60
2016.07.22 13:11:05.270,1.10138,1.10141,1.01,4.16
2016.07.22 13:11:05.475,1.10138,1.10141,1.01,3.97
2016.07.22 13:11:05.660,1.10138,1.10141,1.01,3.22
2016.07.22 13:11:05.712,1.10138,1.10141,1.01,3.97
2016.07.22 13:11:05.763,1.10138,1.10141,1.76,4.72
2016.07.22 13:11:06.017,1.10138,1.10141,1.76,5.10
2016.07.22 13:11:06.068,1.10138,1.10141,1.01,5.85
2016.07.22 13:11:06.170,1.10138,1.1014,1.01,1.12
2016.07.22 13:11:06.273,1.10137,1.1014,8.44,1.87
2016.07.22 13:11:06.324,1.10137,1.1014,7.69,1.87
2016.07.22 13:11:06.638,1.10137,1.1014,7.76,1.87
2016.07.22 13:11:06.791,1.10137,1.1014,8.14,1.50
2016.07.22 13:11:06.893,1.10138,1.10141,1.31,4.50
2016.07.22 13:11:06.944,1.10138,1.10141,1.31,3.75
2016.07.22 13:11:07.119,1.10138,1.10141,1.31,2.25
2016.07.22 13:11:07.170,1.10138,1.10141,1.31,3.75
2016.07.22 13:11:07.657,1.10137,1.1014,7.76,1.87
2016.07.22 13:11:07.709,1.10136,1.10139,7.01,2.62
2016.07.22 13:11:07.760,1.10136,1.10139,5.89,3.97
2016.07.22 13:11:07.812,1.10136,1.10138,3.34,1.50
2016.07.22 13:11:07.863,1.10136,1.10138,1.76,1.50
2016.07.22 13:11:07.914,1.10136,1.10138,1.69,1.50
2016.07.22 13:11:08.428,1.10136,1.10138,2.44,1.00
2016.07.22 13:11:08.570,1.10136,1.10138,2.44,1.50
2016.07.22 13:11:08.773,1.10136,1.10138,3.19,1.00
2016.07.22 13:11:08.824,1.10136,1.10139,3.19,4.20
2016.07.22 13:11:08.875,1.10137,1.10139,2.44,1.95
2016.07.22 13:11:08.926,1.10137,1.10139,3.94,1.10
2016.07.22 13:11:08.977,1.10138,1.1014,1.12,1.87
2016.07.22 13:11:09.029,1.10138,1.1014,1.12,1.57
2016.07.22 13:11:09.080,1.10138,1.1014,1.31,1.10
2016.07.22 13:11:09.131,1.10138,1.1014,1.31,1.00
2016.07.22 13:11:09.233,1.10138,1.1014,2.81,1.00
2016.07.22 13:11:09.284,1.10138,1.1014,4.31,1.00
2016.07.22 13:11:09.335,1.10138,1.1014,4.69,1.00
2016.07.22 13:11:09.529,1.10138,1.1014,4.31,1.00
2016.07.22 13:11:09.580,1.10138,1.10141,4.31,2.25
2016.07.22 13:11:09.733,1.10138,1.10141,3.94,2.85
2016.07.22 13:11:09.784,1.10138,1.10141,3.75,3.60
2016.07.22 13:11:09.835,1.10138,1.10141,3.75,3.97
2016.07.22 13:11:10.685,1.10138,1.10141,3.00,2.47
2016.07.22 13:11:10.787,1.10138,1.10141,3.75,3.97
2016.07.22 13:11:10.889,1.10138,1.10141,1.50,2.47
2016.07.22 13:11:10.990,1.10138,1.10141,2.25,3.97
2016.07.22 13:11:11.041,1.10138,1.10141,1.50,3.97
2016.07.22 13:11:11.253,1.10138,1.10141,1.50,3.22
2016.07.22 13:11:11.304,1.10138,1.10141,1.87,1.50
2016.07.22 13:11:11.406,1.10138,1.10141,2.44,1.00
2016.07.22 13:11:11.509,1.10139,1.10142,1.00,4.05
2016.07.22 13:11:11.639,1.10139,1.10141,1.00,1.00
2016.07.22 13:11:13.239,1.10139,1.10141,1.12,1.00
2016.07.22 13:11:13.290,1.10139,1.10142,1.12,2.85
2016.07.22 13:11:13.341,1.10139,1.10142,1.00,2.47
2016.07.22 13:11:13.907,1.10139,1.10141,1.00,1.00
2016.07.22 13:11:14.008,1.10139,1.10141,1.50,1.00
2016.07.22 13:11:14.161,1.10139,1.1014,1.00,1.00
2016.07.22 13:11:14.721,1.10138,1.1014,4.20,1.00
2016.07.22 13:11:14.890,1.10139,1.1014,1.00,1.00
2016.07.22 13:11:14.941,1.10138,1.1014,4.20,1.00
2016.07.22 13:11:14.992,1.10139,1.1014,1.00,1.00
2016.07.22 13:11:15.195,1.10138,1.1014,4.20,1.00
2016.07.22 13:11:15.297,1.10139,1.1014,1.00,1.00
2016.07.22 13:11:15.399,1.10138,1.1014,3.64,1.00
2016.07.22 13:11:15.501,1.10138,1.1014,2.14,1.00
2016.07.22 13:11:15.604,1.10138,1.1014,2.89,1.00
2016.07.22 13:11:15.706,1.10138,1.1014,4.39,1.12
2016.07.22 13:11:15.757,1.10138,1.1014,3.64,1.12
2016.07.22 13:11:15.808,1.10138,1.1014,3.45,1.35
2016.07.22 13:11:15.938,1.10138,1.1014,2.14,1.35
2016.07.22 13:11:16.397,1.10138,1.1014,1.20,1.35
2016.07.22 13:11:16.500,1.10138,1.1014,2.14,1.35
2016.07.22 13:11:16.807,1.10138,1.1014,1.20,1.35
2016.07.22 13:11:16.909,1.10138,1.1014,2.14,1.35
2016.07.22 13:11:17.141,1.10138,1.1014,1.20,1.35
2016.07.22 13:11:17.246,1.10138,1.1014,2.14,1.35
2016.07.22 13:11:17.709,1.10138,1.1014,1.20,1.35
2016.07.22 13:11:17.811,1.1014,1.10141,1.25,1.12
2016.07.22 13:11:17.863,1.1014,1.10142,3.04,4.50
2016.07.22 13:11:17.915,1.10143,1.10144,1.00,4.87
2016.07.22 13:11:17.966,1.10143,1.10144,1.31,1.12
2016.07.22 13:11:18.017,1.10145,1.10146,2.43,6.45
2016.07.22 13:11:18.069,1.10145,1.10146,2.43,1.57
2016.07.22 13:11:18.161,1.10145,1.10147,4.12,3.37
2016.07.22 13:11:18.214,1.10146,1.10148,3.00,1.95
2016.07.22 13:11:18.265,1.10147,1.10148,1.00,1.00
2016.07.22 13:11:18.316,1.10147,1.10149,1.19,1.10
2016.07.22 13:11:18.367,1.10147,1.1015,1.69,3.07
2016.07.22 13:11:18.418,1.10147,1.1015,3.75,1.10
2016.07.22 13:11:18.469,1.10147,1.10151,3.75,5.70
2016.07.22 13:11:18.520,1.10147,1.10151,6.19,2.70
2016.07.22 13:11:18.622,1.10147,1.10151,7.84,2.32
2016.07.22 13:11:18.673,1.10147,1.10151,8.21,2.25
2016.07.22 13:11:18.826,1.10147,1.10151,8.59,2.25
2016.07.22 13:11:18.928,1.10148,1.10151,1.01,2.25
2016.07.22 13:11:19.060,1.10147,1.1015,8.25,1.00
2016.07.22 13:11:19.112,1.10148,1.1015,2.32,1.00
2016.07.22 13:11:19.316,1.10148,1.1015,1.95,1.00
2016.07.22 13:11:19.418,1.10148,1.1015,3.45,1.00
2016.07.22 13:11:19.520,1.10148,1.1015,4.20,1.00
2016.07.22 13:11:19.622,1.10148,1.1015,3.45,1.00
2016.07.22 13:11:19.673,1.10148,1.10151,4.57,1.50
2016.07.22 13:11:19.724,1.10149,1.10151,2.81,1.00
2016.07.22 13:11:19.827,1.10149,1.10151,3.37,1.00
2016.07.22 13:11:19.878,1.1015,1.10151,2.25,1.00
2016.07.22 13:11:19.998,1.10151,1.10153,1.50,2.33
2016.07.22 13:11:20.050,1.10151,1.10153,3.94,1.10
2016.07.22 13:11:20.102,1.10152,1.10154,1.50,3.00
2016.07.22 13:11:20.154,1.10153,1.10154,1.25,1.00
2016.07.22 13:11:20.206,1.10152,1.10154,3.00,1.00
2016.07.22 13:11:20.258,1.10151,1.10153,8.32,1.00
2016.07.22 13:11:20.309,1.10151,1.10153,7.20,1.00
2016.07.22 13:11:20.563,1.10151,1.10153,6.45,1.00
2016.07.22 13:11:20.614,1.10151,1.10153,6.26,1.00
2016.07.22 13:11:20.716,1.10151,1.10153,5.51,1.00
2016.07.22 13:11:20.841,1.10151,1.10153,4.76,1.12
2016.07.22 13:11:20.892,1.10151,1.10153,3.94,1.12
2016.07.22 13:11:20.943,1.10151,1.10153,3.19,1.00
2016.07.22 13:11:20.995,1.10152,1.10153,1.25,1.00
2016.07.22 13:11:21.046,1.10153,1.10154,1.00,1.00
2016.07.22 13:11:21.097,1.10153,1.10154,1.00,1.50
2016.07.22 13:11:21.149,1.10153,1.10154,1.50,1.00
2016.07.22 13:11:21.200,1.10153,1.10154,1.50,1.50
2016.07.22 13:11:21.251,1.10151,1.10154,4.27,5.25
2016.07.22 13:11:21.303,1.1015,1.10152,9.75,3.62
2016.07.22 13:11:21.354,1.1015,1.10151,3.94,1.00
2016.07.22 13:11:21.405,1.10149,1.10151,2.44,1.00
2016.07.22 13:11:21.456,1.10149,1.10151,1.76,1.50
2016.07.22 13:11:21.958,1.10148,1.1015,8.62,1.00
2016.07.22 13:11:22.009,1.10148,1.1015,6.94,1.00
2016.07.22 13:11:22.060,1.10148,1.1015,6.56,1.00
2016.07.22 13:11:22.111,1.10148,1.1015,6.26,1.00
2016.07.22 13:11:22.315,1.10149,1.1015,1.25,1.12
2016.07.22 13:11:22.366,1.10149,1.1015,1.25,1.00
2016.07.22 13:11:22.417,1.10149,1.1015,1.31,1.00
2016.07.22 13:11:22.468,1.1015,1.10151,1.00,1.00
2016.07.22 13:11:22.621,1.1015,1.10151,1.50,1.00
2016.07.22 13:11:22.812,1.10149,1.10151,2.44,1.00
2016.07.22 13:11:22.864,1.10149,1.10151,2.51,1.00
2016.07.22 13:11:22.915,1.10149,1.10151,3.26,1.00
2016.07.22 13:11:23.118,1.10149,1.10151,3.07,1.00
2016.07.22 13:11:23.322,1.1015,1.10151,1.50,1.00
2016.07.22 13:11:25.317,1.1015,1.10151,1.00,1.00
2016.07.22 13:11:26.080,1.10149,1.10151,3.07,1.00
2016.07.22 13:11:26.181,1.10149,1.10151,3.26,1.00
2016.07.22 13:11:26.644,1.1015,1.10151,2.25,1.00
2016.07.22 13:11:26.695,1.1015,1.10151,3.00,1.00
2016.07.22 13:11:27.102,1.1015,1.10151,2.25,1.00
2016.07.22 13:11:27.357,1.1015,1.10151,1.50,1.00
2016.07.22 13:11:27.408,1.1015,1.10153,2.44,5.10
2016.07.22 13:11:27.459,1.1015,1.10153,3.19,6.60
2016.07.22 13:11:27.645,1.1015,1.10153,3.19,6.97
2016.07.22 13:11:28.052,1.1015,1.10153,2.44,5.47
2016.07.22 13:11:28.154,1.1015,1.10153,3.19,6.97
2016.07.22 13:11:28.206,1.1015,1.10152,1.69,1.00
2016.07.22 13:11:28.257,1.10149,1.10152,2.51,2.25
2016.07.22 13:11:28.359,1.10149,1.10151,2.44,1.00
2016.07.22 13:11:28.461,1.10149,1.10152,2.44,3.75
2016.07.22 13:11:28.512,1.10149,1.10152,2.44,5.25
2016.07.22 13:11:28.563,1.10149,1.10152,2.44,4.87
2016.07.22 13:11:28.677,1.10149,1.10152,2.44,5.25
2016.07.22 13:11:28.833,1.10149,1.10152,1.69,4.50
2016.07.22 13:11:29.037,1.10149,1.10152,2.44,5.25
2016.07.22 13:11:29.240,1.10149,1.10152,2.44,6.00
2016.07.22 13:11:29.546,1.10149,1.10152,2.44,6.75
2016.07.22 13:11:29.648,1.10149,1.10152,2.44,7.12
2016.07.22 13:11:29.854,1.10149,1.10152,2.44,6.75
2016.07.22 13:11:30.141,1.10149,1.10152,2.44,6.82
2016.07.22 13:11:30.192,1.10149,1.10152,2.44,7.42
2016.07.22 13:11:30.244,1.10149,1.10152,1.69,5.92
2016.07.22 13:11:30.346,1.10149,1.10152,1.69,4.42
2016.07.22 13:11:30.397,1.10149,1.1015,1.69,1.00
2016.07.22 13:11:30.947,1.10149,1.10151,1.69,1.00
2016.07.22 13:11:31.048,1.10148,1.1015,4.12,1.00
2016.07.22 13:11:31.150,1.10148,1.10151,5.25,1.00
2016.07.22 13:11:31.252,1.10148,1.10151,4.50,1.00
2016.07.22 13:11:31.455,1.10148,1.10151,3.75,1.00
2016.07.22 13:11:32.088,1.10149,1.10151,1.25,1.00
2016.07.22 13:11:32.597,1.10149,1.1015,1.25,1.00
2016.07.22 13:11:32.890,1.10149,1.1015,1.00,1.00
2016.07.22 13:11:33.361,1.10149,1.1015,1.25,1.00
2016.07.22 13:11:34.073,1.10149,1.1015,1.00,1.00
2016.07.22 13:11:34.276,1.10149,1.1015,1.25,1.00
2016.07.22 13:11:35.468,1.10149,1.1015,1.00,1.00
2016.07.22 13:11:35.570,1.10149,1.1015,1.25,1.00
2016.07.22 13:11:35.763,1.10152,1.10154,1.69,9.23
2016.07.22 13:11:35.814,1.10152,1.10154,2.44,1.00
2016.07.22 13:11:35.865,1.10152,1.10155,2.06,3.37
2016.07.22 13:11:35.916,1.10152,1.10155,3.56,3.22
2016.07.22 13:11:35.968,1.10153,1.10155,1.12,1.95
2016.07.22 13:11:36.019,1.10153,1.10155,2.62,1.10
2016.07.22 13:11:36.070,1.10154,1.10156,1.87,1.00
2016.07.22 13:11:36.121,1.10155,1.10156,1.00,1.00
2016.07.22 13:11:36.172,1.10155,1.10156,1.50,1.00
2016.07.22 13:11:36.223,1.10155,1.10156,1.25,1.00
2016.07.22 13:11:36.274,1.10155,1.10156,1.76,1.00
2016.07.22 13:11:36.325,1.10155,1.10156,2.59,1.00
2016.07.22 13:11:36.413,1.10155,1.10156,1.65,1.00
2016.07.22 13:11:36.465,1.10155,1.10156,1.20,1.00
2016.07.22 13:11:36.567,1.10155,1.10156,1.65,1.00
2016.07.22 13:11:36.618,1.10155,1.10156,3.15,1.00
2016.07.22 13:11:36.721,1.10155,1.10156,3.90,1.00
2016.07.22 13:11:36.925,1.10155,1.10157,3.90,2.10
2016.07.22 13:11:37.027,1.10155,1.10157,5.40,2.10
2016.07.22 13:11:37.129,1.10155,1.10157,3.82,2.10
2016.07.22 13:11:37.180,1.10155,1.10157,3.00,1.35
2016.07.22 13:11:37.273,1.10155,1.10157,3.82,1.35
2016.07.22 13:11:37.325,1.10155,1.10157,5.40,1.35
2016.07.22 13:11:37.376,1.10155,1.10157,4.57,1.35
2016.07.22 13:11:37.478,1.10155,1.10157,5.40,1.35
2016.07.22 13:11:37.698,1.10155,1.10157,5.40,1.00
2016.07.22 13:11:37.751,1.10155,1.10157,6.52,1.00
2016.07.22 13:11:37.802,1.10156,1.10158,1.00,2.32
2016.07.22 13:11:37.853,1.10156,1.10158,1.00,2.25
2016.07.22 13:11:37.904,1.10157,1.10158,1.00,1.12
2016.07.22 13:11:37.956,1.10158,1.10159,1.12,3.00
2016.07.22 13:11:38.007,1.10159,1.1016,1.00,1.57
2016.07.22 13:11:38.059,1.10159,1.1016,2.06,1.12
2016.07.22 13:11:38.197,1.10159,1.10161,1.69,1.00
2016.07.22 13:11:38.301,1.10159,1.10161,1.87,1.00
2016.07.22 13:11:38.606,1.10159,1.10161,2.44,1.00
2016.07.22 13:11:39.064,1.10159,1.10161,1.69,1.00
2016.07.22 13:11:39.165,1.10159,1.10161,2.44,1.00
2016.07.22 13:11:39.396,1.1016,1.10162,1.00,3.37
2016.07.22 13:11:39.447,1.10161,1.10163,14.50,3.82
2016.07.22 13:11:39.499,1.10162,1.10163,1.00,1.10
2016.07.22 13:11:39.550,1.10161,1.10163,16.69,1.00
2016.07.22 13:11:39.601,1.10163,1.10165,2.44,1.57
2016.07.22 13:11:39.652,1.10166,1.10167,6.00,7.50
2016.07.22 13:11:39.703,1.10166,1.10167,7.50,3.37
2016.07.22 13:11:39.754,1.10166,1.10167,2.25,1.12
2016.07.22 13:11:39.805,1.10166,1.10168,1.25,1.35
2016.07.22 13:11:39.856,1.10166,1.10168,1.31,1.35
2016.07.22 13:11:39.907,1.10166,1.10168,1.50,1.20
2016.07.22 13:11:40.009,1.10165,1.10167,7.12,1.00
2016.07.22 13:11:40.089,1.10165,1.10167,8.81,1.00
2016.07.22 13:11:40.140,1.10165,1.10167,7.31,1.00
2016.07.22 13:11:40.191,1.10165,1.10167,5.62,1.00
2016.07.22 13:11:40.243,1.10165,1.10167,5.25,1.00
2016.07.22 13:11:40.448,1.10165,1.10167,5.62,1.00
2016.07.22 13:11:40.500,1.10166,1.10167,1.00,1.00
2016.07.22 13:11:40.604,1.10165,1.10167,4.50,1.00
2016.07.22 13:11:41.064,1.10165,1.10167,5.25,1.00
2016.07.22 13:11:41.149,1.10165,1.10167,2.25,1.00
2016.07.22 13:11:41.200,1.10165,1.10166,3.00,1.50
2016.07.22 13:11:41.363,1.10165,1.10166,3.00,1.87
2016.07.22 13:11:41.414,1.10165,1.10166,3.00,2.62
2016.07.22 13:11:41.466,1.10165,1.10166,2.62,2.25
2016.07.22 13:11:41.517,1.10165,1.10166,2.25,2.40
2016.07.22 13:11:41.569,1.10164,1.10165,2.25,1.00
2016.07.22 13:11:41.620,1.10164,1.10165,1.00,1.00
2016.07.22 13:11:41.671,1.10164,1.10166,1.00,3.15
2016.07.22 13:11:41.774,1.10164,1.10166,1.00,1.65
2016.07.22 13:11:41.825,1.10164,1.10166,1.00,1.80
2016.07.22 13:11:41.876,1.10164,1.10166,1.00,2.92
2016.07.22 13:11:41.927,1.10164,1.10165,1.00,1.20
2016.07.22 13:11:42.118,1.10163,1.10165,7.87,1.00
2016.07.22 13:11:42.272,1.10163,1.10165,8.06,1.00
2016.07.22 13:11:42.373,1.10164,1.10165,2.25,1.00
2016.07.22 13:11:42.678,1.10163,1.10165,9.75,1.00
2016.07.22 13:11:42.730,1.10163,1.10165,7.50,1.00
2016.07.22 13:11:42.781,1.10163,1.10165,6.00,1.00
2016.07.22 13:11:42.833,1.10164,1.10165,1.00,1.00
2016.07.22 13:11:42.985,1.10164,1.10165,1.00,1.12
2016.07.22 13:11:43.476,1.10164,1.10165,1.00,2.25
2016.07.22 13:11:43.527,1.10163,1.10164,1.00,1.00
2016.07.22 13:11:43.579,1.10162,1.10164,5.25,1.00
2016.07.22 13:11:43.681,1.10162,1.10164,6.75,1.00
2016.07.22 13:11:44.119,1.10162,1.10164,5.25,1.00
2016.07.22 13:11:44.221,1.10162,1.10164,6.75,1.00
2016.07.22 13:11:44.416,1.10162,1.10164,5.25,1.00
2016.07.22 13:11:44.518,1.10162,1.10164,7.50,1.00
2016.07.22 13:11:44.671,1.10162,1.10164,6.75,1.00
2016.07.22 13:11:44.722,1.10162,1.10164,4.50,1.00
2016.07.22 13:11:44.824,1.10162,1.10164,6.00,1.00
2016.07.22 13:11:45.128,1.10162,1.10164,4.50,1.00
2016.07.22 13:11:45.230,1.10162,1.10164,6.00,1.00
2016.07.22 13:11:46.686,1.10162,1.10164,6.75,1.00
2016.07.22 13:11:47.229,1.10162,1.10164,7.50,1.00
2016.07.22 13:11:47.332,1.10162,1.10164,4.50,1.00
2016.07.22 13:11:47.535,1.10162,1.10164,7.50,1.00
2016.07.22 13:11:47.687,1.10162,1.10164,6.75,1.00
2016.07.22 13:11:47.789,1.10162,1.10164,4.50,1.00
2016.07.22 13:11:47.891,1.10162,1.10164,6.19,1.00
2016.07.22 13:11:48.374,1.10162,1.10164,7.69,1.00
2016.07.22 13:11:48.730,1.10162,1.10164,6.00,1.00
2016.07.22 13:11:48.782,1.10162,1.10164,4.50,1.00
2016.07.22 13:11:48.833,1.10163,1.10164,1.00,1.00
2016.07.22 13:11:50.032,1.10162,1.10163,3.75,1.00
2016.07.22 13:11:50.083,1.10162,1.10163,3.37,1.00
2016.07.22 13:11:50.135,1.10162,1.10163,2.25,1.00
2016.07.22 13:11:50.419,1.1016,1.10162,36.94,1.00
2016.07.22 13:11:50.470,1.1016,1.10162,35.44,1.00
2016.07.22 13:11:50.928,1.1016,1.10162,31.69,1.00
2016.07.22 13:11:51.139,1.1016,1.10162,35.44,1.00
2016.07.22 13:11:51.190,1.1016,1.10162,33.94,1.00
2016.07.22 13:11:51.241,1.10161,1.10162,10.12,1.72
2016.07.22 13:11:51.292,1.10159,1.10161,13.39,2.72
2016.07.22 13:11:51.390,1.10159,1.10161,2.70,6.22
2016.07.22 13:11:51.441,1.10157,1.10159,3.45,2.50
2016.07.22 13:11:51.503,1.10158,1.10159,1.12,3.45
2016.07.22 13:11:51.555,1.10157,1.10159,1.00,3.45
2016.07.22 13:11:51.606,1.10156,1.10158,3.37,1.87
2016.07.22 13:11:51.657,1.10156,1.10158,3.00,1.87
2016.07.22 13:11:51.708,1.10156,1.10158,3.00,2.62
2016.07.22 13:11:51.759,1.10156,1.10157,3.00,1.00
2016.07.22 13:11:51.810,1.10156,1.10157,2.25,1.87
2016.07.22 13:11:51.861,1.10155,1.10157,1.00,1.87
2016.07.22 13:11:51.912,1.10154,1.10157,3.75,1.57
2016.07.22 13:11:52.015,1.10154,1.10157,4.50,1.57
2016.07.22 13:11:52.116,1.10154,1.10157,4.50,1.95
2016.07.22 13:11:52.335,1.10154,1.10157,4.69,1.57
2016.07.22 13:11:52.436,1.10154,1.10156,4.50,1.00
2016.07.22 13:11:52.488,1.10154,1.10156,4.87,1.00
2016.07.22 13:11:53.100,1.10154,1.10156,4.50,1.00
2016.07.22 13:11:53.418,1.10154,1.10156,5.10,1.00
2016.07.22 13:11:53.544,1.10157,1.10159,3.00,3.37
2016.07.22 13:11:53.603,1.10164,1.10165,3.37,12.37
2016.07.22 13:11:53.654,1.10164,1.10166,6.19,6.37
2016.07.22 13:11:53.705,1.10166,1.10167,1.50,4.87
2016.07.22 13:11:53.757,1.10166,1.10167,1.50,3.37
2016.07.22 13:11:53.808,1.10164,1.10165,6.34,1.87
2016.07.22 13:11:53.860,1.10164,1.10166,4.65,1.95
2016.07.22 13:11:53.911,1.10164,1.10166,1.87,3.00
2016.07.22 13:11:53.962,1.10164,1.10165,1.87,1.87
2016.07.22 13:11:54.013,1.10163,1.10164,1.50,1.00
2016.07.22 13:11:54.198,1.10162,1.10164,1.12,1.00
2016.07.22 13:11:54.249,1.10162,1.10164,1.50,1.00
2016.07.22 13:11:54.300,1.10162,1.10164,1.87,1.00
2016.07.22 13:11:54.352,1.10163,1.10164,1.50,1.00
2016.07.22 13:11:54.403,1.10163,1.10164,1.12,1.00
2016.07.22 13:11:54.454,1.10162,1.10164,1.00,1.00
2016.07.22 13:11:54.505,1.10161,1.10163,3.37,1.00
2016.07.22 13:11:54.556,1.10161,1.10162,1.12,1.00
2016.07.22 13:11:54.608,1.10161,1.10162,1.87,1.00
2016.07.22 13:11:54.913,1.10161,1.10162,1.12,1.00
2016.07.22 13:11:55.015,1.10161,1.10162,2.62,1.00
2016.07.22 13:11:55.148,1.1016,1.10162,11.62,1.00
2016.07.22 13:11:55.199,1.1016,1.10162,7.31,1.00
2016.07.22 13:11:55.250,1.1016,1.10161,5.81,1.00
2016.07.22 13:11:55.303,1.1016,1.10161,3.94,1.12
2016.07.22 13:11:55.354,1.1016,1.10161,1.50,3.37
2016.07.22 13:11:55.406,1.10158,1.10161,2.62,4.12
2016.07.22 13:11:55.457,1.10158,1.1016,2.25,1.00
2016.07.22 13:11:55.508,1.10158,1.1016,1.50,1.00
2016.07.22 13:11:55.559,1.10158,1.1016,1.50,1.12
2016.07.22 13:11:55.660,1.10158,1.1016,1.50,1.00
2016.07.22 13:11:55.762,1.10158,1.1016,2.25,1.00
2016.07.22 13:11:56.046,1.10158,1.10159,1.50,1.00
2016.07.22 13:11:56.148,1.10158,1.1016,2.25,1.00
2016.07.22 13:11:56.657,1.10158,1.10161,1.69,2.63
2016.07.22 13:11:56.709,1.10158,1.10161,2.44,3.38
2016.07.22 13:11:56.810,1.10158,1.10161,1.69,1.88
2016.07.22 13:11:56.912,1.10158,1.10161,2.44,1.88
2016.07.22 13:11:57.087,1.10158,1.10161,3.19,2.63
2016.07.22 13:11:57.341,1.10158,1.10161,3.56,2.63
2016.07.22 13:11:57.494,1.10158,1.10161,3.56,2.32
2016.07.22 13:11:57.697,1.10158,1.10161,3.56,2.63
2016.07.22 13:11:58.543,1.10158,1.1016,3.56,1.00
2016.07.22 13:11:58.848,1.10158,1.1016,2.06,1.00
2016.07.22 13:11:58.950,1.10158,1.1016,3.56,1.00
2016.07.22 13:11:59.051,1.10159,1.1016,1.25,1.00
2016.07.22 13:11:59.458,1.10158,1.1016,3.56,1.00
2016.07.22 13:11:59.560,1.10159,1.1016,1.25,1.00
2016.07.22 13:12:02.349,1.10158,1.1016,3.19,1.00
2016.07.22 13:12:02.452,1.10159,1.1016,1.25,1.00
2016.07.22 13:12:02.655,1.10159,1.1016,1.31,1.50
2016.07.22 13:12:02.757,1.10159,1.1016,1.25,1.50
2016.07.22 13:12:03.147,1.1016,1.10161,1.00,2.32
2016.07.22 13:12:03.198,1.1016,1.10161,1.50,2.32
2016.07.22 13:12:03.249,1.1016,1.10161,2.25,2.32
2016.07.22 13:12:03.300,1.1016,1.10161,1.50,2.32
2016.07.22 13:12:03.504,1.1016,1.10161,2.25,2.32
2016.07.22 13:12:03.555,1.1016,1.10161,1.50,2.32
2016.07.22 13:12:03.656,1.1016,1.10161,2.25,2.32
2016.07.22 13:12:04.179,1.1016,1.10161,1.50,2.32
2016.07.22 13:12:04.281,1.1016,1.10161,2.25,2.32
2016.07.22 13:12:04.397,1.1016,1.10161,1.50,2.32
2016.07.22 13:12:04.551,1.1016,1.10161,2.25,2.32
2016.07.22 13:12:04.703,1.1016,1.10161,1.50,2.32
2016.07.22 13:12:04.936,1.1016,1.10161,2.25,2.32
2016.07.22 13:12:05.518,1.1016,1.10161,1.50,2.32
2016.07.22 13:12:05.620,1.1016,1.10161,2.25,2.32
2016.07.22 13:12:05.925,1.1016,1.10161,1.50,2.32
2016.07.22 13:12:06.128,1.1016,1.10161,2.25,2.32
2016.07.22 13:12:06.230,1.1016,1.10161,1.50,2.32
2016.07.22 13:12:06.281,1.1016,1.10161,2.25,2.32
2016.07.22 13:12:06.789,1.1016,1.10161,1.50,2.32
2016.07.22 13:12:06.892,1.10159,1.1016,2.44,1.00
2016.07.22 13:12:06.944,1.10158,1.1016,2.62,4.50
2016.07.22 13:12:06.995,1.10157,1.10159,5.25,1.00
2016.07.22 13:12:07.046,1.10158,1.10159,1.50,1.50
2016.07.22 13:12:07.097,1.10158,1.10159,1.12,1.50
2016.07.22 13:12:08.663,1.10157,1.10159,3.00,1.50
2016.07.22 13:12:08.917,1.10157,1.10159,4.50,1.50
2016.07.22 13:12:08.968,1.10157,1.10159,6.56,1.00
2016.07.22 13:12:09.070,1.10158,1.10159,1.12,1.00
2016.07.22 13:12:09.284,1.10158,1.10159,1.69,1.00
2016.07.22 13:12:10.047,1.10158,1.10159,1.00,1.00
2016.07.22 13:12:10.149,1.10158,1.10159,1.69,1.00
2016.07.22 13:12:10.951,1.10159,1.1016,1.00,2.25
2016.07.22 13:12:11.053,1.10159,1.1016,1.31,1.00
2016.07.22 13:12:11.104,1.10159,1.1016,2.06,1.00
2016.07.22 13:12:11.155,1.10159,1.1016,1.12,1.00
2016.07.22 13:12:11.307,1.10159,1.1016,1.00,1.00
2016.07.22 13:12:11.358,1.10159,1.10161,1.50,2.32
2016.07.22 13:12:11.461,1.10159,1.10161,1.69,2.32
2016.07.22 13:12:12.053,1.10159,1.10161,1.31,2.32
2016.07.22 13:12:12.105,1.10158,1.10161,4.50,2.32
2016.07.22 13:12:12.156,1.10158,1.10161,4.12,2.32
2016.07.22 13:12:12.207,1.10158,1.10161,4.12,3.07
2016.07.22 13:12:12.259,1.10158,1.10161,2.44,3.07
2016.07.22 13:12:12.310,1.10158,1.10161,2.06,3.07
2016.07.22 13:12:12.361,1.10158,1.1016,2.06,1.00
2016.07.22 13:12:13.088,1.10158,1.1016,3.56,1.00
2016.07.22 13:12:13.139,1.10158,1.1016,3.19,1.00
2016.07.22 13:12:13.190,1.10158,1.10159,1.12,1.00
2016.07.22 13:12:13.678,1.10155,1.10156,15.56,1.00
2016.07.22 13:12:13.733,1.10156,1.10157,1.00,11.25
2016.07.22 13:12:13.785,1.10158,1.10159,1.50,1.24
2016.07.22 13:12:13.839,1.10161,1.10163,1.50,12.37
2016.07.22 13:12:13.890,1.10161,1.10163,8.25,7.87
2016.07.22 13:12:13.943,1.10162,1.10164,2.12,9.37
2016.07.22 13:12:13.996,1.10163,1.10164,1.25,4.50
2016.07.22 13:12:14.048,1.10162,1.10163,2.06,1.50
2016.07.22 13:12:14.100,1.10162,1.10163,1.69,1.50
2016.07.22 13:12:14.151,1.10162,1.10164,1.31,4.12
2016.07.22 13:12:14.238,1.10162,1.10163,1.69,1.00
2016.07.22 13:12:14.290,1.10162,1.10164,1.69,3.75
2016.07.22 13:12:14.341,1.10161,1.10163,7.69,1.00
2016.07.22 13:12:14.393,1.10161,1.10162,4.12,1.00
2016.07.22 13:12:14.444,1.10161,1.10162,4.12,3.00
2016.07.22 13:12:14.495,1.1016,1.10161,1.00,1.00
2016.07.22 13:12:14.598,1.10159,1.10161,3.07,1.00
2016.07.22 13:12:14.751,1.10159,1.10161,3.45,1.00
2016.07.22 13:12:14.904,1.10159,1.10162,3.64,3.00
2016.07.22 13:12:15.006,1.10159,1.10162,3.45,2.25
2016.07.22 13:12:15.141,1.10159,1.10162,1.31,3.00
2016.07.22 13:12:15.243,1.10159,1.10162,1.31,2.25
2016.07.22 13:12:15.345,1.10159,1.10162,1.31,1.50
2016.07.22 13:12:15.599,1.10159,1.10162,1.12,1.00
2016.07.22 13:12:15.802,1.10159,1.10162,1.31,1.50
2016.07.22 13:12:15.904,1.10159,1.10162,1.31,1.00
2016.07.22 13:12:16.287,1.10159,1.10162,1.12,1.00
2016.07.22 13:12:16.389,1.10159,1.10162,1.31,1.00
2016.07.22 13:12:16.541,1.10159,1.10162,1.25,1.00
2016.07.22 13:12:16.694,1.10159,1.10162,1.25,1.50
2016.07.22 13:12:16.796,1.10159,1.10162,1.00,1.50
2016.07.22 13:12:16.847,1.10159,1.10161,1.00,1.00
2016.07.22 13:12:16.898,1.10159,1.10161,1.25,1.50
2016.07.22 13:12:16.949,1.1016,1.10161,2.25,1.50
2016.07.22 13:12:17.068,1.10161,1.10162,1.50,1.00
2016.07.22 13:12:17.119,1.10162,1.10164,3.19,1.87
2016.07.22 13:12:17.170,1.10162,1.10164,2.81,1.50
2016.07.22 13:12:17.221,1.10162,1.10164,2.06,1.00
2016.07.22 13:12:17.272,1.10163,1.10164,1.25,1.00
2016.07.22 13:12:17.323,1.10162,1.10164,2.44,1.00
2016.07.22 13:12:17.375,1.10162,1.10164,2.44,1.50
2016.07.22 13:12:17.426,1.10162,1.10164,2.44,2.25
2016.07.22 13:12:17.527,1.10162,1.10164,1.50,2.25
2016.07.22 13:12:17.681,1.10162,1.10164,1.00,2.25
2016.07.22 13:12:17.834,1.10162,1.10164,1.00,2.62
2016.07.22 13:12:18.339,1.10162,1.10163,1.00,1.87
2016.07.22 13:12:18.390,1.10161,1.10162,2.21,2.25
2016.07.22 13:12:18.441,1.10161,1.10162,1.20,2.25
2016.07.22 13:12:18.492,1.1016,1.10162,1.50,1.50
2016.07.22 13:12:18.543,1.1016,1.10162,1.00,3.60
2016.07.22 13:12:18.594,1.10159,1.10162,1.00,4.50
2016.07.22 13:12:18.645,1.10159,1.10162,1.00,4.87
2016.07.22 13:12:18.696,1.10159,1.10161,1.00,1.00
2016.07.22 13:12:18.848,1.10159,1.10161,1.00,2.25
2016.07.22 13:12:18.970,1.10159,1.10161,1.00,3.00
2016.07.22 13:12:19.619,1.10159,1.10161,1.00,2.25
2016.07.22 13:12:19.721,1.10159,1.10161,1.00,3.00
2016.07.22 13:12:20.077,1.10158,1.10161,2.51,3.00
2016.07.22 13:12:20.714,1.10158,1.10161,1.57,2.25
2016.07.22 13:12:20.816,1.10158,1.10161,2.51,3.00
2016.07.22 13:12:22.027,1.10158,1.10161,3.26,3.00
2016.07.22 13:12:22.078,1.10158,1.10161,4.01,3.00
2016.07.22 13:12:22.129,1.10159,1.10161,1.00,3.00
2016.07.22 13:12:22.180,1.10159,1.10161,1.12,3.00
2016.07.22 13:12:22.231,1.10159,1.10161,1.31,2.25
2016.07.22 13:12:22.334,1.10159,1.10161,1.31,1.50
2016.07.22 13:12:22.384,1.10159,1.10161,1.31,1.00
2016.07.22 13:12:22.435,1.10159,1.10161,1.25,1.00
2016.07.22 13:12:22.537,1.10159,1.10161,1.00,1.00
2016.07.22 13:12:22.639,1.10159,1.10161,1.25,1.00
2016.07.22 13:12:22.789,1.10159,1.10161,1.00,1.00
2016.07.22 13:12:24.557,1.10159,1.10162,1.00,4.12
2016.07.22 13:12:25.116,1.10159,1.10162,1.00,5.62
2016.07.22 13:12:25.671,1.10159,1.10161,1.00,1.50
2016.07.22 13:12:25.722,1.10159,1.1016,1.00,1.00
2016.07.22 13:12:25.875,1.10159,1.1016,1.00,1.87
2016.07.22 13:12:25.977,1.10159,1.1016,1.00,1.50
2016.07.22 13:12:26.106,1.10159,1.10161,1.00,2.25
2016.07.22 13:12:26.158,1.10159,1.10161,1.00,1.00
2016.07.22 13:12:26.418,1.10158,1.10161,3.84,1.00
2016.07.22 13:12:26.622,1.10159,1.10161,1.00,1.00
2016.07.22 13:12:27.232,1.10158,1.10161,4.22,1.00
2016.07.22 13:12:27.334,1.10158,1.10161,4.97,1.00
2016.07.22 13:12:27.436,1.10159,1.10161,1.00,1.00
2016.07.22 13:12:27.588,1.10159,1.10162,1.00,4.57
2016.07.22 13:12:27.639,1.10159,1.10162,1.25,4.57
2016.07.22 13:12:27.893,1.10159,1.10162,1.25,4.50
2016.07.22 13:12:27.945,1.10159,1.10162,1.25,6.00
2016.07.22 13:12:27.996,1.10159,1.10162,1.25,6.37
2016.07.22 13:12:28.250,1.10159,1.10162,1.00,6.37
2016.07.22 13:12:28.351,1.10158,1.10162,3.54,4.87
2016.07.22 13:12:28.554,1.10159,1.10162,1.00,6.37
2016.07.22 13:12:28.876,1.10159,1.10161,1.00,1.00
2016.07.22 13:12:29.048,1.10159,1.10161,1.00,1.50
2016.07.22 13:12:29.558,1.10158,1.10161,5.79,1.50
2016.07.22 13:12:29.660,1.10159,1.10161,1.12,1.50
2016.07.22 13:12:29.711,1.10159,1.10161,1.22,1.50
2016.07.22 13:12:29.899,1.10159,1.10161,1.12,1.50
2016.07.22 13:12:30.156,1.10159,1.10161,1.12,2.25
2016.07.22 13:12:30.362,1.10159,1.1016,1.12,1.00
2016.07.22 13:12:30.842,1.10158,1.10161,4.11,1.12
2016.07.22 13:12:30.944,1.10158,1.1016,4.01,1.00
2016.07.22 13:12:31.046,1.10158,1.1016,3.07,1.00
2016.07.22 13:12:31.148,1.10158,1.1016,4.01,1.00
2016.07.22 13:12:31.250,1.10158,1.1016,3.07,1.50
2016.07.22 13:12:31.301,1.10158,1.10159,2.25,1.12
2016.07.22 13:12:31.353,1.10158,1.10159,1.87,1.12
2016.07.22 13:12:31.432,1.10157,1.10159,6.37,2.50
2016.07.22 13:12:31.485,1.10157,1.10159,2.50,3.75
2016.07.22 13:12:31.587,1.10157,1.10159,2.50,3.00
2016.07.22 13:12:31.638,1.10158,1.10159,1.00,1.12
2016.07.22 13:12:31.689,1.10158,1.1016,1.00,5.25
2016.07.22 13:12:31.741,1.10158,1.1016,1.00,3.37
2016.07.22 13:12:31.792,1.10158,1.1016,1.00,2.25
2016.07.22 13:12:31.945,1.10158,1.1016,1.25,2.25
2016.07.22 13:12:32.047,1.10158,1.1016,1.25,1.50
2016.07.22 13:12:32.435,1.10158,1.1016,1.25,2.62
2016.07.22 13:12:32.487,1.10158,1.1016,1.00,2.62
2016.07.22 13:12:32.537,1.10158,1.1016,1.25,2.25
2016.07.22 13:12:32.742,1.10158,1.1016,1.00,1.50
2016.07.22 13:12:32.844,1.10158,1.1016,1.25,2.25
2016.07.22 13:12:33.842,1.10158,1.1016,1.00,1.50
2016.07.22 13:12:33.944,1.10158,1.1016,1.25,2.25
2016.07.22 13:12:34.887,1.10158,1.1016,1.12,1.50
2016.07.22 13:12:34.938,1.10158,1.1016,1.12,2.25
2016.07.22 13:12:34.990,1.10158,1.1016,1.31,3.00
2016.07.22 13:12:35.092,1.10158,1.1016,1.31,2.25
2016.07.22 13:12:35.142,1.10158,1.1016,1.31,1.50
2016.07.22 13:12:35.842,1.10158,1.1016,1.12,1.00
2016.07.22 13:12:35.893,1.10158,1.1016,1.31,1.50
2016.07.22 13:12:35.994,1.10158,1.1016,1.12,1.00
2016.07.22 13:12:36.096,1.10158,1.1016,1.31,1.50
2016.07.22 13:12:36.300,1.10158,1.1016,1.25,1.50
2016.07.22 13:12:36.351,1.10158,1.1016,1.00,1.00
2016.07.22 13:12:36.402,1.10158,1.1016,1.50,1.12
2016.07.22 13:12:36.453,1.10158,1.1016,1.50,2.25
2016.07.22 13:12:36.554,1.10158,1.1016,1.69,2.25
2016.07.22 13:12:36.656,1.10158,1.1016,1.69,3.00
2016.07.22 13:12:36.898,1.10158,1.10159,1.69,1.00
2016.07.22 13:12:37.510,1.10158,1.10159,1.25,1.00
2016.07.22 13:12:37.562,1.10158,1.10159,1.00,1.00
2016.07.22 13:12:37.613,1.10158,1.1016,1.00,3.00
2016.07.22 13:12:37.766,1.10158,1.1016,1.00,3.37
2016.07.22 13:12:38.020,1.10158,1.1016,1.00,4.12
2016.07.22 13:12:38.214,1.10158,1.1016,1.00,4.87
2016.07.22 13:12:38.265,1.10158,1.1016,1.00,5.62
2016.07.22 13:12:38.469,1.10158,1.1016,1.00,5.25
2016.07.22 13:12:38.570,1.10158,1.1016,1.00,4.50
2016.07.22 13:12:38.723,1.10157,1.1016,1.91,4.50
2016.07.22 13:12:38.825,1.10157,1.1016,1.31,4.50
2016.07.22 13:12:39.643,1.10157,1.1016,1.31,5.25
2016.07.22 13:12:39.694,1.10157,1.1016,1.12,6.00
2016.07.22 13:12:39.744,1.10157,1.1016,1.12,5.25
2016.07.22 13:12:39.795,1.10157,1.1016,1.12,4.50
2016.07.22 13:12:39.897,1.10157,1.1016,1.12,3.00
2016.07.22 13:12:39.948,1.10157,1.1016,1.12,2.25
2016.07.22 13:12:39.999,1.10156,1.1016,8.14,3.75
2016.07.22 13:12:40.050,1.10156,1.1016,8.14,4.50
2016.07.22 13:12:40.101,1.10156,1.1016,8.14,4.87
2016.07.22 13:12:40.254,1.10156,1.1016,8.14,4.12
2016.07.22 13:12:40.356,1.10156,1.1016,8.14,4.87
2016.07.22 13:12:40.508,1.10156,1.1016,8.14,4.12
2016.07.22 13:12:40.711,1.10156,1.1016,8.14,4.87
2016.07.22 13:12:40.950,1.10156,1.1016,8.14,4.12
2016.07.22 13:12:41.001,1.10157,1.1016,1.12,4.12
2016.07.22 13:12:41.052,1.10157,1.10159,1.12,1.00
2016.07.22 13:12:41.916,1.10157,1.10159,1.12,1.50
2016.07.22 13:12:42.510,1.10156,1.10159,4.01,1.50
2016.07.22 13:12:43.114,1.10156,1.10158,4.01,1.37
2016.07.22 13:12:43.165,1.10156,1.10158,3.00,2.62
2016.07.22 13:12:43.216,1.10155,1.10157,5.89,1.00
2016.07.22 13:12:43.267,1.10155,1.10156,4.20,1.50
2016.07.22 13:12:43.319,1.10156,1.10157,3.37,1.57
2016.07.22 13:12:43.370,1.10157,1.10158,5.62,3.30
2016.07.22 13:12:43.421,1.10156,1.10158,27.30,1.50
2016.07.22 13:12:43.473,1.10157,1.10159,5.85,1.00
2016.07.22 13:12:43.524,1.10157,1.10161,27.11,5.06
2016.07.22 13:12:43.575,1.10159,1.10161,1.50,4.69
2016.07.22 13:12:43.626,1.10159,1.10161,2.25,3.00
2016.07.22 13:12:43.766,1.1016,1.10162,2.25,1.87
2016.07.22 13:12:43.919,1.1016,1.10162,2.25,2.62
2016.07.22 13:12:43.970,1.10158,1.10162,5.62,4.12
2016.07.22 13:12:44.225,1.10158,1.10162,5.62,4.50
2016.07.22 13:12:44.276,1.10158,1.10162,4.69,3.75
2016.07.22 13:12:44.479,1.10158,1.10162,5.62,5.25
2016.07.22 13:12:44.682,1.10158,1.10162,4.69,3.75
2016.07.22 13:12:44.784,1.10158,1.10162,5.62,5.62
2016.07.22 13:12:44.980,1.10158,1.10162,5.62,6.00
2016.07.22 13:12:45.396,1.10158,1.10162,5.62,5.62
2016.07.22 13:12:45.447,1.10158,1.10162,5.62,5.25
2016.07.22 13:12:45.702,1.10158,1.10162,5.62,4.87
2016.07.22 13:12:45.905,1.10158,1.10162,4.69,3.37
2016.07.22 13:12:46.081,1.10158,1.10162,5.62,4.87
2016.07.22 13:12:47.317,1.10158,1.10161,5.62,1.00
2016.07.22 13:12:47.435,1.10158,1.1016,4.12,1.20
2016.07.22 13:12:47.486,1.10158,1.1016,1.00,4.49
2016.07.22 13:12:48.350,1.10158,1.1016,1.00,5.24
2016.07.22 13:12:48.401,1.10157,1.10158,1.58,1.35
2016.07.22 13:12:48.452,1.10156,1.10158,6.94,2.85
2016.07.22 13:12:48.578,1.10155,1.10156,1.69,1.00
2016.07.22 13:12:48.782,1.10154,1.10156,1.00,1.00
2016.07.22 13:12:49.147,1.10153,1.10156,4.01,1.00
2016.07.22 13:12:49.300,1.10153,1.10156,4.20,1.00
2016.07.22 13:12:49.643,1.10154,1.10156,1.00,1.00
2016.07.22 13:12:49.695,1.10156,1.10157,3.79,2.25
2016.07.22 13:12:49.746,1.10159,1.10161,6.19,6.19
2016.07.22 13:12:49.797,1.10163,1.10164,1.12,8.62
2016.07.22 13:12:49.848,1.10163,1.10164,1.13,2.62
2016.07.22 13:12:49.899,1.10163,1.10165,1.00,5.44
2016.07.22 13:12:49.951,1.10163,1.10165,1.00,4.69
2016.07.22 13:12:50.002,1.10163,1.10165,1.25,4.69
2016.07.22 13:12:50.053,1.10163,1.10164,1.25,1.00
2016.07.22 13:12:50.104,1.10163,1.10164,1.00,1.00
2016.07.22 13:12:50.696,1.10163,1.10165,1.00,4.69
2016.07.22 13:12:50.747,1.10164,1.10165,1.00,4.31
2016.07.22 13:12:50.798,1.10163,1.10165,1.00,3.56
2016.07.22 13:12:50.849,1.10162,1.10165,2.44,2.81
2016.07.22 13:12:50.900,1.10163,1.10165,1.00,4.31
2016.07.22 13:12:50.951,1.10163,1.10165,1.00,5.06
2016.07.22 13:12:51.103,1.10162,1.10165,3.19,3.56
2016.07.22 13:12:51.154,1.10162,1.10164,3.19,1.00
2016.07.22 13:12:51.205,1.10163,1.10164,1.00,1.00
2016.07.22 13:12:51.307,1.10162,1.10164,3.19,1.00
2016.07.22 13:12:51.409,1.10163,1.10164,1.00,1.00
2016.07.22 13:12:51.888,1.10162,1.10164,3.19,1.00
2016.07.22 13:12:51.939,1.10162,1.10165,3.19,3.94
2016.07.22 13:12:51.990,1.10163,1.10165,1.00,5.81
2016.07.22 13:12:52.041,1.10163,1.10165,1.00,5.06
2016.07.22 13:12:52.093,1.10163,1.10165,1.00,4.69
2016.07.22 13:12:52.397,1.10162,1.10165,3.75,4.69
2016.07.22 13:12:52.507,1.10162,1.10165,2.81,3.19
2016.07.22 13:12:52.558,1.10162,1.10165,3.19,3.19
2016.07.22 13:12:52.609,1.10162,1.10165,4.12,4.69
2016.07.22 13:12:52.761,1.10162,1.10165,4.12,3.94
2016.07.22 13:12:52.863,1.10162,1.10165,4.12,4.69
2016.07.22 13:12:53.129,1.10162,1.10165,3.19,3.19
2016.07.22 13:12:53.231,1.10162,1.10165,4.12,3.94
2016.07.22 13:12:53.535,1.10162,1.10165,4.31,3.19
2016.07.22 13:12:53.627,1.10162,1.10165,4.12,5.06
2016.07.22 13:12:53.679,1.10163,1.10165,1.12,4.31
2016.07.22 13:12:53.730,1.10164,1.10165,1.00,2.81
2016.07.22 13:12:53.781,1.10164,1.10165,1.00,1.31
2016.07.22 13:12:53.832,1.10163,1.10165,1.00,2.06
2016.07.22 13:12:53.884,1.10163,1.10165,1.00,2.81
2016.07.22 13:12:53.935,1.10163,1.10165,1.00,3.19
2016.07.22 13:12:53.986,1.10163,1.10165,1.00,3.37
2016.07.22 13:12:54.037,1.10163,1.10165,1.00,3.00
2016.07.22 13:12:54.088,1.10163,1.10165,1.00,3.37
2016.07.22 13:12:54.139,1.10163,1.10165,1.00,4.12
2016.07.22 13:12:54.190,1.10163,1.10165,1.00,3.37
2016.07.22 13:12:54.292,1.10163,1.10165,1.00,4.12
2016.07.22 13:12:55.240,1.10164,1.10165,1.00,4.12
2016.07.22 13:12:55.291,1.10164,1.10165,1.00,4.50
2016.07.22 13:12:55.342,1.10162,1.10165,5.81,5.25
2016.07.22 13:12:55.393,1.10162,1.10165,5.81,4.87
2016.07.22 13:12:55.444,1.10162,1.10165,3.94,3.75
2016.07.22 13:12:55.546,1.10162,1.10165,3.19,3.75
2016.07.22 13:12:55.648,1.10162,1.10165,4.69,5.25
2016.07.22 13:12:55.966,1.10162,1.10165,6.79,5.25
2016.07.22 13:12:56.017,1.10164,1.10165,1.00,4.12
2016.07.22 13:12:56.069,1.10169,1.10171,5.47,50.06
2016.07.22 13:12:56.120,1.10171,1.10172,2.85,35.62
2016.07.22 13:12:56.171,1.10173,1.10175,2.47,22.87
2016.07.22 13:12:56.223,1.10173,1.10175,4.16,17.62
2016.07.22 13:12:56.274,1.10174,1.10175,1.00,9.75
2016.07.22 13:12:56.326,1.10174,1.10175,1.50,1.50
2016.07.22 13:12:56.377,1.10174,1.10175,1.50,1.00
2016.07.22 13:12:56.514,1.10174,1.10176,1.00,2.25
2016.07.22 13:12:56.566,1.10174,1.10176,1.00,2.62
2016.07.22 13:12:56.617,1.10174,1.10176,1.00,3.37
2016.07.22 13:12:56.771,1.10174,1.10175,1.00,1.00
2016.07.22 13:12:56.822,1.10173,1.10175,7.50,1.00
2016.07.22 13:12:56.976,1.10173,1.10175,7.50,1.50
2016.07.22 13:12:57.231,1.10172,1.10175,12.07,1.50
2016.07.22 13:12:57.358,1.10172,1.10175,13.76,1.50
2016.07.22 13:12:57.461,1.10172,1.10175,12.07,1.50
2016.07.22 13:12:57.512,1.10172,1.10175,13.76,1.50
2016.07.22 13:12:57.564,1.10172,1.10175,7.01,1.50
2016.07.22 13:12:57.615,1.10172,1.10174,6.26,1.00
2016.07.22 13:12:57.668,1.10172,1.10173,4.01,1.00
2016.07.22 13:12:57.719,1.10172,1.10173,1.50,3.37
2016.07.22 13:12:57.771,1.10171,1.10172,3.00,1.00
2016.07.22 13:12:57.824,1.1017,1.10172,3.00,1.00
2016.07.22 13:12:57.875,1.1017,1.10172,2.25,1.00
2016.07.22 13:12:57.926,1.1017,1.10172,1.00,1.00
2016.07.22 13:12:58.028,1.1017,1.10172,1.12,1.00
2016.07.22 13:12:58.183,1.1017,1.10172,1.00,1.00
2016.07.22 13:12:58.235,1.10169,1.10171,3.94,1.00
2016.07.22 13:12:58.337,1.10169,1.10171,3.00,1.00
2016.07.22 13:12:58.388,1.10169,1.10171,2.81,1.00
2016.07.22 13:12:58.440,1.10169,1.10172,2.81,2.25
2016.07.22 13:12:58.491,1.10169,1.10171,2.81,1.87
2016.07.22 13:12:58.542,1.10169,1.10171,2.81,2.62
2016.07.22 13:12:58.593,1.10169,1.10171,1.31,1.50
2016.07.22 13:12:58.644,1.10168,1.10171,6.41,1.50
2016.07.22 13:12:58.695,1.10168,1.10171,7.91,2.25
2016.07.22 13:12:58.746,1.10168,1.10171,8.85,3.00
2016.07.22 13:12:59.000,1.10168,1.10171,9.22,3.00
2016.07.22 13:12:59.123,1.10168,1.10171,7.91,2.25
2016.07.22 13:12:59.174,1.10169,1.10171,2.06,2.25
2016.07.22 13:12:59.225,1.10169,1.10171,2.06,3.00
2016.07.22 13:12:59.327,1.10169,1.10171,1.69,3.75
2016.07.22 13:12:59.734,1.10169,1.10171,1.69,3.00
2016.07.22 13:12:59.937,1.10169,1.10171,1.87,3.75
2016.07.22 13:13:00.140,1.10169,1.10171,3.22,2.25
2016.07.22 13:13:00.191,1.10169,1.10171,3.22,1.50
2016.07.22 13:13:00.242,1.10169,1.10171,3.97,1.50
2016.07.22 13:13:00.366,1.1017,1.10171,1.50,1.50
2016.07.22 13:13:00.417,1.1017,1.10171,2.25,1.50
2016.07.22 13:13:00.570,1.10169,1.10171,4.50,1.00
2016.07.22 13:13:00.621,1.10169,1.10171,3.75,1.00
2016.07.22 13:13:01.027,1.10169,1.10171,5.10,1.00
2016.07.22 13:13:01.129,1.10169,1.10172,5.10,3.00
2016.07.22 13:13:01.263,1.10169,1.10172,6.22,2.25
2016.07.22 13:13:01.314,1.10169,1.10172,5.85,2.25
2016.07.22 13:13:01.365,1.10169,1.10172,5.25,2.25
2016.07.22 13:13:01.416,1.10169,1.10172,4.50,1.50
2016.07.22 13:13:01.467,1.10169,1.10172,3.94,1.50
2016.07.22 13:13:01.571,1.10169,1.10172,4.69,1.50
2016.07.22 13:13:01.674,1.10169,1.10172,4.31,1.50
2016.07.22 13:13:01.725,1.10169,1.10172,3.56,1.50
2016.07.22 13:13:01.826,1.10169,1.10172,4.31,1.50
2016.07.22 13:13:01.877,1.10169,1.10172,4.31,2.25
2016.07.22 13:13:01.979,1.10169,1.10172,4.91,2.25
2016.07.22 13:13:02.030,1.10169,1.10172,4.91,3.00
2016.07.22 13:13:02.334,1.10169,1.10172,4.16,3.00
2016.07.22 13:13:02.436,1.10169,1.10172,4.91,3.00
2016.07.22 13:13:02.640,1.10169,1.10172,4.16,3.00
2016.07.22 13:13:02.742,1.10169,1.10172,4.91,3.00
2016.07.22 13:13:02.843,1.10169,1.10172,3.79,3.00
2016.07.22 13:13:03.200,1.10169,1.10172,3.19,3.00
2016.07.22 13:13:03.251,1.10169,1.10172,3.19,3.37
2016.07.22 13:13:03.341,1.10169,1.10171,3.19,1.00
2016.07.22 13:13:03.392,1.10169,1.1017,1.00,1.00
2016.07.22 13:13:03.443,1.10168,1.1017,1.87,1.00
2016.07.22 13:13:03.494,1.10168,1.1017,1.87,1.50
2016.07.22 13:13:03.597,1.10168,1.10169,1.87,1.00
2016.07.22 13:13:03.648,1.10166,1.10168,19.01,2.12
2016.07.22 13:13:03.700,1.10166,1.10167,8.51,1.50
2016.07.22 13:13:03.751,1.10166,1.10167,1.00,2.25
2016.07.22 13:13:03.803,1.10167,1.10169,1.37,10.76
2016.07.22 13:13:03.854,1.10167,1.10169,7.49,6.00
2016.07.22 13:13:03.905,1.10166,1.10168,21.49,1.37
2016.07.22 13:13:03.956,1.10167,1.1017,1.69,1.00
2016.07.22 13:13:04.008,1.10167,1.10172,1.12,2.62
2016.07.22 13:13:04.093,1.10167,1.10171,3.90,1.75
2016.07.22 13:13:04.145,1.1017,1.10171,1.69,1.50
2016.07.22 13:13:04.196,1.10169,1.10171,1.57,2.25
2016.07.22 13:13:04.247,1.10169,1.10171,1.10,1.50
2016.07.22 13:13:04.348,1.10169,1.10171,1.10,2.25
2016.07.22 13:13:04.399,1.10169,1.10171,1.10,1.50
2016.07.22 13:13:04.553,1.10169,1.10171,1.10,1.00
2016.07.22 13:13:04.654,1.10168,1.10171,7.54,1.50
2016.07.22 13:13:04.756,1.10168,1.10171,6.04,1.00
2016.07.22 13:13:04.858,1.10168,1.1017,5.66,1.00
2016.07.22 13:13:05.187,1.10168,1.1017,5.06,1.00
2016.07.22 13:13:05.238,1.10168,1.1017,6.56,1.00
2016.07.22 13:13:05.543,1.10169,1.1017,1.00,1.00
2016.07.22 13:13:05.797,1.10169,1.10171,1.00,2.25
2016.07.22 13:13:05.899,1.10169,1.1017,1.00,1.00
2016.07.22 13:13:06.051,1.10168,1.1017,6.56,1.00
2016.07.22 13:13:06.276,1.10168,1.1017,5.06,1.00
2016.07.22 13:13:06.378,1.10168,1.1017,6.56,1.00
2016.07.22 13:13:06.480,1.10168,1.1017,5.06,1.00
2016.07.22 13:13:06.582,1.10168,1.1017,6.56,1.00
2016.07.22 13:13:06.887,1.10169,1.1017,1.00,1.00
2016.07.22 13:13:06.939,1.10168,1.1017,6.56,1.00
2016.07.22 13:13:07.142,1.10168,1.10171,5.44,2.25
2016.07.22 13:13:07.314,1.10168,1.1017,5.44,1.00
2016.07.22 13:13:08.299,1.10168,1.1017,5.81,1.00
2016.07.22 13:13:09.472,1.10168,1.1017,5.06,1.00
2016.07.22 13:13:09.771,1.10168,1.1017,5.81,1.00
2016.07.22 13:13:10.176,1.10168,1.1017,4.50,1.00
2016.07.22 13:13:10.227,1.10168,1.1017,4.12,1.00
2016.07.22 13:13:10.278,1.10168,1.1017,3.37,1.00
2016.07.22 13:13:10.380,1.10168,1.1017,1.87,1.00
2016.07.22 13:13:10.482,1.10169,1.1017,1.31,1.00
2016.07.22 13:13:10.532,1.10169,1.1017,1.69,1.00
2016.07.22 13:13:10.583,1.10169,1.1017,2.44,1.00
2016.07.22 13:13:11.133,1.10169,1.1017,2.81,1.00
2016.07.22 13:13:12.187,1.10169,1.1017,3.41,1.00
2016.07.22 13:13:12.289,1.1017,1.10171,1.00,1.50
2016.07.22 13:13:12.340,1.1017,1.10171,1.50,1.50
2016.07.22 13:13:12.391,1.1017,1.10171,6.75,1.50
2016.07.22 13:13:12.479,1.1017,1.10171,10.31,1.50
2016.07.22 13:13:12.531,1.10171,1.10173,4.57,3.00
2016.07.22 13:13:12.582,1.10172,1.10173,1.00,4.12
2016.07.22 13:13:12.633,1.10172,1.10173,1.00,1.50
2016.07.22 13:13:12.684,1.10171,1.10173,1.00,2.25
2016.07.22 13:13:12.735,1.10171,1.10173,1.00,4.12
2016.07.22 13:13:12.786,1.1017,1.10173,2.44,4.87
2016.07.22 13:13:12.837,1.1017,1.10172,2.44,1.00
2016.07.22 13:13:12.888,1.1017,1.10172,1.69,1.00
2016.07.22 13:13:13.041,1.1017,1.10172,1.69,1.50
2016.07.22 13:13:13.092,1.1017,1.10171,1.25,1.00
2016.07.22 13:13:13.247,1.10168,1.10169,4.24,2.25
2016.07.22 13:13:13.300,1.10165,1.10166,7.31,1.50
2016.07.22 13:13:13.353,1.10164,1.10166,9.67,3.25
2016.07.22 13:13:13.404,1.10165,1.10166,12.37,3.00
2016.07.22 13:13:13.457,1.10168,1.10169,1.00,6.94
2016.07.22 13:13:13.509,1.10168,1.1017,1.00,3.00
2016.07.22 13:13:13.561,1.10168,1.1017,3.19,1.00
2016.07.22 13:13:13.665,1.10169,1.10171,4.16,6.37
2016.07.22 13:13:13.767,1.1017,1.10171,1.30,1.12
2016.07.22 13:13:13.863,1.1017,1.10172,1.72,5.25
2016.07.22 13:13:13.915,1.1017,1.10172,1.12,6.00
2016.07.22 13:13:13.966,1.1017,1.10172,1.12,2.62
2016.07.22 13:13:14.069,1.1017,1.10172,1.00,3.37
2016.07.22 13:13:14.171,1.10169,1.10172,1.57,4.12
2016.07.22 13:13:14.274,1.10169,1.10172,1.57,4.31
2016.07.22 13:13:14.972,1.10169,1.10172,1.57,2.62
2016.07.22 13:13:15.175,1.10169,1.10172,1.57,4.31
2016.07.22 13:13:16.624,1.10169,1.10172,1.57,5.81
2016.07.22 13:13:16.879,1.10169,1.10172,1.10,5.81
2016.07.22 13:13:16.980,1.10169,1.10172,1.10,4.12
2016.07.22 13:13:17.199,1.10169,1.10172,1.10,5.81
2016.07.22 13:13:18.141,1.10169,1.10172,1.10,6.19
2016.07.22 13:13:18.192,1.10169,1.10171,1.10,1.00
2016.07.22 13:13:18.243,1.10168,1.10171,3.00,1.00
2016.07.22 13:13:18.294,1.10168,1.10171,2.70,1.12
2016.07.22 13:13:18.345,1.10168,1.10171,1.58,1.87
2016.07.22 13:13:18.397,1.10168,1.1017,1.58,1.00
2016.07.22 13:13:18.448,1.10168,1.1017,2.33,1.00
2016.07.22 13:13:18.549,1.10168,1.1017,2.70,1.00
2016.07.22 13:13:18.600,1.10168,1.10171,2.70,2.62
2016.07.22 13:13:18.651,1.10168,1.10171,2.33,2.62
2016.07.22 13:13:18.905,1.10168,1.1017,2.33,1.00
2016.07.22 13:13:19.186,1.10168,1.1017,2.33,1.50
2016.07.22 13:13:19.492,1.10168,1.1017,2.33,1.00
2016.07.22 13:13:19.644,1.10168,1.1017,2.70,1.00
2016.07.22 13:13:19.746,1.10168,1.1017,2.33,1.00
2016.07.22 13:13:21.255,1.10168,1.1017,1.58,1.00
2016.07.22 13:13:23.348,1.10168,1.1017,2.33,1.00
2016.07.22 13:13:23.603,1.10168,1.1017,1.58,1.00
2016.07.22 13:13:23.806,1.10168,1.1017,2.33,1.00
2016.07.22 13:13:23.908,1.10168,1.1017,1.58,1.00
2016.07.22 13:13:24.010,1.10168,1.1017,2.33,1.00
2016.07.22 13:13:24.264,1.10168,1.1017,2.70,1.00
2016.07.22 13:13:24.515,1.10168,1.1017,1.95,1.00
2016.07.22 13:13:24.617,1.10168,1.1017,2.70,1.00
2016.07.22 13:13:24.821,1.10168,1.1017,1.95,1.00
2016.07.22 13:13:24.872,1.10168,1.1017,1.58,1.00
2016.07.22 13:13:25.077,1.10168,1.1017,1.10,1.12
2016.07.22 13:13:25.231,1.10167,1.10169,2.55,1.00
2016.07.22 13:13:25.333,1.10167,1.1017,2.55,2.62
2016.07.22 13:13:25.436,1.10168,1.1017,1.00,3.37
2016.07.22 13:13:25.560,1.10174,1.10175,8.25,16.50
2016.07.22 13:13:25.611,1.10176,1.10177,4.12,6.45
2016.07.22 13:13:25.663,1.10177,1.10179,4.80,7.57
2016.07.22 13:13:25.715,1.10178,1.10179,2.33,6.07
2016.07.22 13:13:25.767,1.10178,1.10179,1.00,3.00
2016.07.22 13:13:25.869,1.10178,1.10179,1.12,2.25
2016.07.22 13:13:25.921,1.10178,1.1018,3.22,3.75
2016.07.22 13:13:26.024,1.10178,1.1018,2.47,3.75
2016.07.22 13:13:26.076,1.10179,1.1018,1.05,1.00
2016.07.22 13:13:26.568,1.1018,1.10181,1.00,4.87
2016.07.22 13:13:26.619,1.1018,1.10182,2.69,4.57
2016.07.22 13:13:26.670,1.10182,1.10183,1.12,2.62
2016.07.22 13:13:26.722,1.10182,1.10184,1.12,3.00
2016.07.22 13:13:26.773,1.10182,1.10184,1.12,3.75
2016.07.22 13:13:26.824,1.10182,1.10184,1.12,2.25
2016.07.22 13:13:26.875,1.10182,1.10184,1.50,1.50
2016.07.22 13:13:26.975,1.10182,1.10184,1.50,1.00
2016.07.22 13:13:27.179,1.10182,1.10184,1.00,1.13
2016.07.22 13:13:27.230,1.10182,1.10183,1.00,1.00
2016.07.22 13:13:27.281,1.10181,1.10183,1.01,3.00
2016.07.22 13:13:27.332,1.1018,1.10182,5.44,3.00
2016.07.22 13:13:27.383,1.1018,1.10182,2.44,4.12
2016.07.22 13:13:27.434,1.1018,1.10182,2.25,3.56
2016.07.22 13:13:27.485,1.1018,1.10182,2.25,4.31
2016.07.22 13:13:27.536,1.1018,1.10182,1.00,6.19
2016.07.22 13:13:27.587,1.10178,1.10181,4.80,2.81
2016.07.22 13:13:27.638,1.10178,1.10181,4.05,2.81
2016.07.22 13:13:27.689,1.10178,1.10181,2.55,2.44
2016.07.22 13:13:27.771,1.10178,1.10181,2.92,2.06
2016.07.22 13:13:27.823,1.10179,1.10181,1.50,2.25
2016.07.22 13:13:28.128,1.10179,1.10181,1.00,2.25
2016.07.22 13:13:28.504,1.10179,1.10181,1.00,1.50
2016.07.22 13:13:28.606,1.10179,1.10181,1.00,1.00
2016.07.22 13:13:28.708,1.10179,1.10182,1.00,4.50
2016.07.22 13:13:28.759,1.10179,1.10182,1.00,6.19
2016.07.22 13:13:28.941,1.10179,1.10182,1.00,4.12
2016.07.22 13:13:28.992,1.10179,1.10182,1.00,5.81
2016.07.22 13:13:29.043,1.10179,1.10182,1.00,4.12
2016.07.22 13:13:29.246,1.10179,1.10182,1.00,5.81
2016.07.22 13:13:29.449,1.10179,1.10182,1.00,6.19
2016.07.22 13:13:29.601,1.10179,1.10182,1.00,6.94
2016.07.22 13:13:29.652,1.10179,1.10182,1.00,5.25
2016.07.22 13:13:29.754,1.10179,1.10182,1.00,6.94
2016.07.22 13:13:29.914,1.10179,1.10182,1.00,7.69
2016.07.22 13:13:30.219,1.10179,1.10182,1.00,5.25
2016.07.22 13:13:30.269,1.10179,1.10182,1.00,4.87
2016.07.22 13:13:30.405,1.10179,1.10182,1.35,7.31
2016.07.22 13:13:30.507,1.10179,1.10182,1.00,7.31
2016.07.22 13:13:30.608,1.10179,1.10182,1.00,7.69
2016.07.22 13:13:30.710,1.10179,1.10182,1.00,8.06
2016.07.22 13:13:31.219,1.10179,1.10181,1.00,1.12
2016.07.22 13:13:31.345,1.10179,1.10181,1.00,1.00
2016.07.22 13:13:31.498,1.10179,1.10181,1.35,1.00
2016.07.22 13:13:31.605,1.10179,1.10181,1.87,1.00
2016.07.22 13:13:31.707,1.10179,1.10181,2.47,1.00
2016.07.22 13:13:31.759,1.1018,1.10181,1.00,1.00
2016.07.22 13:13:32.543,1.10179,1.10181,3.22,1.00
2016.07.22 13:13:32.646,1.1018,1.10181,1.00,1.00
2016.07.22 13:13:32.952,1.10179,1.10181,3.22,1.00
2016.07.22 13:13:33.258,1.10179,1.10181,2.62,3.00
2016.07.22 13:13:33.309,1.10179,1.10181,1.00,4.87
2016.07.22 13:13:33.440,1.10178,1.10181,1.50,9.18
2016.07.22 13:13:33.492,1.10178,1.10181,2.10,8.06
2016.07.22 13:13:33.543,1.10178,1.10181,2.10,4.31
2016.07.22 13:13:33.594,1.10178,1.10181,2.47,3.56
2016.07.22 13:13:33.645,1.10178,1.10181,1.72,1.87
2016.07.22 13:13:33.696,1.10178,1.10181,1.72,1.87
2016.07.22 13:13:33.798,1.10178,1.10181,1.60,1.87
2016.07.22 13:13:33.900,1.10178,1.10181,1.60,1.50
2016.07.22 13:13:34.256,1.10178,1.10181,2.85,1.50
2016.07.22 13:13:34.358,1.10178,1.10181,2.85,2.44
2016.07.22 13:13:34.545,1.10178,1.10181,2.85,1.50
2016.07.22 13:13:34.647,1.10178,1.10181,2.85,2.44
2016.07.22 13:13:34.749,1.10178,1.10181,3.60,3.19
2016.07.22 13:13:34.901,1.10178,1.10181,2.10,3.56
2016.07.22 13:13:34.952,1.10178,1.10181,5.25,3.19
2016.07.22 13:13:35.003,1.10178,1.10181,5.25,3.56
2016.07.22 13:13:35.054,1.10178,1.10179,3.75,1.00
2016.07.22 13:13:35.563,1.10178,1.1018,3.75,3.75
2016.07.22 13:13:35.675,1.10178,1.1018,3.75,4.50
2016.07.22 13:13:35.726,1.10178,1.10179,3.75,1.00
2016.07.22 13:13:36.488,1.10178,1.10179,3.37,1.00
2016.07.22 13:13:36.539,1.10178,1.1018,3.37,7.50
2016.07.22 13:13:36.641,1.10178,1.10179,3.37,1.00
2016.07.22 13:13:36.837,1.10178,1.10179,1.12,1.00
2016.07.22 13:13:36.890,1.10178,1.10179,1.87,1.00
2016.07.22 13:13:36.941,1.10178,1.1018,2.47,1.00
2016.07.22 13:13:36.992,1.10178,1.1018,3.00,1.00
2016.07.22 13:13:37.552,1.10178,1.1018,2.25,1.00
2016.07.22 13:13:38.057,1.10179,1.1018,1.00,1.00
2016.07.22 13:13:38.160,1.10178,1.10179,3.37,1.00
2016.07.22 13:13:38.212,1.10177,1.10179,9.82,1.00
2016.07.22 13:13:38.264,1.10177,1.10178,2.32,1.50
2016.07.22 13:13:38.315,1.10177,1.10178,1.00,2.25
2016.07.22 13:13:38.368,1.10177,1.10179,2.50,6.45
2016.07.22 13:13:38.419,1.10177,1.10179,3.64,4.50
2016.07.22 13:13:38.471,1.1018,1.10181,1.00,6.19
2016.07.22 13:13:38.522,1.1018,1.10181,1.00,1.50
2016.07.22 13:13:38.573,1.1018,1.10181,2.25,1.00
2016.07.22 13:13:38.625,1.1018,1.10183,6.00,4.95
2016.07.22 13:13:38.677,1.10181,1.10183,1.00,4.87
2016.07.22 13:13:38.809,1.10181,1.10183,1.00,2.25
2016.07.22 13:13:38.862,1.1018,1.10183,4.88,3.75
2016.07.22 13:13:38.965,1.1018,1.10183,6.38,3.75
2016.07.22 13:13:39.016,1.1018,1.10183,6.38,2.25
2016.07.22 13:13:39.219,1.1018,1.10183,5.63,1.50
2016.07.22 13:13:39.270,1.10182,1.10184,1.00,5.14
2016.07.22 13:13:39.321,1.10182,1.10184,1.00,4.69
2016.07.22 13:13:39.372,1.10183,1.10184,1.00,3.75
2016.07.22 13:13:39.423,1.10183,1.10184,1.00,1.00
2016.07.22 13:13:39.475,1.10182,1.10185,1.00,5.32
2016.07.22 13:13:39.526,1.10182,1.10185,1.00,2.32
2016.07.22 13:13:39.657,1.10182,1.10184,1.50,1.00
2016.07.22 13:13:39.709,1.10182,1.10183,1.50,1.87
2016.07.22 13:13:39.760,1.10182,1.10183,1.00,4.35
2016.07.22 13:13:39.811,1.1018,1.10181,7.87,1.72
2016.07.22 13:13:39.863,1.10179,1.1018,4.50,1.50
2016.07.22 13:13:39.914,1.10178,1.10179,2.25,1.00
2016.07.22 13:13:39.965,1.10178,1.10179,2.25,1.50
2016.07.22 13:13:40.016,1.10178,1.10179,2.25,1.00
2016.07.22 13:13:40.067,1.10177,1.10179,4.76,1.50
2016.07.22 13:13:40.169,1.10177,1.10179,3.26,1.50
2016.07.22 13:13:40.366,1.10178,1.10179,1.00,1.00
2016.07.22 13:13:40.470,1.10178,1.1018,1.00,5.25
2016.07.22 13:13:40.522,1.10178,1.1018,1.00,4.50
2016.07.22 13:13:40.573,1.10178,1.10179,1.50,1.00
2016.07.22 13:13:40.624,1.10178,1.10179,1.87,1.00
2016.07.22 13:13:40.675,1.10178,1.1018,2.62,2.46
2016.07.22 13:13:40.727,1.10178,1.1018,5.55,1.00
2016.07.22 13:13:40.778,1.10179,1.1018,1.87,1.00
2016.07.22 13:13:40.830,1.10179,1.10181,3.00,1.00
2016.07.22 13:13:40.882,1.1018,1.10182,1.00,7.87
2016.07.22 13:13:40.934,1.1018,1.10182,1.12,4.87
2016.07.22 13:13:40.987,1.1018,1.10182,2.25,4.12
2016.07.22 13:13:41.038,1.1018,1.10182,3.37,2.25
2016.07.22 13:13:41.147,1.1018,1.10182,3.37,1.50
2016.07.22 13:13:41.199,1.1018,1.10182,3.37,2.25
2016.07.22 13:13:41.250,1.1018,1.10182,2.62,1.50
2016.07.22 13:13:41.302,1.1018,1.10182,3.37,1.50
2016.07.22 13:13:41.454,1.1018,1.10181,4.12,1.50
2016.07.22 13:13:41.609,1.1018,1.10181,3.00,1.50
2016.07.22 13:13:41.661,1.1018,1.10182,4.50,2.25
2016.07.22 13:13:41.712,1.1018,1.10182,4.16,2.62
2016.07.22 13:13:41.764,1.10182,1.10184,1.00,4.31
2016.07.22 13:13:41.815,1.10183,1.10184,3.22,6.00
2016.07.22 13:13:41.866,1.10183,1.10184,4.12,3.75
2016.07.22 13:13:42.012,1.10185,1.10186,2.62,1.12
2016.07.22 13:13:42.064,1.10185,1.10186,2.25,1.50
2016.07.22 13:13:42.167,1.10184,1.10186,1.50,1.50
2016.07.22 13:13:42.218,1.10184,1.10186,1.50,2.25
2016.07.22 13:13:42.269,1.10184,1.10185,1.00,1.00
2016.07.22 13:13:42.320,1.10183,1.10185,1.87,1.50
2016.07.22 13:13:42.523,1.10183,1.10185,1.87,1.00
2016.07.22 13:13:42.625,1.10183,1.10185,1.87,1.50
2016.07.22 13:13:42.906,1.10183,1.10185,1.50,1.50
2016.07.22 13:13:42.957,1.10182,1.10185,6.82,1.00
2016.07.22 13:13:43.059,1.10184,1.10185,1.00,1.00
2016.07.22 13:13:43.111,1.10184,1.10186,1.00,3.00
2016.07.22 13:13:43.162,1.10183,1.10186,2.81,2.25
2016.07.22 13:13:43.366,1.10183,1.10186,2.06,1.50
2016.07.22 13:13:43.468,1.10183,1.10186,2.81,2.25
2016.07.22 13:13:43.672,1.10183,1.10186,2.06,1.50
2016.07.22 13:13:43.774,1.10183,1.10186,2.81,2.25
2016.07.22 13:13:43.825,1.10183,1.10186,2.74,2.25
2016.07.22 13:13:44.077,1.10183,1.10186,1.99,3.00
2016.07.22 13:13:44.129,1.10183,1.10185,1.00,1.00
2016.07.22 13:13:44.180,1.10182,1.10185,3.00,4.12
2016.07.22 13:13:44.231,1.10182,1.10185,2.62,7.87
2016.07.22 13:13:44.282,1.10182,1.10185,2.62,8.62
2016.07.22 13:13:44.333,1.10182,1.10185,1.20,8.62
2016.07.22 13:13:44.384,1.10182,1.10185,1.20,8.25
2016.07.22 13:13:44.436,1.10182,1.10184,1.10,1.00
2016.07.22 13:13:44.539,1.10182,1.10184,1.57,1.00
2016.07.22 13:13:44.591,1.10182,1.10184,1.87,1.50
2016.07.22 13:13:44.642,1.10182,1.10184,2.25,1.50
2016.07.22 13:13:44.693,1.10182,1.10184,3.37,1.50
2016.07.22 13:13:44.744,1.10183,1.10184,1.00,1.50
2016.07.22 13:13:44.877,1.10183,1.10184,1.00,1.00
2016.07.22 13:13:46.838,1.10183,1.10184,1.00,1.12
2016.07.22 13:13:46.949,1.10181,1.10183,6.45,3.00
2016.07.22 13:13:47.005,1.10181,1.10182,3.37,3.00
2016.07.22 13:13:47.057,1.10181,1.10182,1.50,3.75
2016.07.22 13:13:47.108,1.1018,1.10181,5.25,1.00
2016.07.22 13:13:47.160,1.10179,1.10181,3.82,1.00
2016.07.22 13:13:47.211,1.10179,1.10181,2.25,1.00
2016.07.22 13:13:47.262,1.10178,1.10181,5.89,1.50
2016.07.22 13:13:47.364,1.1018,1.10181,1.87,1.25
2016.07.22 13:13:47.415,1.1018,1.10182,1.87,4.31
2016.07.22 13:13:47.466,1.1018,1.10182,1.87,2.44
2016.07.22 13:13:47.518,1.1018,1.10182,1.87,1.69
2016.07.22 13:13:47.569,1.1018,1.10182,2.62,1.69
2016.07.22 13:13:48.006,1.1018,1.10182,1.87,1.50
2016.07.22 13:13:48.057,1.1018,1.10182,1.87,1.00
2016.07.22 13:13:48.108,1.1018,1.10182,2.62,1.25
2016.07.22 13:13:48.160,1.1018,1.10182,1.87,1.25
2016.07.22 13:13:48.567,1.1018,1.10182,1.87,1.00
2016.07.22 13:13:48.669,1.1018,1.10182,1.87,1.12
2016.07.22 13:13:48.771,1.1018,1.10182,1.87,2.06
2016.07.22 13:13:48.969,1.1018,1.10182,1.87,2.81
2016.07.22 13:13:49.020,1.1018,1.10181,1.87,1.00
2016.07.22 13:13:49.071,1.10179,1.10181,2.70,1.12
2016.07.22 13:13:49.122,1.10178,1.10181,2.25,1.50
2016.07.22 13:13:49.173,1.10178,1.1018,1.50,3.37
2016.07.22 13:13:49.225,1.10178,1.1018,1.00,8.25
2016.07.22 13:13:49.277,1.10177,1.10179,5.89,1.00
2016.07.22 13:13:49.380,1.10177,1.10179,5.14,1.00
2016.07.22 13:13:49.432,1.10177,1.10179,5.06,1.00
2016.07.22 13:13:49.483,1.10177,1.10179,4.31,1.00
2016.07.22 13:13:49.585,1.10177,1.10179,3.19,1.00
2016.07.22 13:13:49.680,1.10177,1.10179,1.69,1.50
2016.07.22 13:13:49.786,1.10177,1.10179,1.69,1.00
2016.07.22 13:13:50.819,1.10177,1.10179,2.81,1.00
2016.07.22 13:13:50.921,1.10177,1.10179,3.56,1.00
2016.07.22 13:13:50.972,1.10178,1.10179,1.12,1.00
2016.07.22 13:13:51.074,1.10177,1.1018,3.56,6.00
2016.07.22 13:13:51.484,1.10177,1.1018,2.81,6.00
2016.07.22 13:13:51.642,1.10179,1.1018,1.00,2.25
2016.07.22 13:13:51.694,1.10179,1.10181,1.00,2.32
2016.07.22 13:13:51.745,1.10179,1.10181,1.00,3.00
2016.07.22 13:13:51.797,1.10179,1.10181,1.00,3.75
2016.07.22 13:13:51.898,1.10179,1.1018,1.00,1.00
2016.07.22 13:13:52.406,1.10179,1.1018,1.00,1.12
2016.07.22 13:13:52.508,1.10179,1.1018,1.00,1.00
2016.07.22 13:13:53.556,1.10178,1.1018,2.51,1.00
2016.07.22 13:13:53.673,1.10178,1.1018,2.44,1.00
2016.07.22 13:13:53.877,1.10178,1.1018,1.69,1.00
2016.07.22 13:13:54.081,1.10178,1.1018,2.44,1.00
2016.07.22 13:13:54.234,1.10178,1.1018,1.69,1.00
2016.07.22 13:13:54.780,1.10178,1.1018,2.06,1.00
2016.07.22 13:13:54.882,1.10178,1.1018,1.69,1.00
2016.07.22 13:13:56.026,1.10178,1.1018,2.44,1.00
2016.07.22 13:13:56.129,1.10178,1.1018,3.19,1.00
2016.07.22 13:13:56.333,1.10178,1.1018,2.44,1.00
2016.07.22 13:13:56.384,1.10178,1.1018,1.69,1.00
2016.07.22 13:13:57.440,1.10177,1.10178,5.14,1.35
2016.07.22 13:13:57.493,1.10177,1.10178,2.51,3.75
2016.07.22 13:13:57.545,1.10177,1.10178,4.80,3.75
2016.07.22 13:13:57.597,1.10179,1.10181,4.35,12.94
2016.07.22 13:13:57.648,1.1018,1.10181,5.25,8.62
2016.07.22 13:13:57.701,1.10177,1.1018,1.12,1.00
2016.07.22 13:13:57.752,1.10181,1.10183,1.00,2.32
2016.07.22 13:13:57.854,1.10181,1.10183,1.00,3.45
2016.07.22 13:13:57.908,1.1018,1.10183,4.20,2.25
2016.07.22 13:13:57.960,1.1018,1.10182,2.70,1.00
2016.07.22 13:13:58.062,1.1018,1.10182,3.45,1.00
2016.07.22 13:13:58.114,1.1018,1.10182,2.70,1.00
2016.07.22 13:13:58.165,1.1018,1.10182,1.20,1.00
2016.07.22 13:13:58.216,1.1018,1.10182,1.95,1.00
2016.07.22 13:13:58.270,1.1018,1.10182,2.70,1.00
2016.07.22 13:13:58.475,1.1018,1.10181,1.87,1.00
2016.07.22 13:13:58.526,1.10179,1.10181,1.50,1.50
2016.07.22 13:13:58.578,1.10178,1.1018,4.01,1.00
2016.07.22 13:13:58.713,1.10178,1.1018,1.76,1.00
2016.07.22 13:13:58.765,1.10178,1.1018,1.25,1.00
2016.07.22 13:13:58.816,1.10178,1.1018,2.44,1.00
2016.07.22 13:13:59.019,1.10179,1.1018,1.00,1.00
2016.07.22 13:13:59.628,1.10178,1.1018,3.04,1.00
2016.07.22 13:13:59.730,1.10178,1.1018,3.79,1.00
2016.07.22 13:14:00.134,1.10178,1.1018,2.44,1.00
2016.07.22 13:14:00.287,1.10178,1.1018,1.69,1.00
2016.07.22 13:14:00.338,1.10178,1.1018,2.44,1.00
2016.07.22 13:14:00.491,1.10178,1.1018,3.19,1.00
2016.07.22 13:14:01.029,1.10178,1.1018,1.69,1.00
2016.07.22 13:14:01.131,1.10178,1.1018,3.19,1.00
2016.07.22 13:14:01.233,1.10178,1.1018,1.69,1.00
2016.07.22 13:14:01.336,1.10178,1.1018,3.19,1.00
2016.07.22 13:14:02.445,1.10178,1.1018,1.69,1.00
2016.07.22 13:14:02.496,1.10178,1.1018,1.69,2.25
2016.07.22 13:14:02.547,1.10178,1.1018,2.44,3.75
2016.07.22 13:14:02.598,1.10178,1.1018,2.44,3.00
2016.07.22 13:14:02.699,1.10178,1.1018,1.69,3.00
2016.07.22 13:14:02.801,1.10179,1.10181,1.00,4.50
2016.07.22 13:14:02.852,1.10179,1.10181,1.00,3.75
2016.07.22 13:14:02.903,1.10177,1.1018,4.95,2.62
2016.07.22 13:14:03.053,1.10177,1.1018,5.70,2.62
2016.07.22 13:14:03.104,1.10174,1.10175,2.70,1.87
2016.07.22 13:14:03.156,1.10173,1.10175,5.06,4.56
2016.07.22 13:14:03.207,1.10176,1.10177,5.62,4.57
2016.07.22 13:14:03.258,1.10176,1.10177,13.50,1.57
2016.07.22 13:14:03.309,1.10178,1.10179,1.00,1.10
2016.07.22 13:14:03.360,1.10178,1.10179,1.87,1.10
2016.07.22 13:14:03.411,1.10178,1.10181,4.35,4.50
2016.07.22 13:14:03.462,1.10178,1.10181,4.35,3.00
2016.07.22 13:14:03.615,1.10178,1.1018,4.35,1.00
2016.07.22 13:14:03.724,1.10178,1.1018,4.72,1.00
2016.07.22 13:14:03.776,1.10178,1.10181,5.47,1.50
2016.07.22 13:14:03.827,1.10178,1.10181,4.72,1.50
2016.07.22 13:14:03.929,1.10178,1.10181,5.47,1.50
2016.07.22 13:14:04.033,1.10178,1.10181,4.72,1.50
2016.07.22 13:14:04.137,1.10178,1.10181,5.47,1.50
2016.07.22 13:14:04.392,1.10178,1.10181,6.97,1.50
2016.07.22 13:14:04.884,1.10178,1.10182,7.72,6.82
2016.07.22 13:14:04.935,1.10179,1.10182,1.30,5.62
2016.07.22 13:14:04.987,1.10179,1.10182,1.72,5.62
2016.07.22 13:14:05.089,1.10179,1.10181,6.22,1.00
2016.07.22 13:14:05.140,1.10179,1.10181,7.16,1.00
2016.07.22 13:14:05.191,1.1018,1.10182,1.00,1.12
2016.07.22 13:14:05.294,1.10179,1.10182,6.79,1.12
2016.07.22 13:14:05.460,1.10179,1.10182,6.04,1.12
2016.07.22 13:14:05.511,1.1018,1.10182,1.12,1.12
2016.07.22 13:14:05.562,1.10179,1.10182,7.91,1.12
2016.07.22 13:14:05.715,1.10179,1.10182,7.16,1.12
2016.07.22 13:14:05.817,1.10179,1.10182,7.91,1.00
2016.07.22 13:14:05.919,1.10179,1.10182,7.91,1.50
2016.07.22 13:14:06.022,1.10179,1.10182,6.41,1.50
2016.07.22 13:14:06.124,1.10179,1.10182,5.66,1.00
2016.07.22 13:14:06.295,1.10179,1.10182,6.41,1.00
2016.07.22 13:14:06.346,1.1018,1.10182,1.12,1.00
2016.07.22 13:14:06.814,1.10179,1.10182,6.04,2.06
2016.07.22 13:14:06.918,1.10179,1.10182,6.04,1.25
2016.07.22 13:14:07.807,1.10179,1.10182,5.29,1.25
2016.07.22 13:14:07.909,1.10179,1.10182,2.85,1.69
2016.07.22 13:14:07.960,1.10179,1.10182,1.50,1.50
2016.07.22 13:14:08.011,1.10179,1.10182,1.12,1.50
2016.07.22 13:14:08.062,1.10179,1.10182,1.87,2.44
2016.07.22 13:14:08.164,1.10179,1.10182,1.12,2.44
2016.07.22 13:14:08.558,1.10178,1.10182,7.05,1.50
2016.07.22 13:14:08.660,1.10179,1.10182,1.12,2.44
2016.07.22 13:14:08.762,1.10178,1.10182,7.05,1.50
2016.07.22 13:14:08.813,1.10178,1.10182,4.42,1.12
2016.07.22 13:14:08.864,1.10179,1.10181,1.12,1.00
2016.07.22 13:14:08.915,1.10179,1.10181,1.00,1.00
2016.07.22 13:14:08.966,1.10179,1.10181,1.00,1.25
2016.07.22 13:14:09.119,1.10179,1.10181,4.72,1.25
2016.07.22 13:14:09.170,1.10179,1.10182,7.72,3.56
2016.07.22 13:14:09.222,1.10179,1.10182,8.66,1.00
2016.07.22 13:14:09.273,1.10179,1.10182,7.91,1.00
2016.07.22 13:14:09.325,1.10179,1.10182,6.60,1.00
2016.07.22 13:14:09.459,1.10179,1.10182,5.85,2.25
2016.07.22 13:14:09.517,1.10179,1.10182,3.00,1.87
2016.07.22 13:14:09.568,1.10179,1.10181,1.50,1.69
2016.07.22 13:14:09.619,1.10179,1.10181,1.00,1.87
2016.07.22 13:14:09.722,1.10179,1.10181,1.00,3.94
2016.07.22 13:14:09.824,1.10179,1.10181,1.00,3.75
2016.07.22 13:14:09.926,1.10179,1.10181,1.00,3.00
2016.07.22 13:14:10.130,1.10179,1.10181,1.00,2.25
2016.07.22 13:14:10.353,1.10179,1.10181,1.00,3.00
2016.07.22 13:14:10.404,1.10179,1.10181,1.00,1.50
2016.07.22 13:14:10.456,1.1018,1.10181,1.00,1.00
2016.07.22 13:14:10.659,1.10179,1.10181,1.50,1.50
2016.07.22 13:14:10.761,1.10179,1.10181,1.50,1.69
2016.07.22 13:14:10.812,1.10179,1.10181,1.50,2.06
2016.07.22 13:14:10.864,1.10178,1.1018,3.45,1.00
2016.07.22 13:14:10.915,1.10178,1.1018,2.70,1.00
2016.07.22 13:14:10.966,1.10179,1.1018,1.00,1.00
2016.07.22 13:14:11.167,1.10178,1.10179,1.20,1.00
2016.07.22 13:14:11.218,1.10178,1.10179,1.12,1.00
2016.07.22 13:14:11.269,1.10178,1.10179,1.87,1.00
2016.07.22 13:14:11.422,1.10178,1.10179,1.50,1.00
2016.07.22 13:14:11.474,1.10177,1.10179,4.57,3.25
2016.07.22 13:14:11.526,1.10177,1.10178,2.25,3.75
2016.07.22 13:14:11.577,1.10177,1.10178,1.00,5.25
2016.07.22 13:14:11.629,1.10176,1.10178,5.44,2.25
2016.07.22 13:14:11.680,1.10176,1.10178,2.29,3.00
2016.07.22 13:14:11.731,1.10177,1.10178,1.00,1.12
2016.07.22 13:14:11.782,1.10177,1.10179,1.00,3.75
2016.07.22 13:14:11.930,1.10177,1.10179,1.00,1.00
2016.07.22 13:14:11.981,1.10177,1.10179,1.35,1.00
2016.07.22 13:14:12.032,1.10177,1.10179,2.10,1.00
2016.07.22 13:14:12.135,1.10177,1.10179,1.35,1.00
2016.07.22 13:14:12.287,1.10177,1.10179,2.10,1.00
2016.07.22 13:14:12.338,1.10177,1.10179,3.22,1.00
2016.07.22 13:14:12.440,1.10177,1.10179,3.60,1.00
2016.07.22 13:14:12.542,1.10177,1.10179,2.85,1.00
2016.07.22 13:14:12.644,1.10177,1.10179,4.35,1.00
2016.07.22 13:14:12.695,1.10177,1.1018,4.35,4.31
2016.07.22 13:14:12.747,1.10177,1.10178,1.00,1.00
2016.07.22 13:14:12.831,1.10177,1.10178,2.25,3.19
2016.07.22 13:14:12.883,1.10178,1.1018,4.35,10.87
2016.07.22 13:14:12.935,1.1018,1.10182,1.62,8.25
2016.07.22 13:14:12.987,1.10181,1.10183,3.00,8.44
2016.07.22 13:14:13.039,1.10177,1.10182,5.70,2.87
2016.07.22 13:14:13.090,1.10178,1.10181,12.00,1.00
2016.07.22 13:14:13.142,1.10181,1.10182,1.00,1.00
2016.07.22 13:14:13.246,1.1018,1.10182,5.25,1.00
2016.07.22 13:14:13.297,1.1018,1.10182,2.25,1.00
2016.07.22 13:14:13.400,1.1018,1.10182,1.50,1.50
2016.07.22 13:14:13.498,1.1018,1.10181,1.00,1.00
2016.07.22 13:14:13.550,1.10179,1.10181,3.00,1.50
2016.07.22 13:14:13.601,1.10179,1.10181,7.50,1.00
2016.07.22 13:14:13.652,1.10179,1.10181,3.75,1.00
2016.07.22 13:14:13.754,1.10179,1.10181,2.25,1.00
2016.07.22 13:14:13.806,1.10179,1.10181,1.50,1.50
2016.07.22 13:14:13.959,1.10179,1.10181,1.00,1.50
2016.07.22 13:14:14.061,1.10179,1.10181,1.50,1.50
2016.07.22 13:14:14.163,1.10179,1.10181,1.00,1.50
2016.07.22 13:14:14.468,1.10178,1.10181,6.30,1.50
2016.07.22 13:14:14.578,1.10178,1.1018,2.17,1.00
2016.07.22 13:14:14.630,1.10177,1.1018,6.82,1.00
2016.07.22 13:14:14.734,1.10177,1.10179,7.20,1.00
2016.07.22 13:14:14.836,1.10177,1.10179,5.70,1.00
2016.07.22 13:14:14.939,1.10177,1.10179,4.20,1.00
2016.07.22 13:14:15.041,1.10177,1.10179,5.70,1.00
2016.07.22 13:14:15.848,1.10177,1.10178,3.45,1.00
2016.07.22 13:14:15.899,1.10176,1.10178,2.62,2.50
2016.07.22 13:14:15.951,1.10174,1.10176,10.12,1.00
2016.07.22 13:14:16.002,1.10176,1.10177,2.25,2.62
2016.07.22 13:14:16.053,1.10178,1.10179,1.50,4.39
2016.07.22 13:14:16.104,1.10177,1.10178,9.27,1.25
2016.07.22 13:14:16.155,1.1018,1.10181,3.05,3.00
2016.07.22 13:14:16.206,1.10179,1.10181,11.85,1.00
2016.07.22 13:14:16.321,1.1018,1.10181,9.75,1.00
2016.07.22 13:14:16.372,1.1018,1.10182,7.20,1.00
2016.07.22 13:14:16.423,1.1018,1.10182,6.45,1.00
2016.07.22 13:14:16.474,1.1018,1.10182,5.70,1.00
2016.07.22 13:14:16.525,1.1018,1.10181,4.95,1.00
2016.07.22 13:14:16.678,1.1018,1.10181,3.45,1.00
2016.07.22 13:14:16.729,1.1018,1.10181,3.07,1.00
2016.07.22 13:14:16.780,1.1018,1.10181,2.32,1.00
2016.07.22 13:14:16.831,1.1018,1.10181,1.50,1.00
2016.07.22 13:14:16.882,1.10179,1.10181,2.85,1.00
2016.07.22 13:14:16.984,1.10179,1.10181,1.50,1.00
2016.07.22 13:14:17.035,1.10179,1.10181,1.12,1.00
2016.07.22 13:14:17.212,1.10179,1.10181,2.62,1.00
2016.07.22 13:14:17.466,1.1018,1.10181,1.00,1.00
2016.07.22 13:14:17.518,1.1018,1.10182,4.20,2.25
2016.07.22 13:14:17.569,1.10181,1.10182,1.35,1.00
2016.07.22 13:14:17.773,1.10181,1.10182,1.20,1.00
2016.07.22 13:14:17.825,1.10181,1.10182,1.00,1.50
2016.07.22 13:14:17.915,1.1018,1.10182,3.25,2.25
2016.07.22 13:14:17.967,1.1018,1.10182,1.00,2.25
2016.07.22 13:14:18.069,1.10179,1.10182,6.22,2.25
2016.07.22 13:14:18.121,1.10179,1.10182,6.22,3.00
2016.07.22 13:14:18.172,1.1018,1.10181,1.00,1.00
2016.07.22 13:14:18.880,1.1018,1.10181,1.00,1.25
2016.07.22 13:14:18.931,1.1018,1.10181,1.00,1.69
2016.07.22 13:14:18.982,1.10178,1.1018,2.32,2.25
2016.07.22 13:14:19.033,1.10177,1.1018,6.22,3.75
2016.07.22 13:14:19.085,1.10177,1.1018,6.22,5.25
2016.07.22 13:14:19.136,1.10177,1.1018,6.22,6.75
2016.07.22 13:14:19.187,1.10177,1.10179,5.85,1.00
2016.07.22 13:14:19.289,1.10177,1.10179,6.22,1.00
2016.07.22 13:14:19.340,1.10177,1.10179,6.60,1.00
2016.07.22 13:14:19.573,1.10179,1.1018,1.12,4.50
2016.07.22 13:14:19.624,1.10179,1.1018,1.12,3.00
2016.07.22 13:14:19.675,1.10179,1.1018,1.12,2.25
2016.07.22 13:14:19.727,1.10179,1.10181,2.62,3.75
2016.07.22 13:14:19.779,1.1018,1.10181,1.50,3.00
2016.07.22 13:14:19.831,1.10179,1.10181,1.12,2.25
2016.07.22 13:14:19.882,1.10179,1.10181,1.12,1.50
2016.07.22 13:14:19.985,1.10178,1.10181,3.60,1.50
2016.07.22 13:14:20.087,1.10178,1.10181,2.85,1.50
2016.07.22 13:14:20.139,1.10178,1.10181,3.22,1.50
2016.07.22 13:14:20.309,1.10178,1.10181,3.97,2.25
2016.07.22 13:14:20.361,1.10178,1.1018,2.25,1.50
2016.07.22 13:14:20.412,1.10178,1.1018,1.87,2.62
2016.07.22 13:14:20.464,1.10178,1.1018,1.50,3.37
2016.07.22 13:14:20.515,1.10178,1.1018,1.50,4.87
2016.07.22 13:14:20.617,1.10178,1.1018,2.10,3.37
2016.07.22 13:14:20.668,1.10179,1.1018,1.12,2.62
2016.07.22 13:14:20.720,1.1018,1.10181,1.00,2.32
2016.07.22 13:14:20.771,1.1018,1.10182,2.62,2.25
2016.07.22 13:14:20.822,1.10181,1.10182,1.50,1.00
2016.07.22 13:14:20.873,1.10182,1.10184,1.00,4.87
2016.07.22 13:14:20.975,1.10182,1.10183,1.00,1.50
2016.07.22 13:14:21.157,1.10181,1.10183,1.12,3.62
2016.07.22 13:14:21.208,1.10181,1.10183,1.12,4.37
2016.07.22 13:14:21.260,1.1018,1.10183,1.57,5.25
2016.07.22 13:14:21.312,1.1018,1.10183,1.57,6.75
2016.07.22 13:14:21.365,1.1018,1.10183,1.57,9.00
2016.07.22 13:14:21.417,1.1018,1.10183,2.25,9.00
2016.07.22 13:14:21.468,1.1018,1.10183,1.50,6.75
2016.07.22 13:14:21.571,1.1018,1.10183,2.25,9.00
2016.07.22 13:14:21.673,1.1018,1.10183,2.25,9.75
2016.07.22 13:14:21.725,1.1018,1.10182,1.00,3.94
2016.07.22 13:14:21.776,1.10179,1.10182,1.12,6.44
2016.07.22 13:14:21.828,1.10179,1.10181,1.12,1.50
2016.07.22 13:14:21.879,1.10178,1.10181,4.76,2.50
2016.07.22 13:14:22.066,1.10179,1.10181,2.10,2.25
2016.07.22 13:14:22.219,1.10179,1.10181,2.47,2.25
2016.07.22 13:14:22.271,1.10179,1.10181,2.10,2.25
2016.07.22 13:14:22.678,1.10179,1.10181,2.10,2.25
2016.07.22 13:14:22.780,1.10179,1.10181,1.35,2.25
2016.07.22 13:14:22.881,1.10179,1.10181,2.10,2.25
2016.07.22 13:14:23.338,1.10179,1.10181,1.72,2.25
2016.07.22 13:14:23.388,1.10179,1.10181,1.30,2.25
2016.07.22 13:14:23.490,1.10179,1.10181,1.72,2.25
2016.07.22 13:14:23.896,1.10181,1.10182,1.50,1.50
2016.07.22 13:14:23.947,1.10181,1.10182,1.87,1.00
2016.07.22 13:14:23.998,1.10182,1.10184,1.00,4.57
2016.07.22 13:14:24.049,1.10182,1.10184,1.00,3.32
2016.07.22 13:14:24.100,1.10182,1.10184,1.00,3.07
2016.07.22 13:14:24.202,1.10182,1.10184,1.00,3.00
2016.07.22 13:14:24.338,1.10182,1.10184,2.50,3.00
2016.07.22 13:14:24.440,1.10183,1.10184,1.00,3.00
2016.07.22 13:14:25.352,1.10182,1.10184,2.50,3.00
2016.07.22 13:14:25.403,1.10182,1.10184,2.25,3.75
2016.07.22 13:14:25.509,1.10181,1.10183,2.47,1.50
2016.07.22 13:14:25.561,1.1018,1.10182,6.71,1.50
2016.07.22 13:14:25.613,1.10181,1.10182,1.95,3.00
2016.07.22 13:14:25.664,1.10179,1.10182,6.26,5.81
2016.07.22 13:14:25.715,1.10179,1.10182,3.00,6.94
2016.07.22 13:14:25.766,1.10179,1.10182,1.00,11.44
2016.07.22 13:14:25.817,1.10179,1.10182,1.00,11.81
2016.07.22 13:14:25.868,1.10179,1.1018,1.00,3.75
2016.07.22 13:14:26.277,1.10178,1.1018,2.70,3.00
2016.07.22 13:14:26.328,1.10178,1.1018,3.07,3.00
2016.07.22 13:14:26.461,1.10179,1.1018,1.12,3.75
2016.07.22 13:14:26.512,1.10179,1.10181,2.72,3.75
2016.07.22 13:14:26.563,1.10179,1.10181,3.22,2.25
2016.07.22 13:14:26.616,1.10179,1.10181,2.72,2.25
2016.07.22 13:14:26.667,1.10179,1.1018,1.35,1.00
2016.07.22 13:14:26.718,1.10179,1.1018,1.42,1.00
2016.07.22 13:14:26.769,1.10179,1.10181,2.17,1.50
2016.07.22 13:14:26.872,1.10179,1.10181,1.80,1.00
2016.07.22 13:14:26.924,1.10179,1.10181,2.17,1.00
2016.07.22 13:14:27.182,1.1018,1.10181,1.00,1.00
2016.07.22 13:14:27.514,1.10179,1.10181,1.80,1.00
2016.07.22 13:14:27.768,1.10179,1.10181,1.05,1.00
2016.07.22 13:14:28.164,1.10178,1.10181,7.72,1.00
2016.07.22 13:14:28.215,1.10178,1.10181,6.60,1.00
2016.07.22 13:14:28.520,1.10178,1.10181,5.10,1.00
2016.07.22 13:14:28.571,1.10179,1.10181,1.10,1.00
2016.07.22 13:14:29.398,1.10178,1.10181,6.60,1.00
2016.07.22 13:14:29.499,1.10179,1.10181,1.10,1.00
2016.07.22 13:14:29.909,1.10178,1.1018,3.45,1.00
2016.07.22 13:14:30.011,1.10179,1.1018,1.00,1.00
2016.07.22 13:14:30.484,1.10178,1.10179,2.70,1.00
2016.07.22 13:14:30.535,1.10178,1.10179,3.30,1.00
2016.07.22 13:14:30.586,1.10178,1.10181,3.30,4.50
2016.07.22 13:14:30.637,1.10178,1.10181,2.92,4.59
2016.07.22 13:14:30.688,1.10178,1.10181,3.67,4.59
2016.07.22 13:14:30.892,1.10178,1.10181,2.92,3.09
2016.07.22 13:14:31.045,1.10178,1.10181,2.32,3.09
2016.07.22 13:14:31.306,1.10178,1.10181,3.07,4.59
2016.07.22 13:14:31.882,1.10178,1.10181,2.32,3.09
2016.07.22 13:14:31.984,1.10178,1.10181,3.07,4.59
2016.07.22 13:14:32.187,1.10178,1.10181,2.32,3.09
2016.07.22 13:14:32.289,1.10178,1.1018,3.45,1.00
2016.07.22 13:14:32.462,1.10178,1.1018,3.07,1.00
2016.07.22 13:14:32.564,1.10178,1.10179,2.25,1.00
2016.07.22 13:14:32.615,1.10178,1.10179,1.50,1.50
2016.07.22 13:14:32.717,1.10178,1.10179,1.50,1.00
2016.07.22 13:14:32.819,1.10179,1.1018,1.00,4.87
2016.07.22 13:14:32.922,1.10178,1.10179,2.25,1.00
2016.07.22 13:14:33.128,1.10178,1.10179,1.50,1.00
2016.07.22 13:14:33.179,1.10178,1.10179,2.25,1.00
2016.07.22 13:14:33.317,1.10178,1.10179,1.87,1.00
2016.07.22 13:14:33.368,1.10178,1.10179,1.50,1.00
2016.07.22 13:14:33.622,1.10178,1.10179,2.10,1.00
2016.07.22 13:14:33.724,1.10178,1.10179,1.35,1.00
2016.07.22 13:14:33.826,1.10178,1.10179,2.10,1.00
2016.07.22 13:14:34.182,1.10178,1.10179,2.85,1.00
2016.07.22 13:14:34.385,1.10178,1.10179,2.10,1.00
2016.07.22 13:14:34.504,1.10178,1.10179,2.85,1.00
2016.07.22 13:14:34.606,1.10178,1.10179,2.10,1.00
2016.07.22 13:14:34.657,1.10178,1.10179,1.50,1.00
2016.07.22 13:14:34.708,1.10178,1.10179,2.25,1.00
2016.07.22 13:14:34.759,1.10178,1.10179,2.85,1.00
2016.07.22 13:14:34.963,1.10178,1.10179,2.10,1.00
2016.07.22 13:14:35.064,1.10178,1.10179,3.60,1.00
2016.07.22 13:14:36.133,1.10178,1.10179,2.85,1.00
2016.07.22 13:14:36.235,1.10178,1.10179,3.60,1.00
2016.07.22 13:14:36.743,1.10178,1.1018,3.60,1.00
2016.07.22 13:14:37.023,1.10178,1.1018,2.85,1.00
2016.07.22 13:14:37.235,1.10178,1.1018,3.60,1.00
2016.07.22 13:14:37.794,1.10178,1.1018,2.85,1.00
2016.07.22 13:14:37.998,1.10178,1.1018,3.60,1.00
2016.07.22 13:14:38.232,1.10181,1.10182,2.10,1.20
2016.07.22 13:14:38.283,1.10185,1.10186,2.25,6.94
2016.07.22 13:14:38.335,1.10185,1.10187,3.60,5.32
2016.07.22 13:14:38.388,1.10185,1.10187,1.60,1.00
2016.07.22 13:14:38.439,1.10187,1.10188,1.00,2.33
2016.07.22 13:14:38.491,1.10186,1.10188,3.22,1.00
2016.07.22 13:14:38.542,1.10186,1.10188,2.62,1.00
2016.07.22 13:14:38.594,1.10185,1.10188,3.67,1.50
2016.07.22 13:14:38.645,1.10185,1.10188,2.92,1.50
2016.07.22 13:14:38.696,1.10185,1.10188,2.92,1.00
2016.07.22 13:14:38.798,1.10185,1.10187,2.17,1.50
2016.07.22 13:14:38.850,1.10185,1.10187,1.42,1.87
2016.07.22 13:14:38.901,1.10184,1.10187,2.47,3.19
2016.07.22 13:14:39.041,1.10184,1.10187,2.17,3.19
2016.07.22 13:14:39.102,1.10184,1.10187,2.17,3.75
2016.07.22 13:14:39.155,1.10183,1.10187,4.12,4.69
2016.07.22 13:14:39.206,1.10183,1.10187,4.50,4.69
2016.07.22 13:14:39.308,1.10183,1.10187,3.75,3.94
2016.07.22 13:14:39.359,1.10183,1.10187,4.50,3.94
2016.07.22 13:14:39.410,1.10183,1.10187,5.62,4.69
2016.07.22 13:14:39.462,1.10183,1.10187,6.22,4.69
2016.07.22 13:14:39.513,1.10183,1.10187,6.60,4.69
2016.07.22 13:14:39.666,1.10184,1.10187,1.10,3.94
2016.07.22 13:14:39.718,1.10184,1.10187,1.10,3.19
2016.07.22 13:14:39.966,1.10183,1.10187,7.72,3.19
2016.07.22 13:14:40.018,1.10183,1.10187,7.35,3.19
2016.07.22 13:14:40.070,1.10183,1.10187,8.47,3.19
2016.07.22 13:14:40.121,1.10183,1.10187,8.10,3.56
2016.07.22 13:14:40.172,1.10183,1.10187,6.97,4.31
2016.07.22 13:14:40.224,1.10183,1.10187,6.97,3.94
2016.07.22 13:14:40.326,1.10183,1.10187,4.72,3.94
2016.07.22 13:14:40.428,1.10183,1.10187,4.72,3.75
2016.07.22 13:14:40.479,1.10183,1.10187,4.42,3.75
2016.07.22 13:14:40.716,1.10183,1.10187,4.80,3.94
2016.07.22 13:14:40.768,1.10183,1.10187,5.55,3.94
2016.07.22 13:14:40.920,1.10184,1.10187,1.00,4.69
2016.07.22 13:14:41.124,1.10184,1.10187,1.00,5.06
2016.07.22 13:14:41.733,1.10184,1.10187,1.12,4.69
2016.07.22 13:14:41.842,1.10184,1.10187,1.12,5.06
2016.07.22 13:14:41.895,1.10184,1.10185,1.12,1.00
2016.07.22 13:14:41.946,1.10184,1.10185,1.00,1.00
2016.07.22 13:14:41.998,1.10183,1.10185,1.57,1.00
2016.07.22 13:14:42.049,1.10183,1.10185,1.10,1.00
2016.07.22 13:14:42.100,1.10183,1.10185,1.57,1.00
2016.07.22 13:14:42.151,1.10183,1.10184,1.10,1.00
2016.07.22 13:14:42.253,1.10183,1.10184,1.00,1.00
2016.07.22 13:14:42.893,1.10183,1.10184,1.00,1.00
2016.07.22 13:14:42.944,1.10183,1.10185,1.69,1.00
2016.07.22 13:14:42.995,1.10183,1.10186,3.97,1.87
2016.07.22 13:14:43.046,1.10183,1.10186,4.91,1.31
2016.07.22 13:14:43.097,1.10183,1.10187,4.99,7.12
2016.07.22 13:14:43.148,1.10183,1.10187,4.39,7.12
2016.07.22 13:14:43.199,1.10183,1.10187,4.01,7.12
2016.07.22 13:14:43.403,1.10183,1.10186,4.01,1.31
2016.07.22 13:14:43.454,1.10183,1.10186,2.89,2.44
2016.07.22 13:14:43.505,1.10183,1.10185,1.39,1.87
2016.07.22 13:14:43.556,1.10183,1.10185,1.12,2.44
2016.07.22 13:14:43.699,1.10182,1.10185,1.57,2.81
2016.07.22 13:14:43.750,1.10182,1.10185,1.10,2.44
2016.07.22 13:14:43.852,1.10181,1.10185,10.50,1.69
2016.07.22 13:14:43.903,1.10181,1.10185,10.50,1.87
2016.07.22 13:14:43.955,1.10182,1.10185,1.10,2.81
2016.07.22 13:14:44.006,1.10182,1.10185,1.00,2.06
2016.07.22 13:14:44.057,1.10182,1.10185,1.00,2.81
2016.07.22 13:14:44.108,1.10181,1.10185,10.95,4.31
2016.07.22 13:14:44.159,1.10181,1.10185,11.55,4.31
2016.07.22 13:14:44.211,1.10181,1.10185,9.67,3.37
2016.07.22 13:14:44.312,1.10181,1.10185,11.17,4.31
2016.07.22 13:14:44.918,1.10181,1.10185,10.42,5.06
2016.07.22 13:14:45.020,1.10181,1.10184,10.42,1.00
2016.07.22 13:14:45.713,1.10181,1.10184,10.05,1.00
2016.07.22 13:14:45.764,1.10181,1.10184,9.67,1.00
2016.07.22 13:14:45.815,1.10181,1.10184,8.17,1.00
2016.07.22 13:14:45.916,1.10181,1.10184,9.67,1.00
2016.07.22 13:14:46.018,1.10181,1.10184,8.17,1.00
2016.07.22 13:14:46.197,1.10181,1.10184,9.67,1.00
2016.07.22 13:14:46.350,1.10181,1.10184,8.17,1.00
2016.07.22 13:14:46.452,1.10181,1.10184,9.67,1.00
2016.07.22 13:14:46.812,1.10181,1.10184,8.17,1.00
2016.07.22 13:14:46.914,1.10181,1.10184,9.67,1.00
2016.07.22 13:14:47.117,1.10181,1.10184,8.17,1.00
2016.07.22 13:14:47.332,1.10181,1.10183,9.67,1.00
2016.07.22 13:14:49.022,1.10181,1.10183,8.17,1.00
2016.07.22 13:14:49.124,1.10181,1.10183,9.67,1.00
2016.07.22 13:14:50.123,1.10181,1.10183,9.07,1.00
2016.07.22 13:14:50.175,1.10181,1.10183,5.70,1.12
2016.07.22 13:14:50.228,1.1018,1.10182,2.25,1.50
2016.07.22 13:14:50.279,1.1018,1.10182,1.10,1.50
2016.07.22 13:14:50.330,1.1018,1.10182,1.57,1.69
2016.07.22 13:14:50.381,1.10183,1.10185,1.00,15.75
2016.07.22 13:14:50.433,1.10183,1.10184,3.37,1.20
2016.07.22 13:14:50.484,1.10184,1.10186,1.12,5.06
2016.07.22 13:14:50.535,1.10184,1.10185,2.25,1.00
2016.07.22 13:14:50.586,1.10184,1.10186,3.00,1.12
2016.07.22 13:14:50.684,1.10184,1.10185,2.62,1.00
2016.07.22 13:14:50.737,1.10184,1.10186,1.00,3.75
2016.07.22 13:14:50.789,1.10183,1.10186,1.57,3.37
2016.07.22 13:14:50.842,1.10183,1.10185,1.57,1.00
2016.07.22 13:14:51.046,1.10183,1.10185,1.10,1.00
2016.07.22 13:14:51.743,1.10183,1.10185,1.00,1.00
2016.07.22 13:14:52.251,1.10183,1.10184,1.00,1.00
2016.07.22 13:14:52.454,1.10183,1.10185,1.00,1.50
2016.07.22 13:14:54.389,1.10183,1.10185,1.00,1.87
2016.07.22 13:14:54.592,1.10182,1.10184,3.07,1.00
2016.07.22 13:14:54.644,1.10182,1.10184,1.50,1.50
2016.07.22 13:14:54.695,1.10181,1.10184,1.76,1.87
2016.07.22 13:14:54.746,1.1018,1.10183,3.97,1.50
2016.07.22 13:14:54.797,1.1018,1.10183,4.35,1.87
2016.07.22 13:14:54.848,1.1018,1.10182,1.87,2.25
2016.07.22 13:14:54.899,1.1018,1.10181,1.57,1.00
2016.07.22 13:14:55.032,1.10178,1.10181,6.75,1.50
2016.07.22 13:14:55.083,1.10178,1.10181,2.10,1.50
2016.07.22 13:14:55.134,1.10177,1.10181,11.47,1.50
2016.07.22 13:14:55.185,1.10177,1.10181,10.72,1.50
2016.07.22 13:14:55.236,1.10177,1.10181,8.47,1.50
2016.07.22 13:14:55.287,1.10177,1.10181,9.22,1.50
2016.07.22 13:14:55.440,1.10177,1.10181,9.97,1.50
2016.07.22 13:14:55.491,1.10177,1.10181,10.72,1.50
2016.07.22 13:14:55.643,1.10178,1.10181,1.35,1.50
2016.07.22 13:14:55.694,1.10178,1.10181,1.72,1.50
2016.07.22 13:14:56.294,1.10178,1.10181,2.10,1.12
2016.07.22 13:14:56.345,1.10178,1.10181,2.10,1.00
2016.07.22 13:14:56.952,1.10178,1.10181,2.85,1.00
2016.07.22 13:14:57.054,1.10178,1.1018,3.00,1.00
2016.07.22 13:14:57.444,1.10178,1.1018,1.87,1.00
2016.07.22 13:14:57.749,1.10178,1.1018,2.25,1.00
2016.07.22 13:14:57.902,1.10178,1.1018,1.12,1.00
2016.07.22 13:14:58.054,1.10177,1.1018,8.85,1.00
2016.07.22 13:14:58.156,1.10177,1.1018,8.25,1.00
2016.07.22 13:14:58.347,1.10177,1.1018,8.85,1.00
2016.07.22 13:14:58.398,1.10178,1.1018,1.00,1.00
2016.07.22 13:14:58.450,1.10179,1.10181,1.30,1.50
2016.07.22 13:14:58.552,1.10178,1.10181,5.85,1.50
2016.07.22 13:14:58.964,1.10178,1.10181,6.60,1.00
2016.07.22 13:14:59.015,1.10179,1.10181,1.30,1.00
2016.07.22 13:14:59.066,1.10179,1.10181,1.72,1.00
2016.07.22 13:14:59.906,1.10179,1.10181,1.35,1.00
2016.07.22 13:14:59.957,1.10178,1.10181,7.72,1.00
2016.07.22 13:15:00.010,1.10178,1.10181,7.35,1.00
2016.07.22 13:15:00.470,1.10178,1.10181,7.72,1.00
2016.07.22 13:15:00.521,1.10179,1.10181,2.55,1.00
2016.07.22 13:15:00.572,1.10179,1.10181,3.67,1.00
2016.07.22 13:15:00.625,1.1018,1.10181,2.32,1.00
2016.07.22 13:15:00.678,1.10181,1.10183,3.37,2.25
2016.07.22 13:15:00.731,1.10182,1.10184,1.37,3.94
2016.07.22 13:15:00.782,1.10182,1.10184,1.50,1.50
2016.07.22 13:15:00.833,1.10182,1.10184,3.00,1.50
2016.07.22 13:15:00.885,1.10182,1.10185,3.75,4.50
2016.07.22 13:15:00.937,1.10183,1.10185,1.50,2.25
2016.07.22 13:15:00.988,1.10183,1.10185,1.87,2.50
2016.07.22 13:15:01.120,1.10183,1.10186,5.85,1.87
2016.07.22 13:15:01.171,1.10184,1.10187,1.00,3.00
2016.07.22 13:15:01.222,1.10184,1.10187,1.00,2.25
2016.07.22 13:15:01.376,1.10184,1.10187,1.00,2.44
2016.07.22 13:15:01.531,1.10184,1.10187,1.12,2.44
2016.07.22 13:15:01.582,1.10184,1.10187,1.12,2.25
2016.07.22 13:15:01.786,1.10184,1.10187,1.12,1.50
2016.07.22 13:15:02.231,1.10184,1.10186,1.00,1.00
2016.07.22 13:15:02.897,1.10184,1.10187,2.25,1.69
2016.07.22 13:15:02.999,1.10185,1.10187,1.00,1.50
2016.07.22 13:15:03.414,1.10184,1.10187,3.00,1.50
2016.07.22 13:15:03.465,1.10185,1.10187,1.00,1.50
2016.07.22 13:15:04.478,1.10185,1.10187,1.50,1.00
2016.07.22 13:15:04.530,1.10185,1.10188,2.62,6.45
2016.07.22 13:15:04.581,1.10186,1.10188,1.00,6.08
2016.07.22 13:15:04.632,1.10186,1.10188,1.00,7.01
2016.07.22 13:15:04.719,1.10186,1.10188,1.00,6.26
2016.07.22 13:15:05.024,1.10186,1.10188,1.00,3.82
2016.07.22 13:15:05.075,1.10186,1.10188,1.00,4.57
2016.07.22 13:15:05.126,1.10186,1.10188,1.00,7.01
2016.07.22 13:15:05.634,1.10186,1.10188,1.00,4.57
2016.07.22 13:15:05.789,1.10186,1.10188,1.00,7.01
2016.07.22 13:15:06.172,1.10186,1.10188,1.00,5.51
2016.07.22 13:15:06.223,1.10186,1.10187,1.00,1.12
2016.07.22 13:15:06.325,1.10184,1.10187,4.65,1.12
2016.07.22 13:15:06.376,1.10184,1.10187,4.27,1.12
2016.07.22 13:15:06.928,1.10184,1.10187,2.17,1.12
2016.07.22 13:15:06.979,1.10184,1.10187,2.06,1.12
2016.07.22 13:15:07.336,1.10184,1.10188,2.06,5.70
2016.07.22 13:15:07.438,1.10184,1.10187,2.06,1.12
2016.07.22 13:15:08.428,1.10184,1.10188,2.06,6.07
2016.07.22 13:15:08.530,1.10184,1.10187,2.06,1.31
2016.07.22 13:15:08.734,1.10184,1.10188,2.06,6.26
2016.07.22 13:15:08.836,1.10184,1.10187,2.06,1.31
2016.07.22 13:15:09.108,1.10184,1.10187,2.06,2.44
2016.07.22 13:15:09.160,1.10184,1.10187,2.06,2.81
2016.07.22 13:15:09.262,1.10184,1.10187,1.31,3.56
2016.07.22 13:15:09.313,1.10184,1.10186,1.25,1.00
2016.07.22 13:15:09.364,1.10183,1.10186,6.49,1.00
2016.07.22 13:15:09.415,1.10183,1.10186,5.55,1.00
2016.07.22 13:15:09.518,1.10183,1.10187,5.55,4.12
2016.07.22 13:15:09.620,1.10183,1.10186,5.55,1.00
2016.07.22 13:15:10.163,1.10187,1.10188,2.10,10.20
2016.07.22 13:15:10.214,1.10187,1.10189,7.91,11.62
2016.07.22 13:15:10.266,1.10189,1.1019,1.72,17.44
2016.07.22 13:15:10.317,1.10188,1.1019,5.47,5.72
2016.07.22 13:15:10.368,1.10189,1.1019,1.35,4.22
2016.07.22 13:15:10.420,1.10189,1.1019,4.35,1.00
2016.07.22 13:15:10.471,1.10191,1.10193,1.00,12.60
2016.07.22 13:15:10.523,1.10191,1.10193,1.00,4.50
2016.07.22 13:15:10.575,1.10192,1.10193,1.00,2.25
2016.07.22 13:15:10.626,1.10192,1.10193,1.00,1.87
2016.07.22 13:15:10.677,1.10192,1.10193,1.00,1.50
2016.07.22 13:15:10.728,1.10192,1.10193,1.00,1.00
2016.07.22 13:15:10.779,1.10192,1.10194,1.00,1.50
2016.07.22 13:15:10.894,1.10191,1.10195,11.10,4.95
2016.07.22 13:15:10.948,1.10192,1.10194,3.00,1.00
2016.07.22 13:15:11.000,1.10193,1.10194,2.06,1.00
2016.07.22 13:15:11.051,1.10193,1.10195,2.81,2.25
2016.07.22 13:15:11.102,1.10193,1.10195,3.56,1.00
2016.07.22 13:15:11.153,1.10193,1.10195,4.54,1.00
2016.07.22 13:15:11.204,1.10193,1.10195,4.72,1.00
2016.07.22 13:15:11.306,1.10193,1.10195,3.97,1.00
2016.07.22 13:15:11.357,1.10193,1.10195,3.98,1.00
2016.07.22 13:15:11.409,1.10193,1.10195,3.79,1.00
2016.07.22 13:15:11.597,1.10193,1.10195,3.98,1.00
2016.07.22 13:15:11.651,1.10193,1.10195,3.41,1.00
2016.07.22 13:15:12.007,1.10193,1.10195,2.81,1.00
2016.07.22 13:15:12.109,1.10193,1.10195,2.66,1.00
2016.07.22 13:15:12.161,1.10193,1.10194,1.31,1.00
2016.07.22 13:15:12.212,1.10192,1.10194,2.92,1.00
2016.07.22 13:15:12.263,1.10192,1.10194,2.17,1.00
2016.07.22 13:15:12.314,1.10191,1.10194,5.81,1.00
2016.07.22 13:15:12.365,1.10191,1.10193,4.16,1.00
2016.07.22 13:15:12.524,1.10191,1.10193,4.91,1.00
2016.07.22 13:15:12.576,1.10191,1.10194,2.36,1.87
2016.07.22 13:15:12.627,1.10191,1.10193,2.36,1.00
2016.07.22 13:15:12.678,1.10191,1.10193,1.24,1.00
2016.07.22 13:15:12.729,1.10191,1.10194,1.15,4.12
2016.07.22 13:15:12.780,1.10191,1.10194,1.15,3.75
2016.07.22 13:15:12.832,1.10191,1.10193,1.15,1.00
2016.07.22 13:15:13.137,1.10191,1.10194,1.15,5.62
2016.07.22 13:15:13.239,1.10191,1.10193,1.15,1.00
2016.07.22 13:15:13.628,1.10191,1.10194,1.15,4.12
2016.07.22 13:15:13.680,1.1019,1.10193,9.06,1.50
2016.07.22 13:15:13.731,1.1019,1.10193,7.18,3.00
2016.07.22 13:15:13.783,1.1019,1.10193,6.25,3.00
2016.07.22 13:15:13.937,1.1019,1.10193,4.35,3.00
2016.07.22 13:15:13.988,1.1019,1.10193,3.22,3.37
2016.07.22 13:15:14.090,1.10192,1.10193,2.25,3.37
2016.07.22 13:15:14.141,1.10192,1.10193,1.25,3.00
2016.07.22 13:15:14.193,1.10197,1.10199,2.10,31.52
2016.07.22 13:15:14.244,1.10198,1.10199,4.16,4.57
2016.07.22 13:15:14.296,1.10201,1.10202,1.00,16.15
2016.07.22 13:15:14.417,1.102,1.10202,2.66,7.23
2016.07.22 13:15:14.468,1.10201,1.10202,2.25,2.70
2016.07.22 13:15:14.519,1.10201,1.10202,6.02,1.57
2016.07.22 13:15:14.571,1.10202,1.10203,1.00,4.12
2016.07.22 13:15:14.622,1.10201,1.10203,2.25,1.00
2016.07.22 13:15:14.724,1.10201,1.10204,2.62,3.75
2016.07.22 13:15:14.775,1.10201,1.10204,1.12,6.00
2016.07.22 13:15:14.826,1.102,1.10203,2.51,4.12
2016.07.22 13:15:14.877,1.102,1.10202,1.01,1.00
2016.07.22 13:15:14.928,1.10199,1.10202,3.97,1.50
2016.07.22 13:15:15.091,1.10199,1.10202,1.10,4.50
2016.07.22 13:15:15.244,1.10199,1.10201,1.10,1.00
2016.07.22 13:15:15.295,1.10198,1.10201,2.62,1.50
2016.07.22 13:15:15.346,1.10198,1.10201,1.87,1.50
2016.07.22 13:15:15.397,1.10198,1.102,1.87,3.00
2016.07.22 13:15:15.448,1.10198,1.10199,1.57,1.00
2016.07.22 13:15:15.550,1.10198,1.10201,1.57,6.00
2016.07.22 13:15:15.602,1.102,1.10201,1.00,2.25
2016.07.22 13:15:15.653,1.102,1.10201,1.25,1.50
2016.07.22 13:15:15.786,1.102,1.10203,2.44,6.37
2016.07.22 13:15:15.838,1.102,1.10203,2.44,4.87
2016.07.22 13:15:15.940,1.102,1.10203,2.44,6.37
2016.07.22 13:15:15.992,1.102,1.10203,1.50,7.31
2016.07.22 13:15:16.094,1.102,1.10203,2.25,6.56
2016.07.22 13:15:16.145,1.102,1.10203,2.25,6.19
2016.07.22 13:15:16.298,1.102,1.10203,1.50,6.19
2016.07.22 13:15:16.350,1.102,1.10203,1.50,4.69
2016.07.22 13:15:16.401,1.102,1.10203,2.62,4.31
2016.07.22 13:15:16.452,1.102,1.10203,3.00,5.44
2016.07.22 13:15:16.503,1.102,1.10202,1.50,1.87
2016.07.22 13:15:16.555,1.102,1.10201,1.50,1.00
2016.07.22 13:15:16.660,1.10198,1.102,1.57,1.50
2016.07.22 13:15:16.711,1.10198,1.102,1.10,5.25
2016.07.22 13:15:16.762,1.10196,1.10198,6.00,2.50
2016.07.22 13:15:16.814,1.10196,1.10197,1.12,1.50
2016.07.22 13:15:16.865,1.10196,1.10197,1.00,1.50
2016.07.22 13:15:16.917,1.10195,1.10197,1.00,2.25
2016.07.22 13:15:16.968,1.10195,1.10197,1.00,3.75
2016.07.22 13:15:17.019,1.10193,1.10197,1.87,5.25
2016.07.22 13:15:17.070,1.10193,1.10196,1.12,1.87
2016.07.22 13:15:17.121,1.10192,1.10196,7.50,2.62
2016.07.22 13:15:17.172,1.10192,1.10196,5.25,3.37
2016.07.22 13:15:17.223,1.10192,1.10195,3.00,2.25
2016.07.22 13:15:17.274,1.10193,1.10194,1.00,1.87
2016.07.22 13:15:17.326,1.10192,1.10193,1.00,1.00
2016.07.22 13:15:17.429,1.10191,1.10193,1.00,2.25
2016.07.22 13:15:17.482,1.1019,1.10193,1.50,5.25
2016.07.22 13:15:17.534,1.10189,1.10192,3.75,2.25
2016.07.22 13:15:17.585,1.10189,1.10193,3.75,6.00
2016.07.22 13:15:17.636,1.1019,1.10193,1.00,6.75
2016.07.22 13:15:17.789,1.10189,1.1019,2.25,1.50
2016.07.22 13:15:17.841,1.10188,1.10189,1.69,3.00
2016.07.22 13:15:17.892,1.10187,1.10188,1.00,1.00
2016.07.22 13:15:17.943,1.10185,1.10188,7.69,1.50
2016.07.22 13:15:17.995,1.10185,1.10188,4.87,4.12
2016.07.22 13:15:18.046,1.10185,1.10187,1.87,3.00
2016.07.22 13:15:18.098,1.10185,1.10187,1.12,4.12
2016.07.22 13:15:18.181,1.10184,1.10187,2.25,4.50
2016.07.22 13:15:18.232,1.10184,1.10186,2.25,1.00
2016.07.22 13:15:18.283,1.10184,1.10186,1.50,1.00
2016.07.22 13:15:18.334,1.10184,1.10186,1.00,1.00
2016.07.22 13:15:18.538,1.10184,1.10186,1.00,1.50
2016.07.22 13:15:18.589,1.10184,1.10186,1.00,2.25
2016.07.22 13:15:18.640,1.10182,1.10186,4.69,3.75
2016.07.22 13:15:18.691,1.10182,1.10185,4.91,1.00
2016.07.22 13:15:18.742,1.10182,1.10185,5.29,1.00
2016.07.22 13:15:18.844,1.10182,1.10185,6.04,1.00
2016.07.22 13:15:18.934,1.10182,1.10185,6.04,1.00
2016.07.22 13:15:18.985,1.10182,1.10185,5.81,1.00
2016.07.22 13:15:19.138,1.10182,1.10185,6.19,1.00
2016.07.22 13:15:19.240,1.10184,1.10185,1.00,1.00
2016.07.22 13:15:19.750,1.10183,1.10185,1.00,1.00
2016.07.22 13:15:19.801,1.10183,1.10186,1.00,3.00
2016.07.22 13:15:19.987,1.10184,1.10185,1.00,1.00
2016.07.22 13:15:20.039,1.10182,1.10183,1.87,1.00
2016.07.22 13:15:20.090,1.10181,1.10182,2.06,1.00
2016.07.22 13:15:20.141,1.10182,1.10184,1.00,6.75
2016.07.22 13:15:20.193,1.10182,1.10184,1.00,7.12
2016.07.22 13:15:20.244,1.10178,1.1018,4.12,1.00
2016.07.22 13:15:20.295,1.10178,1.1018,3.37,1.00
2016.07.22 13:15:20.347,1.10178,1.1018,1.31,1.50
2016.07.22 13:15:20.399,1.10178,1.1018,1.25,3.00
2016.07.22 13:15:20.451,1.10177,1.1018,3.56,2.25
2016.07.22 13:15:20.502,1.10178,1.10179,1.00,1.00
2016.07.22 13:15:20.553,1.10179,1.1018,1.00,2.25
2016.07.22 13:15:20.631,1.10179,1.1018,1.00,1.50
2016.07.22 13:15:20.682,1.10178,1.1018,3.94,1.00
2016.07.22 13:15:20.733,1.10178,1.10181,6.04,1.50
2016.07.22 13:15:20.784,1.10179,1.10181,1.00,1.00
2016.07.22 13:15:20.886,1.10179,1.10181,1.12,1.00
2016.07.22 13:15:20.937,1.10179,1.10181,3.00,1.00
2016.07.22 13:15:21.039,1.10181,1.10182,1.50,1.00
2016.07.22 13:15:21.090,1.10181,1.10183,2.25,1.50
2016.07.22 13:15:21.142,1.10183,1.10184,1.00,1.50
2016.07.22 13:15:21.243,1.10182,1.10184,4.31,1.00
2016.07.22 13:15:21.808,1.10182,1.10184,4.50,1.00
2016.07.22 13:15:21.961,1.10183,1.10184,1.25,1.00
2016.07.22 13:15:22.062,1.10183,1.10185,1.25,1.00
2016.07.22 13:15:22.113,1.10183,1.10185,1.31,1.00
2016.07.22 13:15:22.215,1.10183,1.10185,1.25,1.00
2016.07.22 13:15:22.267,1.10183,1.10185,1.25,1.50
2016.07.22 13:15:22.318,1.10183,1.10185,1.25,1.00
2016.07.22 13:15:22.521,1.10183,1.10185,1.31,1.00
2016.07.22 13:15:22.626,1.10183,1.10185,2.25,1.00
2016.07.22 13:15:22.880,1.10183,1.10185,2.06,1.00
2016.07.22 13:15:22.981,1.10183,1.10185,2.25,1.00
2016.07.22 13:15:23.950,1.10183,1.10185,3.00,1.00
2016.07.22 13:15:24.052,1.10183,1.10185,3.56,1.00
2016.07.22 13:15:24.103,1.10183,1.10186,3.56,2.25
2016.07.22 13:15:24.154,1.10183,1.10186,4.50,3.00
2016.07.22 13:15:24.616,1.10183,1.10186,4.50,2.25
2016.07.22 13:15:24.871,1.10183,1.10186,5.25,2.25
2016.07.22 13:15:24.922,1.10183,1.10186,5.32,3.00
2016.07.22 13:15:25.469,1.10183,1.10186,4.57,2.25
2016.07.22 13:15:25.520,1.10183,1.10186,4.57,1.50
2016.07.22 13:15:25.571,1.10183,1.10186,6.82,1.50
2016.07.22 13:15:25.623,1.10184,1.10186,1.50,1.50
2016.07.22 13:15:25.674,1.10184,1.10186,4.50,1.50
2016.07.22 13:15:25.726,1.10186,1.10187,1.12,1.50
2016.07.22 13:15:25.777,1.10186,1.10187,1.31,1.00
2016.07.22 13:15:25.829,1.10186,1.10188,6.56,1.50
2016.07.22 13:15:25.880,1.10186,1.10188,10.72,1.00
2016.07.22 13:15:25.932,1.10186,1.10188,11.47,1.00
2016.07.22 13:15:25.983,1.10186,1.10188,12.22,1.00
2016.07.22 13:15:26.034,1.10186,1.10188,6.97,1.00
2016.07.22 13:15:26.347,1.10186,1.10188,4.12,1.00
2016.07.22 13:15:26.400,1.10185,1.10187,10.20,1.00
2016.07.22 13:15:26.451,1.10186,1.10187,1.00,2.25
2016.07.22 13:15:26.509,1.10186,1.10187,1.00,2.62
2016.07.22 13:15:26.560,1.10186,1.10187,1.00,1.12
2016.07.22 13:15:26.713,1.10186,1.10187,1.00,1.87
2016.07.22 13:15:26.764,1.10186,1.10187,1.00,4.12
2016.07.22 13:15:26.873,1.10183,1.10185,6.37,1.00
2016.07.22 13:15:27.158,1.10183,1.10185,6.75,1.00
2016.07.22 13:15:27.261,1.10183,1.10185,6.37,1.00
2016.07.22 13:15:27.312,1.10183,1.10185,6.07,1.00
2016.07.22 13:15:27.579,1.10183,1.10185,4.39,1.00
2016.07.22 13:15:27.758,1.10183,1.10185,6.36,1.00
2016.07.22 13:15:27.809,1.10183,1.10185,5.98,1.00
2016.07.22 13:15:28.081,1.10183,1.10185,6.73,1.00
2016.07.22 13:15:28.995,1.10183,1.10185,5.23,1.00
2016.07.22 13:15:29.097,1.10183,1.10185,5.98,1.00
2016.07.22 13:15:29.148,1.10183,1.10185,4.48,1.00
2016.07.22 13:15:29.465,1.10183,1.10185,2.98,1.00
2016.07.22 13:15:29.567,1.10183,1.10185,4.48,1.00
2016.07.22 13:15:30.732,1.10183,1.10185,3.73,1.00
2016.07.22 13:15:30.783,1.10183,1.10186,2.23,1.00
2016.07.22 13:15:30.885,1.10183,1.10186,4.73,1.00
2016.07.22 13:15:30.937,1.10183,1.10186,5.48,1.00
2016.07.22 13:15:30.988,1.10183,1.10186,8.23,1.00
2016.07.22 13:15:31.039,1.10184,1.10186,2.16,1.00
2016.07.22 13:15:31.090,1.10184,1.10186,1.41,1.00
2016.07.22 13:15:31.192,1.10184,1.10186,2.16,1.00
2016.07.22 13:15:31.792,1.10184,1.10187,3.15,1.87
2016.07.22 13:15:31.996,1.10184,1.10187,2.16,1.87
2016.07.22 13:15:32.200,1.10184,1.10187,2.16,3.37
2016.07.22 13:15:32.251,1.10184,1.10186,4.31,1.00
2016.07.22 13:15:32.698,1.10184,1.10186,3.56,1.00
2016.07.22 13:15:32.800,1.10184,1.10186,4.31,1.00
2016.07.22 13:15:32.954,1.10184,1.10187,6.79,3.37
2016.07.22 13:15:33.005,1.10185,1.10188,6.75,3.82
2016.07.22 13:15:33.057,1.10186,1.10188,4.12,2.25
2016.07.22 13:15:33.109,1.10187,1.10189,2.10,2.38
2016.07.22 13:15:33.164,1.10187,1.10189,3.97,2.38
2016.07.22 13:15:33.368,1.10187,1.10189,1.87,3.75
2016.07.22 13:15:33.420,1.10187,1.10188,1.87,1.00
2016.07.22 13:15:33.523,1.10186,1.10188,3.64,1.00
2016.07.22 13:15:33.574,1.10186,1.10188,4.76,1.00
2016.07.22 13:15:33.625,1.10186,1.10188,3.07,1.00
2016.07.22 13:15:33.728,1.10186,1.10187,2.25,1.00
2016.07.22 13:15:33.779,1.10186,1.10187,1.50,1.00
2016.07.22 13:15:33.830,1.10186,1.10187,1.00,1.00
2016.07.22 13:15:36.104,1.10186,1.10187,1.69,1.00
2016.07.22 13:15:36.205,1.10186,1.10188,1.50,1.50
2016.07.22 13:15:36.307,1.10186,1.10188,1.00,1.50
2016.07.22 13:15:37.007,1.10186,1.10188,1.00,1.00
2016.07.22 13:15:37.058,1.10186,1.10188,1.12,1.00
2016.07.22 13:15:37.109,1.10186,1.10188,1.12,1.50
2016.07.22 13:15:37.161,1.10186,1.10188,1.00,1.50
2016.07.22 13:15:37.417,1.10186,1.10188,1.00,1.00
2016.07.22 13:15:37.520,1.10186,1.10188,1.00,1.50
2016.07.22 13:15:37.672,1.10186,1.10188,1.00,1.00
2016.07.22 13:15:37.926,1.10186,1.10189,1.00,5.48
2016.07.22 13:15:38.106,1.10186,1.10188,1.00,1.00
2016.07.22 13:15:38.718,1.10186,1.10188,1.00,1.12
2016.07.22 13:15:38.770,1.10186,1.10188,1.00,2.25
2016.07.22 13:15:38.867,1.10186,1.10187,1.00,1.00
2016.07.22 13:15:38.919,1.10184,1.10186,4.01,1.00
2016.07.22 13:15:38.970,1.10184,1.10186,4.99,1.00
2016.07.22 13:15:39.021,1.10185,1.10186,1.25,1.50
2016.07.22 13:15:39.123,1.10185,1.10186,1.25,1.00
2016.07.22 13:15:39.631,1.10185,1.10187,1.25,1.00
2016.07.22 13:15:39.822,1.10184,1.10187,7.42,1.00
2016.07.22 13:15:39.873,1.10185,1.10187,1.00,1.00
2016.07.22 13:15:39.924,1.10184,1.10187,7.05,1.13
2016.07.22 13:15:39.976,1.10184,1.10187,6.67,1.13
2016.07.22 13:15:40.027,1.10184,1.10186,6.67,1.00
2016.07.22 13:15:40.078,1.10184,1.10186,5.32,1.00
2016.07.22 13:15:40.816,1.10184,1.10187,5.32,1.13
2016.07.22 13:15:40.867,1.10184,1.10187,4.95,1.13
2016.07.22 13:15:40.973,1.10185,1.10187,1.25,1.10
2016.07.22 13:15:41.024,1.10184,1.10186,4.76,1.13
2016.07.22 13:15:41.126,1.10184,1.10186,4.95,1.60
2016.07.22 13:15:41.228,1.10184,1.10186,4.01,1.13
2016.07.22 13:15:41.413,1.10184,1.10186,4.95,1.60
2016.07.22 13:15:42.035,1.10184,1.10186,5.32,1.13
2016.07.22 13:15:42.086,1.10184,1.10187,5.70,1.60
2016.07.22 13:15:42.138,1.10184,1.10187,5.32,1.60
2016.07.22 13:15:42.393,1.10184,1.10187,4.57,1.60
2016.07.22 13:15:42.444,1.10184,1.10187,4.57,2.35
2016.07.22 13:15:42.495,1.10184,1.10186,3.37,1.13
2016.07.22 13:15:42.546,1.10184,1.10186,2.44,1.13
2016.07.22 13:15:42.597,1.10184,1.10186,1.69,1.10
2016.07.22 13:15:42.699,1.10184,1.10186,2.44,1.10
2016.07.22 13:15:43.284,1.10184,1.10186,2.44,1.06
2016.07.22 13:15:43.386,1.10184,1.10186,1.12,1.19
2016.07.22 13:15:43.437,1.10184,1.10186,1.00,1.56
2016.07.22 13:15:43.590,1.10184,1.10186,1.12,1.56
2016.07.22 13:15:43.821,1.10184,1.10186,2.62,1.56
2016.07.22 13:15:43.924,1.10184,1.10186,3.37,1.56
2016.07.22 13:15:44.026,1.10184,1.10186,3.97,1.56
2016.07.22 13:15:44.129,1.10184,1.10186,3.97,1.06
2016.07.22 13:15:44.231,1.10184,1.10186,4.72,1.06
2016.07.22 13:15:44.815,1.10184,1.10186,3.97,1.06
2016.07.22 13:15:44.866,1.10184,1.10186,6.60,1.06
2016.07.22 13:15:44.917,1.10184,1.10186,8.10,1.00
2016.07.22 13:15:45.020,1.10184,1.10186,6.60,1.00
2016.07.22 13:15:45.122,1.10184,1.10186,8.10,1.00
2016.07.22 13:15:45.207,1.10184,1.10186,6.60,1.00
2016.07.22 13:15:45.410,1.10185,1.10186,1.12,1.00
2016.07.22 13:15:45.461,1.10186,1.10187,1.00,1.87
2016.07.22 13:15:45.512,1.10186,1.10187,1.87,1.00
2016.07.22 13:15:45.563,1.10187,1.10189,1.00,3.00
2016.07.22 13:15:45.614,1.10187,1.10189,1.00,1.57
2016.07.22 13:15:45.665,1.10188,1.10189,1.00,1.57
2016.07.22 13:15:45.717,1.10187,1.10189,4.35,1.00
2016.07.22 13:15:45.768,1.10187,1.10189,5.85,1.00
2016.07.22 13:15:45.819,1.10187,1.10189,6.60,1.50
2016.07.22 13:15:45.870,1.10187,1.10189,4.72,1.50
2016.07.22 13:15:46.001,1.10187,1.10189,2.85,1.50
2016.07.22 13:15:46.103,1.10187,1.10189,2.85,2.25
2016.07.22 13:15:46.154,1.10187,1.10189,2.10,2.25
2016.07.22 13:15:46.614,1.10187,1.10189,2.47,2.25
2016.07.22 13:15:46.766,1.10187,1.10189,2.47,1.50
2016.07.22 13:15:46.869,1.10187,1.10189,2.47,2.25
2016.07.22 13:15:47.314,1.10187,1.10189,2.47,1.50
2016.07.22 13:15:47.365,1.10187,1.10189,2.47,2.25
2016.07.22 13:15:47.518,1.10187,1.10189,2.10,2.25
2016.07.22 13:15:47.569,1.10187,1.10189,2.10,1.50
2016.07.22 13:15:47.672,1.10187,1.10189,2.10,2.25
2016.07.22 13:15:47.723,1.10187,1.10189,2.85,2.25
2016.07.22 13:15:47.826,1.10187,1.10189,2.47,2.25
2016.07.22 13:15:47.878,1.10187,1.10189,1.87,2.25
2016.07.22 13:15:47.929,1.10187,1.10189,1.12,2.25
2016.07.22 13:15:48.234,1.10187,1.10189,1.12,1.50
2016.07.22 13:15:48.335,1.10187,1.10189,1.12,2.25
2016.07.22 13:15:49.032,1.10187,1.10189,1.12,1.50
2016.07.22 13:15:49.134,1.10187,1.10189,1.87,1.50
2016.07.22 13:15:49.236,1.10187,1.10189,5.35,1.50
2016.07.22 13:15:49.287,1.10187,1.10189,6.85,1.50
2016.07.22 13:15:49.338,1.10187,1.10189,11.54,1.25
2016.07.22 13:15:49.389,1.10187,1.10189,11.92,1.25
2016.07.22 13:15:49.440,1.10187,1.10189,12.49,1.25
2016.07.22 13:15:49.491,1.10187,1.10189,12.11,1.25
2016.07.22 13:15:49.542,1.10187,1.10189,11.74,1.25
2016.07.22 13:15:49.593,1.10187,1.10189,12.86,1.25
2016.07.22 13:15:49.644,1.10187,1.10189,10.61,1.00
2016.07.22 13:15:49.762,1.10187,1.1019,11.74,1.00
2016.07.22 13:15:49.813,1.10187,1.1019,10.99,1.00
2016.07.22 13:15:50.083,1.10187,1.1019,9.67,1.00
2016.07.22 13:15:50.235,1.10187,1.1019,11.36,1.00
2016.07.22 13:15:50.338,1.10187,1.1019,12.11,1.50
2016.07.22 13:15:50.389,1.10187,1.1019,10.99,1.50
2016.07.22 13:15:50.541,1.10187,1.1019,10.05,1.00
2016.07.22 13:15:50.643,1.10187,1.1019,10.99,1.50
2016.07.22 13:15:50.746,1.10187,1.1019,10.24,1.50
2016.07.22 13:15:50.848,1.10187,1.1019,9.11,1.50
2016.07.22 13:15:51.688,1.10187,1.1019,8.92,1.00
2016.07.22 13:15:51.739,1.10188,1.1019,3.37,1.00
2016.07.22 13:15:51.790,1.10189,1.10191,3.97,4.69
2016.07.22 13:15:51.841,1.10189,1.10191,11.70,1.00
2016.07.22 13:15:51.892,1.10189,1.10193,15.29,2.11
2016.07.22 13:15:52.020,1.1019,1.10193,10.39,1.50
2016.07.22 13:15:52.071,1.10192,1.10193,2.06,1.50
2016.07.22 13:15:52.122,1.10192,1.10193,2.44,1.00
2016.07.22 13:15:52.173,1.10191,1.10193,3.07,1.25
2016.07.22 13:15:52.224,1.1019,1.10192,8.63,1.00
2016.07.22 13:15:52.275,1.1019,1.10192,7.69,1.00
2016.07.22 13:15:52.326,1.1019,1.10192,1.95,1.25
2016.07.22 13:15:52.378,1.1019,1.10192,1.95,1.69
2016.07.22 13:15:52.633,1.1019,1.10191,1.57,1.00
2016.07.22 13:15:52.966,1.1019,1.10191,1.10,1.00
2016.07.22 13:15:53.071,1.1019,1.10191,1.00,1.00
2016.07.22 13:15:53.173,1.10189,1.10191,4.99,1.00
2016.07.22 13:15:53.276,1.10189,1.10191,4.80,1.00
2016.07.22 13:15:53.327,1.10189,1.10191,4.42,1.00
2016.07.22 13:15:53.634,1.10189,1.10191,5.17,1.00
2016.07.22 13:15:53.685,1.1019,1.10191,1.00,1.00
2016.07.22 13:15:53.736,1.1019,1.10192,1.00,1.25
2016.07.22 13:15:53.787,1.10189,1.10192,4.80,1.25
2016.07.22 13:15:53.838,1.10189,1.10192,4.42,1.25
2016.07.22 13:15:53.950,1.10192,1.10193,2.25,5.81
2016.07.22 13:15:54.002,1.10193,1.10195,3.00,8.17
2016.07.22 13:15:54.055,1.10195,1.10196,2.44,5.25
2016.07.22 13:15:54.107,1.10196,1.10198,6.25,2.25
2016.07.22 13:15:54.159,1.10197,1.10198,4.54,1.00
2016.07.22 13:15:54.211,1.10197,1.102,4.54,4.69
2016.07.22 13:15:54.262,1.10197,1.102,4.35,1.87
2016.07.22 13:15:54.313,1.10197,1.102,2.85,1.87
2016.07.22 13:15:54.365,1.10197,1.102,2.85,3.00
2016.07.22 13:15:54.417,1.10197,1.102,2.85,3.37
2016.07.22 13:15:54.469,1.10197,1.102,1.35,3.37
2016.07.22 13:15:54.520,1.10197,1.102,1.35,3.75
2016.07.22 13:15:54.654,1.10197,1.10199,1.00,1.87
2016.07.22 13:15:54.705,1.10196,1.10199,1.00,2.44
2016.07.22 13:15:54.757,1.10196,1.10197,1.00,1.00
2016.07.22 13:15:54.859,1.10196,1.10197,1.00,1.12
2016.07.22 13:15:54.911,1.10194,1.10197,2.25,1.87
2016.07.22 13:15:55.064,1.10194,1.10197,1.50,2.25
2016.07.22 13:15:55.115,1.10194,1.10197,1.50,1.50
2016.07.22 13:15:55.166,1.10194,1.10197,2.25,1.12
2016.07.22 13:15:55.269,1.10194,1.10196,1.50,1.00
2016.07.22 13:15:55.460,1.10194,1.10196,1.00,1.87
2016.07.22 13:15:55.512,1.10194,1.10196,1.00,2.62
2016.07.22 13:15:55.614,1.10194,1.10195,1.00,1.00
2016.07.22 13:15:55.767,1.10194,1.10195,1.00,1.12
2016.07.22 13:15:56.136,1.10194,1.10195,1.00,2.62
2016.07.22 13:15:56.316,1.10193,1.10194,1.50,1.00
2016.07.22 13:15:56.368,1.10193,1.10194,1.00,1.00
2016.07.22 13:15:56.775,1.10193,1.10194,1.00,1.12
2016.07.22 13:15:58.001,1.10193,1.10194,1.50,1.12
2016.07.22 13:15:58.204,1.10193,1.10194,1.00,1.12
2016.07.22 13:16:00.109,1.10192,1.10193,2.44,1.00
2016.07.22 13:16:00.160,1.1019,1.10192,21.56,1.50
2016.07.22 13:16:00.213,1.1019,1.10191,11.06,1.87
2016.07.22 13:16:00.265,1.10192,1.10193,2.62,4.50
2016.07.22 13:16:00.317,1.10192,1.10196,3.81,41.62
2016.07.22 13:16:00.369,1.10195,1.10196,3.56,1.87
2016.07.22 13:16:00.421,1.10195,1.10196,4.31,1.42
2016.07.22 13:16:00.473,1.10195,1.10196,3.75,1.50
2016.07.22 13:16:00.577,1.10195,1.10196,4.20,1.12
2016.07.22 13:16:00.632,1.10195,1.10197,4.57,1.00
2016.07.22 13:16:00.684,1.10195,1.10197,3.07,1.00
2016.07.22 13:16:00.737,1.10195,1.10197,2.32,1.00
2016.07.22 13:16:00.839,1.10195,1.10197,3.07,1.00
2016.07.22 13:16:00.992,1.10195,1.10197,3.82,1.00
2016.07.22 13:16:01.043,1.10195,1.10197,5.70,1.00
2016.07.22 13:16:01.145,1.10195,1.10197,4.57,1.00
2016.07.22 13:16:01.247,1.10195,1.10197,5.32,1.00
2016.07.22 13:16:01.298,1.10195,1.10197,3.82,1.00
2016.07.22 13:16:01.349,1.10195,1.10197,3.07,1.00
2016.07.22 13:16:01.479,1.10196,1.10198,2.85,1.50
2016.07.22 13:16:01.530,1.10197,1.10198,1.35,1.00
2016.07.22 13:16:01.581,1.10197,1.10198,1.50,1.00
2016.07.22 13:16:01.632,1.10197,1.10198,1.00,1.00
2016.07.22 13:16:01.683,1.10195,1.10197,10.57,1.00
2016.07.22 13:16:01.734,1.10195,1.10197,4.95,1.50
2016.07.22 13:16:01.785,1.10195,1.10197,1.10,1.50
2016.07.22 13:16:01.836,1.10195,1.10197,1.20,1.50
2016.07.22 13:16:01.887,1.10195,1.10197,1.50,1.50
2016.07.22 13:16:02.468,1.10195,1.10197,1.50,1.87
2016.07.22 13:16:02.520,1.10194,1.10196,2.62,1.00
2016.07.22 13:16:02.571,1.10194,1.10196,2.25,1.87
2016.07.22 13:16:02.622,1.10193,1.10196,3.67,2.23
2016.07.22 13:16:02.674,1.10193,1.10196,2.92,2.23
2016.07.22 13:16:02.725,1.10193,1.10196,2.92,1.87
2016.07.22 13:16:02.879,1.10194,1.10196,2.85,1.50
2016.07.22 13:16:02.981,1.10195,1.10196,1.00,1.00
2016.07.22 13:16:03.268,1.10195,1.10197,1.00,2.05
2016.07.22 13:16:03.372,1.10195,1.10197,1.00,1.69
2016.07.22 13:16:03.577,1.10195,1.10197,1.00,2.05
2016.07.22 13:16:03.730,1.10195,1.10196,1.00,1.00
2016.07.22 13:16:05.675,1.10194,1.10196,2.85,1.00
2016.07.22 13:16:05.828,1.10194,1.10196,2.10,1.50
2016.07.22 13:16:05.880,1.10194,1.10196,1.35,1.00
2016.07.22 13:16:05.931,1.10195,1.10196,1.00,1.00
2016.07.22 13:16:05.983,1.10195,1.10196,2.25,1.00
2016.07.22 13:16:06.136,1.10195,1.10196,1.50,1.00
2016.07.22 13:16:06.187,1.10195,1.10196,1.00,1.00
2016.07.22 13:16:06.238,1.10195,1.10196,1.50,1.00
2016.07.22 13:16:06.417,1.10195,1.10196,2.25,1.00
2016.07.22 13:16:06.927,1.10195,1.10197,2.25,2.81
2016.07.22 13:16:06.978,1.10195,1.10197,3.00,3.00
2016.07.22 13:16:07.029,1.10195,1.10196,3.00,1.00
2016.07.22 13:16:07.288,1.10195,1.10196,2.25,1.00
2016.07.22 13:16:07.339,1.10195,1.10196,1.50,1.00
2016.07.22 13:16:07.390,1.10195,1.10196,2.25,1.00
2016.07.22 13:16:07.441,1.10195,1.10196,3.00,1.00
2016.07.22 13:16:07.848,1.10195,1.10196,2.25,1.00
2016.07.22 13:16:07.950,1.10195,1.10196,3.00,1.00
2016.07.22 13:16:08.485,1.10195,1.10196,2.25,1.25
2016.07.22 13:16:08.536,1.10194,1.10196,6.60,1.00
2016.07.22 13:16:08.588,1.10195,1.10196,2.25,1.25
2016.07.22 13:16:08.639,1.10195,1.10196,1.50,1.25
2016.07.22 13:16:08.741,1.10195,1.10196,2.25,1.25
2016.07.22 13:16:08.997,1.10195,1.10196,1.50,1.25
2016.07.22 13:16:09.149,1.10195,1.10196,1.00,1.31
2016.07.22 13:16:09.200,1.10194,1.10196,2.85,1.69
2016.07.22 13:16:10.294,1.10194,1.10196,2.10,1.50
2016.07.22 13:16:10.345,1.10194,1.10196,2.47,1.12
2016.07.22 13:16:10.396,1.10194,1.10196,2.85,1.00
2016.07.22 13:16:10.744,1.10194,1.10196,3.60,1.00
2016.07.22 13:16:10.795,1.10194,1.10196,3.22,1.00
2016.07.22 13:16:10.897,1.10194,1.10196,2.47,1.00
2016.07.22 13:16:10.998,1.10194,1.10196,3.22,1.00
2016.07.22 13:16:11.176,1.10194,1.10196,2.62,1.00
2016.07.22 13:16:11.749,1.10194,1.10196,4.72,1.00
2016.07.22 13:16:11.800,1.10196,1.10198,5.92,4.76
2016.07.22 13:16:11.852,1.10196,1.10198,7.42,1.39
2016.07.22 13:16:11.964,1.10196,1.10198,8.92,1.19
2016.07.22 13:16:12.015,1.10197,1.10198,1.00,1.25
2016.07.22 13:16:12.066,1.10196,1.10197,4.12,1.25
2016.07.22 13:16:12.117,1.10196,1.10197,1.50,1.25
2016.07.22 13:16:12.168,1.10196,1.10197,1.00,1.25
2016.07.22 13:16:12.220,1.10196,1.10197,1.50,1.25
2016.07.22 13:16:12.271,1.10196,1.10197,1.00,1.25
2016.07.22 13:16:12.322,1.10196,1.10197,1.00,1.31
2016.07.22 13:16:12.373,1.10195,1.10196,6.07,1.00
2016.07.22 13:16:12.424,1.10195,1.10196,4.50,1.00
2016.07.22 13:16:12.475,1.10195,1.10196,3.00,1.00
2016.07.22 13:16:12.578,1.10195,1.10196,4.50,1.00
2016.07.22 13:16:12.629,1.10195,1.10197,6.00,2.44
2016.07.22 13:16:12.711,1.10196,1.10197,1.00,1.69
2016.07.22 13:16:12.763,1.10196,1.10197,2.10,1.25
2016.07.22 13:16:12.816,1.10196,1.10197,1.72,1.25
2016.07.22 13:16:12.970,1.10196,1.10197,1.20,1.25
2016.07.22 13:16:13.427,1.10196,1.10197,1.20,1.00
2016.07.22 13:16:13.755,1.10196,1.10197,1.00,1.00
2016.07.22 13:16:13.808,1.10195,1.10197,5.25,1.00
2016.07.22 13:16:13.961,1.10195,1.10197,3.75,1.00
2016.07.22 13:16:14.012,1.10195,1.10196,3.00,1.00
2016.07.22 13:16:14.064,1.10195,1.10196,1.87,1.00
2016.07.22 13:16:14.116,1.10194,1.10196,1.01,1.00
2016.07.22 13:16:14.319,1.10193,1.10195,4.54,1.00
2016.07.22 13:16:14.421,1.10194,1.10196,1.01,1.00
2016.07.22 13:16:14.841,1.10193,1.10196,4.54,1.00
2016.07.22 13:16:15.096,1.10193,1.10196,4.54,1.12
2016.07.22 13:16:15.197,1.10193,1.10196,4.24,1.12
2016.07.22 13:16:15.350,1.10193,1.10196,6.49,1.12
2016.07.22 13:16:15.400,1.10193,1.10196,6.86,1.12
2016.07.22 13:16:15.451,1.10193,1.10196,6.11,1.00
2016.07.22 13:16:15.553,1.10193,1.10195,4.61,1.00
2016.07.22 13:16:15.604,1.10193,1.10195,3.49,1.00
2016.07.22 13:16:15.655,1.10193,1.10195,2.89,1.00
2016.07.22 13:16:16.131,1.10193,1.10195,2.14,1.00
2016.07.22 13:16:16.182,1.10193,1.10195,3.26,1.00
2016.07.22 13:16:16.233,1.10194,1.10195,3.04,1.00
2016.07.22 13:16:16.386,1.10194,1.10195,3.41,1.00
2016.07.22 13:16:16.437,1.10194,1.10195,3.79,1.00
2016.07.22 13:16:16.839,1.10194,1.10195,3.04,1.00
2016.07.22 13:16:16.941,1.10194,1.10195,3.79,1.00
2016.07.22 13:16:17.093,1.10194,1.10195,2.29,1.00
2016.07.22 13:16:17.449,1.10194,1.10196,3.04,1.00
2016.07.22 13:16:17.754,1.10194,1.10196,1.54,1.00
2016.07.22 13:16:17.856,1.10194,1.10196,3.04,1.00
2016.07.22 13:16:17.958,1.10194,1.10196,1.54,1.00
2016.07.22 13:16:18.009,1.10194,1.10196,2.29,1.00
2016.07.22 13:16:18.179,1.10194,1.10196,3.79,1.00
2016.07.22 13:16:18.283,1.10194,1.10196,5.29,1.00
2016.07.22 13:16:18.334,1.10194,1.10196,3.79,1.00
2016.07.22 13:16:18.436,1.10194,1.10196,5.29,1.00
2016.07.22 13:16:19.539,1.10194,1.10196,3.19,1.00
2016.07.22 13:16:20.730,1.10194,1.10196,2.44,1.00
2016.07.22 13:16:21.206,1.10195,1.10196,1.00,1.00
2016.07.22 13:16:21.257,1.10195,1.10196,1.50,1.00
2016.07.22 13:16:21.359,1.10195,1.10196,1.00,1.00
2016.07.22 13:16:21.410,1.10194,1.10196,3.19,1.00
2016.07.22 13:16:21.766,1.10194,1.10196,1.69,1.00
2016.07.22 13:16:21.929,1.10194,1.10196,3.19,1.00
2016.07.22 13:16:22.030,1.10194,1.10196,1.69,1.00
2016.07.22 13:16:22.132,1.10194,1.10196,3.19,1.00
2016.07.22 13:16:22.313,1.10195,1.10197,1.00,3.37
2016.07.22 13:16:22.365,1.10195,1.10197,1.50,2.62
2016.07.22 13:16:22.416,1.10195,1.10197,2.25,2.25
2016.07.22 13:16:22.467,1.10195,1.10196,2.25,1.00
2016.07.22 13:16:22.569,1.10195,1.10196,2.81,1.00
2016.07.22 13:16:22.621,1.10195,1.10196,2.44,1.00
2016.07.22 13:16:22.672,1.10194,1.10196,6.19,1.00
2016.07.22 13:16:22.724,1.10194,1.10196,5.44,1.00
2016.07.22 13:16:22.775,1.10194,1.10196,4.69,1.00
2016.07.22 13:16:22.826,1.10194,1.10196,6.19,1.00
2016.07.22 13:16:22.877,1.10195,1.10197,3.94,1.50
2016.07.22 13:16:22.928,1.10196,1.10197,1.00,1.00
2016.07.22 13:16:23.110,1.10196,1.10197,1.25,1.00
2016.07.22 13:16:23.415,1.10196,1.10198,1.25,2.70
2016.07.22 13:16:23.466,1.10195,1.10197,6.19,1.00
2016.07.22 13:16:23.517,1.10195,1.10197,3.94,1.00
2016.07.22 13:16:23.619,1.10195,1.10197,5.44,1.00
2016.07.22 13:16:23.721,1.10195,1.10197,6.19,1.00
2016.07.22 13:16:23.772,1.10195,1.10197,5.44,1.00
2016.07.22 13:16:24.011,1.10195,1.10197,6.19,1.00
2016.07.22 13:16:24.062,1.10195,1.10197,5.44,1.00
2016.07.22 13:16:24.164,1.10195,1.10197,6.19,1.00
2016.07.22 13:16:24.215,1.10195,1.10197,5.44,1.00
2016.07.22 13:16:24.622,1.10195,1.10197,6.19,1.00
2016.07.22 13:16:24.882,1.10195,1.10197,4.69,1.00
2016.07.22 13:16:24.984,1.10195,1.10197,6.19,1.00
2016.07.22 13:16:25.035,1.10195,1.10197,5.44,1.00
2016.07.22 13:16:25.269,1.10195,1.10197,6.19,1.00
2016.07.22 13:16:25.472,1.10195,1.10197,5.44,1.00
2016.07.22 13:16:25.524,1.10195,1.10197,3.94,1.00
2016.07.22 13:16:25.575,1.10195,1.10197,4.69,1.00
2016.07.22 13:16:25.626,1.10195,1.10197,6.19,1.00
2016.07.22 13:16:25.778,1.10195,1.10197,5.44,1.00
2016.07.22 13:16:25.829,1.10195,1.10197,3.94,1.00
2016.07.22 13:16:25.882,1.10195,1.10197,5.44,1.00
2016.07.22 13:16:25.984,1.10195,1.10197,6.19,1.00
2016.07.22 13:16:26.339,1.10195,1.10197,5.44,1.00
2016.07.22 13:16:26.552,1.10195,1.10197,6.19,1.00
2016.07.22 13:16:26.835,1.10195,1.10197,5.44,1.00
2016.07.22 13:16:26.937,1.10195,1.10197,6.19,1.00
2016.07.22 13:16:27.244,1.10195,1.10197,5.44,1.00
2016.07.22 13:16:27.346,1.10195,1.10197,6.19,1.00
2016.07.22 13:16:28.381,1.10195,1.10197,5.44,1.00
2016.07.22 13:16:28.432,1.10195,1.10197,4.69,1.00
2016.07.22 13:16:28.483,1.10195,1.10197,5.44,1.00
2016.07.22 13:16:28.534,1.10195,1.10196,6.19,1.50
2016.07.22 13:16:28.585,1.10195,1.10196,6.19,2.25
2016.07.22 13:16:28.636,1.10195,1.10196,5.44,2.25
2016.07.22 13:16:28.738,1.10195,1.10196,5.44,1.50
2016.07.22 13:16:28.891,1.10195,1.10197,4.69,3.06
2016.07.22 13:16:28.979,1.10195,1.10196,5.44,1.50
2016.07.22 13:16:29.031,1.10195,1.10196,3.94,1.50
2016.07.22 13:16:29.082,1.10195,1.10196,3.94,1.87
2016.07.22 13:16:29.134,1.10195,1.10196,3.94,2.25
2016.07.22 13:16:29.185,1.10195,1.10196,2.06,2.25
2016.07.22 13:16:29.236,1.10194,1.10196,3.19,3.00
2016.07.22 13:16:29.339,1.10194,1.10196,3.19,2.62
2016.07.22 13:16:29.543,1.10194,1.10196,3.94,2.25
2016.07.22 13:16:29.594,1.10195,1.10196,1.69,2.81
2016.07.22 13:16:29.645,1.10195,1.10196,2.44,2.06
2016.07.22 13:16:29.696,1.10195,1.10196,2.44,1.50
2016.07.22 13:16:29.747,1.10195,1.10196,1.69,1.50
2016.07.22 13:16:29.831,1.10195,1.10196,1.69,2.25
2016.07.22 13:16:29.883,1.10195,1.10196,2.44,2.25
2016.07.22 13:16:30.036,1.10195,1.10196,1.69,2.25
2016.07.22 13:16:30.139,1.10195,1.10196,2.44,2.25
2016.07.22 13:16:30.240,1.10195,1.10196,1.69,2.25
2016.07.22 13:16:30.342,1.10195,1.10196,2.44,2.25
2016.07.22 13:16:30.546,1.10195,1.10196,1.69,2.25
2016.07.22 13:16:30.597,1.10195,1.10196,2.44,2.25
2016.07.22 13:16:30.698,1.10195,1.10196,1.69,1.50
2016.07.22 13:16:30.804,1.10195,1.10196,1.25,1.50
2016.07.22 13:16:30.855,1.10195,1.10196,1.69,2.25
2016.07.22 13:16:30.957,1.10195,1.10196,2.44,2.25
2016.07.22 13:16:31.160,1.10195,1.10196,1.69,2.25
2016.07.22 13:16:31.262,1.10195,1.10196,2.44,2.25
2016.07.22 13:16:31.529,1.10195,1.10196,1.69,2.25
2016.07.22 13:16:31.835,1.10195,1.10196,2.44,2.25
2016.07.22 13:16:32.232,1.10195,1.10196,1.69,2.25
2016.07.22 13:16:32.538,1.10195,1.10196,2.44,2.25
2016.07.22 13:16:32.590,1.10195,1.10196,2.44,1.50
2016.07.22 13:16:32.793,1.10195,1.10196,2.25,1.50
2016.07.22 13:16:32.844,1.10195,1.10196,2.25,1.51
2016.07.22 13:16:33.228,1.10194,1.10196,3.00,1.51
2016.07.22 13:16:33.284,1.10193,1.10196,4.01,2.08
2016.07.22 13:16:33.388,1.10193,1.10196,3.26,2.08
2016.07.22 13:16:33.439,1.10193,1.10196,2.51,2.08
2016.07.22 13:16:33.694,1.10193,1.10196,2.51,1.89
2016.07.22 13:16:33.796,1.10193,1.10196,2.51,2.08
2016.07.22 13:16:34.268,1.10193,1.10196,2.51,2.06
2016.07.22 13:16:34.319,1.10195,1.10196,1.00,2.06
2016.07.22 13:16:34.370,1.10196,1.10197,1.12,4.69
2016.07.22 13:16:34.421,1.10201,1.10203,1.31,34.50
2016.07.22 13:16:34.472,1.10201,1.10203,2.29,17.25
2016.07.22 13:16:34.524,1.102,1.10203,8.62,1.12
2016.07.22 13:16:34.576,1.10202,1.10204,1.12,1.12
2016.07.22 13:16:34.628,1.10203,1.10204,1.00,1.00
2016.07.22 13:16:34.730,1.10202,1.10204,9.56,1.50
2016.07.22 13:16:34.781,1.10202,1.10204,8.81,1.00
2016.07.22 13:16:34.883,1.10202,1.10204,9.56,1.00
2016.07.22 13:16:35.220,1.10202,1.10204,8.81,1.00
2016.07.22 13:16:35.423,1.10202,1.10204,9.56,1.00
2016.07.22 13:16:35.474,1.10202,1.10204,3.19,1.00
2016.07.22 13:16:35.577,1.10202,1.10205,2.81,2.70
2016.07.22 13:16:35.628,1.10202,1.10204,2.81,1.00
2016.07.22 13:16:36.549,1.10202,1.10203,2.81,1.00
2016.07.22 13:16:36.600,1.10202,1.10203,2.06,1.00
2016.07.22 13:16:36.702,1.10202,1.10203,2.81,1.00
2016.07.22 13:16:37.498,1.10202,1.10203,2.06,1.00
2016.07.22 13:16:37.600,1.10202,1.10203,2.81,1.00
2016.07.22 13:16:40.221,1.10202,1.10203,2.06,1.00
2016.07.22 13:16:40.406,1.10202,1.10203,2.81,1.00
2016.07.22 13:16:40.660,1.10202,1.10204,2.81,1.50
2016.07.22 13:16:41.037,1.10202,1.10204,2.06,1.50
2016.07.22 13:16:41.088,1.10202,1.10204,2.44,1.50
2016.07.22 13:16:41.139,1.10203,1.10204,2.81,1.00
2016.07.22 13:16:41.191,1.10204,1.10206,1.00,13.01
2016.07.22 13:16:41.243,1.10204,1.10205,1.00,4.50
2016.07.22 13:16:41.295,1.10204,1.10205,1.12,3.00
2016.07.22 13:16:41.347,1.10204,1.10206,2.81,1.00
2016.07.22 13:16:41.398,1.10204,1.10207,2.44,1.69
2016.07.22 13:16:41.449,1.10204,1.10206,2.44,1.00
2016.07.22 13:16:41.500,1.10204,1.10206,3.56,1.00
2016.07.22 13:16:41.551,1.10205,1.10206,2.06,1.00
2016.07.22 13:16:41.602,1.10205,1.10206,3.19,1.00
2016.07.22 13:16:41.653,1.10205,1.10207,3.19,1.50
2016.07.22 13:16:41.755,1.10205,1.10207,2.44,1.50
2016.07.22 13:16:41.962,1.10205,1.10207,3.19,1.50
2016.07.22 13:16:42.064,1.10205,1.10207,2.81,1.69
2016.07.22 13:16:42.115,1.10205,1.10207,2.44,1.50
2016.07.22 13:16:42.167,1.10205,1.10207,2.81,1.50
2016.07.22 13:16:42.319,1.10205,1.10207,2.81,1.00
2016.07.22 13:16:42.523,1.10205,1.10207,2.06,1.00
2016.07.22 13:16:42.625,1.10205,1.10207,3.56,1.00
2016.07.22 13:16:42.726,1.10205,1.10207,2.06,1.00
2016.07.22 13:16:42.777,1.10205,1.10207,1.31,1.00
2016.07.22 13:16:42.829,1.10205,1.10207,2.06,1.00
2016.07.22 13:16:42.879,1.10205,1.10207,2.81,1.00
2016.07.22 13:16:43.032,1.10206,1.10207,2.25,1.00
2016.07.22 13:16:43.122,1.10206,1.10208,3.56,1.69
2016.07.22 13:16:43.173,1.10208,1.10209,1.00,1.10
2016.07.22 13:16:43.224,1.10207,1.1021,2.44,4.57
2016.07.22 13:16:43.275,1.10208,1.1021,1.00,2.70
2016.07.22 13:16:43.327,1.10208,1.1021,2.44,1.87
2016.07.22 13:16:43.379,1.10208,1.10211,2.81,5.06
2016.07.22 13:16:43.430,1.10209,1.10211,1.19,4.87
2016.07.22 13:16:43.481,1.10209,1.10211,2.06,4.87
2016.07.22 13:16:43.533,1.10209,1.10211,3.19,5.25
2016.07.22 13:16:43.584,1.10209,1.1021,3.19,1.00
2016.07.22 13:16:43.686,1.10209,1.1021,3.19,1.50
2016.07.22 13:16:43.737,1.10209,1.1021,2.44,1.50
2016.07.22 13:16:43.788,1.10209,1.1021,1.00,1.50
2016.07.22 13:16:43.890,1.10208,1.10211,3.94,3.00
2016.07.22 13:16:43.999,1.10209,1.10211,1.00,1.50
2016.07.22 13:16:44.050,1.10209,1.10211,1.12,3.00
2016.07.22 13:16:44.101,1.10209,1.10211,1.00,3.37
2016.07.22 13:16:44.152,1.10207,1.1021,5.89,1.00
2016.07.22 13:16:44.203,1.10207,1.1021,5.89,1.12
2016.07.22 13:16:44.254,1.10207,1.1021,4.01,1.87
2016.07.22 13:16:44.305,1.10207,1.1021,4.76,2.44
2016.07.22 13:16:44.458,1.10207,1.1021,3.26,2.44
2016.07.22 13:16:44.509,1.10207,1.1021,3.26,2.25
2016.07.22 13:16:44.611,1.10207,1.1021,3.26,2.44
2016.07.22 13:16:44.662,1.10207,1.1021,2.51,1.31
2016.07.22 13:16:44.829,1.10207,1.1021,3.26,2.25
2016.07.22 13:16:44.880,1.10207,1.1021,3.26,2.44
2016.07.22 13:16:44.981,1.10208,1.1021,1.19,1.87
2016.07.22 13:16:45.032,1.10208,1.1021,1.19,1.69
2016.07.22 13:16:45.154,1.10208,1.1021,2.06,1.12
2016.07.22 13:16:45.205,1.10208,1.1021,1.25,1.50
2016.07.22 13:16:45.257,1.10208,1.1021,1.25,1.12
2016.07.22 13:16:45.308,1.10208,1.1021,1.25,1.00
2016.07.22 13:16:46.087,1.10208,1.10211,1.25,3.75
2016.07.22 13:16:46.138,1.10208,1.1021,1.25,1.00
2016.07.22 13:16:46.445,1.10208,1.10211,1.25,3.75
2016.07.22 13:16:46.547,1.10208,1.1021,1.25,1.00
2016.07.22 13:16:46.649,1.10208,1.1021,1.69,1.00
2016.07.22 13:16:46.751,1.10208,1.1021,3.19,1.00
2016.07.22 13:16:47.167,1.10208,1.1021,1.69,1.00
2016.07.22 13:16:47.218,1.10208,1.1021,1.69,1.12
2016.07.22 13:16:47.698,1.10208,1.10211,1.69,3.75
2016.07.22 13:16:47.799,1.10208,1.1021,1.69,1.12
2016.07.22 13:16:47.901,1.10208,1.10211,1.69,3.75
2016.07.22 13:16:48.003,1.10208,1.1021,1.25,1.13
2016.07.22 13:16:48.416,1.10208,1.10211,1.25,3.75
2016.07.22 13:16:48.467,1.10208,1.1021,1.25,1.13
2016.07.22 13:16:48.721,1.10208,1.1021,1.25,1.38
2016.07.22 13:16:48.772,1.10208,1.1021,1.25,1.50
2016.07.22 13:16:49.246,1.10208,1.1021,1.25,2.25
2016.07.22 13:16:49.348,1.10208,1.1021,1.25,2.44
2016.07.22 13:16:49.399,1.10208,1.1021,1.25,3.56
2016.07.22 13:16:49.501,1.10207,1.1021,7.01,3.56
2016.07.22 13:16:49.552,1.10207,1.1021,7.01,3.94
2016.07.22 13:16:49.689,1.10207,1.1021,4.76,5.25
2016.07.22 13:16:49.800,1.10207,1.1021,5.51,6.19
2016.07.22 13:16:49.901,1.10207,1.1021,4.76,5.63
2016.07.22 13:16:50.003,1.10207,1.1021,5.51,6.56
2016.07.22 13:16:50.514,1.10207,1.1021,5.51,7.31
2016.07.22 13:16:50.616,1.10207,1.1021,5.51,5.63
2016.07.22 13:16:50.667,1.10207,1.1021,5.51,4.69
2016.07.22 13:16:50.718,1.10207,1.10209,5.51,1.00
2016.07.22 13:16:51.564,1.10207,1.10209,6.26,1.00
2016.07.22 13:16:51.615,1.10207,1.10209,4.76,1.13
2016.07.22 13:16:51.667,1.10207,1.10209,3.64,3.38
2016.07.22 13:16:51.719,1.10207,1.10209,1.25,3.56
2016.07.22 13:16:51.771,1.10207,1.10208,1.25,3.22
2016.07.22 13:16:51.822,1.10205,1.10207,5.06,2.87
2016.07.22 13:16:51.874,1.10205,1.10206,2.81,1.50
2016.07.22 13:16:51.926,1.10205,1.10206,2.25,1.50
2016.07.22 13:16:51.977,1.10205,1.10206,2.25,1.00
2016.07.22 13:16:52.372,1.10205,1.10207,2.25,4.01
2016.07.22 13:16:52.525,1.10205,1.10207,2.25,3.26
2016.07.22 13:16:52.577,1.10204,1.10206,1.25,1.00
2016.07.22 13:16:52.679,1.10203,1.10206,5.51,1.50
2016.07.22 13:16:52.780,1.10203,1.10206,4.39,1.50
2016.07.22 13:16:53.166,1.10203,1.10206,3.64,1.00
2016.07.22 13:16:53.218,1.10203,1.10206,3.26,1.12
2016.07.22 13:16:53.269,1.10203,1.10205,2.14,1.50
2016.07.22 13:16:53.325,1.10203,1.10205,1.76,1.87
2016.07.22 13:16:53.377,1.10203,1.10205,1.25,1.12
2016.07.22 13:16:53.479,1.10203,1.10205,1.00,1.31
2016.07.22 13:16:53.530,1.10203,1.10205,1.00,3.19
2016.07.22 13:16:53.582,1.10203,1.10205,1.00,4.69
2016.07.22 13:16:53.633,1.10203,1.10205,1.00,3.75
2016.07.22 13:16:53.685,1.10203,1.10205,1.00,4.69
2016.07.22 13:16:53.888,1.10203,1.10205,1.00,2.44
2016.07.22 13:16:54.094,1.10203,1.10205,1.00,1.87
2016.07.22 13:16:54.500,1.10203,1.10205,1.00,1.12
2016.07.22 13:16:54.567,1.10203,1.10205,1.00,1.87
2016.07.22 13:16:54.720,1.10202,1.10205,6.64,1.87
2016.07.22 13:16:54.771,1.10202,1.10205,7.39,1.87
2016.07.22 13:16:54.822,1.10202,1.10205,7.39,1.12
2016.07.22 13:16:54.873,1.10203,1.10206,1.50,4.31
2016.07.22 13:16:54.924,1.10203,1.10206,1.50,1.50
2016.07.22 13:16:55.025,1.10203,1.10206,1.87,1.50
2016.07.22 13:16:55.076,1.10203,1.10206,1.87,2.25
2016.07.22 13:16:55.363,1.10204,1.10206,1.00,1.50
2016.07.22 13:16:55.415,1.10204,1.10206,1.12,1.00
2016.07.22 13:16:55.467,1.10204,1.10206,1.31,1.00
2016.07.22 13:16:55.518,1.10204,1.10206,2.06,1.00
2016.07.22 13:16:55.569,1.10204,1.10206,2.66,1.00
2016.07.22 13:16:55.621,1.10206,1.10207,1.12,2.32
2016.07.22 13:16:55.672,1.10207,1.10208,1.69,3.56
2016.07.22 13:16:55.723,1.10207,1.10209,4.31,1.10
2016.07.22 13:16:55.774,1.10207,1.1021,4.54,3.75
2016.07.22 13:16:55.826,1.10208,1.1021,1.31,2.62
2016.07.22 13:16:55.877,1.10207,1.1021,3.00,1.12
2016.07.22 13:16:55.928,1.10208,1.1021,1.00,2.25
2016.07.22 13:16:55.980,1.10208,1.1021,1.00,4.87
2016.07.22 13:16:56.031,1.10206,1.10209,5.51,1.87
2016.07.22 13:16:56.083,1.10206,1.10209,2.51,2.25
2016.07.22 13:16:56.173,1.10206,1.10209,1.76,1.50
2016.07.22 13:16:56.224,1.10206,1.10209,1.76,3.19
2016.07.22 13:16:56.327,1.10206,1.10209,1.76,2.44
2016.07.22 13:16:56.378,1.10206,1.10209,3.79,2.06
2016.07.22 13:16:56.430,1.10207,1.10209,1.50,1.00
2016.07.22 13:16:59.390,1.10207,1.10209,1.00,1.00
2016.07.22 13:16:59.492,1.10207,1.10208,1.00,1.87
2016.07.22 13:16:59.543,1.10206,1.10208,1.25,3.22
2016.07.22 13:16:59.637,1.10206,1.10207,1.00,1.50
2016.07.22 13:16:59.689,1.10205,1.10207,1.25,2.62
2016.07.22 13:16:59.740,1.10205,1.10207,1.25,3.56
2016.07.22 13:16:59.893,1.10205,1.10207,1.69,2.81
2016.07.22 13:16:59.944,1.10205,1.10207,1.69,2.06
2016.07.22 13:16:59.996,1.10205,1.10207,1.69,1.25
2016.07.22 13:17:00.047,1.10206,1.10208,1.00,1.87
2016.07.22 13:17:00.098,1.10206,1.10208,1.00,1.50
2016.07.22 13:17:00.149,1.10206,1.10208,1.00,1.00
2016.07.22 13:17:00.200,1.10206,1.10208,1.25,1.00
2016.07.22 13:17:00.404,1.10205,1.10208,4.69,1.00
2016.07.22 13:17:00.455,1.10205,1.10208,3.94,1.00
2016.07.22 13:17:00.507,1.10205,1.10209,3.94,4.20
2016.07.22 13:17:00.557,1.10205,1.10209,4.69,4.20
2016.07.22 13:17:00.719,1.10206,1.10209,1.25,5.14
2016.07.22 13:17:00.821,1.10205,1.10209,3.94,4.39
2016.07.22 13:17:00.924,1.10205,1.10208,3.94,1.00
2016.07.22 13:17:01.195,1.10206,1.10208,1.05,1.00
2016.07.22 13:17:01.246,1.10206,1.10208,1.54,1.00
2016.07.22 13:17:01.348,1.10207,1.10209,1.00,5.14
2016.07.22 13:17:01.451,1.10206,1.10209,1.54,4.20
2016.07.22 13:17:01.502,1.10206,1.10209,3.04,4.20
2016.07.22 13:17:01.608,1.10206,1.10209,2.29,4.20
2016.07.22 13:17:01.659,1.10206,1.10209,3.79,5.14
2016.07.22 13:17:01.710,1.10206,1.10209,2.29,4.20
2016.07.22 13:17:01.813,1.10206,1.10209,3.79,5.14
2016.07.22 13:17:01.941,1.10206,1.10207,3.79,1.00
2016.07.22 13:17:01.992,1.10206,1.10207,2.14,2.25
2016.07.22 13:17:02.043,1.10205,1.10207,1.00,3.00
2016.07.22 13:17:02.094,1.10205,1.10207,1.00,3.75
2016.07.22 13:17:02.145,1.10203,1.10207,6.64,3.94
2016.07.22 13:17:02.196,1.10203,1.10207,6.64,4.31
2016.07.22 13:17:02.298,1.10203,1.10207,7.39,3.19
2016.07.22 13:17:02.450,1.10203,1.10207,5.89,2.25
2016.07.22 13:17:02.552,1.10203,1.10207,6.64,3.19
2016.07.22 13:17:02.684,1.10203,1.10207,7.01,3.19
2016.07.22 13:17:02.735,1.10203,1.10207,6.86,2.25
2016.07.22 13:17:02.787,1.10204,1.10207,1.87,2.25
2016.07.22 13:17:02.839,1.10205,1.10207,1.00,2.25
2016.07.22 13:17:02.890,1.10205,1.10207,1.00,1.50
2016.07.22 13:17:02.942,1.10205,1.10207,2.25,1.00
2016.07.22 13:17:03.044,1.10205,1.10207,1.00,1.00
2016.07.22 13:17:03.199,1.10205,1.10208,1.00,5.89
2016.07.22 13:17:03.352,1.10204,1.10208,4.87,4.95
2016.07.22 13:17:03.454,1.10205,1.10208,1.00,5.89
2016.07.22 13:17:03.505,1.10205,1.10208,1.00,5.51
2016.07.22 13:17:03.556,1.10204,1.10208,4.87,5.51
2016.07.22 13:17:03.607,1.10204,1.10208,4.87,6.26
2016.07.22 13:17:03.852,1.10204,1.10208,4.12,5.14
2016.07.22 13:17:04.004,1.10204,1.10208,3.37,5.89
2016.07.22 13:17:04.055,1.10204,1.10208,4.12,6.64
2016.07.22 13:17:04.259,1.10204,1.10208,3.37,5.89
2016.07.22 13:17:04.361,1.10204,1.10208,4.12,6.64
2016.07.22 13:17:04.805,1.10204,1.10208,2.62,8.14
2016.07.22 13:17:04.999,1.10204,1.10207,2.62,1.25
2016.07.22 13:17:05.050,1.10204,1.10208,2.62,7.39
2016.07.22 13:17:05.101,1.10204,1.10208,2.62,6.26
2016.07.22 13:17:05.152,1.10204,1.10208,3.56,5.51
2016.07.22 13:17:05.204,1.10204,1.10207,2.06,2.44
2016.07.22 13:17:05.256,1.10204,1.10207,2.06,2.25
2016.07.22 13:17:05.307,1.10204,1.10207,1.69,2.25
2016.07.22 13:17:05.359,1.10204,1.10207,1.00,2.25
2016.07.22 13:17:05.411,1.10203,1.10206,2.51,1.87
2016.07.22 13:17:05.462,1.10203,1.10206,1.01,2.25
2016.07.22 13:17:05.513,1.10203,1.10206,1.01,3.00
2016.07.22 13:17:05.564,1.10203,1.10206,1.25,3.75
2016.07.22 13:17:05.616,1.10203,1.10205,1.25,1.00
2016.07.22 13:17:05.926,1.10202,1.10205,7.81,1.00
2016.07.22 13:17:05.977,1.10202,1.10205,7.44,1.12
2016.07.22 13:17:06.028,1.10202,1.10205,6.26,1.12
2016.07.22 13:17:06.232,1.10202,1.10205,5.51,1.12
2016.07.22 13:17:06.282,1.10202,1.10205,5.51,1.87
2016.07.22 13:17:06.333,1.10202,1.10205,4.01,3.37
2016.07.22 13:17:06.384,1.10202,1.10204,2.51,1.50
2016.07.22 13:17:06.435,1.10202,1.10204,1.50,3.00
2016.07.22 13:17:06.487,1.10202,1.10204,1.50,3.75
2016.07.22 13:17:06.538,1.10201,1.10204,4.57,3.00
2016.07.22 13:17:06.645,1.10201,1.10204,6.07,4.69
2016.07.22 13:17:06.696,1.10201,1.10202,1.57,1.00
2016.07.22 13:17:06.748,1.102,1.10202,1.12,1.50
2016.07.22 13:17:06.799,1.10199,1.10201,4.01,1.00
2016.07.22 13:17:06.850,1.10199,1.102,1.01,1.50
2016.07.22 13:17:06.902,1.10198,1.102,6.19,1.50
2016.07.22 13:17:06.954,1.10198,1.102,4.69,1.50
2016.07.22 13:17:07.006,1.10198,1.102,2.81,1.87
2016.07.22 13:17:07.058,1.10198,1.102,2.44,1.87
2016.07.22 13:17:07.213,1.10198,1.102,2.44,2.62
2016.07.22 13:17:07.375,1.10196,1.10198,16.76,3.25
2016.07.22 13:17:07.429,1.10195,1.10197,1.00,3.37
2016.07.22 13:17:07.482,1.10196,1.10197,1.00,2.62
2016.07.22 13:17:07.534,1.10196,1.10198,11.10,1.50
2016.07.22 13:17:07.586,1.10197,1.10198,1.87,1.00
2016.07.22 13:17:07.637,1.10197,1.10199,2.44,1.00
2016.07.22 13:17:07.688,1.10197,1.10199,1.69,1.00
2016.07.22 13:17:07.740,1.10197,1.102,1.31,3.37
2016.07.22 13:17:07.791,1.10196,1.102,18.26,2.62
2016.07.22 13:17:07.842,1.10197,1.102,1.87,1.50
2016.07.22 13:17:07.893,1.10197,1.102,2.62,1.00
2016.07.22 13:17:08.020,1.10198,1.10201,1.00,4.95
2016.07.22 13:17:08.071,1.10198,1.10201,1.00,5.70
2016.07.22 13:17:08.327,1.10198,1.10201,1.00,5.32
2016.07.22 13:17:08.379,1.10198,1.10201,1.00,4.57
2016.07.22 13:17:08.430,1.10198,1.10201,1.00,3.82
2016.07.22 13:17:08.533,1.10197,1.10201,7.50,3.07
2016.07.22 13:17:08.584,1.10197,1.10201,7.12,3.07
2016.07.22 13:17:08.635,1.10198,1.10201,1.00,3.82
2016.07.22 13:17:08.737,1.10197,1.10201,7.12,3.07
2016.07.22 13:17:08.844,1.10198,1.10201,1.00,3.82
2016.07.22 13:17:08.996,1.10198,1.10201,1.00,4.57
2016.07.22 13:17:09.531,1.10197,1.10201,5.62,3.82
2016.07.22 13:17:09.633,1.10198,1.10201,1.00,4.57
2016.07.22 13:17:09.786,1.10198,1.10201,1.00,3.82
2016.07.22 13:17:10.050,1.10197,1.10201,7.12,3.07
2016.07.22 13:17:10.167,1.10198,1.10201,1.00,3.82
2016.07.22 13:17:10.269,1.10197,1.10201,8.25,3.07
2016.07.22 13:17:10.371,1.10198,1.10201,1.00,3.82
2016.07.22 13:17:11.614,1.10198,1.10201,1.00,2.32
2016.07.22 13:17:12.223,1.10198,1.10201,1.00,2.70
2016.07.22 13:17:12.579,1.10197,1.10201,8.62,1.95
2016.07.22 13:17:12.723,1.10198,1.10201,1.00,2.70
2016.07.22 13:17:13.536,1.10198,1.10201,1.00,3.45
2016.07.22 13:17:13.588,1.10198,1.10201,1.00,4.20
2016.07.22 13:17:13.689,1.10197,1.10201,7.87,2.70
2016.07.22 13:17:13.851,1.10198,1.10201,1.00,3.45
2016.07.22 13:17:14.099,1.10198,1.10201,1.12,3.45
2016.07.22 13:17:14.150,1.10197,1.10201,4.87,2.70
2016.07.22 13:17:14.201,1.10197,1.10201,4.87,3.07
2016.07.22 13:17:14.252,1.10198,1.10201,1.12,3.82
2016.07.22 13:17:14.303,1.10198,1.10201,1.12,3.45
2016.07.22 13:17:14.610,1.10198,1.10201,1.12,3.07
2016.07.22 13:17:15.112,1.10201,1.10202,5.62,2.62
2016.07.22 13:17:15.163,1.10201,1.10204,10.50,3.00
2016.07.22 13:17:15.265,1.10201,1.10204,11.62,1.00
2016.07.22 13:17:15.317,1.10201,1.10203,7.50,1.00
2016.07.22 13:17:15.368,1.10201,1.10202,4.50,1.00
2016.07.22 13:17:15.420,1.10201,1.10202,3.37,1.87
2016.07.22 13:17:15.472,1.102,1.10202,1.00,1.50
2016.07.22 13:17:15.523,1.102,1.10203,1.00,4.12
2016.07.22 13:17:15.574,1.102,1.10202,1.00,1.00
2016.07.22 13:17:15.677,1.102,1.10202,1.00,1.25
2016.07.22 13:17:15.728,1.102,1.10203,1.00,6.56
2016.07.22 13:17:15.779,1.102,1.10203,1.25,5.81
2016.07.22 13:17:15.830,1.102,1.10203,2.44,3.94
2016.07.22 13:17:15.977,1.102,1.10203,2.44,2.44
2016.07.22 13:17:16.028,1.102,1.10203,1.25,3.94
2016.07.22 13:17:16.079,1.102,1.10203,2.44,3.94
2016.07.22 13:17:16.131,1.102,1.10203,2.44,2.44
2016.07.22 13:17:16.183,1.102,1.10203,3.94,2.44
2016.07.22 13:17:16.234,1.102,1.10203,3.19,2.44
2016.07.22 13:17:16.285,1.102,1.10203,1.69,2.25
2016.07.22 13:17:16.337,1.102,1.10202,1.69,1.15
2016.07.22 13:17:16.388,1.102,1.10202,1.69,1.61
2016.07.22 13:17:16.439,1.102,1.10202,1.50,1.61
2016.07.22 13:17:16.491,1.102,1.10202,1.50,1.15
2016.07.22 13:17:16.542,1.102,1.10203,1.00,4.61
2016.07.22 13:17:16.593,1.102,1.10203,1.25,4.61
2016.07.22 13:17:16.644,1.102,1.10203,1.25,3.11
2016.07.22 13:17:16.695,1.102,1.10203,1.25,3.30
2016.07.22 13:17:17.036,1.10199,1.10203,7.39,3.30
2016.07.22 13:17:17.087,1.10199,1.10202,7.39,1.24
2016.07.22 13:17:17.138,1.10199,1.10201,4.57,2.25
2016.07.22 13:17:17.189,1.10199,1.10201,2.32,3.75
2016.07.22 13:17:17.240,1.10198,1.10201,2.06,3.82
2016.07.22 13:17:17.291,1.10199,1.10201,1.12,1.95
2016.07.22 13:17:17.343,1.10199,1.10202,2.06,3.30
2016.07.22 13:17:17.394,1.10199,1.10202,3.19,2.74
2016.07.22 13:17:17.445,1.10199,1.10202,4.54,2.36
2016.07.22 13:17:17.496,1.10199,1.10202,4.91,1.11
2016.07.22 13:17:17.547,1.10199,1.10202,4.12,1.11
2016.07.22 13:17:17.598,1.10199,1.10202,2.62,1.99
2016.07.22 13:17:17.649,1.10199,1.10202,2.81,1.99
2016.07.22 13:17:17.700,1.10199,1.10202,3.94,1.36
2016.07.22 13:17:17.751,1.10199,1.10202,3.19,1.36
2016.07.22 13:17:17.803,1.10199,1.10202,3.56,1.11
2016.07.22 13:17:17.854,1.10199,1.10203,4.69,6.37
2016.07.22 13:17:17.905,1.10199,1.10203,6.19,6.19
2016.07.22 13:17:18.015,1.102,1.10203,1.00,4.50
2016.07.22 13:17:18.066,1.10199,1.10203,5.47,6.19
2016.07.22 13:17:18.168,1.10199,1.10203,3.97,4.50
2016.07.22 13:17:18.219,1.10201,1.10203,1.00,3.56
2016.07.22 13:17:18.270,1.10203,1.10205,1.00,27.49
2016.07.22 13:17:18.323,1.10204,1.10205,2.85,15.00
2016.07.22 13:17:18.375,1.10205,1.10206,2.25,1.87
2016.07.22 13:17:18.427,1.10207,1.10208,1.00,1.00
2016.07.22 13:17:18.479,1.10207,1.10208,2.25,1.00
2016.07.22 13:17:18.531,1.10207,1.10209,1.95,2.62
2016.07.22 13:17:18.583,1.10207,1.1021,3.07,1.00
2016.07.22 13:17:18.685,1.10207,1.1021,2.32,1.00
2016.07.22 13:17:18.737,1.10207,1.1021,2.32,1.13
2016.07.22 13:17:18.828,1.10207,1.1021,2.32,1.88
2016.07.22 13:17:18.879,1.10207,1.1021,1.57,3.00
2016.07.22 13:17:18.980,1.10207,1.10209,1.10,1.00
2016.07.22 13:17:19.031,1.10207,1.10209,1.10,1.50
2016.07.22 13:17:19.082,1.10207,1.10209,1.10,1.69
2016.07.22 13:17:19.387,1.10207,1.10209,1.10,1.50
2016.07.22 13:17:19.438,1.10206,1.10209,2.25,1.87
2016.07.22 13:17:19.489,1.10205,1.10209,4.69,3.94
2016.07.22 13:17:19.541,1.10205,1.10208,2.44,1.12
2016.07.22 13:17:19.593,1.10205,1.10207,1.25,1.00
2016.07.22 13:17:19.644,1.10204,1.10206,3.75,1.00
2016.07.22 13:17:19.696,1.10204,1.10205,1.12,2.25
2016.07.22 13:17:19.813,1.10203,1.10204,4.50,1.00
2016.07.22 13:17:19.865,1.10202,1.10204,2.25,1.00
2016.07.22 13:17:19.916,1.10202,1.10205,2.25,8.25
2016.07.22 13:17:19.967,1.10202,1.10205,2.25,6.19
2016.07.22 13:17:20.017,1.10201,1.10204,14.06,1.00
2016.07.22 13:17:20.068,1.10201,1.10204,13.31,1.00
2016.07.22 13:17:20.119,1.10203,1.10205,1.00,3.00
2016.07.22 13:17:20.922,1.10203,1.10205,1.00,2.25
2016.07.22 13:17:21.227,1.10203,1.10205,1.00,1.50
2016.07.22 13:17:21.666,1.10203,1.10205,1.50,1.50
2016.07.22 13:17:21.718,1.10203,1.10205,1.00,1.00
2016.07.22 13:17:21.821,1.10203,1.10205,1.50,1.00
2016.07.22 13:17:21.873,1.10203,1.10207,3.75,7.12
2016.07.22 13:17:21.924,1.10203,1.10207,4.50,5.62
2016.07.22 13:17:21.975,1.10203,1.10207,5.62,4.50
2016.07.22 13:17:22.027,1.10203,1.10207,6.00,3.75
2016.07.22 13:17:22.078,1.10203,1.10207,6.00,2.81
2016.07.22 13:17:22.212,1.10205,1.10208,1.00,9.75
2016.07.22 13:17:22.263,1.10206,1.10208,1.00,8.25
2016.07.22 13:17:22.314,1.10207,1.1021,3.94,20.63
2016.07.22 13:17:22.366,1.10208,1.1021,1.37,10.87
2016.07.22 13:17:22.418,1.10208,1.10209,1.87,1.00
2016.07.22 13:17:22.469,1.10209,1.1021,1.00,1.69
2016.07.22 13:17:22.521,1.10209,1.1021,1.00,1.50
2016.07.22 13:17:22.572,1.10208,1.1021,1.37,1.50
2016.07.22 13:17:22.623,1.10208,1.1021,1.87,1.50
2016.07.22 13:17:22.674,1.10208,1.1021,3.00,1.00
2016.07.22 13:17:22.726,1.10208,1.10211,2.25,3.00
2016.07.22 13:17:22.777,1.10209,1.1021,1.12,1.00
2016.07.22 13:17:22.880,1.10208,1.1021,1.50,1.00
2016.07.22 13:17:23.017,1.10207,1.1021,4.87,2.25
2016.07.22 13:17:23.068,1.10207,1.1021,5.25,1.50
2016.07.22 13:17:23.119,1.10207,1.1021,4.50,1.50
2016.07.22 13:17:23.170,1.10207,1.1021,4.87,3.37
2016.07.22 13:17:23.272,1.10207,1.1021,4.87,2.62
2016.07.22 13:17:23.373,1.10207,1.1021,4.87,2.25
2016.07.22 13:17:23.476,1.10207,1.1021,4.87,1.50
2016.07.22 13:17:24.421,1.10207,1.1021,4.87,2.25
2016.07.22 13:17:24.472,1.10207,1.1021,4.50,3.00
2016.07.22 13:17:24.523,1.10207,1.1021,3.75,3.37
2016.07.22 13:17:24.574,1.10207,1.1021,2.25,4.69
2016.07.22 13:17:24.625,1.10207,1.10209,2.25,1.00
2016.07.22 13:17:24.676,1.10207,1.10209,1.87,1.00
2016.07.22 13:17:24.778,1.10207,1.10209,1.12,1.00
2016.07.22 13:17:24.981,1.10206,1.10209,6.22,1.69
2016.07.22 13:17:25.033,1.10206,1.10209,6.07,2.44
2016.07.22 13:17:25.156,1.10206,1.10209,4.12,2.44
2016.07.22 13:17:25.309,1.10206,1.10209,2.62,2.25
2016.07.22 13:17:25.410,1.10206,1.10209,4.12,2.44
2016.07.22 13:17:25.461,1.10208,1.10209,3.00,1.25
2016.07.22 13:17:25.512,1.10208,1.1021,10.50,3.56
2016.07.22 13:17:25.564,1.10226,1.10227,1.87,4.50
2016.07.22 13:17:25.615,1.10221,1.10222,5.25,8.06
2016.07.22 13:17:25.666,1.10223,1.10225,4.35,20.44
2016.07.22 13:17:25.717,1.10224,1.10225,3.60,9.94
2016.07.22 13:17:25.768,1.10225,1.10227,1.37,8.44
2016.07.22 13:17:25.877,1.10225,1.10228,11.62,1.87
2016.07.22 13:17:25.928,1.10226,1.10228,1.31,1.87
2016.07.22 13:17:25.979,1.10226,1.10228,3.04,1.87
2016.07.22 13:17:26.030,1.10226,1.10228,1.25,1.87
2016.07.22 13:17:26.081,1.10226,1.10228,1.31,1.00
2016.07.22 13:17:26.133,1.10225,1.10228,10.31,1.00
2016.07.22 13:17:26.184,1.10225,1.10228,10.50,1.00
2016.07.22 13:17:26.235,1.10225,1.10228,10.20,1.00
2016.07.22 13:17:26.286,1.10225,1.10228,8.51,1.00
2016.07.22 13:17:26.337,1.10225,1.10228,5.51,1.00
2016.07.22 13:17:26.388,1.10225,1.10228,4.01,1.50
2016.07.22 13:17:26.514,1.10225,1.10228,3.82,1.50
2016.07.22 13:17:26.673,1.10225,1.10228,3.82,1.87
2016.07.22 13:17:26.724,1.10225,1.10228,4.57,3.37
2016.07.22 13:17:26.775,1.10225,1.10228,5.32,2.25
2016.07.22 13:17:26.826,1.10226,1.10228,2.62,1.50
2016.07.22 13:17:26.877,1.10226,1.10228,6.97,1.50
2016.07.22 13:17:26.929,1.10228,1.1023,7.75,6.45
2016.07.22 13:17:26.980,1.10232,1.10233,1.30,15.40
2016.07.22 13:17:27.032,1.10232,1.10234,3.22,3.21
2016.07.22 13:17:27.084,1.10232,1.10234,3.60,1.50
2016.07.22 13:17:27.135,1.10233,1.10234,1.95,1.00
2016.07.22 13:17:27.233,1.10233,1.10234,1.10,1.00
2016.07.22 13:17:27.285,1.10233,1.10235,1.20,1.00
2016.07.22 13:17:27.488,1.10233,1.10236,1.47,1.87
2016.07.22 13:17:27.591,1.10233,1.10236,1.57,1.87
2016.07.22 13:17:27.693,1.10233,1.10236,1.57,2.62
2016.07.22 13:17:27.794,1.10233,1.10236,1.57,1.87
2016.07.22 13:17:27.947,1.10233,1.10236,1.47,1.87
2016.07.22 13:17:27.998,1.10233,1.10236,1.10,1.87
2016.07.22 13:17:28.325,1.10232,1.10236,6.56,1.12
2016.07.22 13:17:28.427,1.10233,1.10236,1.00,1.87
2016.07.22 13:17:28.478,1.10233,1.10236,1.00,2.25
2016.07.22 13:17:28.529,1.10233,1.10236,1.00,2.62
2016.07.22 13:17:28.631,1.10233,1.10235,1.00,1.50
2016.07.22 13:17:28.733,1.10232,1.10235,7.01,1.50
2016.07.22 13:17:28.784,1.10232,1.10235,6.26,1.50
2016.07.22 13:17:28.835,1.10232,1.10235,5.51,1.50
2016.07.22 13:17:28.885,1.10232,1.10235,5.14,1.50
2016.07.22 13:17:28.936,1.10232,1.10235,3.64,1.12
2016.07.22 13:17:28.987,1.10232,1.10234,3.45,1.12
2016.07.22 13:17:29.038,1.10232,1.10234,2.70,1.12
2016.07.22 13:17:29.089,1.10232,1.10234,2.62,1.12
2016.07.22 13:17:29.179,1.10232,1.10233,2.62,1.00
2016.07.22 13:17:29.230,1.10232,1.10234,2.62,1.12
2016.07.22 13:17:29.282,1.10232,1.10234,2.62,1.00
2016.07.22 13:17:29.333,1.10232,1.10234,2.62,2.25
2016.07.22 13:17:29.384,1.10232,1.10234,2.25,1.50
2016.07.22 13:17:29.435,1.10233,1.10235,3.75,9.37
2016.07.22 13:17:29.486,1.10233,1.10235,4.50,3.75
2016.07.22 13:17:29.538,1.10233,1.10235,4.50,1.00
2016.07.22 13:17:29.589,1.10233,1.10236,4.87,3.82
2016.07.22 13:17:29.691,1.10233,1.10236,5.62,3.82
2016.07.22 13:17:29.894,1.10233,1.10236,5.25,3.82
2016.07.22 13:17:30.071,1.10233,1.10236,4.50,3.07
2016.07.22 13:17:30.225,1.10234,1.10235,1.00,1.00
2016.07.22 13:17:30.327,1.10233,1.10235,2.62,1.00
2016.07.22 13:17:30.378,1.10233,1.10235,2.25,1.00
2016.07.22 13:17:30.429,1.10233,1.10235,2.62,1.00
2016.07.22 13:17:30.480,1.10233,1.10235,2.25,1.00
2016.07.22 13:17:30.531,1.10233,1.10235,1.50,1.00
2016.07.22 13:17:30.632,1.10233,1.10235,2.25,1.00
2016.07.22 13:17:30.836,1.10233,1.10235,1.50,1.00
2016.07.22 13:17:30.988,1.10233,1.10235,1.87,1.00
2016.07.22 13:17:31.039,1.10233,1.10235,2.62,1.00
2016.07.22 13:17:31.194,1.10233,1.10235,3.00,1.00
2016.07.22 13:17:31.706,1.10233,1.10235,2.25,1.00
2016.07.22 13:17:31.807,1.10233,1.10235,3.00,1.00
2016.07.22 13:17:31.960,1.10233,1.10235,3.75,1.00
2016.07.22 13:17:32.112,1.10233,1.10236,3.75,2.32
2016.07.22 13:17:32.163,1.10235,1.10237,3.97,1.61
2016.07.22 13:17:32.214,1.10237,1.10238,1.00,10.42
2016.07.22 13:17:32.331,1.10238,1.10239,1.69,3.00
2016.07.22 13:17:32.385,1.10238,1.1024,2.44,3.00
2016.07.22 13:17:32.436,1.10238,1.10241,4.35,1.00
2016.07.22 13:17:32.487,1.10238,1.10241,3.97,1.00
2016.07.22 13:17:32.538,1.10238,1.10242,4.16,4.87
2016.07.22 13:17:32.589,1.10238,1.10242,4.54,3.37
2016.07.22 13:17:32.640,1.10238,1.10242,3.41,4.12
2016.07.22 13:17:32.692,1.10238,1.10242,4.16,4.12
2016.07.22 13:17:32.749,1.10238,1.10241,4.16,1.00
2016.07.22 13:17:32.969,1.10238,1.10241,3.04,1.50
2016.07.22 13:17:33.020,1.10238,1.1024,2.10,1.00
2016.07.22 13:17:33.071,1.10238,1.1024,1.80,1.00
2016.07.22 13:17:33.173,1.10238,1.1024,1.20,1.00
2016.07.22 13:17:33.224,1.10238,1.1024,1.57,1.00
2016.07.22 13:17:33.591,1.10238,1.10241,1.57,1.50
2016.07.22 13:17:33.642,1.10238,1.10241,1.76,3.00
2016.07.22 13:17:33.771,1.10238,1.10241,1.76,2.25
2016.07.22 13:17:33.822,1.10238,1.10241,2.50,3.00
2016.07.22 13:17:33.924,1.10238,1.10241,3.07,2.25
2016.07.22 13:17:34.025,1.10239,1.10241,1.00,1.50
2016.07.22 13:17:34.587,1.10239,1.10241,1.00,2.81
2016.07.22 13:17:34.638,1.10238,1.10241,1.56,5.44
2016.07.22 13:17:34.689,1.10238,1.10241,1.08,6.94
2016.07.22 13:17:34.740,1.10237,1.10239,4.50,1.00
2016.07.22 13:17:34.856,1.10237,1.1024,3.00,1.00
2016.07.22 13:17:34.907,1.10237,1.1024,1.50,1.87
2016.07.22 13:17:34.958,1.10237,1.10239,2.25,1.00
2016.07.22 13:17:35.060,1.10237,1.10239,1.50,1.12
2016.07.22 13:17:35.111,1.10236,1.10238,2.14,1.50
2016.07.22 13:17:35.163,1.10236,1.10238,1.87,3.00
2016.07.22 13:17:35.214,1.10235,1.10237,3.94,1.00
2016.07.22 13:17:35.265,1.10235,1.10237,3.00,1.00
2016.07.22 13:17:35.316,1.10235,1.10238,3.34,3.00
2016.07.22 13:17:35.418,1.10235,1.10238,4.09,2.25
2016.07.22 13:17:35.469,1.10235,1.10238,4.09,1.50
2016.07.22 13:17:35.520,1.10236,1.10239,1.12,5.32
2016.07.22 13:17:35.571,1.10236,1.10238,1.12,1.00
2016.07.22 13:17:35.815,1.10235,1.10238,6.70,1.00
2016.07.22 13:17:35.917,1.10235,1.10238,6.89,1.00
2016.07.22 13:17:35.968,1.10235,1.10238,6.14,1.00
2016.07.22 13:17:36.171,1.10235,1.10238,6.52,1.00
2016.07.22 13:17:36.222,1.10235,1.10238,4.82,1.00
2016.07.22 13:17:36.273,1.10235,1.10237,4.45,1.00
2016.07.22 13:17:36.324,1.10235,1.10237,4.45,1.00
2016.07.22 13:17:36.426,1.10235,1.10237,2.25,1.00
2016.07.22 13:17:36.527,1.10235,1.10237,2.25,1.50
2016.07.22 13:17:36.629,1.10235,1.10237,1.82,1.50
2016.07.22 13:17:36.731,1.10235,1.10237,2.57,1.50
2016.07.22 13:17:37.039,1.10235,1.10237,2.57,1.00
2016.07.22 13:17:37.294,1.10235,1.10237,1.82,1.50
2016.07.22 13:17:37.396,1.10235,1.10236,1.07,1.00
2016.07.22 13:17:37.447,1.10234,1.10236,1.39,3.00
2016.07.22 13:17:37.498,1.10234,1.10236,1.07,3.00
2016.07.22 13:17:37.549,1.10234,1.10236,1.07,3.75
2016.07.22 13:17:37.652,1.10234,1.10236,1.00,3.75
2016.07.22 13:17:37.986,1.10234,1.10236,1.11,3.75
2016.07.22 13:17:38.139,1.10234,1.10236,1.00,3.75
2016.07.22 13:17:38.241,1.10234,1.10236,1.00,3.00
2016.07.22 13:17:38.292,1.10233,1.10235,2.61,3.75
2016.07.22 13:17:38.343,1.10231,1.10232,6.34,1.87
2016.07.22 13:17:38.394,1.10229,1.10231,28.84,1.00
2016.07.22 13:17:38.446,1.10228,1.10229,4.20,1.50
2016.07.22 13:17:38.498,1.10227,1.10229,3.56,2.25
2016.07.22 13:17:38.549,1.10227,1.10228,1.50,1.00
2016.07.22 13:17:38.681,1.10227,1.10228,1.00,1.00
2016.07.22 13:17:38.732,1.10225,1.10227,5.08,1.00
2016.07.22 13:17:38.783,1.10225,1.10227,5.47,1.00
2016.07.22 13:17:38.834,1.10225,1.10227,5.29,1.00
2016.07.22 13:17:39.037,1.10225,1.10227,5.25,1.00
2016.07.22 13:17:39.139,1.10226,1.10228,1.00,3.75
2016.07.22 13:17:39.190,1.10226,1.10228,1.00,5.25
2016.07.22 13:17:39.241,1.10225,1.10226,2.68,1.00
2016.07.22 13:17:39.343,1.10225,1.10227,1.93,2.25
2016.07.22 13:17:39.472,1.10226,1.10227,1.00,1.50
2016.07.22 13:17:39.524,1.10226,1.10227,1.07,1.00
2016.07.22 13:17:39.628,1.10226,1.10228,1.07,3.00
2016.07.22 13:17:39.679,1.10225,1.10228,5.57,3.00
2016.07.22 13:17:39.730,1.10226,1.10228,1.07,3.00
2016.07.22 13:17:40.137,1.10226,1.10228,1.00,3.00
2016.07.22 13:17:40.188,1.10226,1.10228,1.00,4.50
2016.07.22 13:17:40.522,1.10226,1.10227,1.00,1.12
2016.07.22 13:17:40.573,1.10225,1.10226,2.49,2.62
2016.07.22 13:17:40.624,1.10223,1.10225,1.83,3.00
2016.07.22 13:17:40.676,1.10223,1.10224,1.08,2.62
2016.07.22 13:17:40.727,1.10222,1.10223,1.69,1.00
2016.07.22 13:17:40.778,1.10222,1.10223,2.25,1.00
2016.07.22 13:17:40.830,1.10223,1.10224,1.00,3.00
2016.07.22 13:17:40.881,1.10222,1.10224,1.00,2.25
2016.07.22 13:17:40.932,1.10221,1.10223,3.33,1.50
2016.07.22 13:17:41.136,1.10221,1.10223,1.83,1.00
2016.07.22 13:17:41.238,1.10221,1.10223,1.50,1.00
2016.07.22 13:17:41.475,1.10221,1.10223,1.00,1.00
2016.07.22 13:17:41.678,1.1022,1.10223,5.28,1.00
2016.07.22 13:17:41.729,1.10222,1.10224,2.50,3.37
2016.07.22 13:17:41.780,1.10222,1.10224,2.69,4.87
2016.07.22 13:17:41.882,1.10222,1.10224,2.69,3.37
2016.07.22 13:17:41.933,1.10221,1.10223,1.31,1.00
2016.07.22 13:17:41.984,1.10222,1.10224,1.37,2.25
2016.07.22 13:17:42.036,1.10223,1.10224,1.45,1.00
2016.07.22 13:17:42.086,1.10223,1.10224,1.08,1.00
2016.07.22 13:17:42.138,1.10223,1.10226,1.31,5.32
2016.07.22 13:17:42.189,1.10223,1.10226,1.31,6.07
2016.07.22 13:17:42.319,1.10223,1.10226,1.31,6.00
2016.07.22 13:17:42.729,1.10223,1.10226,1.69,6.00
2016.07.22 13:17:42.932,1.10223,1.10226,1.69,5.25
2016.07.22 13:17:43.034,1.10224,1.10226,1.00,4.50
2016.07.22 13:17:43.085,1.10224,1.10226,1.00,2.25
2016.07.22 13:17:43.288,1.10223,1.10225,3.75,1.37
2016.07.22 13:17:43.340,1.10223,1.10225,1.69,3.75
2016.07.22 13:17:43.430,1.10223,1.10225,2.44,3.37
2016.07.22 13:17:43.486,1.10224,1.10225,2.25,1.57
2016.07.22 13:17:43.538,1.10225,1.10226,1.12,1.00
2016.07.22 13:17:43.641,1.10224,1.10228,3.94,5.70
2016.07.22 13:17:43.692,1.10224,1.10228,5.25,5.32
2016.07.22 13:17:43.744,1.10225,1.10227,2.25,1.00
2016.07.22 13:17:43.795,1.10225,1.10227,3.19,1.00
2016.07.22 13:17:43.846,1.10226,1.10228,1.25,1.00
2016.07.22 13:17:43.898,1.10226,1.10228,1.69,1.00
2016.07.22 13:17:43.949,1.10226,1.10228,4.50,1.00
2016.07.22 13:17:44.000,1.10226,1.10228,4.87,1.00
2016.07.22 13:17:44.051,1.10226,1.10229,5.25,1.00
2016.07.22 13:17:44.263,1.10226,1.10229,5.44,1.00
2016.07.22 13:17:44.315,1.10226,1.10229,4.69,1.00
2016.07.22 13:17:44.367,1.10226,1.10229,4.50,1.00
2016.07.22 13:17:44.520,1.10226,1.10229,4.50,1.50
2016.07.22 13:17:44.571,1.10226,1.10229,3.37,1.50
2016.07.22 13:17:44.674,1.10228,1.10229,1.00,1.00
2016.07.22 13:17:44.726,1.10228,1.10229,2.44,1.00
2016.07.22 13:17:44.777,1.10229,1.1023,1.50,1.50
2016.07.22 13:17:44.828,1.10229,1.10231,3.19,2.62
2016.07.22 13:17:44.879,1.10229,1.10231,2.44,1.00
2016.07.22 13:17:44.931,1.10229,1.10231,1.69,1.00
2016.07.22 13:17:44.983,1.10229,1.10231,2.44,1.87
2016.07.22 13:17:45.066,1.10229,1.10231,2.44,1.50
2016.07.22 13:17:45.131,1.10229,1.1023,1.00,3.00
2016.07.22 13:17:45.183,1.10229,1.1023,1.00,2.25
2016.07.22 13:17:45.234,1.10227,1.1023,7.69,2.62
2016.07.22 13:17:45.285,1.10229,1.10231,1.69,5.70
2016.07.22 13:17:45.337,1.10229,1.10231,2.44,3.07
2016.07.22 13:17:45.388,1.10229,1.10231,2.44,2.25
2016.07.22 13:17:45.439,1.10229,1.10231,3.19,1.00
2016.07.22 13:17:45.490,1.10229,1.10231,3.37,1.00
2016.07.22 13:17:45.541,1.10229,1.10232,3.37,4.95
2016.07.22 13:17:46.065,1.10229,1.10232,3.19,4.95
2016.07.22 13:17:46.116,1.10229,1.10232,3.19,3.82
2016.07.22 13:17:46.167,1.10229,1.10231,2.44,1.00
2016.07.22 13:17:46.269,1.10229,1.10231,3.37,1.00
2016.07.22 13:17:46.371,1.10229,1.10231,2.44,1.00
2016.07.22 13:17:46.473,1.10229,1.10231,3.19,2.25
2016.07.22 13:17:46.524,1.10229,1.10231,2.44,2.25
2016.07.22 13:17:46.576,1.10229,1.1023,1.50,1.00
2016.07.22 13:17:46.627,1.10229,1.1023,1.00,1.00
2016.07.22 13:17:46.678,1.10227,1.1023,8.06,3.00
2016.07.22 13:17:46.729,1.10228,1.10229,1.01,1.00
2016.07.22 13:17:46.820,1.10228,1.1023,2.51,3.37
2016.07.22 13:17:46.872,1.10228,1.1023,4.69,1.12
2016.07.22 13:17:46.924,1.10228,1.10232,5.44,4.50
2016.07.22 13:17:46.975,1.10229,1.1023,1.69,1.50
2016.07.22 13:17:47.026,1.10229,1.1023,1.50,2.25
2016.07.22 13:17:47.078,1.10229,1.1023,1.00,3.00
2016.07.22 13:17:47.129,1.10229,1.1023,1.00,2.25
2016.07.22 13:17:47.180,1.10228,1.1023,2.44,1.00
2016.07.22 13:17:47.232,1.10228,1.10231,2.44,2.25
2016.07.22 13:17:47.283,1.10229,1.10231,1.00,2.25
2016.07.22 13:17:47.334,1.10229,1.10231,1.00,2.62
2016.07.22 13:17:47.385,1.10228,1.10231,2.06,2.62
2016.07.22 13:17:47.436,1.10228,1.10231,3.56,1.87
2016.07.22 13:17:47.488,1.10229,1.10231,1.31,2.62
2016.07.22 13:17:47.539,1.10229,1.10231,1.31,1.50
2016.07.22 13:17:47.590,1.10229,1.10232,1.69,4.57
2016.07.22 13:17:47.692,1.10229,1.10231,1.69,1.00
2016.07.22 13:17:47.824,1.10228,1.10231,4.12,3.00
2016.07.22 13:17:47.875,1.10228,1.10231,5.25,2.25
2016.07.22 13:17:47.927,1.10229,1.10231,2.81,1.00
2016.07.22 13:17:47.978,1.10229,1.10232,3.56,5.32
2016.07.22 13:17:48.030,1.10229,1.10232,2.25,6.07
2016.07.22 13:17:48.081,1.10229,1.10232,3.00,5.32
2016.07.22 13:17:48.132,1.10229,1.10232,4.31,4.57
2016.07.22 13:17:48.183,1.10229,1.10232,3.56,4.57
2016.07.22 13:17:48.336,1.1023,1.10232,2.06,4.57
2016.07.22 13:17:48.387,1.1023,1.10232,2.06,4.50
2016.07.22 13:17:48.438,1.1023,1.10232,1.31,4.50
2016.07.22 13:17:48.539,1.1023,1.10232,2.06,3.75
2016.07.22 13:17:48.743,1.1023,1.10232,2.81,3.75
2016.07.22 13:17:49.596,1.1023,1.10232,2.81,1.50
2016.07.22 13:17:49.698,1.1023,1.10232,2.81,3.75
2016.07.22 13:17:50.005,1.1023,1.10232,2.81,1.50
2016.07.22 13:17:50.160,1.1023,1.10232,3.56,3.75
2016.07.22 13:17:50.668,1.1023,1.10232,2.81,3.75
2016.07.22 13:17:50.821,1.10231,1.10232,1.25,3.00
2016.07.22 13:17:50.872,1.10232,1.10234,1.87,2.25
2016.07.22 13:17:50.923,1.10232,1.10234,1.87,1.00
2016.07.22 13:17:50.974,1.10232,1.10234,5.44,1.00
2016.07.22 13:17:51.025,1.10233,1.10234,1.50,1.00
2016.07.22 13:17:51.076,1.10233,1.10234,2.25,1.00
2016.07.22 13:17:51.203,1.10234,1.10235,1.12,1.12
2016.07.22 13:17:51.264,1.10234,1.10236,1.12,1.87
2016.07.22 13:17:51.372,1.10234,1.10236,1.87,2.62
2016.07.22 13:17:51.474,1.10234,1.10236,1.87,1.87
2016.07.22 13:17:51.778,1.10234,1.10236,2.62,1.87
2016.07.22 13:17:51.880,1.10234,1.10236,3.00,1.87
2016.07.22 13:17:52.084,1.10234,1.10236,2.25,1.12
2016.07.22 13:17:52.286,1.10234,1.10236,3.00,1.87
2016.07.22 13:17:52.337,1.10234,1.10236,3.75,1.87
2016.07.22 13:17:52.388,1.10236,1.10237,1.00,7.31
2016.07.22 13:17:52.440,1.10236,1.10237,6.00,5.25
2016.07.22 13:17:52.491,1.10237,1.10238,1.12,1.87
2016.07.22 13:17:52.542,1.10239,1.1024,1.00,4.12
2016.07.22 13:17:52.593,1.10239,1.10241,3.37,1.38
2016.07.22 13:17:52.644,1.10239,1.10241,10.50,1.50
2016.07.22 13:17:52.695,1.10239,1.10241,9.00,1.50
2016.07.22 13:17:52.747,1.1024,1.10241,1.00,1.50
2016.07.22 13:17:52.798,1.1024,1.10241,1.00,1.00
2016.07.22 13:17:52.851,1.10239,1.10242,10.50,4.20
2016.07.22 13:17:52.902,1.10239,1.10242,9.00,2.70
2016.07.22 13:17:53.027,1.10239,1.10241,1.00,1.50
2016.07.22 13:17:53.079,1.10238,1.10241,4.12,3.38
2016.07.22 13:17:53.130,1.10238,1.10241,4.12,4.13
2016.07.22 13:17:53.182,1.10238,1.10241,3.37,1.88
2016.07.22 13:17:53.233,1.10238,1.10241,2.62,1.88
2016.07.22 13:17:53.284,1.10238,1.10241,2.62,4.13
2016.07.22 13:17:53.386,1.10238,1.10241,1.87,4.13
2016.07.22 13:17:53.444,1.10238,1.10241,3.37,3.38
2016.07.22 13:17:53.497,1.10239,1.10241,1.87,3.75
2016.07.22 13:17:53.551,1.10239,1.10241,3.75,1.50
2016.07.22 13:17:53.602,1.10239,1.10241,3.00,1.00
2016.07.22 13:17:53.653,1.10239,1.10241,4.50,1.00
2016.07.22 13:17:53.704,1.10239,1.10241,5.25,1.50
2016.07.22 13:17:53.755,1.1024,1.10241,1.00,2.62
2016.07.22 13:17:53.807,1.1024,1.10241,1.00,3.37
2016.07.22 13:17:53.858,1.10239,1.1024,1.12,1.00
2016.07.22 13:17:54.024,1.10239,1.10241,2.62,1.50
2016.07.22 13:17:54.075,1.10239,1.10241,3.00,1.87
2016.07.22 13:17:54.126,1.10239,1.10241,1.50,2.25
2016.07.22 13:17:54.178,1.10239,1.10241,3.00,1.87
2016.07.22 13:17:54.229,1.10239,1.10241,5.25,1.00
2016.07.22 13:17:54.280,1.1024,1.10242,1.00,4.57
2016.07.22 13:17:54.485,1.1024,1.10242,1.00,5.32
2016.07.22 13:17:54.537,1.1024,1.10242,1.00,4.57
2016.07.22 13:17:54.589,1.1024,1.10242,1.00,3.82
2016.07.22 13:17:54.640,1.1024,1.10242,1.00,4.57
2016.07.22 13:17:54.741,1.1024,1.10242,1.00,3.82
2016.07.22 13:17:54.792,1.10239,1.10242,4.50,3.82
2016.07.22 13:17:54.844,1.10239,1.10242,4.50,4.57
2016.07.22 13:17:54.895,1.10239,1.10242,4.50,4.50
2016.07.22 13:17:54.946,1.10239,1.10241,4.50,1.00
2016.07.22 13:17:55.095,1.10239,1.10241,3.37,1.00
2016.07.22 13:17:55.248,1.10239,1.10241,2.25,1.37
2016.07.22 13:17:55.300,1.10239,1.10241,1.87,2.81
2016.07.22 13:17:55.351,1.10239,1.10241,1.12,4.31
2016.07.22 13:17:55.402,1.10239,1.10241,2.25,3.37
2016.07.22 13:17:55.454,1.10239,1.10241,2.25,2.62
2016.07.22 13:17:55.505,1.10238,1.10241,3.07,1.87
2016.07.22 13:17:55.557,1.10238,1.10241,3.82,1.87
2016.07.22 13:17:55.608,1.10238,1.1024,5.32,1.00
2016.07.22 13:17:55.660,1.10238,1.1024,6.45,1.50
2016.07.22 13:17:55.711,1.10238,1.1024,8.51,1.00
2016.07.22 13:17:55.762,1.10238,1.10241,9.26,2.25
2016.07.22 13:17:55.813,1.10239,1.10241,1.12,3.00
2016.07.22 13:17:55.948,1.10239,1.10241,2.62,3.00
2016.07.22 13:17:55.999,1.10239,1.10241,2.62,2.25
2016.07.22 13:17:56.101,1.10239,1.10241,2.62,1.50
2016.07.22 13:17:56.152,1.10239,1.10241,2.62,1.00
2016.07.22 13:17:56.305,1.10239,1.10241,2.62,1.50
2016.07.22 13:17:56.357,1.10239,1.10241,2.62,1.00
2016.07.22 13:17:56.617,1.10239,1.10241,1.87,1.00
2016.07.22 13:17:56.668,1.10239,1.10242,1.87,3.00
2016.07.22 13:17:56.719,1.10239,1.10242,2.62,4.50
2016.07.22 13:17:56.830,1.10239,1.10241,2.25,1.00
2016.07.22 13:17:56.881,1.10239,1.10242,1.87,5.25
2016.07.22 13:17:56.932,1.10239,1.10241,1.00,2.25
2016.07.22 13:17:56.983,1.10239,1.1024,1.12,1.00
2016.07.22 13:17:57.035,1.10239,1.1024,2.25,1.00
2016.07.22 13:17:57.086,1.10239,1.10241,1.50,1.50
2016.07.22 13:17:57.188,1.10239,1.10241,2.25,1.50
2016.07.22 13:17:57.239,1.10239,1.10241,2.62,1.50
2016.07.22 13:17:57.341,1.10239,1.10241,2.62,1.50
2016.07.22 13:17:57.759,1.10239,1.10241,2.62,1.50
2016.07.22 13:17:57.810,1.10239,1.10241,3.75,1.00
2016.07.22 13:17:57.861,1.10239,1.10242,3.75,4.50
2016.07.22 13:17:57.912,1.10239,1.10242,2.62,4.50
2016.07.22 13:17:58.690,1.10239,1.10241,2.62,1.00
2016.07.22 13:17:58.742,1.10239,1.10241,1.87,1.00
2016.07.22 13:17:58.793,1.10238,1.1024,4.57,7.12
2016.07.22 13:17:58.846,1.10238,1.10239,4.20,2.25
2016.07.22 13:17:58.898,1.10237,1.10239,3.19,5.62
2016.07.22 13:17:58.949,1.10237,1.10238,3.00,3.00
2016.07.22 13:17:59.000,1.10238,1.10239,3.75,1.95
2016.07.22 13:17:59.052,1.10239,1.1024,2.25,1.12
2016.07.22 13:17:59.103,1.10239,1.10242,3.37,6.94
2016.07.22 13:17:59.154,1.10239,1.10242,3.75,4.87
2016.07.22 13:17:59.205,1.10239,1.10242,4.12,4.57
2016.07.22 13:17:59.256,1.10239,1.10242,5.25,2.70
2016.07.22 13:17:59.444,1.1024,1.10242,2.25,1.57
2016.07.22 13:17:59.495,1.1024,1.10242,1.50,1.57
2016.07.22 13:17:59.851,1.10239,1.10242,5.81,1.57
2016.07.22 13:17:59.953,1.1024,1.10242,2.25,1.50
2016.07.22 13:18:00.258,1.1024,1.10242,2.25,2.25
2016.07.22 13:18:00.681,1.1024,1.10242,2.25,3.37
2016.07.22 13:18:00.733,1.10239,1.10242,4.20,3.37
2016.07.22 13:18:00.785,1.10239,1.10242,3.07,5.25
2016.07.22 13:18:00.836,1.10239,1.10242,2.70,7.87
2016.07.22 13:18:00.887,1.10239,1.10241,3.82,1.00
2016.07.22 13:18:00.939,1.1024,1.10241,1.12,1.00
2016.07.22 13:18:00.990,1.1024,1.10242,1.12,4.12
2016.07.22 13:18:01.041,1.1024,1.10242,1.87,4.12
2016.07.22 13:18:01.245,1.1024,1.10242,1.87,1.50
2016.07.22 13:18:01.347,1.1024,1.10242,1.87,2.25
2016.07.22 13:18:02.045,1.1024,1.10242,1.12,2.25
2016.07.22 13:18:02.096,1.1024,1.10242,1.12,1.50
2016.07.22 13:18:02.402,1.1024,1.10242,1.12,1.00
2016.07.22 13:18:02.501,1.10241,1.10243,7.50,6.94
2016.07.22 13:18:02.558,1.10242,1.10244,1.50,2.32
2016.07.22 13:18:02.609,1.10242,1.10244,1.50,1.50
2016.07.22 13:18:02.661,1.10242,1.10245,2.25,6.07
2016.07.22 13:18:02.712,1.10242,1.10245,2.25,5.32
2016.07.22 13:18:02.763,1.10242,1.10244,2.25,1.00
2016.07.22 13:18:02.815,1.10242,1.10243,1.87,1.12
2016.07.22 13:18:02.867,1.10241,1.10242,2.25,1.50
2016.07.22 13:18:02.919,1.1024,1.10242,2.89,3.62
2016.07.22 13:18:02.971,1.1024,1.10241,1.95,2.25
2016.07.22 13:18:03.022,1.10239,1.10241,1.57,2.25
2016.07.22 13:18:03.074,1.10239,1.1024,1.20,1.00
2016.07.22 13:18:03.125,1.10238,1.1024,2.06,1.00
2016.07.22 13:18:03.176,1.10238,1.10241,1.69,5.81
2016.07.22 13:18:03.449,1.10238,1.10241,1.25,6.19
2016.07.22 13:18:03.552,1.10238,1.1024,1.25,1.00
2016.07.22 13:18:03.858,1.10237,1.1024,6.26,1.00
2016.07.22 13:18:03.959,1.10238,1.1024,1.25,1.00
2016.07.22 13:18:04.238,1.10239,1.10241,3.00,4.12
2016.07.22 13:18:04.290,1.10239,1.10241,4.12,1.00
2016.07.22 13:18:04.341,1.1024,1.10241,1.00,1.00
2016.07.22 13:18:04.443,1.10239,1.10241,3.37,1.00
2016.07.22 13:18:04.647,1.10239,1.10241,4.12,1.00
2016.07.22 13:18:04.749,1.10239,1.10241,2.62,1.00
2016.07.22 13:18:04.851,1.10239,1.10241,4.12,1.50
2016.07.22 13:18:05.054,1.10239,1.10241,5.25,1.00
2016.07.22 13:18:05.156,1.10239,1.10242,5.25,3.94
2016.07.22 13:18:05.440,1.10239,1.10242,5.62,3.94
2016.07.22 13:18:05.542,1.10239,1.10242,5.25,3.94
2016.07.22 13:18:05.593,1.10239,1.10241,4.12,1.00
2016.07.22 13:18:05.645,1.10239,1.10241,1.00,1.00
2016.07.22 13:18:05.696,1.10239,1.10241,1.00,2.25
2016.07.22 13:18:05.747,1.10239,1.10241,1.50,2.25
2016.07.22 13:18:05.951,1.10239,1.10241,1.50,3.00
2016.07.22 13:18:06.632,1.10239,1.10241,1.00,2.62
2016.07.22 13:18:06.683,1.10239,1.10241,1.50,3.56
2016.07.22 13:18:06.836,1.10239,1.10241,1.50,3.19
2016.07.22 13:18:06.944,1.10239,1.10241,1.50,4.69
2016.07.22 13:18:07.098,1.10239,1.1024,1.50,1.00
2016.07.22 13:18:07.149,1.10239,1.1024,1.00,1.00
2016.07.22 13:18:07.455,1.10238,1.1024,2.44,1.00
2016.07.22 13:18:07.506,1.10238,1.1024,2.25,1.50
2016.07.22 13:18:07.557,1.10238,1.1024,2.25,1.00
2016.07.22 13:18:07.734,1.10238,1.1024,1.50,1.00
2016.07.22 13:18:08.149,1.10238,1.1024,2.25,1.00
2016.07.22 13:18:08.301,1.10238,1.1024,2.25,1.50
2016.07.22 13:18:08.352,1.10238,1.1024,1.50,1.50
2016.07.22 13:18:08.556,1.10238,1.1024,2.62,1.50
2016.07.22 13:18:08.658,1.10238,1.1024,3.37,1.50
2016.07.22 13:18:08.709,1.10238,1.10241,3.37,3.37
2016.07.22 13:18:08.806,1.10238,1.1024,4.57,1.00
2016.07.22 13:18:08.858,1.10238,1.1024,7.20,1.00
2016.07.22 13:18:08.960,1.10238,1.1024,5.70,1.00
2016.07.22 13:18:09.062,1.10238,1.1024,4.57,1.50
2016.07.22 13:18:09.674,1.10239,1.1024,1.00,1.50
2016.07.22 13:18:10.132,1.10238,1.1024,4.01,1.50
2016.07.22 13:18:10.284,1.10238,1.1024,4.76,1.50
2016.07.22 13:18:10.335,1.10239,1.1024,1.87,1.50
2016.07.22 13:18:10.387,1.10239,1.10241,3.00,1.00
2016.07.22 13:18:10.438,1.10239,1.10241,3.37,1.00
2016.07.22 13:18:10.489,1.1024,1.10241,1.12,1.00
2016.07.22 13:18:10.540,1.1024,1.10242,1.87,3.94
2016.07.22 13:18:10.592,1.1024,1.10243,1.87,6.07
2016.07.22 13:18:10.644,1.10241,1.10243,2.25,4.50
2016.07.22 13:18:10.695,1.10241,1.10243,2.25,1.50
2016.07.22 13:18:10.746,1.10241,1.10243,3.75,1.50
2016.07.22 13:18:10.838,1.10242,1.10243,1.00,1.50
2016.07.22 13:18:10.889,1.10242,1.10243,1.00,1.00
2016.07.22 13:18:10.940,1.10241,1.10243,3.00,1.00
2016.07.22 13:18:10.991,1.10241,1.10243,3.75,1.00
2016.07.22 13:18:11.042,1.10241,1.10243,4.50,1.00
2016.07.22 13:18:11.093,1.10241,1.10243,3.75,1.00
2016.07.22 13:18:11.145,1.10241,1.10243,4.50,1.00
2016.07.22 13:18:11.196,1.10241,1.10243,4.50,1.50
2016.07.22 13:18:11.248,1.10241,1.10243,3.37,1.50
2016.07.22 13:18:11.299,1.10241,1.10243,2.62,1.50
2016.07.22 13:18:11.351,1.10241,1.10243,1.00,1.69
2016.07.22 13:18:11.453,1.10241,1.10243,1.50,1.69
2016.07.22 13:18:11.656,1.10241,1.10243,2.25,5.06
2016.07.22 13:18:11.707,1.10241,1.10242,2.25,3.00
2016.07.22 13:18:11.759,1.10239,1.10241,3.64,1.12
2016.07.22 13:18:11.810,1.10239,1.1024,2.32,1.00
2016.07.22 13:18:11.862,1.10238,1.1024,3.94,1.00
2016.07.22 13:18:11.965,1.10238,1.10239,1.69,1.00
2016.07.22 13:18:12.270,1.10238,1.10239,4.31,1.00
2016.07.22 13:18:12.321,1.10238,1.10239,4.12,1.00
2016.07.22 13:18:12.463,1.10238,1.1024,3.75,3.75
2016.07.22 13:18:12.515,1.10238,1.1024,2.62,6.00
2016.07.22 13:18:12.567,1.10238,1.1024,1.00,5.25
2016.07.22 13:18:12.618,1.10238,1.10239,1.00,1.00
2016.07.22 13:18:12.770,1.10238,1.10239,1.00,1.87
2016.07.22 13:18:13.286,1.10237,1.10239,2.32,1.87
2016.07.22 13:18:13.469,1.10238,1.10239,1.00,2.62
2016.07.22 13:18:14.766,1.10237,1.10238,1.95,1.00
2016.07.22 13:18:14.927,1.10239,1.1024,1.00,4.50
2016.07.22 13:18:14.978,1.10239,1.10241,3.75,2.87
2016.07.22 13:18:15.030,1.10239,1.10241,3.00,2.50
2016.07.22 13:18:15.081,1.10239,1.1024,1.50,1.00
2016.07.22 13:18:15.182,1.10238,1.1024,3.07,1.50
2016.07.22 13:18:15.233,1.10238,1.1024,1.57,1.50
2016.07.22 13:18:15.335,1.10238,1.1024,1.50,1.50
2016.07.22 13:18:15.437,1.10238,1.1024,1.00,2.25
2016.07.22 13:18:16.100,1.10237,1.1024,5.81,3.00
2016.07.22 13:18:16.152,1.10237,1.1024,5.44,3.00
2016.07.22 13:18:16.254,1.10237,1.1024,4.69,3.75
2016.07.22 13:18:16.306,1.10237,1.1024,4.94,4.50
2016.07.22 13:18:16.357,1.10237,1.1024,4.94,3.75
2016.07.22 13:18:16.408,1.10237,1.1024,4.68,3.75
2016.07.22 13:18:16.568,1.10237,1.1024,4.69,3.75
2016.07.22 13:18:16.671,1.10237,1.1024,4.68,4.50
2016.07.22 13:18:17.378,1.10238,1.1024,1.12,4.50
2016.07.22 13:18:17.683,1.10238,1.10239,1.12,1.00
2016.07.22 13:18:18.384,1.10237,1.10239,5.06,1.00
2016.07.22 13:18:20.897,1.10237,1.10239,4.69,1.00
2016.07.22 13:18:20.999,1.10237,1.10239,5.06,1.00
2016.07.22 13:18:21.051,1.10237,1.10239,6.56,1.00
2016.07.22 13:18:21.153,1.10237,1.10239,6.19,1.00
2016.07.22 13:18:21.204,1.10238,1.10239,1.12,1.50
2016.07.22 13:18:21.431,1.10237,1.10239,6.19,1.50
2016.07.22 13:18:21.482,1.10238,1.10239,1.12,1.50
2016.07.22 13:18:21.584,1.10237,1.10239,6.19,1.50
2016.07.22 13:18:21.788,1.10238,1.10239,1.12,1.50
2016.07.22 13:18:21.890,1.10238,1.10239,1.12,1.00
2016.07.22 13:18:22.400,1.10237,1.10239,3.94,1.00
2016.07.22 13:18:22.792,1.10237,1.10239,3.19,1.00
2016.07.22 13:18:22.894,1.10237,1.10239,3.94,1.00
2016.07.22 13:18:23.655,1.10237,1.10239,3.19,1.00
2016.07.22 13:18:23.706,1.10237,1.10239,3.19,1.87
2016.07.22 13:18:23.758,1.10237,1.10239,2.25,2.62
2016.07.22 13:18:23.859,1.10237,1.10239,1.37,2.62
2016.07.22 13:18:23.910,1.10237,1.10239,1.00,3.37
2016.07.22 13:18:24.114,1.10237,1.10238,1.00,1.00
2016.07.22 13:18:24.218,1.10237,1.10238,1.00,1.50
2016.07.22 13:18:24.371,1.10236,1.10237,14.25,1.00
2016.07.22 13:18:24.423,1.10235,1.10237,15.45,3.75
2016.07.22 13:18:24.475,1.10235,1.10236,3.82,3.00
2016.07.22 13:18:24.527,1.10235,1.10236,2.32,4.50
2016.07.22 13:18:24.579,1.10234,1.10236,1.00,5.32
2016.07.22 13:18:24.631,1.10232,1.10234,3.37,1.50
2016.07.22 13:18:24.682,1.10232,1.10234,1.87,3.37
2016.07.22 13:18:24.775,1.10231,1.10232,3.07,3.75
2016.07.22 13:18:24.830,1.1023,1.10231,5.25,2.25
2016.07.22 13:18:24.881,1.10229,1.1023,1.87,1.00
2016.07.22 13:18:24.932,1.10229,1.1023,1.00,1.00
2016.07.22 13:18:25.288,1.10229,1.10231,1.00,4.12
2016.07.22 13:18:25.339,1.10228,1.10231,1.87,4.12
2016.07.22 13:18:25.391,1.10228,1.10231,1.87,5.63
2016.07.22 13:18:25.493,1.10228,1.10231,1.87,4.13
2016.07.22 13:18:25.544,1.10228,1.10231,1.87,4.31
2016.07.22 13:18:25.692,1.10228,1.10231,1.87,5.89
2016.07.22 13:18:25.793,1.10228,1.1023,1.87,1.00
2016.07.22 13:18:25.845,1.10228,1.1023,1.12,1.00
2016.07.22 13:18:26.100,1.10228,1.1023,1.12,1.50
2016.07.22 13:18:26.304,1.10228,1.1023,1.12,1.00
2016.07.22 13:18:26.405,1.10228,1.1023,1.12,1.50
2016.07.22 13:18:26.731,1.10227,1.10229,3.94,1.00
2016.07.22 13:18:26.834,1.10227,1.1023,3.94,3.75
2016.07.22 13:18:26.936,1.10227,1.1023,3.94,4.50
2016.07.22 13:18:26.988,1.10227,1.1023,3.94,3.00
2016.07.22 13:18:27.039,1.10228,1.1023,1.12,2.25
2016.07.22 13:18:27.090,1.10228,1.1023,1.12,3.00
2016.07.22 13:18:27.141,1.10228,1.1023,1.12,2.25
2016.07.22 13:18:27.242,1.10227,1.1023,3.56,3.00
2016.07.22 13:18:27.497,1.10227,1.1023,3.56,2.25
2016.07.22 13:18:27.548,1.10227,1.1023,3.56,3.00
2016.07.22 13:18:27.674,1.10227,1.1023,3.19,2.62
2016.07.22 13:18:27.726,1.10227,1.10229,3.94,1.00
2016.07.22 13:18:27.779,1.10227,1.10229,3.56,1.00
2016.07.22 13:18:27.932,1.10227,1.10229,2.81,1.00
2016.07.22 13:18:28.188,1.10227,1.10229,2.44,1.00
2016.07.22 13:18:28.239,1.10227,1.10229,3.19,1.00
2016.07.22 13:18:28.526,1.10227,1.10229,2.44,1.00
2016.07.22 13:18:28.628,1.10227,1.10229,3.19,1.00
2016.07.22 13:18:28.934,1.10227,1.10229,2.44,1.00
2016.07.22 13:18:29.139,1.10227,1.10229,3.19,1.00
2016.07.22 13:18:29.342,1.10227,1.10229,3.94,1.00
2016.07.22 13:18:29.476,1.10227,1.10229,3.56,1.00
2016.07.22 13:18:29.527,1.10228,1.10229,1.12,1.00
2016.07.22 13:18:29.832,1.10227,1.10229,3.94,1.00
2016.07.22 13:18:29.934,1.10227,1.10229,3.19,1.00
2016.07.22 13:18:30.036,1.10227,1.10229,3.94,1.00
2016.07.22 13:18:30.290,1.10227,1.10229,3.19,1.00
2016.07.22 13:18:30.392,1.10227,1.10229,3.94,1.00
2016.07.22 13:18:30.544,1.10227,1.10229,3.19,1.00
2016.07.22 13:18:30.730,1.10227,1.10229,3.94,1.00
2016.07.22 13:18:30.937,1.10227,1.10229,3.19,1.00
2016.07.22 13:18:31.039,1.10227,1.10229,3.94,1.00
2016.07.22 13:18:31.090,1.10227,1.10229,4.31,1.00
2016.07.22 13:18:31.496,1.10227,1.10229,3.94,1.00
2016.07.22 13:18:31.648,1.10228,1.1023,1.00,3.00
2016.07.22 13:18:31.699,1.10229,1.1023,1.00,2.25
2016.07.22 13:18:31.864,1.10229,1.1023,1.00,1.50
2016.07.22 13:18:31.966,1.10229,1.1023,1.00,1.00
2016.07.22 13:18:32.017,1.10229,1.1023,1.00,1.50
2016.07.22 13:18:32.780,1.10229,1.1023,1.00,1.00
2016.07.22 13:18:33.216,1.10229,1.10231,1.00,3.56
2016.07.22 13:18:33.741,1.10228,1.10231,1.50,2.81
2016.07.22 13:18:33.944,1.10229,1.10231,1.00,3.56
2016.07.22 13:18:33.995,1.10229,1.10231,1.00,3.19
2016.07.22 13:18:34.561,1.10229,1.10231,1.00,3.94
2016.07.22 13:18:34.612,1.10229,1.1023,1.00,1.00
2016.07.22 13:18:34.663,1.10227,1.1023,4.01,1.12
2016.07.22 13:18:34.714,1.10227,1.1023,2.14,2.25
2016.07.22 13:18:34.765,1.10228,1.1023,1.00,3.75
2016.07.22 13:18:34.867,1.10228,1.1023,1.00,4.50
2016.07.22 13:18:34.969,1.10228,1.1023,1.00,4.87
2016.07.22 13:18:35.020,1.10228,1.10229,1.00,1.50
2016.07.22 13:18:35.071,1.10227,1.10229,1.10,1.50
2016.07.22 13:18:35.122,1.10227,1.10229,1.10,1.00
2016.07.22 13:18:35.173,1.10227,1.10229,1.00,1.00
2016.07.22 13:18:36.451,1.10227,1.10229,1.50,1.00
2016.07.22 13:18:37.202,1.10227,1.10229,1.50,1.12
2016.07.22 13:18:37.304,1.10227,1.10229,1.50,1.00
2016.07.22 13:18:37.892,1.10227,1.10229,1.12,1.00
2016.07.22 13:18:37.943,1.10228,1.1023,1.12,6.00
2016.07.22 13:18:37.994,1.1023,1.10231,1.87,8.62
2016.07.22 13:18:38.045,1.1023,1.10231,4.12,6.00
2016.07.22 13:18:38.096,1.1023,1.10232,11.06,1.00
2016.07.22 13:18:38.147,1.1023,1.10232,13.12,1.00
2016.07.22 13:18:38.198,1.10231,1.10233,1.12,1.00
2016.07.22 13:18:38.453,1.1023,1.10233,9.64,1.00
2016.07.22 13:18:38.504,1.1023,1.10233,8.14,1.00
2016.07.22 13:18:38.664,1.1023,1.10233,8.51,1.00
2016.07.22 13:18:38.765,1.1023,1.10233,9.26,1.00
2016.07.22 13:18:38.867,1.10231,1.10233,1.00,1.00
2016.07.22 13:18:38.918,1.10231,1.10233,1.50,1.00
2016.07.22 13:18:39.020,1.10231,1.10233,1.12,1.00
2016.07.22 13:18:39.223,1.10231,1.10233,1.00,1.00
2016.07.22 13:18:39.426,1.10231,1.10233,1.00,3.75
2016.07.22 13:18:39.477,1.10231,1.10232,1.00,1.00
2016.07.22 13:18:39.568,1.1023,1.10232,2.70,2.62
2016.07.22 13:18:39.619,1.10229,1.10232,3.00,2.25
2016.07.22 13:18:39.670,1.10229,1.10232,3.37,3.82
2016.07.22 13:18:39.721,1.10229,1.10232,3.37,3.07
2016.07.22 13:18:39.773,1.10229,1.10232,3.56,3.82
2016.07.22 13:18:39.824,1.1023,1.10232,1.12,3.07
2016.07.22 13:18:39.875,1.1023,1.10232,1.12,1.10
2016.07.22 13:18:39.926,1.10229,1.10232,4.50,2.32
2016.07.22 13:18:39.977,1.10229,1.10232,3.75,3.75
2016.07.22 13:18:40.028,1.10229,1.10232,1.50,3.75
2016.07.22 13:18:40.130,1.10229,1.10231,1.00,1.50
2016.07.22 13:18:40.580,1.10228,1.10231,1.69,1.50
2016.07.22 13:18:40.632,1.10228,1.10231,1.69,2.25
2016.07.22 13:18:40.683,1.10229,1.10231,1.00,3.00
2016.07.22 13:18:40.786,1.10228,1.10231,2.44,3.00
2016.07.22 13:18:40.894,1.10229,1.10231,1.00,3.75
2016.07.22 13:18:42.378,1.10229,1.10231,1.00,3.00
2016.07.22 13:18:43.268,1.10228,1.10231,2.44,3.00
2016.07.22 13:18:43.319,1.10228,1.10231,2.81,3.00
2016.07.22 13:18:43.370,1.10229,1.10231,1.00,3.00
2016.07.22 13:18:43.421,1.10229,1.10231,1.00,4.12
2016.07.22 13:18:43.473,1.10228,1.1023,1.25,1.00
2016.07.22 13:18:43.524,1.10228,1.1023,1.25,1.50
2016.07.22 13:18:43.576,1.10228,1.1023,1.00,3.75
2016.07.22 13:18:43.627,1.10228,1.1023,1.00,5.25
2016.07.22 13:18:43.881,1.10228,1.1023,1.00,4.50
2016.07.22 13:18:43.932,1.10228,1.1023,1.00,3.75
2016.07.22 13:18:44.678,1.10228,1.1023,1.00,3.00
2016.07.22 13:18:44.730,1.10228,1.1023,1.00,1.50
2016.07.22 13:18:44.781,1.10228,1.1023,1.00,1.00
2016.07.22 13:18:44.832,1.10228,1.10231,1.00,4.39
2016.07.22 13:18:44.934,1.10228,1.1023,1.00,1.12
2016.07.22 13:18:44.986,1.10228,1.10229,1.00,1.00
2016.07.22 13:18:45.104,1.10226,1.10229,14.81,2.25
2016.07.22 13:18:45.155,1.10226,1.10229,12.19,3.22
2016.07.22 13:18:45.206,1.10226,1.10229,12.94,3.22
2016.07.22 13:18:45.258,1.10226,1.10229,12.94,2.62
2016.07.22 13:18:45.309,1.10226,1.10229,9.75,1.87
2016.07.22 13:18:45.412,1.10226,1.10229,14.44,2.62
2016.07.22 13:18:45.514,1.10226,1.10228,13.69,1.00
2016.07.22 13:18:45.567,1.10226,1.10227,13.69,1.72
2016.07.22 13:18:45.618,1.10225,1.10226,3.45,1.00
2016.07.22 13:18:45.670,1.10224,1.10225,3.00,1.35
2016.07.22 13:18:45.721,1.10223,1.10224,3.00,1.00
2016.07.22 13:18:45.846,1.10222,1.10224,2.32,2.10
2016.07.22 13:18:45.898,1.10222,1.10223,1.00,1.00
2016.07.22 13:18:46.000,1.10222,1.10224,1.00,3.19
2016.07.22 13:18:46.051,1.10222,1.10224,1.00,1.69
2016.07.22 13:18:46.102,1.10223,1.10224,1.00,1.25
2016.07.22 13:18:46.153,1.10223,1.10224,1.00,1.31
2016.07.22 13:18:46.204,1.10223,1.10224,1.00,1.25
2016.07.22 13:18:46.255,1.10223,1.10225,1.00,8.51
2016.07.22 13:18:46.306,1.10222,1.10225,2.25,6.64
2016.07.22 13:18:46.407,1.10223,1.10224,1.00,1.25
2016.07.22 13:18:46.458,1.10222,1.10223,1.31,1.00
2016.07.22 13:18:46.514,1.10222,1.10223,1.00,2.62
2016.07.22 13:18:46.643,1.10223,1.10225,2.87,7.57
2016.07.22 13:18:46.695,1.10223,1.10224,2.44,1.00
2016.07.22 13:18:46.746,1.10223,1.10225,3.94,3.25
2016.07.22 13:18:46.798,1.10224,1.10226,1.25,2.25
2016.07.22 13:18:46.849,1.10224,1.10226,1.25,1.00
2016.07.22 13:18:46.901,1.10225,1.10227,1.00,2.44
2016.07.22 13:18:47.105,1.10225,1.10227,1.00,1.69
2016.07.22 13:18:47.207,1.10225,1.10227,1.00,2.44
2016.07.22 13:18:47.416,1.10224,1.10227,1.10,2.44
2016.07.22 13:18:47.688,1.10225,1.10227,1.00,2.44
2016.07.22 13:18:48.656,1.10225,1.10227,1.50,1.69
2016.07.22 13:18:48.743,1.10225,1.10227,4.88,1.50
2016.07.22 13:18:48.797,1.10227,1.10228,1.00,1.00
2016.07.22 13:18:49.611,1.10226,1.10229,3.97,4.69
2016.07.22 13:18:49.814,1.10227,1.10228,1.00,1.00
2016.07.22 13:18:50.012,1.10226,1.10227,3.82,1.50
2016.07.22 13:18:50.063,1.10225,1.10227,9.90,5.85
2016.07.22 13:18:50.114,1.10224,1.10225,1.69,2.25
2016.07.22 13:18:50.165,1.10223,1.10224,4.12,1.50
2016.07.22 13:18:50.217,1.10223,1.10224,1.87,1.50
2016.07.22 13:18:50.268,1.10222,1.10224,1.50,1.50
2016.07.22 13:18:50.319,1.10222,1.10223,1.00,1.00
2016.07.22 13:18:50.522,1.10222,1.10224,1.00,3.00
2016.07.22 13:18:51.332,1.10223,1.10224,1.00,3.00
2016.07.22 13:18:51.841,1.10222,1.10224,1.00,3.00
2016.07.22 13:18:52.024,1.10222,1.10224,1.00,3.75
2016.07.22 13:18:52.075,1.10222,1.10224,1.00,3.94
2016.07.22 13:18:52.127,1.10223,1.10224,1.00,3.19
2016.07.22 13:18:52.178,1.10223,1.10224,1.00,1.87
2016.07.22 13:18:52.229,1.10223,1.10224,1.00,1.50
2016.07.22 13:18:52.331,1.10222,1.10224,2.25,1.50
2016.07.22 13:18:52.433,1.10223,1.10224,1.00,1.50
2016.07.22 13:18:52.689,1.10222,1.10224,2.25,1.50
2016.07.22 13:18:52.791,1.10223,1.10224,1.00,1.50
2016.07.22 13:18:53.462,1.10223,1.10224,1.00,2.25
2016.07.22 13:18:53.615,1.10222,1.10224,1.50,2.25
2016.07.22 13:18:53.717,1.10222,1.10224,1.50,1.50
2016.07.22 13:18:54.896,1.10222,1.10223,1.50,1.00
2016.07.22 13:18:55.127,1.10222,1.10223,1.00,1.00
2016.07.22 13:18:55.229,1.10222,1.10224,1.12,3.75
2016.07.22 13:18:55.281,1.10222,1.10224,1.50,1.50
2016.07.22 13:18:55.333,1.10223,1.10225,3.00,1.00
2016.07.22 13:18:55.384,1.10223,1.10225,3.07,1.00
2016.07.22 13:18:55.435,1.10223,1.10225,2.89,1.00
2016.07.22 13:18:55.537,1.10223,1.10226,2.89,3.00
2016.07.22 13:18:55.792,1.10223,1.10226,3.82,3.00
2016.07.22 13:18:55.843,1.10223,1.10226,3.45,3.00
2016.07.22 13:18:55.894,1.10223,1.10226,3.26,3.00
2016.07.22 13:18:56.213,1.10223,1.10226,3.64,3.00
2016.07.22 13:18:56.366,1.10223,1.10226,3.07,3.00
2016.07.22 13:18:56.418,1.10223,1.10226,1.95,3.37
2016.07.22 13:18:56.470,1.10223,1.10226,1.57,3.37
2016.07.22 13:18:56.869,1.10223,1.10226,1.95,3.37
2016.07.22 13:18:57.073,1.10223,1.10226,1.57,3.37
2016.07.22 13:18:57.226,1.10223,1.10226,1.10,3.37
2016.07.22 13:18:58.300,1.10222,1.10225,4.31,1.00
2016.07.22 13:18:58.402,1.10223,1.10225,1.20,1.00
2016.07.22 13:18:58.809,1.10223,1.10225,1.10,1.00
2016.07.22 13:18:58.860,1.10223,1.10225,1.10,1.50
2016.07.22 13:18:58.911,1.10223,1.10225,1.00,1.50
2016.07.22 13:18:58.962,1.10223,1.10225,1.00,2.25
2016.07.22 13:18:59.013,1.10222,1.10225,2.81,2.25
2016.07.22 13:18:59.065,1.10223,1.10225,1.87,2.25
2016.07.22 13:18:59.116,1.10224,1.10225,1.87,3.37
2016.07.22 13:18:59.168,1.10223,1.10224,2.25,1.00
2016.07.22 13:18:59.302,1.10223,1.10224,1.00,1.50
2016.07.22 13:18:59.354,1.10222,1.10224,1.50,1.50
2016.07.22 13:18:59.405,1.10222,1.10224,1.12,2.25
2016.07.22 13:18:59.456,1.10221,1.10224,20.25,2.25
2016.07.22 13:18:59.507,1.10221,1.10224,18.75,2.25
2016.07.22 13:18:59.558,1.10221,1.10224,14.32,2.25
2016.07.22 13:18:59.660,1.10221,1.10224,13.39,2.25
2016.07.22 13:18:59.711,1.10221,1.10224,14.89,2.25
2016.07.22 13:18:59.762,1.10221,1.10224,17.25,2.25
2016.07.22 13:18:59.813,1.10221,1.10224,13.31,2.25
2016.07.22 13:18:59.915,1.10221,1.10224,12.19,1.50
2016.07.22 13:18:59.967,1.10221,1.10224,12.56,1.50
2016.07.22 13:19:00.018,1.10221,1.10224,13.69,1.50
2016.07.22 13:19:00.120,1.10223,1.10224,1.00,1.50
2016.07.22 13:19:01.489,1.10223,1.10224,1.00,2.25
2016.07.22 13:19:01.591,1.10223,1.10224,1.00,1.50
2016.07.22 13:19:01.642,1.10223,1.10224,1.00,1.00
2016.07.22 13:19:01.744,1.10221,1.10224,20.62,1.00
2016.07.22 13:19:01.846,1.10221,1.10224,15.94,1.00
2016.07.22 13:19:01.947,1.10221,1.10224,20.62,1.00
2016.07.22 13:19:02.049,1.10221,1.10224,20.44,1.00
2016.07.22 13:19:02.100,1.10221,1.10225,20.44,4.57
2016.07.22 13:19:02.151,1.10221,1.10225,19.69,4.57
2016.07.22 13:19:02.259,1.10221,1.10225,12.75,4.57
2016.07.22 13:19:02.310,1.10221,1.10225,8.07,3.82
2016.07.22 13:19:02.361,1.10222,1.10225,1.00,3.82
2016.07.22 13:19:02.450,1.10221,1.10224,5.82,1.00
2016.07.22 13:19:02.552,1.10221,1.10224,10.50,1.00
2016.07.22 13:19:02.654,1.10221,1.10224,5.82,1.00
2016.07.22 13:19:02.810,1.10221,1.10224,5.62,1.00
2016.07.22 13:19:02.861,1.10221,1.10224,10.50,1.00
2016.07.22 13:19:03.064,1.10221,1.10224,11.63,3.00
2016.07.22 13:19:03.116,1.10221,1.10223,10.88,2.10
2016.07.22 13:19:03.167,1.10221,1.10223,5.82,2.85
2016.07.22 13:19:03.219,1.10221,1.10222,1.25,1.50
2016.07.22 13:19:03.270,1.1022,1.10222,1.10,3.00
2016.07.22 13:19:03.322,1.10219,1.10221,1.20,1.50
2016.07.22 13:19:03.374,1.10219,1.1022,1.10,1.50
2016.07.22 13:19:03.511,1.10217,1.1022,3.56,3.00
2016.07.22 13:19:03.562,1.10217,1.1022,1.25,3.00
2016.07.22 13:19:03.767,1.10217,1.1022,2.44,2.25
2016.07.22 13:19:03.818,1.10217,1.1022,3.19,1.50
2016.07.22 13:19:03.870,1.10217,1.1022,5.44,1.50
2016.07.22 13:19:03.921,1.10217,1.1022,4.69,1.00
2016.07.22 13:19:03.972,1.10218,1.10221,1.69,3.07
2016.07.22 13:19:04.023,1.10218,1.1022,1.69,1.00
2016.07.22 13:19:04.074,1.10218,1.1022,1.31,1.50
2016.07.22 13:19:04.125,1.10218,1.1022,1.31,2.25
2016.07.22 13:19:04.176,1.10218,1.1022,1.31,3.00
2016.07.22 13:19:04.227,1.10218,1.1022,2.06,3.00
2016.07.22 13:19:04.278,1.10218,1.1022,1.69,3.75
2016.07.22 13:19:04.372,1.10218,1.1022,1.69,3.00
2016.07.22 13:19:04.424,1.10218,1.10219,1.00,1.00
2016.07.22 13:19:04.475,1.10217,1.10219,1.00,2.25
2016.07.22 13:19:04.577,1.10217,1.10219,1.00,3.75
2016.07.22 13:19:04.628,1.10217,1.10219,1.00,4.50
2016.07.22 13:19:04.679,1.10217,1.10218,1.00,1.00
2016.07.22 13:19:04.832,1.10217,1.10218,1.00,2.25
2016.07.22 13:19:06.227,1.10216,1.10218,1.35,2.25
2016.07.22 13:19:06.278,1.10216,1.10218,1.35,3.00
2016.07.22 13:19:06.417,1.10215,1.10216,5.14,1.50
2016.07.22 13:19:06.469,1.10215,1.10216,2.70,4.87
2016.07.22 13:19:06.520,1.10214,1.10216,2.62,4.87
2016.07.22 13:19:06.572,1.10213,1.10215,2.25,3.00
2016.07.22 13:19:06.624,1.10214,1.10215,1.00,3.75
2016.07.22 13:19:06.676,1.10214,1.10215,1.00,3.00
2016.07.22 13:19:06.727,1.10213,1.10215,1.20,2.25
2016.07.22 13:19:06.778,1.10213,1.10215,1.10,3.00
2016.07.22 13:19:06.829,1.10212,1.10215,3.19,3.75
2016.07.22 13:19:06.881,1.10212,1.10215,2.44,3.75
2016.07.22 13:19:06.933,1.10212,1.10215,3.94,3.00
2016.07.22 13:19:06.984,1.10212,1.10215,4.69,2.25
2016.07.22 13:19:07.123,1.10213,1.10215,1.12,2.25
2016.07.22 13:19:07.175,1.10214,1.10215,1.12,3.00
2016.07.22 13:19:07.582,1.10214,1.10215,1.12,2.25
2016.07.22 13:19:07.684,1.10214,1.10215,1.00,2.25
2016.07.22 13:19:09.054,1.10212,1.10214,2.06,1.00
2016.07.22 13:19:09.156,1.10212,1.10214,1.69,1.00
2016.07.22 13:19:09.236,1.10212,1.10214,1.12,1.00
2016.07.22 13:19:09.287,1.10212,1.10213,1.00,1.00
2016.07.22 13:19:09.338,1.10211,1.10213,4.39,1.50
2016.07.22 13:19:09.389,1.10211,1.10213,2.89,1.50
2016.07.22 13:19:09.441,1.1021,1.10212,12.71,1.00
2016.07.22 13:19:09.492,1.10209,1.10211,17.77,2.50
2016.07.22 13:19:09.544,1.10209,1.1021,3.94,3.75
2016.07.22 13:19:09.595,1.10208,1.1021,1.50,3.75
2016.07.22 13:19:09.647,1.10207,1.1021,6.19,3.75
2016.07.22 13:19:09.699,1.10207,1.1021,5.44,4.50
2016.07.22 13:19:09.750,1.10208,1.1021,1.00,4.50
2016.07.22 13:19:09.980,1.10209,1.1021,1.00,3.75
2016.07.22 13:19:10.033,1.10208,1.1021,1.12,3.00
2016.07.22 13:19:10.085,1.10208,1.1021,1.12,2.25
2016.07.22 13:19:10.136,1.10209,1.1021,1.00,3.00
2016.07.22 13:19:10.187,1.10209,1.1021,1.00,3.75
2016.07.22 13:19:10.543,1.10209,1.1021,1.00,3.00
2016.07.22 13:19:10.594,1.10209,1.1021,1.00,2.25
2016.07.22 13:19:10.645,1.10209,1.1021,1.00,1.00
2016.07.22 13:19:11.475,1.10209,1.10211,1.00,4.69
2016.07.22 13:19:11.526,1.10209,1.10211,1.00,4.50
2016.07.22 13:19:11.628,1.10209,1.1021,1.00,1.00
2016.07.22 13:19:11.683,1.10208,1.1021,1.12,1.00
2016.07.22 13:19:11.737,1.10208,1.1021,1.12,2.25
2016.07.22 13:19:11.789,1.10208,1.1021,1.00,2.25
2016.07.22 13:19:11.841,1.10208,1.1021,1.00,1.50
2016.07.22 13:19:12.217,1.10207,1.1021,2.44,1.50
2016.07.22 13:19:12.268,1.10208,1.1021,1.00,4.87
2016.07.22 13:19:12.370,1.10207,1.1021,2.44,4.87
2016.07.22 13:19:12.639,1.10207,1.1021,2.25,4.87
2016.07.22 13:19:12.791,1.10207,1.10209,2.25,1.00
2016.07.22 13:19:13.866,1.10208,1.10209,1.00,1.00
2016.07.22 13:19:14.019,1.10208,1.1021,1.00,4.87
2016.07.22 13:19:14.191,1.10208,1.1021,1.00,4.12
2016.07.22 13:19:14.293,1.10208,1.1021,1.00,4.87
2016.07.22 13:19:14.567,1.10207,1.1021,1.87,4.12
2016.07.22 13:19:14.669,1.10208,1.1021,1.00,4.87
2016.07.22 13:19:14.893,1.10208,1.1021,1.00,4.12
2016.07.22 13:19:15.193,1.10208,1.10209,1.00,1.00
2016.07.22 13:19:15.550,1.10207,1.10209,1.31,1.00
2016.07.22 13:19:15.601,1.10207,1.10209,1.31,1.00
2016.07.22 13:19:15.652,1.10207,1.10209,1.12,1.00
2016.07.22 13:19:15.754,1.10207,1.10209,2.06,1.00
2016.07.22 13:19:16.302,1.10207,1.10209,2.06,1.00
2016.07.22 13:19:16.353,1.10207,1.10209,1.00,1.00
2016.07.22 13:19:16.404,1.10207,1.10209,1.00,1.50
2016.07.22 13:19:16.455,1.10205,1.10207,9.56,1.50
2016.07.22 13:19:16.506,1.10206,1.10207,1.00,4.12
2016.07.22 13:19:16.558,1.10205,1.10206,2.25,3.37
2016.07.22 13:19:16.609,1.10204,1.10206,1.69,6.00
2016.07.22 13:19:16.660,1.10203,1.10204,1.69,1.00
2016.07.22 13:19:16.711,1.10203,1.10204,1.50,1.00
2016.07.22 13:19:16.762,1.10203,1.10204,1.00,1.00
2016.07.22 13:19:16.842,1.10203,1.10205,1.00,2.25
2016.07.22 13:19:17.098,1.10203,1.10205,1.00,1.50
2016.07.22 13:19:17.149,1.10202,1.10205,2.25,1.00
2016.07.22 13:19:17.251,1.10203,1.10205,1.00,1.50
2016.07.22 13:19:17.404,1.10203,1.10205,1.00,2.25
2016.07.22 13:19:17.607,1.10203,1.10205,1.00,1.50
2016.07.22 13:19:17.709,1.10203,1.10205,1.00,2.25
2016.07.22 13:19:17.760,1.10203,1.10205,1.25,1.50
2016.07.22 13:19:17.892,1.10203,1.10205,1.69,1.00
2016.07.22 13:19:18.151,1.10203,1.10205,1.00,1.00
2016.07.22 13:19:18.253,1.10203,1.10205,1.69,1.00
2016.07.22 13:19:18.356,1.10203,1.10205,1.25,1.00
2016.07.22 13:19:18.408,1.10202,1.10205,3.94,1.00
2016.07.22 13:19:18.665,1.10202,1.10206,3.95,3.82
2016.07.22 13:19:18.887,1.10202,1.10205,3.95,2.25
2016.07.22 13:19:18.939,1.10202,1.10206,3.20,6.45
2016.07.22 13:19:18.990,1.10201,1.10204,22.18,1.00
2016.07.22 13:19:19.041,1.10201,1.10204,19.91,1.50
2016.07.22 13:19:19.101,1.10201,1.10204,4.01,2.62
2016.07.22 13:19:19.154,1.10201,1.10203,3.94,1.00
2016.07.22 13:19:19.256,1.10201,1.10203,3.19,1.50
2016.07.22 13:19:19.358,1.10201,1.10203,3.19,3.00
2016.07.22 13:19:19.409,1.10201,1.10203,3.19,3.75
2016.07.22 13:19:19.460,1.10201,1.10203,2.44,3.75
2016.07.22 13:19:19.562,1.10201,1.10203,3.19,3.75
2016.07.22 13:19:19.613,1.10201,1.10203,3.19,3.00
2016.07.22 13:19:19.664,1.10201,1.10203,3.19,2.25
2016.07.22 13:19:19.890,1.10201,1.10203,3.19,1.50
2016.07.22 13:19:20.562,1.10201,1.10203,2.44,1.00
2016.07.22 13:19:20.664,1.10201,1.10203,3.19,1.50
2016.07.22 13:19:20.969,1.10201,1.10203,3.94,1.50
2016.07.22 13:19:21.020,1.10201,1.10203,4.31,1.50
2016.07.22 13:19:21.072,1.10202,1.10204,1.00,1.12
2016.07.22 13:19:21.124,1.10202,1.10204,1.12,1.50
2016.07.22 13:19:21.252,1.10201,1.10204,9.56,1.50
2016.07.22 13:19:21.303,1.10201,1.10204,15.56,1.50
2016.07.22 13:19:21.354,1.10201,1.10204,12.94,1.50
2016.07.22 13:19:21.405,1.10201,1.10204,8.06,1.50
2016.07.22 13:19:21.457,1.10201,1.10204,8.81,1.50
2016.07.22 13:19:21.508,1.10201,1.10204,4.31,2.25
2016.07.22 13:19:21.723,1.10201,1.10204,4.31,2.25
2016.07.22 13:19:22.028,1.10201,1.10204,3.94,2.25
2016.07.22 13:19:22.079,1.10201,1.10204,3.19,2.25
2016.07.22 13:19:22.232,1.10201,1.10204,1.69,3.00
2016.07.22 13:19:22.283,1.10201,1.10204,1.25,4.50
2016.07.22 13:19:22.334,1.10201,1.10204,1.31,4.50
2016.07.22 13:19:22.419,1.10201,1.10204,1.25,4.50
2016.07.22 13:19:22.521,1.10201,1.10204,2.06,4.50
2016.07.22 13:19:22.572,1.10201,1.10204,4.09,4.50
2016.07.22 13:19:22.623,1.10201,1.10204,4.54,3.00
2016.07.22 13:19:22.674,1.10201,1.10204,3.60,2.25
2016.07.22 13:19:22.776,1.10201,1.10204,5.66,3.00
2016.07.22 13:19:22.827,1.10201,1.10204,6.41,3.00
2016.07.22 13:19:23.675,1.10201,1.10204,4.16,3.00
2016.07.22 13:19:23.802,1.10201,1.10204,3.41,3.00
2016.07.22 13:19:24.168,1.10201,1.10204,5.66,3.00
2016.07.22 13:19:24.219,1.10201,1.10204,6.41,3.00
2016.07.22 13:19:24.864,1.10201,1.10204,3.97,2.25
2016.07.22 13:19:24.967,1.10201,1.10204,6.41,3.00
2016.07.22 13:19:26.111,1.10201,1.10204,4.09,3.00
2016.07.22 13:19:26.162,1.10201,1.10204,4.84,2.25
2016.07.22 13:19:26.382,1.10201,1.10204,5.29,2.25
2016.07.22 13:19:26.585,1.10201,1.10204,4.35,1.50
2016.07.22 13:19:26.687,1.10201,1.10204,5.29,2.25
2016.07.22 13:19:27.130,1.10201,1.10204,4.84,2.25
2016.07.22 13:19:27.283,1.10201,1.10204,3.56,2.62
2016.07.22 13:19:27.334,1.10201,1.10204,3.19,1.87
2016.07.22 13:19:27.385,1.10202,1.10205,1.69,3.82
2016.07.22 13:19:27.436,1.10202,1.10205,1.69,3.45
2016.07.22 13:19:27.487,1.10202,1.10205,2.44,3.45
2016.07.22 13:19:27.538,1.10202,1.10205,2.44,3.07
2016.07.22 13:19:27.690,1.10202,1.10205,2.44,3.07
2016.07.22 13:19:27.741,1.10202,1.10205,2.44,2.32
2016.07.22 13:19:27.792,1.10202,1.10205,3.56,2.32
2016.07.22 13:19:27.843,1.10203,1.10205,1.25,1.00
2016.07.22 13:19:27.894,1.10202,1.10205,5.06,1.00
2016.07.22 13:19:28.097,1.10202,1.10205,4.69,1.00
2016.07.22 13:19:28.587,1.10202,1.10205,3.19,1.00
2016.07.22 13:19:28.689,1.10202,1.10205,4.69,1.00
2016.07.22 13:19:29.499,1.10202,1.10205,5.44,1.50
2016.07.22 13:19:29.602,1.10202,1.10205,5.44,2.25
2016.07.22 13:19:29.653,1.10203,1.10205,1.31,2.25
2016.07.22 13:19:29.704,1.10203,1.10205,1.69,3.75
2016.07.22 13:19:29.862,1.10203,1.10205,1.31,3.75
2016.07.22 13:19:30.345,1.10203,1.10205,1.31,3.00
2016.07.22 13:19:30.549,1.10203,1.10205,1.31,3.75
2016.07.22 13:19:30.599,1.10203,1.10205,1.12,3.00
2016.07.22 13:19:30.701,1.10203,1.10205,1.31,3.75
2016.07.22 13:19:31.427,1.10203,1.10205,1.31,3.00
2016.07.22 13:19:31.478,1.10202,1.10205,3.94,3.00
2016.07.22 13:19:31.529,1.10202,1.10205,3.56,3.75
2016.07.22 13:19:31.631,1.10202,1.10205,3.56,3.00
2016.07.22 13:19:31.732,1.10202,1.10205,3.94,3.00
2016.07.22 13:19:32.042,1.10202,1.10205,3.19,3.00
2016.07.22 13:19:32.093,1.10202,1.10206,3.20,7.57
2016.07.22 13:19:32.734,1.10202,1.10206,1.51,6.82
2016.07.22 13:19:32.794,1.10202,1.10206,3.20,7.57
2016.07.22 13:19:33.149,1.10202,1.10206,4.70,7.57
2016.07.22 13:19:33.200,1.10203,1.10206,1.26,7.57
2016.07.22 13:19:33.251,1.10203,1.10206,2.45,6.07
2016.07.22 13:19:33.302,1.10204,1.10206,1.26,6.14
2016.07.22 13:19:33.354,1.10203,1.10206,3.94,6.14
2016.07.22 13:19:33.405,1.10204,1.10206,1.00,3.82
2016.07.22 13:19:33.507,1.10203,1.10206,5.44,3.82
2016.07.22 13:19:33.660,1.10203,1.10206,5.44,3.75
2016.07.22 13:19:33.985,1.10203,1.10206,6.19,5.32
2016.07.22 13:19:34.039,1.10203,1.10206,6.19,4.57
2016.07.22 13:19:34.144,1.10203,1.10206,5.25,3.82
2016.07.22 13:19:34.246,1.10203,1.10206,6.19,4.57
2016.07.22 13:19:34.504,1.10203,1.10206,6.56,4.57
2016.07.22 13:19:34.606,1.10203,1.10206,6.19,4.57
2016.07.22 13:19:34.707,1.10203,1.10206,6.94,4.57
2016.07.22 13:19:35.913,1.10204,1.10206,1.00,4.57
2016.07.22 13:19:36.015,1.10203,1.10206,7.31,4.57
2016.07.22 13:19:36.117,1.10203,1.10206,5.25,3.82
2016.07.22 13:19:36.219,1.10203,1.10206,6.94,4.57
2016.07.22 13:19:36.321,1.10203,1.10206,5.25,3.82
2016.07.22 13:19:36.476,1.10203,1.10206,6.94,4.57
2016.07.22 13:19:36.529,1.10203,1.10206,6.19,4.57
2016.07.22 13:19:36.631,1.10203,1.10206,5.06,4.57
2016.07.22 13:19:37.112,1.10203,1.10206,2.81,4.57
2016.07.22 13:19:37.316,1.10203,1.10206,1.87,3.82
2016.07.22 13:19:37.418,1.10203,1.10206,2.81,4.57
2016.07.22 13:19:37.520,1.10203,1.10206,1.87,3.82
2016.07.22 13:19:37.621,1.10203,1.10206,2.81,4.57
2016.07.22 13:19:37.723,1.10203,1.10206,1.87,3.82
2016.07.22 13:19:37.898,1.10203,1.10206,2.81,4.57
2016.07.22 13:19:38.167,1.10203,1.10206,1.69,4.57
2016.07.22 13:19:38.218,1.10203,1.10205,1.69,1.00
2016.07.22 13:19:38.320,1.10203,1.10205,1.25,1.50
2016.07.22 13:19:38.371,1.10203,1.10205,1.25,2.25
2016.07.22 13:19:38.524,1.10203,1.10205,1.00,1.50
2016.07.22 13:19:38.626,1.10203,1.10205,1.00,1.00
2016.07.22 13:19:38.677,1.10203,1.10206,1.00,4.57
2016.07.22 13:19:38.728,1.10203,1.10205,1.31,1.00
2016.07.22 13:19:38.779,1.10203,1.10205,2.06,1.00
2016.07.22 13:19:38.831,1.10203,1.10206,2.81,5.32
2016.07.22 13:19:38.933,1.10204,1.10206,1.37,5.32
2016.07.22 13:19:39.033,1.10204,1.10207,2.62,7.83
2016.07.22 13:19:39.084,1.10206,1.10208,2.12,11.88
2016.07.22 13:19:39.135,1.10207,1.10208,1.12,1.87
2016.07.22 13:19:39.186,1.10207,1.10208,1.12,1.57
2016.07.22 13:19:39.237,1.10208,1.10209,1.00,4.12
2016.07.22 13:19:39.289,1.10208,1.10209,1.00,3.75
2016.07.22 13:19:39.340,1.10207,1.1021,2.81,3.00
2016.07.22 13:19:39.391,1.10207,1.1021,2.06,3.00
2016.07.22 13:19:39.442,1.10207,1.1021,2.06,2.25
2016.07.22 13:19:39.544,1.10207,1.1021,2.06,3.94
2016.07.22 13:19:39.726,1.10207,1.1021,1.12,2.81
2016.07.22 13:19:39.780,1.10207,1.1021,2.06,2.62
2016.07.22 13:19:39.831,1.10207,1.10209,2.25,1.00
2016.07.22 13:19:39.882,1.10207,1.1021,2.06,2.81
2016.07.22 13:19:39.933,1.10207,1.1021,1.00,3.56
2016.07.22 13:19:39.984,1.10206,1.1021,6.26,3.56
2016.07.22 13:19:40.035,1.10206,1.1021,7.84,8.06
2016.07.22 13:19:40.361,1.10206,1.1021,8.21,8.06
2016.07.22 13:19:40.412,1.10206,1.1021,8.59,8.06
2016.07.22 13:19:40.522,1.10206,1.1021,6.34,6.56
2016.07.22 13:19:40.680,1.10207,1.1021,1.00,6.56
2016.07.22 13:19:40.732,1.10208,1.1021,1.87,5.81
2016.07.22 13:19:40.783,1.10208,1.1021,1.87,5.06
2016.07.22 13:19:40.936,1.10208,1.1021,1.87,2.06
2016.07.22 13:19:41.330,1.10209,1.1021,1.50,2.06
2016.07.22 13:19:41.381,1.1021,1.10211,1.50,8.89
2016.07.22 13:19:41.433,1.10211,1.10212,4.65,1.87
2016.07.22 13:19:41.568,1.10211,1.10214,5.40,1.57
2016.07.22 13:19:41.630,1.10212,1.10216,3.56,7.12
2016.07.22 13:19:41.681,1.10212,1.10216,3.56,6.82
2016.07.22 13:19:41.732,1.10212,1.10216,2.62,6.07
2016.07.22 13:19:41.834,1.10212,1.10216,3.94,6.82
2016.07.22 13:19:41.935,1.10213,1.10216,1.00,5.32
2016.07.22 13:19:42.037,1.10213,1.10216,1.00,5.70
2016.07.22 13:19:42.139,1.10213,1.10216,1.00,5.32
2016.07.22 13:19:42.570,1.10213,1.10215,1.00,1.00
2016.07.22 13:19:42.673,1.10212,1.10215,2.25,1.00
2016.07.22 13:19:42.775,1.10213,1.10215,1.00,1.00
2016.07.22 13:19:42.877,1.10213,1.10215,1.00,1.50
2016.07.22 13:19:43.466,1.10212,1.10215,2.25,1.00
2016.07.22 13:19:43.531,1.10213,1.10215,1.00,1.50
2016.07.22 13:19:43.787,1.10213,1.10215,1.00,2.25
2016.07.22 13:19:43.839,1.10213,1.10215,1.00,3.97
2016.07.22 13:19:43.890,1.10213,1.10215,1.00,4.72
2016.07.22 13:19:43.941,1.10213,1.10215,1.00,5.47
2016.07.22 13:19:44.184,1.10213,1.10214,1.00,1.00
2016.07.22 13:19:44.819,1.10212,1.10214,1.00,7.35
2016.07.22 13:19:44.870,1.10212,1.10213,1.00,1.50
2016.07.22 13:19:44.921,1.10211,1.10212,3.82,1.00
2016.07.22 13:19:44.972,1.10209,1.10212,5.81,2.25
2016.07.22 13:19:45.023,1.10209,1.10212,3.94,2.25
2016.07.22 13:19:45.074,1.10209,1.10212,4.69,2.25
2016.07.22 13:19:45.227,1.10209,1.10212,4.69,1.50
2016.07.22 13:19:45.278,1.10209,1.10212,5.29,1.00
2016.07.22 13:19:45.329,1.10209,1.10212,5.66,1.00
2016.07.22 13:19:45.483,1.10209,1.10212,5.29,1.00
2016.07.22 13:19:45.786,1.10209,1.10212,5.29,1.87
2016.07.22 13:19:45.837,1.10209,1.10211,1.91,2.25
2016.07.22 13:19:45.889,1.10209,1.10211,1.91,3.37
2016.07.22 13:19:45.940,1.10209,1.10211,1.16,4.12
2016.07.22 13:19:45.991,1.10209,1.10211,1.16,4.87
2016.07.22 13:19:46.093,1.10209,1.10211,1.16,3.75
2016.07.22 13:19:46.144,1.10209,1.10211,1.16,3.00
2016.07.22 13:19:47.143,1.10209,1.10211,3.04,1.50
2016.07.22 13:19:47.245,1.10209,1.10211,1.54,1.00
2016.07.22 13:19:47.296,1.10209,1.10211,2.29,1.00
2016.07.22 13:19:47.398,1.10209,1.10211,3.79,1.00
2016.07.22 13:19:47.936,1.10209,1.10212,4.16,1.50
2016.07.22 13:19:48.197,1.10209,1.10212,5.29,1.50
2016.07.22 13:19:48.248,1.10209,1.10212,4.54,1.50
2016.07.22 13:19:48.300,1.10209,1.10212,4.91,1.50
2016.07.22 13:19:48.351,1.10209,1.10212,5.10,1.50
2016.07.22 13:19:48.401,1.10209,1.10212,4.72,1.50
2016.07.22 13:19:48.503,1.10209,1.10211,2.47,1.00
2016.07.22 13:19:48.555,1.10209,1.10211,2.47,1.50
2016.07.22 13:19:48.606,1.10209,1.10211,1.00,1.00
2016.07.22 13:19:48.657,1.10208,1.10211,7.72,1.50
2016.07.22 13:19:48.843,1.10208,1.10211,8.10,1.50
2016.07.22 13:19:48.894,1.10208,1.10211,8.10,1.00
2016.07.22 13:19:49.046,1.10208,1.10211,7.72,1.00
2016.07.22 13:19:49.250,1.10208,1.10211,9.22,1.00
2016.07.22 13:19:49.301,1.10209,1.10211,1.69,1.00
2016.07.22 13:19:49.403,1.10209,1.10211,2.29,1.00
2016.07.22 13:19:49.454,1.10209,1.10211,2.47,1.00
2016.07.22 13:19:49.657,1.10209,1.10211,2.29,1.00
2016.07.22 13:19:49.760,1.10209,1.10211,2.47,1.00
2016.07.22 13:19:50.252,1.10209,1.10212,2.47,3.00
2016.07.22 13:19:51.269,1.10209,1.10212,1.87,3.00
2016.07.22 13:19:51.421,1.10209,1.10212,2.62,3.00
2016.07.22 13:19:51.472,1.10209,1.10212,2.44,2.25
2016.07.22 13:19:51.593,1.10209,1.10212,2.62,3.00
2016.07.22 13:19:52.062,1.1021,1.10212,2.10,2.25
2016.07.22 13:19:52.113,1.10211,1.10212,1.35,2.25
2016.07.22 13:19:52.165,1.10211,1.10212,1.35,1.00
2016.07.22 13:19:52.216,1.10211,1.10213,4.72,2.25
2016.07.22 13:19:52.268,1.10211,1.10213,8.92,1.00
2016.07.22 13:19:52.320,1.10211,1.10213,10.80,1.00
2016.07.22 13:19:52.372,1.10213,1.10214,1.50,1.50
2016.07.22 13:19:52.541,1.10213,1.10214,1.00,1.00
2016.07.22 13:19:52.592,1.10213,1.10214,1.25,1.00
2016.07.22 13:19:52.796,1.10213,1.10215,1.19,1.00
2016.07.22 13:19:53.262,1.10213,1.10214,1.25,1.00
2016.07.22 13:19:53.364,1.10213,1.10215,1.19,1.00
2016.07.22 13:19:53.567,1.10213,1.10214,1.00,1.00
2016.07.22 13:19:54.072,1.10212,1.10213,1.00,1.00
2016.07.22 13:19:54.326,1.10211,1.10213,2.10,1.00
2016.07.22 13:19:54.377,1.10211,1.10213,1.35,1.00
2016.07.22 13:19:57.129,1.10211,1.10213,1.00,1.00
2016.07.22 13:19:57.180,1.10211,1.10214,4.50,2.25
2016.07.22 13:19:57.231,1.10211,1.10214,7.72,2.25
2016.07.22 13:19:57.283,1.10211,1.10214,17.29,1.00
2016.07.22 13:19:57.334,1.10211,1.10214,15.41,1.00
2016.07.22 13:19:57.452,1.10211,1.10214,11.74,1.00
2016.07.22 13:19:57.508,1.10211,1.10214,6.86,1.00
2016.07.22 13:19:57.661,1.10211,1.10214,6.49,1.00
2016.07.22 13:19:57.772,1.10212,1.10214,1.00,1.00
2016.07.22 13:19:57.873,1.10211,1.10214,6.49,1.00
2016.07.22 13:19:57.975,1.10211,1.10214,5.55,2.25
2016.07.22 13:19:58.027,1.10211,1.10214,4.42,2.62
2016.07.22 13:19:58.078,1.10211,1.10214,3.60,1.87
2016.07.22 13:19:58.179,1.10211,1.10214,4.35,2.62
2016.07.22 13:19:58.332,1.10211,1.10214,3.60,3.00
2016.07.22 13:19:58.383,1.10211,1.10213,3.60,1.00
2016.07.22 13:19:58.522,1.10211,1.10213,2.10,1.00
2016.07.22 13:19:58.878,1.10211,1.10213,1.35,1.00
2016.07.22 13:19:58.980,1.10211,1.10213,2.10,1.00
2016.07.22 13:19:59.592,1.10211,1.10213,1.35,1.00
2016.07.22 13:19:59.777,1.10211,1.10213,2.10,1.00
2016.07.22 13:19:59.982,1.10211,1.10213,1.35,1.00
2016.07.22 13:20:00.135,1.10211,1.10213,1.50,1.00
2016.07.22 13:20:00.186,1.10211,1.10214,6.19,3.75
2016.07.22 13:20:00.237,1.10211,1.10213,4.16,1.00
2016.07.22 13:20:00.288,1.10211,1.10212,1.00,1.50
2016.07.22 13:20:00.340,1.1021,1.10212,3.07,1.50
2016.07.22 13:20:00.392,1.1021,1.10212,2.47,3.00
2016.07.22 13:20:00.444,1.1021,1.10212,1.30,3.00
2016.07.22 13:20:00.496,1.10209,1.10212,3.97,3.00
2016.07.22 13:20:00.679,1.10209,1.10212,3.60,3.37
2016.07.22 13:20:00.781,1.10209,1.10212,2.85,3.75
2016.07.22 13:20:00.832,1.10209,1.10211,1.00,1.00
2016.07.22 13:20:00.884,1.10206,1.10208,18.19,3.74
2016.07.22 13:20:00.936,1.10205,1.10206,26.81,1.00
2016.07.22 13:20:00.987,1.10205,1.10206,2.25,1.50
2016.07.22 13:20:01.038,1.10206,1.10207,1.87,3.45
2016.07.22 13:20:01.089,1.10206,1.10207,10.13,1.20
2016.07.22 13:20:01.141,1.10206,1.10207,11.06,1.10
2016.07.22 13:20:01.192,1.10207,1.10208,1.69,1.12
2016.07.22 13:20:01.334,1.10208,1.1021,7.16,3.07
2016.07.22 13:20:01.386,1.10209,1.10211,1.35,2.25
2016.07.22 13:20:01.437,1.10209,1.10211,1.00,2.25
2016.07.22 13:20:01.487,1.10208,1.1021,3.04,1.00
2016.07.22 13:20:01.538,1.10208,1.1021,1.16,1.12
2016.07.22 13:20:01.590,1.10208,1.10209,1.30,1.50
2016.07.22 13:20:01.693,1.10206,1.10209,3.41,3.00
2016.07.22 13:20:01.745,1.10206,1.10209,3.41,3.00
2016.07.22 13:20:01.796,1.10206,1.10209,3.41,3.75
2016.07.22 13:20:01.898,1.10206,1.10209,2.81,3.75
2016.07.22 13:20:02.395,1.10206,1.10209,2.62,2.25
2016.07.22 13:20:02.609,1.10206,1.10208,2.81,1.00
2016.07.22 13:20:02.710,1.10206,1.10208,2.44,1.00
2016.07.22 13:20:02.761,1.10206,1.10208,4.91,1.00
2016.07.22 13:20:02.864,1.10206,1.10208,3.79,1.00
2016.07.22 13:20:03.445,1.10206,1.10208,3.60,1.00
2016.07.22 13:20:03.546,1.10206,1.10208,3.79,1.00
2016.07.22 13:20:04.198,1.10206,1.10208,4.16,1.00
2016.07.22 13:20:04.504,1.10206,1.10208,3.79,1.00
2016.07.22 13:20:04.656,1.10206,1.10208,3.41,1.00
2016.07.22 13:20:04.707,1.10206,1.10208,3.22,1.00
2016.07.22 13:20:06.147,1.10206,1.10208,3.60,1.00
2016.07.22 13:20:06.198,1.10206,1.10208,2.10,2.25
2016.07.22 13:20:06.249,1.10205,1.10208,5.36,6.00
2016.07.22 13:20:06.379,1.10207,1.10208,4.35,4.12
2016.07.22 13:20:06.431,1.10209,1.1021,3.22,6.37
2016.07.22 13:20:06.482,1.10209,1.1021,1.50,1.12
2016.07.22 13:20:06.533,1.10209,1.1021,2.62,1.12
2016.07.22 13:20:06.585,1.1021,1.10211,1.00,6.19
2016.07.22 13:20:06.636,1.10209,1.10211,1.00,6.94
2016.07.22 13:20:06.687,1.10208,1.10211,4.91,3.94
2016.07.22 13:20:06.738,1.10208,1.10211,6.04,2.25
2016.07.22 13:20:06.789,1.10209,1.1021,1.35,1.00
2016.07.22 13:20:06.891,1.10208,1.1021,5.29,1.50
2016.07.22 13:20:06.943,1.10208,1.1021,3.60,2.25
2016.07.22 13:20:06.994,1.10208,1.1021,2.85,3.75
2016.07.22 13:20:07.045,1.10208,1.1021,2.10,3.75
2016.07.22 13:20:07.097,1.10208,1.1021,2.10,4.50
2016.07.22 13:20:07.148,1.10208,1.1021,2.10,5.62
2016.07.22 13:20:07.280,1.10207,1.1021,1.31,5.62
2016.07.22 13:20:07.331,1.10207,1.10208,1.25,1.00
2016.07.22 13:20:07.435,1.10206,1.10208,1.69,1.00
2016.07.22 13:20:07.537,1.10206,1.10208,1.69,1.00
2016.07.22 13:20:07.810,1.10206,1.10208,1.69,1.50
2016.07.22 13:20:08.347,1.10206,1.10207,1.31,1.00
2016.07.22 13:20:08.398,1.10206,1.10207,1.25,1.00
2016.07.22 13:20:08.601,1.10206,1.10208,1.25,2.25
2016.07.22 13:20:08.652,1.10205,1.10208,5.06,3.00
2016.07.22 13:20:08.708,1.10205,1.10208,2.81,3.75
2016.07.22 13:20:08.760,1.10205,1.10208,2.81,4.12
2016.07.22 13:20:09.219,1.10205,1.10208,2.06,3.37
2016.07.22 13:20:09.321,1.10205,1.10208,2.81,3.37
2016.07.22 13:20:09.372,1.10205,1.10208,3.19,3.00
2016.07.22 13:20:09.550,1.10205,1.10208,3.56,3.00
2016.07.22 13:20:09.601,1.10205,1.10208,3.19,2.25
2016.07.22 13:20:09.653,1.10205,1.10208,2.25,2.25
2016.07.22 13:20:09.704,1.10205,1.10208,3.00,2.25
2016.07.22 13:20:09.755,1.10205,1.10208,3.94,2.25
2016.07.22 13:20:09.806,1.10205,1.10208,3.19,2.25
2016.07.22 13:20:10.009,1.10205,1.10208,3.00,2.25
2016.07.22 13:20:10.110,1.10205,1.10208,3.19,2.25
2016.07.22 13:20:10.516,1.10205,1.10208,3.00,2.25
2016.07.22 13:20:10.618,1.10205,1.10208,3.19,2.25
2016.07.22 13:20:11.013,1.10205,1.10208,3.56,2.25
2016.07.22 13:20:11.115,1.10205,1.10208,2.62,2.25
2016.07.22 13:20:11.216,1.10205,1.10208,3.56,2.25
2016.07.22 13:20:11.318,1.10205,1.10208,2.62,2.25
2016.07.22 13:20:11.420,1.10205,1.10208,3.56,2.25
2016.07.22 13:20:11.572,1.10205,1.10208,3.37,2.25
2016.07.22 13:20:11.624,1.10205,1.10208,3.75,2.25
2016.07.22 13:20:11.675,1.10205,1.10208,3.94,2.25
2016.07.22 13:20:11.930,1.10205,1.10208,3.00,2.25
2016.07.22 13:20:12.183,1.10205,1.10208,3.94,2.25
2016.07.22 13:20:13.424,1.10205,1.10208,3.00,2.25
2016.07.22 13:20:13.761,1.10205,1.10208,3.94,2.25
2016.07.22 13:20:13.974,1.10205,1.10207,3.56,1.00
2016.07.22 13:20:14.025,1.10204,1.10206,2.17,1.00
2016.07.22 13:20:14.076,1.10204,1.10206,1.99,1.00
2016.07.22 13:20:14.127,1.10203,1.10206,5.55,1.00
2016.07.22 13:20:14.229,1.10204,1.10207,1.00,4.87
2016.07.22 13:20:14.280,1.10206,1.10208,3.75,10.95
2016.07.22 13:20:14.331,1.10206,1.10208,5.70,1.57
2016.07.22 13:20:14.383,1.10207,1.10208,2.10,1.50
2016.07.22 13:20:14.434,1.10208,1.10209,1.00,1.10
2016.07.22 13:20:14.485,1.10208,1.10209,1.00,1.00
2016.07.22 13:20:14.536,1.10208,1.10209,1.25,1.00
2016.07.22 13:20:14.746,1.10208,1.1021,1.25,4.50
2016.07.22 13:20:14.797,1.10208,1.1021,1.25,2.25
2016.07.22 13:20:14.848,1.10208,1.1021,1.25,2.62
2016.07.22 13:20:14.899,1.10208,1.1021,1.25,1.87
2016.07.22 13:20:15.001,1.10208,1.1021,1.25,2.62
2016.07.22 13:20:15.154,1.10207,1.1021,4.54,1.87
2016.07.22 13:20:15.205,1.10207,1.1021,5.29,2.62
2016.07.22 13:20:15.256,1.10208,1.1021,1.00,2.62
2016.07.22 13:20:15.307,1.10208,1.1021,1.12,1.12
2016.07.22 13:20:15.358,1.10208,1.1021,1.00,1.12
2016.07.22 13:20:15.459,1.10208,1.1021,1.00,1.87
2016.07.22 13:20:15.662,1.10208,1.1021,1.00,1.12
2016.07.22 13:20:15.950,1.10207,1.1021,5.47,1.12
2016.07.22 13:20:16.051,1.10208,1.1021,1.00,1.12
2016.07.22 13:20:16.778,1.10207,1.1021,5.29,1.12
2016.07.22 13:20:16.829,1.10207,1.1021,3.79,1.12
2016.07.22 13:20:17.431,1.10208,1.1021,1.00,1.12
2016.07.22 13:20:20.105,1.10208,1.10211,1.00,11.89
2016.07.22 13:20:20.157,1.10208,1.10211,1.00,11.14
2016.07.22 13:20:20.439,1.10208,1.10211,1.00,10.39
2016.07.22 13:20:20.490,1.10208,1.10211,1.12,10.01
2016.07.22 13:20:20.542,1.10208,1.10211,1.12,9.26
2016.07.22 13:20:20.593,1.10208,1.10211,1.00,9.26
2016.07.22 13:20:20.644,1.10207,1.10211,4.72,10.76
2016.07.22 13:20:20.746,1.10208,1.10211,1.00,12.26
2016.07.22 13:20:20.797,1.10208,1.10211,1.00,13.39
2016.07.22 13:20:21.084,1.10207,1.10211,5.47,10.76
2016.07.22 13:20:21.136,1.10207,1.10211,5.85,9.64
2016.07.22 13:20:21.187,1.10208,1.10211,1.00,8.89
2016.07.22 13:20:21.238,1.10208,1.10211,1.00,8.14
2016.07.22 13:20:21.288,1.10208,1.10211,2.06,8.14
2016.07.22 13:20:21.340,1.10209,1.10211,2.85,4.39
2016.07.22 13:20:21.391,1.1021,1.10212,6.74,9.37
2016.07.22 13:20:21.442,1.10211,1.10213,9.62,8.62
2016.07.22 13:20:21.493,1.10213,1.10215,2.85,13.87
2016.07.22 13:20:21.544,1.10213,1.10215,2.10,1.50
2016.07.22 13:20:21.596,1.10213,1.10215,4.72,1.50
2016.07.22 13:20:21.647,1.10213,1.10215,5.85,1.00
2016.07.22 13:20:21.742,1.10213,1.10215,4.80,1.00
2016.07.22 13:20:21.795,1.10214,1.10216,1.00,1.50
2016.07.22 13:20:21.999,1.10213,1.10216,4.05,1.50
2016.07.22 13:20:22.101,1.10213,1.10216,4.05,2.25
2016.07.22 13:20:22.152,1.10213,1.10216,2.92,2.25
2016.07.22 13:20:22.203,1.10213,1.10216,2.17,2.25
2016.07.22 13:20:22.640,1.10213,1.10216,2.17,1.50
2016.07.22 13:20:22.691,1.10213,1.10216,1.42,1.50
2016.07.22 13:20:22.793,1.10213,1.10216,2.17,1.50
2016.07.22 13:20:23.047,1.10213,1.10216,1.42,1.50
2016.07.22 13:20:23.098,1.10212,1.10216,6.04,5.62
2016.07.22 13:20:23.149,1.10212,1.10215,1.12,2.25
2016.07.22 13:20:23.201,1.10212,1.10213,1.00,1.00
2016.07.22 13:20:23.252,1.10211,1.10213,2.85,1.50
2016.07.22 13:20:23.303,1.10211,1.10213,1.12,1.87
2016.07.22 13:20:23.354,1.10211,1.10213,1.00,1.87
2016.07.22 13:20:23.405,1.10211,1.10213,1.00,2.62
2016.07.22 13:20:23.557,1.1021,1.10213,4.72,1.87
2016.07.22 13:20:23.686,1.1021,1.10213,2.47,1.87
2016.07.22 13:20:23.789,1.1021,1.10212,2.10,1.00
2016.07.22 13:20:23.840,1.1021,1.10212,2.10,1.12
2016.07.22 13:20:23.892,1.1021,1.10212,2.10,1.00
2016.07.22 13:20:23.943,1.1021,1.10212,2.10,1.00
2016.07.22 13:20:23.994,1.1021,1.10213,2.10,3.00
2016.07.22 13:20:24.096,1.1021,1.10213,2.10,2.25
2016.07.22 13:20:24.147,1.1021,1.10213,3.60,3.00
2016.07.22 13:20:24.249,1.1021,1.10213,2.85,2.25
2016.07.22 13:20:24.300,1.1021,1.10213,2.85,3.00
2016.07.22 13:20:24.351,1.1021,1.10213,2.10,3.00
2016.07.22 13:20:24.453,1.1021,1.10213,2.10,3.75
2016.07.22 13:20:24.602,1.1021,1.10213,2.10,4.12
2016.07.22 13:20:24.704,1.1021,1.10213,2.10,3.75
2016.07.22 13:20:24.806,1.1021,1.10213,2.10,4.12
2016.07.22 13:20:24.959,1.1021,1.10213,2.10,3.37
2016.07.22 13:20:25.060,1.1021,1.10213,2.10,4.12
2016.07.22 13:20:25.162,1.1021,1.10213,2.10,4.87
2016.07.22 13:20:25.214,1.1021,1.10213,1.00,5.62
2016.07.22 13:20:25.265,1.1021,1.10211,1.00,2.25
2016.07.22 13:20:25.316,1.10208,1.10211,4.69,3.94
2016.07.22 13:20:25.367,1.10208,1.10211,1.50,4.69
2016.07.22 13:20:25.419,1.10208,1.10211,1.00,5.81
2016.07.22 13:20:25.470,1.10208,1.10211,1.00,5.06
2016.07.22 13:20:25.579,1.10208,1.10211,1.00,4.31
2016.07.22 13:20:25.630,1.10208,1.10211,1.00,3.00
2016.07.22 13:20:25.681,1.10208,1.10211,2.85,3.00
2016.07.22 13:20:25.732,1.10208,1.10211,2.85,3.37
2016.07.22 13:20:25.936,1.10208,1.10211,3.22,2.62
2016.07.22 13:20:26.241,1.10208,1.10211,3.22,2.62
2016.07.22 13:20:26.292,1.10208,1.10212,3.97,7.87
2016.07.22 13:20:26.343,1.10208,1.10212,5.10,5.62
2016.07.22 13:20:26.394,1.10208,1.10212,4.35,5.62
2016.07.22 13:20:26.445,1.10208,1.10212,4.35,5.25
2016.07.22 13:20:26.496,1.10208,1.10212,6.79,6.00
2016.07.22 13:20:26.787,1.10208,1.10212,4.35,5.25
2016.07.22 13:20:26.838,1.10208,1.10212,4.72,4.50
2016.07.22 13:20:26.889,1.10208,1.10212,7.16,5.25
2016.07.22 13:20:26.940,1.10208,1.10212,6.79,5.25
2016.07.22 13:20:26.991,1.10208,1.10212,6.79,6.00
2016.07.22 13:20:27.042,1.10208,1.10212,7.16,6.00
2016.07.22 13:20:27.194,1.10209,1.10212,1.35,5.25
2016.07.22 13:20:27.296,1.10209,1.10212,1.35,4.50
2016.07.22 13:20:28.518,1.10209,1.10212,1.35,5.62
2016.07.22 13:20:28.569,1.10209,1.10212,1.35,4.12
2016.07.22 13:20:28.620,1.10209,1.10212,1.35,3.37
2016.07.22 13:20:28.976,1.10209,1.10212,1.35,4.12
2016.07.22 13:20:29.229,1.10209,1.10212,1.35,3.37
2016.07.22 13:20:29.384,1.10209,1.10212,1.35,4.12
2016.07.22 13:20:29.537,1.10209,1.10211,1.35,1.00
2016.07.22 13:20:29.638,1.10209,1.10212,1.35,4.87
2016.07.22 13:20:29.919,1.10209,1.10211,1.00,1.00
2016.07.22 13:20:30.123,1.10208,1.10211,1.35,1.00
2016.07.22 13:20:30.174,1.10208,1.10211,1.00,3.19
2016.07.22 13:20:30.225,1.10208,1.10211,1.35,5.06
2016.07.22 13:20:30.276,1.10208,1.1021,1.00,1.12
2016.07.22 13:20:30.377,1.10207,1.1021,4.01,1.12
2016.07.22 13:20:30.511,1.10207,1.1021,4.01,1.87
2016.07.22 13:20:30.663,1.10207,1.1021,2.51,1.87
2016.07.22 13:20:30.714,1.10207,1.1021,2.51,3.37
2016.07.22 13:20:30.765,1.10207,1.1021,4.01,3.37
2016.07.22 13:20:30.868,1.10207,1.1021,2.89,2.62
2016.07.22 13:20:30.918,1.10207,1.1021,2.32,3.00
2016.07.22 13:20:30.969,1.10207,1.1021,2.25,3.37
2016.07.22 13:20:32.194,1.10207,1.1021,1.00,3.37
2016.07.22 13:20:32.477,1.10207,1.1021,1.50,3.37
2016.07.22 13:20:33.029,1.10207,1.1021,1.50,3.75
2016.07.22 13:20:33.131,1.10207,1.1021,1.50,3.37
2016.07.22 13:20:33.334,1.10207,1.1021,1.50,3.00
2016.07.22 13:20:33.690,1.10207,1.1021,1.00,3.00
2016.07.22 13:20:33.791,1.10207,1.1021,1.50,3.00
2016.07.22 13:20:33.995,1.10207,1.1021,2.10,3.00
2016.07.22 13:20:34.198,1.10207,1.1021,1.35,3.00
2016.07.22 13:20:34.286,1.10207,1.1021,2.10,3.75
2016.07.22 13:20:34.339,1.10207,1.1021,2.10,4.12
2016.07.22 13:20:34.800,1.10207,1.1021,2.10,3.37
2016.07.22 13:20:34.851,1.10207,1.1021,2.10,3.00
2016.07.22 13:20:35.055,1.10207,1.1021,2.10,2.25
2016.07.22 13:20:35.157,1.10207,1.1021,2.47,1.50
2016.07.22 13:20:35.208,1.10207,1.1021,3.22,1.00
2016.07.22 13:20:35.259,1.10207,1.1021,3.60,1.00
2016.07.22 13:20:35.310,1.10207,1.1021,3.79,1.00
2016.07.22 13:20:35.500,1.10207,1.1021,2.85,1.00
2016.07.22 13:20:35.602,1.10207,1.1021,3.79,1.00
2016.07.22 13:20:35.653,1.10208,1.1021,1.30,1.00
2016.07.22 13:20:35.705,1.10208,1.1021,1.72,1.00
2016.07.22 13:20:35.756,1.10208,1.1021,2.62,1.00
2016.07.22 13:20:35.807,1.10209,1.10211,1.00,1.50
2016.07.22 13:20:36.162,1.10209,1.10211,1.50,1.50
2016.07.22 13:20:36.418,1.10209,1.10211,1.00,1.50
2016.07.22 13:20:36.469,1.10208,1.10211,1.87,3.37
2016.07.22 13:20:36.521,1.10208,1.10211,1.87,5.62
2016.07.22 13:20:36.572,1.10208,1.10211,1.12,5.25
2016.07.22 13:20:36.623,1.10208,1.10211,1.35,5.25
2016.07.22 13:20:36.725,1.10208,1.10211,1.35,1.50
2016.07.22 13:20:36.776,1.10209,1.10211,1.00,1.00
2016.07.22 13:20:36.878,1.10209,1.10211,1.35,1.00
2016.07.22 13:20:38.231,1.10209,1.10211,1.00,1.00
2016.07.22 13:20:38.434,1.10209,1.10211,1.00,1.50
2016.07.22 13:20:38.485,1.10208,1.10211,1.00,2.25
2016.07.22 13:20:38.587,1.10208,1.10211,1.00,3.00
2016.07.22 13:20:38.638,1.10208,1.10211,1.50,3.00
2016.07.22 13:20:38.689,1.10208,1.10211,1.00,3.00
2016.07.22 13:20:38.788,1.10208,1.1021,1.00,1.00
2016.07.22 13:20:38.993,1.10207,1.1021,6.60,1.00
2016.07.22 13:20:39.095,1.10208,1.1021,1.00,1.00
2016.07.22 13:20:39.401,1.10207,1.1021,4.35,1.00
2016.07.22 13:20:39.553,1.10207,1.1021,5.10,1.00
2016.07.22 13:20:39.604,1.10207,1.1021,5.29,1.00
2016.07.22 13:20:39.655,1.10207,1.1021,6.41,1.00
2016.07.22 13:20:39.706,1.10208,1.1021,1.00,1.00
2016.07.22 13:20:39.757,1.10208,1.1021,1.12,1.00
2016.07.22 13:20:40.090,1.10209,1.1021,1.00,1.00
2016.07.22 13:20:41.005,1.10208,1.1021,1.50,1.00
2016.07.22 13:20:41.498,1.10208,1.1021,1.00,1.00
2016.07.22 13:20:41.600,1.10208,1.1021,1.50,1.50
2016.07.22 13:20:41.906,1.10208,1.1021,1.50,1.00
2016.07.22 13:20:42.808,1.10208,1.1021,1.50,1.50
2016.07.22 13:20:42.859,1.10208,1.1021,2.25,1.50
2016.07.22 13:20:42.961,1.10208,1.1021,1.87,1.50
2016.07.22 13:20:43.164,1.10208,1.1021,1.50,1.50
2016.07.22 13:20:43.266,1.10208,1.10209,1.87,1.00
2016.07.22 13:20:43.408,1.10208,1.10209,2.47,1.00
2016.07.22 13:20:43.459,1.10208,1.1021,2.10,1.00
2016.07.22 13:20:43.765,1.10208,1.1021,2.47,1.00
2016.07.22 13:20:44.230,1.10208,1.1021,1.72,1.00
2016.07.22 13:20:44.332,1.10208,1.1021,2.47,1.00
2016.07.22 13:20:44.470,1.10208,1.1021,1.87,1.00
2016.07.22 13:20:44.522,1.10208,1.1021,1.12,1.00
2016.07.22 13:20:44.624,1.10208,1.1021,1.87,1.00
2016.07.22 13:20:45.773,1.10208,1.1021,1.50,1.00
2016.07.22 13:20:45.825,1.10208,1.1021,1.00,1.00
2016.07.22 13:20:45.877,1.10208,1.1021,1.35,1.00
2016.07.22 13:20:47.748,1.10208,1.1021,1.72,1.00
2016.07.22 13:20:48.502,1.10208,1.10211,1.72,3.75
2016.07.22 13:20:49.019,1.10208,1.10211,1.72,3.00
2016.07.22 13:20:49.121,1.10208,1.10211,1.72,3.75
2016.07.22 13:20:49.324,1.10208,1.10211,3.22,3.75
2016.07.22 13:20:49.375,1.10209,1.10211,1.30,3.75
2016.07.22 13:20:51.155,1.10209,1.10211,1.30,2.25
2016.07.22 13:20:51.206,1.10211,1.10212,2.25,4.87
2016.07.22 13:20:51.257,1.10211,1.10213,5.47,7.01
2016.07.22 13:20:51.309,1.10212,1.10213,3.22,4.87
2016.07.22 13:20:51.360,1.10213,1.10214,1.00,1.87
2016.07.22 13:20:51.411,1.10213,1.10214,1.00,1.00
2016.07.22 13:20:51.462,1.10213,1.10215,1.00,3.75
2016.07.22 13:20:51.514,1.10213,1.10215,1.00,2.25
2016.07.22 13:20:51.565,1.10213,1.10214,1.00,1.00
2016.07.22 13:20:52.858,1.10212,1.10214,1.72,1.00
2016.07.22 13:20:53.140,1.10213,1.10214,1.00,1.00
2016.07.22 13:20:56.639,1.10212,1.10213,2.06,1.00
2016.07.22 13:20:56.690,1.10212,1.10213,1.69,1.00
2016.07.22 13:20:56.741,1.10211,1.10212,6.75,3.00
2016.07.22 13:20:56.793,1.1021,1.10212,1.00,4.50
2016.07.22 13:20:56.844,1.10209,1.10211,1.57,1.50
2016.07.22 13:20:56.895,1.10209,1.10211,1.20,1.50
2016.07.22 13:20:56.946,1.10209,1.10211,1.00,1.50
2016.07.22 13:20:57.049,1.10208,1.10211,2.85,1.50
2016.07.22 13:20:57.174,1.10208,1.10211,4.16,1.00
2016.07.22 13:20:57.226,1.10208,1.10211,7.16,1.00
2016.07.22 13:20:57.277,1.10208,1.10211,6.79,1.00
2016.07.22 13:20:57.379,1.10208,1.10211,6.04,1.00
2016.07.22 13:20:57.583,1.10209,1.10211,1.16,1.00
2016.07.22 13:20:57.685,1.10209,1.10211,1.05,1.00
2016.07.22 13:20:58.679,1.10208,1.10211,7.54,1.00
2016.07.22 13:20:58.832,1.10208,1.10211,6.79,1.00
2016.07.22 13:20:58.883,1.10209,1.10211,1.30,1.00
2016.07.22 13:21:02.437,1.10208,1.10211,5.29,1.00
2016.07.22 13:21:02.489,1.10208,1.10211,5.10,1.50
2016.07.22 13:21:02.642,1.10208,1.10211,5.47,1.50
2016.07.22 13:21:02.693,1.10208,1.10211,6.22,2.25
2016.07.22 13:21:02.744,1.10208,1.10211,5.85,2.25
2016.07.22 13:21:02.897,1.10208,1.10211,5.85,1.50
2016.07.22 13:21:03.050,1.10208,1.10211,5.47,1.50
2016.07.22 13:21:03.101,1.10208,1.10211,4.72,1.50
2016.07.22 13:21:03.289,1.10208,1.10211,5.47,2.25
2016.07.22 13:21:03.705,1.10208,1.10211,3.97,2.25
2016.07.22 13:21:03.756,1.10208,1.10211,3.97,3.00
2016.07.22 13:21:03.858,1.10208,1.10211,1.72,2.25
2016.07.22 13:21:03.909,1.10208,1.10211,1.72,1.50
2016.07.22 13:21:03.960,1.10208,1.10211,2.47,2.25
2016.07.22 13:21:04.264,1.10208,1.10211,2.66,2.25
2016.07.22 13:21:05.058,1.10208,1.10211,3.04,2.25
2016.07.22 13:21:05.160,1.10208,1.10211,2.10,1.50
2016.07.22 13:21:05.211,1.10208,1.1021,2.10,1.00
2016.07.22 13:21:05.262,1.10208,1.1021,3.04,1.00
2016.07.22 13:21:05.414,1.10208,1.1021,2.66,1.00
2016.07.22 13:21:05.743,1.10208,1.1021,1.31,1.00
2016.07.22 13:21:05.794,1.10208,1.1021,1.31,2.25
2016.07.22 13:21:05.846,1.10208,1.1021,1.91,3.00
2016.07.22 13:21:05.898,1.10209,1.1021,1.00,2.25
2016.07.22 13:21:05.950,1.10209,1.1021,1.00,1.12
2016.07.22 13:21:06.002,1.10209,1.10211,1.00,3.07
2016.07.22 13:21:06.053,1.10209,1.10211,3.60,1.50
2016.07.22 13:21:06.104,1.10209,1.10211,3.97,1.50
2016.07.22 13:21:06.206,1.10209,1.10211,1.91,1.50
2016.07.22 13:21:06.257,1.10209,1.10211,1.16,1.50
2016.07.22 13:21:06.309,1.10208,1.10211,8.92,1.50
2016.07.22 13:21:06.361,1.10208,1.10211,3.11,2.25
2016.07.22 13:21:06.412,1.10208,1.10211,2.74,3.37
2016.07.22 13:21:06.463,1.10208,1.10211,2.74,4.12
2016.07.22 13:21:06.571,1.10208,1.10211,3.49,3.37
2016.07.22 13:21:06.942,1.10208,1.10211,2.74,3.37
2016.07.22 13:21:07.246,1.10208,1.10211,2.36,3.37
2016.07.22 13:21:07.348,1.10208,1.10211,2.17,4.12
2016.07.22 13:21:07.915,1.10208,1.10211,1.42,4.12
2016.07.22 13:21:07.966,1.10208,1.10211,1.42,4.87
2016.07.22 13:21:08.170,1.10207,1.10211,6.22,4.12
2016.07.22 13:21:08.355,1.10208,1.10211,1.42,4.87
2016.07.22 13:21:08.584,1.10207,1.10211,6.22,4.12
2016.07.22 13:21:08.686,1.10208,1.10211,1.42,4.87
2016.07.22 13:21:08.788,1.10207,1.10211,6.22,4.12
2016.07.22 13:21:08.889,1.10208,1.10211,1.42,4.87
2016.07.22 13:21:09.093,1.10207,1.10211,6.22,4.12
2016.07.22 13:21:09.194,1.10208,1.10211,1.42,4.87
2016.07.22 13:21:09.949,1.10208,1.10211,1.10,4.87
2016.07.22 13:21:10.000,1.10207,1.10211,4.72,4.12
2016.07.22 13:21:10.102,1.10208,1.10211,1.10,4.87
2016.07.22 13:21:10.406,1.10207,1.10211,4.72,4.12
2016.07.22 13:21:10.508,1.10208,1.10211,1.10,4.87
2016.07.22 13:21:11.060,1.10208,1.10211,1.95,2.62
2016.07.22 13:21:11.111,1.10208,1.10211,3.30,1.87
2016.07.22 13:21:11.162,1.10208,1.10211,5.17,1.87
2016.07.22 13:21:11.213,1.10209,1.10211,3.60,1.00
2016.07.22 13:21:11.265,1.10209,1.10212,3.97,5.06
2016.07.22 13:21:11.316,1.10209,1.10212,2.47,2.44
2016.07.22 13:21:11.366,1.10209,1.10212,2.47,1.69
2016.07.22 13:21:11.417,1.10209,1.10212,3.97,2.44
2016.07.22 13:21:11.521,1.10209,1.10212,3.97,4.31
2016.07.22 13:21:11.574,1.10209,1.10212,3.60,4.31
2016.07.22 13:21:11.625,1.10209,1.10211,3.60,1.00
2016.07.22 13:21:11.778,1.10209,1.10211,4.35,1.00
2016.07.22 13:21:13.225,1.10209,1.10211,2.85,1.00
2016.07.22 13:21:13.326,1.10209,1.10211,4.35,1.00
2016.07.22 13:21:14.714,1.10209,1.10211,2.85,1.00
2016.07.22 13:21:14.816,1.10209,1.10211,4.35,1.00
2016.07.22 13:21:16.712,1.10209,1.10211,2.85,1.00
2016.07.22 13:21:16.814,1.10209,1.10211,4.35,1.00
2016.07.22 13:21:17.135,1.10209,1.10211,3.22,1.00
2016.07.22 13:21:17.187,1.10209,1.10211,2.66,1.00
2016.07.22 13:21:17.238,1.10209,1.10211,1.30,1.00
2016.07.22 13:21:17.289,1.10209,1.10211,1.05,1.00
2016.07.22 13:21:17.645,1.10208,1.1021,5.51,1.00
2016.07.22 13:21:17.696,1.10208,1.1021,4.01,1.00
2016.07.22 13:21:17.748,1.10208,1.1021,1.76,1.00
2016.07.22 13:21:17.800,1.10208,1.10211,1.10,2.62
2016.07.22 13:21:17.852,1.10208,1.10211,1.10,3.37
2016.07.22 13:21:18.147,1.10208,1.10211,1.10,4.12
2016.07.22 13:21:18.249,1.10208,1.10211,1.10,4.50
2016.07.22 13:21:18.351,1.10208,1.10211,1.10,4.12
2016.07.22 13:21:18.707,1.10207,1.10211,5.62,3.37
2016.07.22 13:21:18.859,1.10209,1.10211,1.00,1.87
2016.07.22 13:21:18.911,1.10211,1.10213,3.60,7.76
2016.07.22 13:21:18.962,1.10212,1.10214,2.10,9.94
2016.07.22 13:21:19.013,1.10213,1.10214,3.22,1.05
2016.07.22 13:21:19.065,1.10213,1.10215,3.22,2.70
2016.07.22 13:21:19.116,1.10213,1.10215,2.29,1.20
2016.07.22 13:21:19.167,1.10213,1.10215,1.05,1.12
2016.07.22 13:21:19.287,1.10213,1.10215,2.10,1.12
2016.07.22 13:21:19.338,1.10213,1.10215,3.04,3.37
2016.07.22 13:21:19.389,1.10213,1.10215,3.04,3.75
2016.07.22 13:21:19.440,1.10213,1.10215,2.10,3.75
2016.07.22 13:21:19.542,1.10213,1.10215,2.85,3.75
2016.07.22 13:21:19.594,1.10213,1.10215,1.00,3.75
2016.07.22 13:21:19.849,1.10212,1.10215,3.97,3.75
2016.07.22 13:21:19.951,1.10213,1.10215,1.00,4.12
2016.07.22 13:21:20.003,1.10213,1.10215,1.00,4.87
2016.07.22 13:21:20.054,1.10211,1.10212,4.01,1.00
2016.07.22 13:21:20.106,1.10211,1.10212,3.82,1.00
2016.07.22 13:21:20.157,1.10211,1.10212,1.50,3.00
2016.07.22 13:21:20.240,1.10211,1.10212,1.50,2.62
2016.07.22 13:21:20.295,1.1021,1.10211,1.35,1.00
2016.07.22 13:21:20.346,1.10211,1.10212,2.10,2.62
2016.07.22 13:21:20.398,1.10211,1.10212,2.10,1.00
2016.07.22 13:21:20.449,1.10211,1.10214,2.10,7.50
2016.07.22 13:21:20.501,1.1021,1.10214,8.17,3.75
2016.07.22 13:21:20.552,1.10211,1.10214,2.10,3.00
2016.07.22 13:21:20.654,1.10211,1.10214,2.29,3.75
2016.07.22 13:21:21.060,1.10211,1.10214,2.10,3.75
2016.07.22 13:21:21.240,1.10211,1.10214,2.10,3.00
2016.07.22 13:21:21.342,1.10211,1.10214,2.10,3.75
2016.07.22 13:21:22.150,1.1021,1.10214,6.30,3.37
2016.07.22 13:21:22.202,1.1021,1.10214,6.30,4.87
2016.07.22 13:21:22.253,1.1021,1.10214,10.61,6.37
2016.07.22 13:21:22.304,1.1021,1.10214,10.42,5.62
2016.07.22 13:21:22.405,1.1021,1.10213,8.17,1.12
2016.07.22 13:21:22.496,1.1021,1.10213,8.17,3.37
2016.07.22 13:21:22.548,1.1021,1.10212,1.10,4.50
2016.07.22 13:21:22.600,1.10208,1.10211,7.31,1.50
2016.07.22 13:21:22.651,1.10208,1.10211,4.35,1.50
2016.07.22 13:21:22.702,1.10208,1.10211,3.60,1.50
2016.07.22 13:21:22.753,1.10208,1.10211,2.47,3.00
2016.07.22 13:21:22.804,1.10208,1.1021,3.22,1.50
2016.07.22 13:21:22.855,1.10207,1.1021,5.10,2.25
2016.07.22 13:21:22.906,1.10207,1.1021,3.60,2.25
2016.07.22 13:21:22.957,1.10207,1.1021,1.87,2.25
2016.07.22 13:21:23.059,1.10207,1.1021,2.25,2.25
2016.07.22 13:21:23.161,1.10207,1.1021,2.06,2.25
2016.07.22 13:21:23.314,1.10207,1.1021,2.06,1.50
2016.07.22 13:21:24.262,1.10207,1.1021,1.12,1.00
2016.07.22 13:21:24.364,1.10207,1.1021,2.06,1.50
2016.07.22 13:21:24.779,1.10207,1.1021,2.06,2.25
2016.07.22 13:21:24.998,1.10207,1.1021,2.06,3.00
2016.07.22 13:21:25.049,1.10207,1.1021,1.87,3.00
2016.07.22 13:21:26.574,1.10207,1.1021,1.12,3.00
2016.07.22 13:21:26.983,1.10207,1.1021,1.12,2.25
2016.07.22 13:21:27.183,1.10207,1.1021,1.12,3.00
2016.07.22 13:21:27.876,1.10206,1.1021,7.54,3.00
2016.07.22 13:21:28.283,1.10206,1.1021,6.79,2.25
2016.07.22 13:21:28.386,1.10206,1.1021,7.53,2.25
2016.07.22 13:21:28.488,1.10206,1.1021,7.53,3.00
2016.07.22 13:21:28.641,1.10206,1.1021,7.53,3.75
2016.07.22 13:21:28.921,1.10206,1.1021,7.53,3.00
2016.07.22 13:21:28.972,1.10206,1.1021,7.50,2.25
2016.07.22 13:21:29.023,1.10206,1.1021,7.95,2.25
2016.07.22 13:21:29.074,1.10206,1.1021,8.13,3.00
2016.07.22 13:21:29.125,1.10206,1.1021,8.51,3.00
2016.07.22 13:21:29.176,1.10206,1.1021,9.86,3.00
2016.07.22 13:21:29.278,1.10206,1.1021,8.66,3.00
2016.07.22 13:21:29.837,1.10206,1.1021,10.76,3.00
2016.07.22 13:21:29.888,1.10206,1.10209,8.81,1.50
2016.07.22 13:21:29.987,1.10206,1.10208,3.37,1.00
2016.07.22 13:21:30.038,1.10205,1.10208,8.29,1.00
2016.07.22 13:21:30.090,1.10205,1.10209,6.04,5.25
2016.07.22 13:21:30.141,1.10205,1.10208,6.22,1.00
2016.07.22 13:21:30.192,1.10205,1.10208,6.74,1.00
2016.07.22 13:21:30.244,1.10205,1.10208,6.79,1.00
2016.07.22 13:21:30.295,1.10205,1.10208,8.28,1.00
2016.07.22 13:21:30.346,1.10205,1.10209,8.28,3.75
2016.07.22 13:21:30.398,1.10205,1.10209,9.03,3.75
2016.07.22 13:21:30.449,1.10205,1.10209,9.29,3.75
2016.07.22 13:21:30.500,1.10205,1.10209,8.91,3.75
2016.07.22 13:21:30.602,1.10205,1.10209,9.66,3.75
2016.07.22 13:21:30.655,1.10205,1.10209,9.85,3.75
2016.07.22 13:21:30.808,1.10206,1.10209,1.00,3.75
2016.07.22 13:21:30.995,1.10206,1.10209,2.85,3.75
2016.07.22 13:21:31.098,1.10207,1.10209,1.00,1.50
2016.07.22 13:21:31.149,1.10207,1.10209,1.87,1.00
2016.07.22 13:21:31.201,1.10208,1.10209,1.00,1.00
2016.07.22 13:21:31.252,1.10208,1.1021,3.22,1.50
2016.07.22 13:21:31.303,1.10208,1.1021,3.22,1.00
2016.07.22 13:21:31.354,1.10208,1.10211,2.85,5.62
2016.07.22 13:21:31.405,1.10208,1.10211,2.85,4.12
2016.07.22 13:21:31.968,1.10208,1.10211,2.47,3.75
2016.07.22 13:21:32.019,1.10208,1.10211,2.47,2.25
2016.07.22 13:21:32.172,1.10208,1.10211,1.72,2.25
2016.07.22 13:21:32.274,1.10208,1.10211,3.97,2.25
2016.07.22 13:21:32.712,1.10208,1.10211,4.72,2.25
2016.07.22 13:21:32.763,1.10208,1.10211,3.97,2.25
2016.07.22 13:21:32.814,1.10208,1.10211,3.67,2.25
2016.07.22 13:21:32.865,1.10208,1.10211,6.11,1.50
2016.07.22 13:21:32.991,1.10209,1.10211,2.10,1.50
2016.07.22 13:21:33.043,1.10209,1.10211,2.10,1.87
2016.07.22 13:21:33.094,1.10209,1.1021,2.10,1.00
2016.07.22 13:21:33.196,1.10209,1.10211,2.10,2.25
2016.07.22 13:21:33.298,1.10209,1.1021,2.10,1.00
2016.07.22 13:21:33.501,1.10209,1.10211,2.10,2.25
2016.07.22 13:21:33.705,1.10209,1.10211,2.47,2.25
2016.07.22 13:21:33.973,1.10209,1.10211,2.10,2.25
2016.07.22 13:21:34.075,1.10208,1.10211,4.99,1.50
2016.07.22 13:21:34.126,1.10208,1.1021,6.11,1.00
2016.07.22 13:21:34.178,1.10208,1.1021,2.17,1.00
2016.07.22 13:21:34.280,1.10208,1.1021,1.42,1.00
2016.07.22 13:21:34.332,1.10207,1.1021,5.85,1.50
2016.07.22 13:21:34.383,1.10208,1.1021,1.42,1.50
2016.07.22 13:21:34.434,1.10208,1.1021,1.35,1.50
2016.07.22 13:21:34.638,1.10208,1.1021,1.35,2.25
2016.07.22 13:21:34.740,1.10208,1.1021,1.00,2.25
2016.07.22 13:21:34.954,1.10208,1.1021,1.35,2.25
2016.07.22 13:21:35.006,1.10208,1.1021,1.72,1.50
2016.07.22 13:21:35.057,1.10208,1.1021,3.22,1.00
2016.07.22 13:21:35.108,1.10208,1.1021,3.22,1.00
2016.07.22 13:21:35.210,1.10208,1.1021,3.41,1.00
2016.07.22 13:21:35.515,1.10208,1.1021,3.22,1.00
2016.07.22 13:21:35.730,1.10208,1.10211,3.60,1.00
2016.07.22 13:21:35.781,1.10208,1.10211,3.79,1.50
2016.07.22 13:21:35.880,1.10208,1.10211,3.22,1.00
2016.07.22 13:21:35.983,1.10208,1.10211,3.41,1.50
2016.07.22 13:21:36.084,1.10208,1.10211,1.91,1.50
2016.07.22 13:21:36.135,1.10208,1.10211,2.29,1.50
2016.07.22 13:21:36.186,1.10209,1.10211,1.10,1.50
2016.07.22 13:21:36.288,1.10208,1.10211,3.04,1.50
2016.07.22 13:21:36.339,1.10208,1.1021,3.04,1.00
2016.07.22 13:21:36.905,1.10208,1.1021,3.41,1.00
2016.07.22 13:21:37.230,1.10208,1.1021,4.91,1.00
2016.07.22 13:21:37.332,1.10208,1.1021,5.66,1.00
2016.07.22 13:21:37.687,1.10208,1.1021,4.72,1.00
2016.07.22 13:21:37.789,1.10208,1.1021,5.66,1.00
2016.07.22 13:21:38.943,1.10208,1.1021,5.66,1.00
2016.07.22 13:21:39.298,1.10208,1.1021,5.29,1.00
2016.07.22 13:21:40.223,1.10208,1.1021,4.35,1.00
2016.07.22 13:21:40.284,1.10208,1.1021,5.29,1.00
2016.07.22 13:21:40.335,1.10209,1.1021,1.05,1.00
2016.07.22 13:21:40.641,1.10209,1.1021,3.30,1.00
2016.07.22 13:21:40.693,1.10212,1.10213,3.60,6.37
2016.07.22 13:21:40.744,1.10211,1.10213,15.97,1.00
2016.07.22 13:21:40.795,1.10213,1.10214,1.12,2.32
2016.07.22 13:21:40.846,1.10213,1.10214,1.12,4.12
2016.07.22 13:21:40.897,1.10213,1.10214,1.31,3.00
2016.07.22 13:21:41.032,1.10213,1.10215,1.39,1.50
2016.07.22 13:21:41.083,1.10213,1.10215,2.14,1.50
2016.07.22 13:21:41.135,1.10213,1.10215,3.19,1.50
2016.07.22 13:21:41.186,1.10213,1.10215,3.56,1.50
2016.07.22 13:21:41.287,1.10213,1.10215,2.25,1.50
2016.07.22 13:21:41.389,1.10213,1.10215,3.19,1.00
2016.07.22 13:21:41.440,1.10213,1.10215,3.37,1.00
2016.07.22 13:21:41.491,1.10213,1.10215,3.75,1.00
2016.07.22 13:21:41.793,1.10213,1.10215,2.81,1.00
2016.07.22 13:21:41.844,1.10214,1.10215,2.55,1.00
2016.07.22 13:21:41.895,1.10214,1.10216,2.92,2.62
2016.07.22 13:21:41.946,1.10214,1.10217,2.92,5.81
2016.07.22 13:21:41.998,1.10214,1.10217,2.74,4.12
2016.07.22 13:21:42.049,1.10214,1.10217,2.74,3.37
2016.07.22 13:21:42.100,1.10214,1.10217,2.36,3.37
2016.07.22 13:21:42.152,1.10214,1.10217,1.15,1.87
2016.07.22 13:21:42.203,1.10214,1.10217,1.15,3.37
2016.07.22 13:21:42.356,1.10215,1.10217,2.10,2.62
2016.07.22 13:21:42.407,1.10215,1.10217,3.79,1.12
2016.07.22 13:21:42.526,1.10215,1.10218,3.00,4.12
2016.07.22 13:21:42.578,1.10215,1.10217,1.29,1.00
2016.07.22 13:21:42.632,1.10215,1.10217,1.10,1.87
2016.07.22 13:21:42.735,1.10215,1.10217,1.10,1.12
2016.07.22 13:21:43.147,1.10215,1.10218,1.10,7.50
2016.07.22 13:21:43.199,1.10215,1.10218,1.10,6.37
2016.07.22 13:21:43.251,1.10215,1.10218,1.10,5.62
2016.07.22 13:21:43.302,1.10214,1.10218,6.41,6.37
2016.07.22 13:21:43.438,1.10215,1.10218,1.10,6.37
2016.07.22 13:21:43.647,1.10215,1.10218,1.01,6.37
2016.07.22 13:21:43.698,1.10215,1.10218,1.20,6.37
2016.07.22 13:21:43.852,1.10215,1.10218,1.39,7.12
2016.07.22 13:21:44.021,1.10215,1.10218,1.76,7.12
2016.07.22 13:21:44.123,1.10215,1.10218,1.76,5.62
2016.07.22 13:21:44.173,1.10215,1.10218,1.76,6.37
2016.07.22 13:21:44.225,1.10215,1.10218,1.39,5.25
2016.07.22 13:21:44.276,1.10215,1.10218,1.20,5.25
2016.07.22 13:21:44.326,1.10215,1.10218,1.10,4.50
2016.07.22 13:21:44.545,1.10214,1.10218,6.79,3.75
2016.07.22 13:21:44.597,1.10215,1.10218,1.10,4.50
2016.07.22 13:21:44.749,1.10215,1.10218,2.17,4.50
2016.07.22 13:21:44.801,1.10216,1.10218,4.12,1.00
2016.07.22 13:21:44.852,1.10217,1.10218,2.85,1.50
2016.07.22 13:21:44.903,1.10217,1.10218,3.60,1.12
2016.07.22 13:21:44.954,1.10217,1.10219,3.97,1.50
2016.07.22 13:21:45.005,1.10217,1.10219,4.16,1.12
2016.07.22 13:21:45.056,1.10217,1.1022,4.54,3.00
2016.07.22 13:21:45.158,1.10217,1.1022,4.16,3.00
2016.07.22 13:21:45.209,1.10217,1.1022,4.16,2.62
2016.07.22 13:21:45.311,1.10217,1.1022,2.66,2.62
2016.07.22 13:21:45.589,1.10217,1.1022,1.72,2.62
2016.07.22 13:21:45.644,1.10217,1.1022,2.66,2.62
2016.07.22 13:21:46.051,1.10217,1.1022,2.66,1.50
2016.07.22 13:21:46.254,1.10217,1.1022,3.41,1.50
2016.07.22 13:21:47.133,1.10217,1.1022,3.41,1.87
2016.07.22 13:21:47.640,1.10218,1.1022,2.10,1.12
2016.07.22 13:21:47.691,1.10218,1.1022,2.10,1.00
2016.07.22 13:21:47.742,1.10219,1.10221,2.10,3.75
2016.07.22 13:21:47.793,1.10219,1.10221,2.10,2.25
2016.07.22 13:21:47.845,1.1022,1.10222,2.10,3.37
2016.07.22 13:21:47.949,1.10221,1.10222,2.85,1.12
2016.07.22 13:21:48.001,1.10222,1.10223,2.25,1.69
2016.07.22 13:21:48.052,1.10222,1.10223,2.62,1.12
2016.07.22 13:21:48.103,1.10222,1.10223,2.62,1.00
2016.07.22 13:21:48.155,1.10222,1.10224,1.50,1.50
2016.07.22 13:21:48.256,1.10222,1.10224,5.29,1.00
2016.07.22 13:21:48.307,1.10223,1.10225,2.10,4.50
2016.07.22 13:21:48.359,1.10223,1.10225,2.85,1.50
2016.07.22 13:21:48.410,1.10223,1.10225,2.92,1.50
2016.07.22 13:21:48.461,1.10223,1.10225,2.92,1.00
2016.07.22 13:21:48.845,1.10223,1.10225,3.67,1.50
2016.07.22 13:21:49.211,1.10223,1.10225,2.92,1.00
2016.07.22 13:21:49.313,1.10223,1.10225,3.67,1.50
2016.07.22 13:21:49.952,1.10223,1.10225,3.67,1.00
2016.07.22 13:21:50.002,1.10223,1.10225,1.57,1.00
2016.07.22 13:21:50.054,1.10223,1.10225,1.57,2.62
2016.07.22 13:21:50.105,1.10223,1.10225,1.57,4.87
2016.07.22 13:21:50.156,1.10221,1.10222,1.12,1.00
2016.07.22 13:21:50.207,1.1022,1.10221,3.64,1.00
2016.07.22 13:21:50.258,1.10219,1.10221,1.50,3.19
2016.07.22 13:21:50.309,1.10219,1.10221,1.20,3.19
2016.07.22 13:21:50.360,1.10218,1.10221,1.50,5.44
2016.07.22 13:21:50.411,1.10218,1.10221,1.87,7.31
2016.07.22 13:21:50.648,1.10218,1.10221,1.87,6.94
2016.07.22 13:21:50.699,1.10218,1.10221,1.87,5.44
2016.07.22 13:21:50.750,1.10218,1.10221,1.87,6.19
2016.07.22 13:21:50.801,1.10218,1.1022,1.87,1.00
2016.07.22 13:21:50.852,1.10218,1.1022,2.06,1.00
2016.07.22 13:21:50.954,1.10218,1.10221,2.06,6.19
2016.07.22 13:21:51.996,1.10218,1.10221,2.06,7.31
2016.07.22 13:21:52.047,1.10218,1.10221,1.87,7.31
2016.07.22 13:21:52.098,1.10218,1.1022,1.87,1.00
2016.07.22 13:21:52.149,1.10218,1.10221,1.87,6.56
2016.07.22 13:21:52.200,1.10218,1.10221,1.87,5.44
2016.07.22 13:21:52.301,1.10218,1.10221,1.87,6.94
2016.07.22 13:21:52.454,1.10218,1.10221,1.87,6.19
2016.07.22 13:21:52.504,1.10218,1.10221,1.87,5.44
2016.07.22 13:21:52.606,1.10218,1.10221,1.12,5.44
2016.07.22 13:21:52.657,1.10218,1.10221,1.12,6.19
2016.07.22 13:21:52.708,1.10218,1.10221,1.12,6.94
2016.07.22 13:21:52.867,1.10218,1.10221,1.87,6.75
2016.07.22 13:21:52.919,1.10219,1.10221,2.17,3.00
2016.07.22 13:21:53.048,1.1022,1.10221,1.00,1.12
2016.07.22 13:21:53.100,1.10222,1.10223,1.87,1.50
2016.07.22 13:21:53.153,1.10222,1.10225,3.30,4.31
2016.07.22 13:21:53.205,1.10222,1.10225,4.80,1.50
2016.07.22 13:21:53.256,1.10223,1.10225,1.42,1.00
2016.07.22 13:21:53.307,1.10223,1.10225,2.17,1.00
2016.07.22 13:21:55.279,1.10223,1.10225,2.17,1.00
2016.07.22 13:21:55.329,1.10223,1.10225,2.17,1.50
2016.07.22 13:21:56.401,1.10223,1.10225,2.17,1.00
2016.07.22 13:21:56.452,1.10223,1.10226,2.17,3.86
2016.07.22 13:21:56.555,1.10223,1.10226,2.17,3.11
2016.07.22 13:21:57.436,1.10223,1.10226,2.17,2.36
2016.07.22 13:21:57.539,1.10223,1.10226,2.17,3.11
2016.07.22 13:21:57.590,1.10223,1.10226,2.17,3.45
2016.07.22 13:21:57.641,1.10223,1.10226,2.17,4.20
2016.07.22 13:21:57.743,1.10223,1.10225,2.17,1.00
2016.07.22 13:21:57.845,1.10223,1.10225,2.92,1.00
2016.07.22 13:21:57.947,1.10223,1.10226,2.92,4.84
2016.07.22 13:21:58.151,1.10223,1.10226,2.92,4.09
2016.07.22 13:21:58.253,1.10223,1.10226,2.92,3.34
2016.07.22 13:21:59.049,1.10223,1.10226,2.17,2.59
2016.07.22 13:21:59.152,1.10223,1.10226,2.92,3.34
2016.07.22 13:21:59.774,1.10223,1.10226,2.32,3.34
2016.07.22 13:22:00.086,1.10223,1.10226,2.32,3.37
2016.07.22 13:22:00.137,1.10223,1.10226,1.57,2.62
2016.07.22 13:22:00.442,1.10223,1.10226,1.57,4.12
2016.07.22 13:22:00.945,1.10223,1.10226,1.10,5.62
2016.07.22 13:22:01.047,1.10223,1.10225,1.10,1.00
2016.07.22 13:22:01.606,1.10223,1.10225,1.10,1.12
2016.07.22 13:22:01.657,1.10223,1.10225,1.10,1.87
2016.07.22 13:22:02.245,1.10223,1.10225,1.10,1.12
2016.07.22 13:22:02.297,1.10223,1.10225,1.10,1.50
2016.07.22 13:22:02.347,1.10223,1.10225,1.10,1.87
2016.07.22 13:22:02.939,1.10223,1.10224,1.10,1.00
2016.07.22 13:22:02.990,1.10222,1.10224,1.87,1.00
2016.07.22 13:22:03.041,1.10222,1.10224,1.12,1.00
2016.07.22 13:22:03.182,1.1022,1.10223,6.00,1.87
2016.07.22 13:22:03.233,1.1022,1.10221,1.00,1.00
2016.07.22 13:22:03.284,1.10219,1.10221,1.00,1.00
2016.07.22 13:22:03.336,1.10218,1.1022,3.19,1.00
2016.07.22 13:22:03.387,1.10218,1.1022,4.69,1.00
2016.07.22 13:22:03.438,1.10218,1.10221,4.31,1.00
2016.07.22 13:22:03.491,1.10218,1.10221,4.35,1.00
2016.07.22 13:22:03.543,1.10218,1.10221,5.85,1.00
2016.07.22 13:22:03.594,1.10218,1.10221,6.22,1.00
2016.07.22 13:22:03.646,1.10218,1.10221,6.22,1.00
2016.07.22 13:22:03.748,1.10218,1.10221,5.29,1.00
2016.07.22 13:22:03.990,1.10218,1.10221,6.22,1.00
2016.07.22 13:22:04.092,1.10218,1.10221,5.47,1.00
2016.07.22 13:22:04.194,1.10218,1.10221,5.10,1.00
2016.07.22 13:22:04.246,1.10218,1.1022,2.25,1.00
2016.07.22 13:22:04.450,1.10218,1.1022,1.00,2.25
2016.07.22 13:22:04.502,1.10216,1.1022,9.79,2.62
2016.07.22 13:22:04.554,1.10216,1.10219,9.35,1.00
2016.07.22 13:22:04.605,1.10216,1.10219,8.60,1.00
2016.07.22 13:22:04.752,1.10216,1.10219,4.75,1.00
2016.07.22 13:22:04.803,1.10216,1.10219,5.12,1.00
2016.07.22 13:22:04.854,1.10216,1.10219,6.66,1.00
2016.07.22 13:22:04.905,1.10216,1.10219,6.41,1.00
2016.07.22 13:22:04.956,1.10216,1.1022,6.41,6.37
2016.07.22 13:22:05.008,1.10216,1.1022,6.41,6.00
2016.07.22 13:22:05.059,1.10216,1.1022,7.91,4.50
2016.07.22 13:22:05.110,1.10216,1.1022,6.41,4.50
2016.07.22 13:22:05.161,1.10217,1.1022,1.54,1.87
2016.07.22 13:22:05.212,1.10217,1.10221,2.54,9.00
2016.07.22 13:22:05.263,1.10217,1.10221,2.60,8.25
2016.07.22 13:22:05.365,1.10217,1.10221,3.79,3.00
2016.07.22 13:22:05.467,1.10217,1.10221,4.10,6.00
2016.07.22 13:22:05.864,1.10217,1.10221,3.79,6.00
2016.07.22 13:22:06.068,1.10217,1.10221,3.79,6.75
2016.07.22 13:22:06.170,1.10217,1.10221,2.29,6.75
2016.07.22 13:22:06.221,1.10217,1.10221,2.29,7.50
2016.07.22 13:22:06.272,1.10217,1.10221,1.54,8.25
2016.07.22 13:22:06.323,1.10217,1.1022,1.25,1.12
2016.07.22 13:22:06.374,1.10216,1.10219,8.06,1.12
2016.07.22 13:22:06.426,1.10216,1.10219,4.87,1.50
2016.07.22 13:22:06.478,1.10216,1.10219,1.50,2.62
2016.07.22 13:22:06.533,1.10216,1.10219,1.50,2.25
2016.07.22 13:22:06.584,1.10216,1.10219,1.31,2.25
2016.07.22 13:22:06.767,1.10215,1.10219,14.85,3.00
2016.07.22 13:22:06.818,1.10215,1.10219,11.10,3.00
2016.07.22 13:22:06.869,1.10216,1.10219,1.69,3.00
2016.07.22 13:22:07.072,1.10216,1.10219,1.69,2.25
2016.07.22 13:22:07.252,1.10216,1.10219,1.69,3.00
2016.07.22 13:22:07.355,1.10216,1.10219,1.69,3.37
2016.07.22 13:22:07.457,1.10216,1.10219,1.95,3.37
2016.07.22 13:22:07.508,1.10216,1.10219,1.95,3.00
2016.07.22 13:22:07.559,1.10216,1.10219,3.07,2.25
2016.07.22 13:22:07.610,1.10216,1.10219,3.82,2.25
2016.07.22 13:22:07.662,1.10217,1.10219,1.00,2.25
2016.07.22 13:22:08.157,1.10217,1.10219,1.00,1.50
2016.07.22 13:22:08.259,1.10216,1.10219,2.32,1.50
2016.07.22 13:22:08.310,1.10216,1.10219,1.57,1.50
2016.07.22 13:22:08.412,1.10216,1.10219,1.95,1.50
2016.07.22 13:22:08.463,1.10216,1.10219,2.70,1.50
2016.07.22 13:22:08.566,1.10216,1.10219,2.51,1.50
2016.07.22 13:22:10.648,1.10216,1.10219,2.14,1.50
2016.07.22 13:22:10.749,1.10217,1.10219,1.00,1.50
2016.07.22 13:22:10.851,1.10216,1.10219,3.49,1.50
2016.07.22 13:22:10.902,1.10217,1.10219,1.12,1.00
2016.07.22 13:22:11.258,1.10217,1.10219,1.00,1.00
2016.07.22 13:22:11.462,1.10216,1.10219,2.89,1.00
2016.07.22 13:22:12.179,1.10216,1.10219,3.64,1.00
2016.07.22 13:22:12.231,1.10216,1.10219,3.79,1.00
2016.07.22 13:22:12.282,1.10216,1.10219,4.72,1.00
2016.07.22 13:22:12.333,1.10216,1.10219,5.17,1.00
2016.07.22 13:22:12.384,1.10216,1.10219,5.77,1.00
2016.07.22 13:22:12.436,1.10217,1.10219,1.67,1.00
2016.07.22 13:22:12.487,1.10217,1.1022,1.80,4.87
2016.07.22 13:22:12.538,1.10217,1.1022,4.05,1.37
2016.07.22 13:22:12.589,1.10218,1.10221,1.72,3.94
2016.07.22 13:22:12.641,1.10218,1.10221,2.10,3.19
2016.07.22 13:22:12.692,1.10218,1.10221,2.29,2.44
2016.07.22 13:22:12.772,1.10218,1.10221,1.35,2.44
2016.07.22 13:22:12.823,1.10218,1.10221,1.42,3.19
2016.07.22 13:22:12.874,1.10218,1.10221,2.36,3.19
2016.07.22 13:22:13.887,1.10218,1.10221,2.36,2.44
2016.07.22 13:22:14.585,1.10218,1.10221,1.42,2.44
2016.07.22 13:22:14.687,1.10218,1.10221,2.36,2.44
2016.07.22 13:22:15.054,1.10218,1.10221,2.36,1.69
2016.07.22 13:22:15.622,1.10218,1.10221,1.42,1.69
2016.07.22 13:22:15.786,1.10218,1.10221,2.36,1.69
2016.07.22 13:22:15.837,1.10218,1.10221,2.08,1.69
2016.07.22 13:22:16.095,1.10218,1.10221,1.14,1.69
2016.07.22 13:22:16.275,1.10218,1.10221,2.08,1.69
2016.07.22 13:22:16.326,1.10218,1.10221,2.46,1.12
2016.07.22 13:22:16.377,1.10218,1.10221,2.83,1.00
2016.07.22 13:22:16.479,1.10218,1.10221,1.89,1.00
2016.07.22 13:22:16.684,1.10218,1.10221,2.83,1.00
2016.07.22 13:22:17.054,1.10218,1.10221,4.33,1.00
2016.07.22 13:22:17.105,1.10218,1.10221,3.39,1.00
2016.07.22 13:22:17.207,1.10218,1.10221,4.33,1.00
2016.07.22 13:22:17.615,1.10218,1.10221,2.79,1.00
2016.07.22 13:22:17.763,1.10218,1.1022,1.10,3.00
2016.07.22 13:22:17.814,1.10217,1.1022,3.41,2.25
2016.07.22 13:22:17.865,1.10217,1.1022,4.91,1.50
2016.07.22 13:22:18.069,1.10217,1.1022,4.91,2.25
2016.07.22 13:22:18.475,1.10217,1.1022,4.91,1.50
2016.07.22 13:22:18.577,1.10217,1.1022,4.91,2.25
2016.07.22 13:22:18.830,1.10217,1.1022,4.54,2.25
2016.07.22 13:22:19.125,1.10217,1.1022,5.29,2.25
2016.07.22 13:22:19.332,1.10217,1.1022,5.10,2.25
2016.07.22 13:22:19.698,1.10217,1.1022,5.10,1.50
2016.07.22 13:22:19.749,1.10217,1.1022,6.97,1.50
2016.07.22 13:22:19.801,1.10219,1.10221,1.00,2.62
2016.07.22 13:22:19.903,1.10219,1.10221,1.00,3.00
2016.07.22 13:22:19.954,1.10219,1.10221,1.12,1.50
2016.07.22 13:22:20.213,1.10218,1.10221,3.82,1.00
2016.07.22 13:22:20.264,1.10218,1.10221,1.95,1.00
2016.07.22 13:22:20.366,1.10218,1.10221,3.45,1.00
2016.07.22 13:22:20.417,1.10218,1.10221,2.70,1.00
2016.07.22 13:22:20.671,1.10218,1.10221,1.20,1.00
2016.07.22 13:22:20.722,1.10218,1.10221,1.20,1.50
2016.07.22 13:22:20.824,1.10218,1.10221,1.95,1.50
2016.07.22 13:22:20.926,1.10218,1.10221,1.20,1.00
2016.07.22 13:22:21.027,1.10218,1.10221,1.95,1.50
2016.07.22 13:22:21.560,1.10218,1.10221,1.95,2.25
2016.07.22 13:22:22.774,1.1022,1.10222,1.69,1.00
2016.07.22 13:22:22.825,1.1022,1.10223,2.25,3.82
2016.07.22 13:22:22.877,1.1022,1.10223,4.69,3.75
2016.07.22 13:22:22.928,1.1022,1.10223,6.56,3.00
2016.07.22 13:22:22.979,1.1022,1.10223,6.19,3.00
2016.07.22 13:22:23.031,1.1022,1.10223,4.69,3.00
2016.07.22 13:22:23.082,1.1022,1.10223,2.44,1.12
2016.07.22 13:22:23.235,1.1022,1.10223,3.19,1.00
2016.07.22 13:22:23.511,1.1022,1.10223,3.00,1.00
2016.07.22 13:22:23.614,1.1022,1.10223,3.19,1.00
2016.07.22 13:22:23.716,1.1022,1.10223,2.81,2.62
2016.07.22 13:22:23.768,1.1022,1.10223,1.69,4.50
2016.07.22 13:22:23.819,1.1022,1.10222,1.00,1.00
2016.07.22 13:22:23.871,1.10219,1.10222,4.20,1.00
2016.07.22 13:22:24.348,1.10219,1.10222,3.26,1.00
2016.07.22 13:22:24.450,1.10219,1.10222,4.20,1.00
2016.07.22 13:22:24.552,1.10219,1.10222,5.55,1.00
2016.07.22 13:22:24.603,1.1022,1.10223,1.37,5.62
2016.07.22 13:22:24.654,1.1022,1.10223,1.50,5.62
2016.07.22 13:22:24.705,1.1022,1.10223,3.37,4.87
2016.07.22 13:22:24.756,1.1022,1.10223,3.37,4.12
2016.07.22 13:22:24.807,1.1022,1.10223,4.31,3.75
2016.07.22 13:22:24.859,1.1022,1.10223,3.94,3.37
2016.07.22 13:22:24.910,1.1022,1.10223,2.62,3.37
2016.07.22 13:22:25.195,1.1022,1.10223,3.37,3.37
2016.07.22 13:22:25.245,1.1022,1.10223,2.62,2.62
2016.07.22 13:22:25.347,1.1022,1.10223,3.37,3.37
2016.07.22 13:22:25.398,1.1022,1.10223,2.62,3.37
2016.07.22 13:22:25.492,1.1022,1.10223,1.87,3.37
2016.07.22 13:22:25.543,1.1022,1.10223,1.87,4.12
2016.07.22 13:22:26.254,1.1022,1.10223,1.12,3.37
2016.07.22 13:22:26.356,1.1022,1.10223,2.25,4.12
2016.07.22 13:22:26.407,1.1022,1.10223,2.25,3.37
2016.07.22 13:22:26.458,1.1022,1.10223,3.00,3.37
2016.07.22 13:22:26.509,1.1022,1.10223,4.50,1.87
2016.07.22 13:22:26.560,1.1022,1.10223,4.12,1.12
2016.07.22 13:22:26.611,1.1022,1.10223,2.62,1.12
2016.07.22 13:22:26.742,1.1022,1.10223,1.37,1.87
2016.07.22 13:22:26.793,1.1022,1.10222,1.12,1.50
2016.07.22 13:22:26.895,1.1022,1.10222,1.50,1.50
2016.07.22 13:22:26.997,1.1022,1.10222,1.12,1.50
2016.07.22 13:22:27.109,1.10219,1.10222,4.24,1.50
2016.07.22 13:22:27.160,1.10219,1.10222,3.86,1.50
2016.07.22 13:22:27.211,1.1022,1.10222,1.12,1.50
2016.07.22 13:22:28.013,1.10219,1.10222,3.49,1.50
2016.07.22 13:22:28.218,1.1022,1.10222,1.12,1.50
2016.07.22 13:22:28.320,1.10219,1.10222,3.49,1.50
2016.07.22 13:22:28.371,1.10219,1.10222,3.11,1.50
2016.07.22 13:22:28.423,1.1022,1.10222,1.12,1.50
2016.07.22 13:22:28.530,1.10219,1.10222,3.11,1.50
2016.07.22 13:22:28.581,1.10219,1.10222,2.51,6.37
2016.07.22 13:22:28.632,1.10219,1.1022,1.20,1.50
2016.07.22 13:22:28.683,1.10218,1.1022,5.18,1.50
2016.07.22 13:22:28.734,1.10218,1.10221,3.49,3.00
2016.07.22 13:22:28.786,1.10218,1.10221,1.10,3.75
2016.07.22 13:22:28.942,1.10217,1.1022,3.79,1.00
2016.07.22 13:22:28.994,1.10217,1.1022,3.41,1.00
2016.07.22 13:22:29.251,1.10217,1.10221,3.41,7.50
2016.07.22 13:22:29.303,1.10217,1.10221,3.41,8.62
2016.07.22 13:22:29.354,1.10217,1.10221,3.79,7.87
2016.07.22 13:22:29.406,1.10217,1.10221,3.79,6.37
2016.07.22 13:22:29.660,1.10217,1.10221,3.79,4.87
2016.07.22 13:22:29.934,1.10219,1.10221,1.00,4.87
2016.07.22 13:22:30.137,1.10218,1.10221,1.10,4.12
2016.07.22 13:22:30.239,1.10219,1.10221,1.00,4.87
2016.07.22 13:22:30.342,1.10218,1.10221,1.10,4.12
2016.07.22 13:22:30.443,1.10219,1.10221,1.00,4.87
2016.07.22 13:22:31.067,1.10219,1.10221,1.00,6.37
2016.07.22 13:22:31.474,1.10218,1.10221,1.10,5.62
2016.07.22 13:22:31.525,1.10219,1.10221,1.00,6.37
2016.07.22 13:22:32.125,1.10218,1.10221,1.10,5.62
2016.07.22 13:22:32.242,1.10219,1.10221,1.00,6.37
2016.07.22 13:22:32.876,1.10218,1.10221,1.10,5.62
2016.07.22 13:22:32.978,1.10219,1.10221,1.00,6.37
2016.07.22 13:22:33.852,1.10218,1.10221,1.10,5.62
2016.07.22 13:22:33.955,1.10219,1.10221,1.00,6.37
2016.07.22 13:22:34.262,1.10219,1.10221,1.00,5.25
2016.07.22 13:22:34.568,1.10219,1.10221,1.00,3.75
2016.07.22 13:22:34.670,1.10219,1.10221,1.00,5.25
2016.07.22 13:22:34.721,1.10219,1.1022,1.00,1.00
2016.07.22 13:22:35.650,1.10218,1.1022,1.20,1.00
2016.07.22 13:22:35.751,1.10219,1.1022,1.00,1.00
2016.07.22 13:22:36.477,1.10217,1.1022,2.66,1.00
2016.07.22 13:22:36.681,1.10217,1.1022,3.41,1.00
2016.07.22 13:22:36.783,1.10217,1.1022,4.16,1.00
2016.07.22 13:22:36.885,1.10217,1.1022,4.91,1.00
2016.07.22 13:22:37.088,1.10217,1.1022,2.47,1.00
2016.07.22 13:22:37.189,1.10217,1.1022,4.16,1.00
2016.07.22 13:22:38.058,1.10217,1.1022,3.41,1.00
2016.07.22 13:22:38.109,1.10217,1.1022,3.04,1.00
2016.07.22 13:22:38.160,1.10217,1.1022,3.49,1.50
2016.07.22 13:22:38.261,1.10217,1.1022,2.74,1.50
2016.07.22 13:22:38.363,1.10217,1.1022,3.49,1.50
2016.07.22 13:22:38.829,1.10217,1.1022,3.11,1.50
2016.07.22 13:22:39.867,1.10217,1.1022,2.36,1.50
2016.07.22 13:22:39.969,1.10217,1.1022,3.11,1.50
2016.07.22 13:22:40.780,1.10217,1.1022,3.49,1.50
2016.07.22 13:22:41.109,1.10217,1.1022,2.36,2.62
2016.07.22 13:22:41.161,1.10217,1.1022,1.42,2.62
2016.07.22 13:22:41.263,1.10217,1.1022,2.36,2.62
2016.07.22 13:22:42.466,1.10217,1.1022,1.42,2.62
2016.07.22 13:22:42.568,1.10217,1.1022,2.36,2.62
2016.07.22 13:22:42.771,1.10217,1.10219,2.36,1.00
2016.07.22 13:22:42.974,1.10217,1.10219,1.42,1.00
2016.07.22 13:22:43.076,1.10217,1.10219,2.36,1.00
2016.07.22 13:22:44.070,1.10217,1.10218,1.15,1.00
2016.07.22 13:22:44.121,1.10216,1.10218,3.56,1.50
2016.07.22 13:22:44.257,1.10214,1.10216,9.41,1.00
2016.07.22 13:22:44.308,1.10214,1.10215,1.42,1.00
2016.07.22 13:22:44.360,1.10214,1.10216,1.42,2.25
2016.07.22 13:22:44.411,1.10213,1.10216,3.45,3.00
2016.07.22 13:22:44.565,1.10213,1.10215,1.20,1.00
2016.07.22 13:22:44.960,1.10213,1.10216,1.20,3.00
2016.07.22 13:22:45.012,1.10213,1.10216,1.95,3.00
2016.07.22 13:22:45.168,1.10214,1.10216,1.30,2.25
2016.07.22 13:22:45.219,1.10214,1.10216,1.30,1.50
2016.07.22 13:22:45.271,1.10213,1.10216,4.80,1.50
2016.07.22 13:22:45.324,1.10213,1.10216,4.42,1.50
2016.07.22 13:22:45.376,1.10214,1.10216,1.16,1.50
2016.07.22 13:22:45.428,1.10214,1.10216,2.66,1.00
2016.07.22 13:22:45.479,1.10214,1.10216,2.47,1.00
2016.07.22 13:22:45.782,1.10215,1.10216,1.35,1.00
2016.07.22 13:22:45.987,1.10214,1.10216,3.22,1.00
2016.07.22 13:22:46.090,1.10215,1.10216,1.35,1.00
2016.07.22 13:22:46.142,1.10215,1.10216,1.00,1.00
2016.07.22 13:22:46.346,1.10215,1.10216,2.25,1.00
2016.07.22 13:22:46.397,1.10215,1.10216,3.00,1.00
2016.07.22 13:22:46.499,1.10215,1.10216,3.19,1.00
2016.07.22 13:22:46.580,1.10215,1.10218,3.19,3.00
2016.07.22 13:22:46.634,1.10215,1.10218,3.56,3.00
2016.07.22 13:22:47.042,1.10215,1.10218,2.62,3.00
2016.07.22 13:22:47.093,1.10215,1.10218,1.69,2.25
2016.07.22 13:22:47.144,1.10215,1.10218,2.62,2.25
2016.07.22 13:22:47.297,1.10215,1.10218,3.56,3.00
2016.07.22 13:22:47.399,1.10215,1.10218,3.37,3.00
2016.07.22 13:22:47.450,1.10215,1.10218,3.00,3.00
2016.07.22 13:22:47.501,1.10215,1.10218,3.19,3.00
2016.07.22 13:22:47.551,1.10215,1.10218,2.62,3.00
2016.07.22 13:22:47.719,1.10214,1.10216,1.57,1.00
2016.07.22 13:22:47.770,1.10213,1.10216,3.67,1.50
2016.07.22 13:22:47.821,1.10213,1.10216,1.87,2.25
2016.07.22 13:22:47.923,1.10214,1.10216,1.05,1.50
2016.07.22 13:22:48.025,1.10213,1.10216,4.72,1.50
2016.07.22 13:22:48.127,1.10214,1.10216,1.05,1.50
2016.07.22 13:22:48.867,1.10213,1.10216,4.35,1.50
2016.07.22 13:22:48.918,1.10214,1.10216,1.05,1.50
2016.07.22 13:22:49.184,1.10213,1.10216,4.35,1.50
2016.07.22 13:22:49.286,1.10214,1.10216,1.05,1.50
2016.07.22 13:22:49.540,1.10214,1.10216,1.16,1.50
2016.07.22 13:22:49.642,1.10214,1.10216,1.05,1.50
2016.07.22 13:22:50.947,1.10213,1.10216,5.10,1.50
2016.07.22 13:22:51.814,1.10213,1.10216,4.16,1.50
2016.07.22 13:22:51.916,1.10213,1.10216,5.10,1.50
2016.07.22 13:22:52.321,1.10213,1.10216,4.16,1.50
2016.07.22 13:22:52.419,1.10213,1.10216,2.66,2.25
2016.07.22 13:22:52.471,1.10212,1.10216,4.61,3.75
2016.07.22 13:22:52.522,1.10212,1.10216,4.24,3.75
2016.07.22 13:22:52.624,1.10212,1.10216,6.49,3.75
2016.07.22 13:22:52.675,1.10213,1.10216,1.54,3.00
2016.07.22 13:22:52.726,1.10214,1.10216,1.30,3.00
2016.07.22 13:22:52.777,1.10214,1.10216,1.30,1.50
2016.07.22 13:22:52.828,1.10214,1.10216,1.16,1.00
2016.07.22 13:22:52.930,1.10214,1.10216,2.14,1.00
2016.07.22 13:22:53.032,1.10214,1.10216,2.51,1.00
2016.07.22 13:22:53.083,1.10214,1.10216,2.89,1.00
2016.07.22 13:22:53.135,1.10215,1.10217,1.00,1.50
2016.07.22 13:22:53.186,1.10214,1.10217,1.72,1.50
2016.07.22 13:22:53.238,1.10214,1.10217,2.47,2.25
2016.07.22 13:22:53.329,1.10214,1.10217,1.16,3.00
2016.07.22 13:22:53.380,1.10213,1.10217,2.89,6.37
2016.07.22 13:22:53.431,1.10213,1.10217,1.20,6.00
2016.07.22 13:22:53.534,1.10213,1.10217,2.14,8.62
2016.07.22 13:22:53.636,1.10213,1.10217,2.14,8.25
2016.07.22 13:22:53.839,1.10214,1.10217,1.35,7.12
2016.07.22 13:22:53.890,1.10214,1.10217,1.72,6.00
2016.07.22 13:22:53.941,1.10215,1.10217,1.12,3.00
2016.07.22 13:22:53.992,1.10215,1.10217,1.50,1.00
2016.07.22 13:22:54.045,1.10215,1.10218,1.50,5.25
2016.07.22 13:22:54.096,1.10215,1.10218,1.12,4.50
2016.07.22 13:22:54.148,1.10215,1.10218,9.97,3.00
2016.07.22 13:22:54.246,1.10216,1.10218,1.60,2.25
2016.07.22 13:22:54.298,1.10217,1.10218,2.10,1.50
2016.07.22 13:22:54.349,1.10217,1.10218,1.35,1.00
2016.07.22 13:22:54.401,1.10217,1.10218,1.00,1.00
2016.07.22 13:22:54.452,1.10217,1.10219,1.31,1.00
2016.07.22 13:22:54.503,1.10218,1.10219,1.30,1.00
2016.07.22 13:22:54.554,1.10218,1.1022,1.30,1.37
2016.07.22 13:22:54.606,1.10218,1.1022,1.35,1.00
2016.07.22 13:22:54.657,1.10219,1.1022,1.00,1.00
2016.07.22 13:22:54.708,1.10218,1.10221,2.29,3.00
2016.07.22 13:22:54.759,1.10218,1.10221,2.66,3.00
2016.07.22 13:22:54.810,1.10219,1.10221,1.72,3.00
2016.07.22 13:22:54.862,1.10219,1.10221,1.73,1.50
2016.07.22 13:22:54.913,1.10219,1.10221,1.73,1.00
2016.07.22 13:22:54.964,1.1022,1.10221,1.00,1.00
2016.07.22 13:22:55.066,1.1022,1.10222,1.00,1.50
2016.07.22 13:22:55.180,1.1022,1.10222,1.20,1.00
2016.07.22 13:22:55.231,1.1022,1.10223,2.14,2.25
2016.07.22 13:22:55.282,1.1022,1.10223,3.45,2.25
2016.07.22 13:22:55.384,1.1022,1.10223,3.64,2.25
2016.07.22 13:22:55.449,1.1022,1.10223,2.70,1.50
2016.07.22 13:22:55.500,1.1022,1.10223,2.51,1.50
2016.07.22 13:22:55.550,1.1022,1.10223,3.45,2.25
2016.07.22 13:22:55.601,1.1022,1.10223,3.64,2.25
2016.07.22 13:22:55.856,1.1022,1.10223,3.45,2.25
2016.07.22 13:22:55.958,1.1022,1.10223,4.01,2.25
2016.07.22 13:22:56.240,1.1022,1.10223,3.26,2.25
2016.07.22 13:22:56.291,1.1022,1.10223,3.86,2.25
2016.07.22 13:22:56.343,1.1022,1.10223,4.24,1.87
2016.07.22 13:22:56.394,1.1022,1.10223,4.61,1.50
2016.07.22 13:22:56.496,1.1022,1.10223,4.24,1.50
2016.07.22 13:22:56.547,1.1022,1.10223,3.64,1.50
2016.07.22 13:22:56.598,1.1022,1.10223,1.95,1.50
2016.07.22 13:22:56.649,1.1022,1.10223,1.76,1.87
2016.07.22 13:22:56.701,1.1022,1.10223,1.57,1.87
2016.07.22 13:22:56.752,1.1022,1.10223,1.57,1.00
2016.07.22 13:22:56.854,1.1022,1.10223,1.57,1.50
2016.07.22 13:22:57.007,1.1022,1.10222,1.57,1.00
2016.07.22 13:22:57.058,1.1022,1.10222,1.20,2.25
2016.07.22 13:22:57.110,1.10219,1.10222,3.00,3.00
2016.07.22 13:22:57.161,1.10219,1.10221,1.76,1.00
2016.07.22 13:22:57.239,1.10219,1.10221,1.57,1.00
2016.07.22 13:22:57.598,1.10219,1.10221,2.55,1.00
2016.07.22 13:22:57.649,1.10219,1.10222,4.99,2.25
2016.07.22 13:22:57.700,1.10219,1.10222,6.86,1.50
2016.07.22 13:22:57.751,1.1022,1.10223,1.12,3.75
2016.07.22 13:22:57.802,1.1022,1.10223,1.87,2.62
2016.07.22 13:22:57.852,1.1022,1.10223,1.12,2.25
2016.07.22 13:22:57.954,1.1022,1.10223,2.06,2.62
2016.07.22 13:22:58.005,1.1022,1.10223,2.44,2.62
2016.07.22 13:22:58.056,1.1022,1.10223,1.69,2.25
2016.07.22 13:22:58.107,1.1022,1.10223,1.31,2.25
2016.07.22 13:22:58.680,1.1022,1.10223,1.12,2.25
2016.07.22 13:22:58.732,1.1022,1.10223,1.12,3.00
2016.07.22 13:22:58.783,1.1022,1.10222,1.25,1.35
2016.07.22 13:22:58.834,1.1022,1.10221,1.00,1.00
2016.07.22 13:22:58.885,1.10219,1.10221,1.01,2.25
2016.07.22 13:22:58.936,1.10218,1.10221,2.06,3.75
2016.07.22 13:22:59.038,1.10218,1.10221,1.31,3.00
2016.07.22 13:22:59.140,1.10218,1.10221,1.25,3.00
2016.07.22 13:22:59.309,1.10218,1.10221,2.44,3.00
2016.07.22 13:22:59.360,1.1022,1.10222,1.50,1.87
2016.07.22 13:22:59.411,1.1022,1.10222,1.50,1.00
2016.07.22 13:22:59.514,1.1022,1.10222,2.06,1.00
2016.07.22 13:22:59.668,1.1022,1.10223,1.87,4.50
2016.07.22 13:22:59.719,1.1022,1.10223,1.69,4.50
2016.07.22 13:22:59.770,1.1022,1.10223,2.62,3.00
2016.07.22 13:22:59.827,1.10221,1.10223,1.12,2.25
2016.07.22 13:22:59.879,1.10221,1.10223,1.87,2.25
2016.07.22 13:23:00.032,1.10221,1.10223,1.12,1.50
2016.07.22 13:23:00.134,1.10221,1.10223,1.12,1.59
2016.07.22 13:23:00.695,1.10221,1.10223,1.37,1.59
2016.07.22 13:23:00.797,1.10221,1.10223,1.50,1.59
2016.07.22 13:23:01.373,1.10221,1.10223,1.50,1.12
2016.07.22 13:23:01.424,1.10221,1.10223,1.69,1.59
2016.07.22 13:23:01.831,1.10221,1.10224,7.69,2.44
2016.07.22 13:23:01.883,1.10222,1.10224,1.62,1.12
2016.07.22 13:23:01.978,1.10222,1.10225,1.69,3.97
2016.07.22 13:23:02.032,1.10222,1.10225,1.69,1.50
2016.07.22 13:23:02.134,1.10222,1.10224,1.87,1.00
2016.07.22 13:23:02.185,1.10222,1.10224,1.12,1.00
2016.07.22 13:23:02.237,1.10222,1.10224,1.12,1.35
2016.07.22 13:23:02.339,1.10221,1.10224,7.01,1.35
2016.07.22 13:23:03.101,1.10221,1.10224,6.64,2.10
2016.07.22 13:23:03.152,1.10221,1.10224,5.14,2.10
2016.07.22 13:23:03.356,1.10221,1.10224,4.39,2.10
2016.07.22 13:23:03.408,1.10221,1.10224,3.64,2.10
2016.07.22 13:23:03.561,1.10221,1.10224,3.64,2.85
2016.07.22 13:23:03.916,1.10221,1.10224,3.64,3.60
2016.07.22 13:23:04.059,1.10221,1.10224,2.70,2.85
2016.07.22 13:23:04.266,1.10221,1.10224,3.64,4.35
2016.07.22 13:23:04.827,1.10221,1.10224,3.64,4.72
2016.07.22 13:23:04.877,1.10221,1.10223,2.70,1.00
2016.07.22 13:23:04.929,1.10221,1.10222,1.10,2.62
2016.07.22 13:23:04.980,1.1022,1.10222,3.56,3.97
2016.07.22 13:23:05.031,1.10219,1.10221,3.37,1.35
2016.07.22 13:23:05.159,1.10219,1.10221,1.10,2.25
2016.07.22 13:23:05.210,1.10218,1.10221,3.37,1.50
2016.07.22 13:23:05.261,1.10219,1.10221,1.20,1.50
2016.07.22 13:23:05.313,1.10219,1.10221,1.95,1.50
2016.07.22 13:23:05.415,1.10219,1.10221,1.95,1.87
2016.07.22 13:23:05.466,1.10219,1.10221,1.95,1.50
2016.07.22 13:23:05.517,1.10219,1.10221,1.95,1.12
2016.07.22 13:23:05.619,1.10219,1.10221,1.95,1.00
2016.07.22 13:23:06.888,1.10219,1.10221,1.20,1.00
2016.07.22 13:23:06.939,1.10218,1.10221,5.62,1.87
2016.07.22 13:23:07.041,1.10218,1.10221,5.25,1.87
2016.07.22 13:23:07.244,1.10218,1.10221,3.75,1.87
2016.07.22 13:23:07.482,1.10218,1.10221,3.45,1.87
2016.07.22 13:23:07.687,1.10218,1.10221,2.70,2.62
2016.07.22 13:23:07.789,1.10218,1.10221,4.39,1.87
2016.07.22 13:23:07.840,1.10218,1.10221,4.76,1.87
2016.07.22 13:23:08.246,1.10218,1.10221,3.82,1.87
2016.07.22 13:23:08.349,1.10218,1.10221,4.76,1.87
2016.07.22 13:23:08.400,1.10218,1.10221,4.76,2.62
2016.07.22 13:23:08.502,1.10218,1.10221,4.76,1.87
2016.07.22 13:23:08.554,1.10218,1.10221,3.26,1.50
2016.07.22 13:23:08.734,1.10219,1.10221,1.25,1.50
2016.07.22 13:23:08.785,1.10219,1.10221,1.25,1.00
2016.07.22 13:23:08.836,1.10218,1.10221,2.51,1.00
2016.07.22 13:23:08.887,1.10218,1.10221,2.14,1.00
2016.07.22 13:23:08.939,1.10218,1.10221,3.64,1.00
2016.07.22 13:23:08.990,1.10218,1.10221,4.39,1.00
2016.07.22 13:23:09.040,1.10218,1.10221,4.39,1.50
2016.07.22 13:23:09.091,1.10218,1.10221,3.82,1.50
2016.07.22 13:23:09.143,1.10218,1.10221,2.62,1.50
2016.07.22 13:23:09.194,1.10218,1.10221,3.56,1.50
2016.07.22 13:23:09.347,1.10218,1.10221,2.62,1.50
2016.07.22 13:23:09.449,1.10218,1.10221,3.56,1.50
2016.07.22 13:23:09.854,1.10218,1.10221,2.81,1.50
2016.07.22 13:23:10.290,1.10218,1.10221,1.87,1.50
2016.07.22 13:23:10.393,1.10218,1.10221,2.81,1.50
2016.07.22 13:23:10.444,1.10218,1.10221,2.81,1.00
2016.07.22 13:23:10.546,1.10218,1.10221,2.44,1.00
2016.07.22 13:23:10.701,1.10218,1.10221,2.44,2.10
2016.07.22 13:23:10.752,1.10218,1.10221,2.81,2.10
2016.07.22 13:23:11.042,1.10218,1.10221,2.44,2.10
2016.07.22 13:23:11.094,1.10218,1.10221,1.69,2.85
2016.07.22 13:23:11.196,1.10218,1.10221,1.69,3.60
2016.07.22 13:23:11.298,1.10218,1.10221,1.50,2.10
2016.07.22 13:23:11.400,1.10218,1.10221,2.44,2.85
2016.07.22 13:23:11.501,1.10218,1.10221,1.50,2.10
2016.07.22 13:23:11.552,1.10218,1.10221,1.87,2.10
2016.07.22 13:23:11.654,1.10218,1.10221,2.81,2.85
2016.07.22 13:23:11.756,1.10218,1.10221,2.44,2.85
2016.07.22 13:23:12.288,1.10218,1.10221,1.50,2.10
2016.07.22 13:23:12.338,1.10218,1.10221,1.87,2.10
2016.07.22 13:23:12.389,1.10218,1.10221,2.81,2.85
2016.07.22 13:23:12.749,1.10218,1.10221,3.19,2.85
2016.07.22 13:23:12.800,1.10218,1.10221,2.25,2.10
2016.07.22 13:23:12.851,1.10218,1.10221,1.87,2.10
2016.07.22 13:23:12.901,1.10218,1.10221,2.81,2.85
2016.07.22 13:23:13.154,1.10218,1.10221,3.94,2.85
2016.07.22 13:23:13.256,1.10218,1.10221,3.56,2.85
2016.07.22 13:23:13.408,1.10218,1.10221,3.56,2.25
2016.07.22 13:23:13.561,1.10218,1.10221,2.81,1.50
2016.07.22 13:23:13.663,1.10218,1.10221,3.56,2.25
2016.07.22 13:23:14.018,1.10218,1.10221,5.06,2.25
2016.07.22 13:23:14.562,1.10218,1.10221,4.69,2.25
2016.07.22 13:23:15.120,1.10218,1.10221,3.56,2.25
2016.07.22 13:23:15.221,1.10218,1.10221,3.19,2.25
2016.07.22 13:23:15.272,1.10218,1.10221,2.44,2.25
2016.07.22 13:23:15.374,1.10218,1.10221,1.69,1.50
2016.07.22 13:23:15.577,1.10218,1.10221,2.44,2.25
2016.07.22 13:23:15.679,1.10218,1.10221,1.69,1.50
2016.07.22 13:23:15.780,1.10218,1.10221,2.44,2.25
2016.07.22 13:23:16.096,1.10218,1.10221,2.44,3.00
2016.07.22 13:23:16.735,1.10218,1.10221,2.06,3.00
2016.07.22 13:23:16.938,1.10218,1.10221,2.06,3.60
2016.07.22 13:23:17.422,1.10218,1.10221,2.06,3.00
2016.07.22 13:23:17.474,1.1022,1.10221,1.00,2.25
2016.07.22 13:23:17.574,1.1022,1.10222,2.62,4.12
2016.07.22 13:23:17.628,1.10221,1.10222,1.12,1.00
2016.07.22 13:23:17.679,1.10222,1.10223,1.12,1.00
2016.07.22 13:23:17.731,1.10222,1.10225,3.75,8.14
2016.07.22 13:23:17.782,1.10223,1.10224,1.31,1.00
2016.07.22 13:23:17.885,1.10223,1.10225,1.31,1.12
2016.07.22 13:23:17.989,1.10223,1.10225,1.31,1.87
2016.07.22 13:23:18.194,1.10223,1.10225,1.25,1.87
2016.07.22 13:23:18.332,1.10222,1.10225,3.94,1.87
2016.07.22 13:23:18.384,1.10222,1.10225,2.44,1.12
2016.07.22 13:23:18.590,1.10222,1.10225,3.19,1.87
2016.07.22 13:23:18.691,1.10222,1.10225,2.81,1.87
2016.07.22 13:23:18.742,1.10222,1.10225,2.44,1.87
2016.07.22 13:23:18.793,1.10222,1.10225,2.06,1.12
2016.07.22 13:23:18.896,1.10222,1.10225,2.06,1.31
2016.07.22 13:23:18.947,1.10222,1.10225,2.06,1.91
2016.07.22 13:23:18.999,1.10222,1.10224,1.50,1.00
2016.07.22 13:23:19.051,1.10222,1.10224,1.12,1.00
2016.07.22 13:23:19.102,1.10222,1.10224,1.00,1.50
2016.07.22 13:23:19.491,1.10221,1.10223,4.01,1.35
2016.07.22 13:23:19.542,1.10221,1.10224,1.76,6.97
2016.07.22 13:23:19.593,1.10221,1.10224,1.69,4.87
2016.07.22 13:23:19.644,1.10221,1.10223,1.25,1.00
2016.07.22 13:23:19.695,1.10221,1.10223,1.12,1.00
2016.07.22 13:23:19.746,1.10221,1.10224,1.12,1.50
2016.07.22 13:23:19.797,1.10221,1.10224,1.87,2.10
2016.07.22 13:23:19.849,1.10221,1.10224,1.87,1.35
2016.07.22 13:23:20.052,1.10221,1.10224,1.87,2.10
2016.07.22 13:23:20.187,1.10221,1.10224,2.25,2.10
2016.07.22 13:23:20.238,1.10221,1.10224,2.25,1.35
2016.07.22 13:23:20.289,1.10221,1.10224,2.25,1.35
2016.07.22 13:23:20.340,1.10221,1.10224,2.25,1.72
2016.07.22 13:23:20.392,1.10221,1.10225,3.45,13.31
2016.07.22 13:23:20.443,1.10221,1.10225,6.30,9.94
2016.07.22 13:23:20.494,1.10223,1.10225,1.00,5.44
2016.07.22 13:23:20.545,1.10223,1.10225,1.00,3.94
2016.07.22 13:23:20.596,1.10223,1.10225,1.12,3.19
2016.07.22 13:23:20.647,1.10223,1.10225,1.12,2.44
2016.07.22 13:23:20.698,1.10223,1.10225,1.12,1.50
2016.07.22 13:23:20.749,1.10223,1.10225,1.12,2.25
2016.07.22 13:23:21.132,1.10222,1.10225,3.07,1.50
2016.07.22 13:23:21.234,1.10223,1.10225,1.12,1.50
2016.07.22 13:23:21.286,1.10223,1.10225,1.00,1.50
2016.07.22 13:23:21.337,1.10223,1.10225,1.00,2.44
2016.07.22 13:23:21.642,1.10223,1.10225,1.00,3.04
2016.07.22 13:23:21.693,1.10222,1.10225,1.95,5.29
2016.07.22 13:23:21.744,1.10222,1.10225,1.95,7.91
2016.07.22 13:23:21.795,1.10221,1.10224,6.75,1.00
2016.07.22 13:23:21.846,1.10221,1.10224,5.62,1.50
2016.07.22 13:23:21.958,1.10221,1.10224,5.25,1.50
2016.07.22 13:23:22.009,1.10221,1.10224,4.50,1.50
2016.07.22 13:23:22.060,1.10221,1.10224,4.50,1.12
2016.07.22 13:23:22.111,1.10221,1.10224,4.87,1.00
2016.07.22 13:23:22.162,1.10221,1.10224,3.37,1.00
2016.07.22 13:23:22.315,1.10221,1.10224,1.69,1.00
2016.07.22 13:23:22.420,1.10221,1.10224,3.37,1.00
2016.07.22 13:23:22.522,1.10221,1.10224,1.69,1.00
2016.07.22 13:23:22.624,1.10221,1.10224,3.37,1.00
2016.07.22 13:23:22.675,1.10221,1.10224,3.00,1.00
2016.07.22 13:23:22.726,1.10221,1.10224,2.25,1.00
2016.07.22 13:23:22.778,1.10221,1.10224,2.62,1.00
2016.07.22 13:23:22.829,1.10221,1.10224,2.32,1.00
2016.07.22 13:23:23.086,1.10221,1.10224,1.95,1.50
2016.07.22 13:23:23.138,1.1022,1.10222,9.75,4.35
2016.07.22 13:23:23.189,1.1022,1.10222,5.25,4.35
2016.07.22 13:23:23.240,1.10219,1.10221,1.87,1.35
2016.07.22 13:23:23.291,1.10218,1.10221,6.56,2.10
2016.07.22 13:23:23.343,1.10218,1.1022,3.94,1.00
2016.07.22 13:23:23.394,1.10218,1.1022,1.22,1.00
2016.07.22 13:23:23.496,1.10218,1.1022,1.69,1.00
2016.07.22 13:23:23.700,1.10218,1.1022,2.06,1.00
2016.07.22 13:23:23.883,1.10218,1.1022,1.39,1.00
2016.07.22 13:23:24.239,1.10217,1.1022,9.19,1.00
2016.07.22 13:23:24.341,1.10218,1.1022,1.39,1.00
2016.07.22 13:23:24.545,1.10218,1.10221,1.39,2.47
2016.07.22 13:23:24.596,1.10218,1.10221,1.39,2.85
2016.07.22 13:23:24.647,1.10218,1.10221,1.10,2.85
2016.07.22 13:23:24.698,1.10218,1.10221,1.10,2.47
2016.07.22 13:23:24.924,1.10218,1.1022,1.10,1.00
2016.07.22 13:23:25.077,1.10218,1.1022,1.10,1.00
2016.07.22 13:23:26.735,1.10217,1.1022,4.50,1.00
2016.07.22 13:23:26.836,1.10218,1.1022,1.10,1.00
2016.07.22 13:23:26.938,1.10218,1.1022,1.57,1.00
2016.07.22 13:23:26.989,1.10218,1.1022,1.10,1.00
2016.07.22 13:23:27.040,1.10218,1.1022,1.10,1.12
2016.07.22 13:23:27.142,1.10217,1.1022,2.25,1.50
2016.07.22 13:23:27.193,1.10217,1.1022,2.25,2.25
2016.07.22 13:23:27.244,1.10217,1.1022,3.75,3.75
2016.07.22 13:23:27.348,1.10217,1.1022,3.75,3.00
2016.07.22 13:23:27.760,1.10217,1.1022,3.45,3.00
2016.07.22 13:23:28.218,1.10217,1.1022,1.95,2.25
2016.07.22 13:23:28.320,1.10217,1.1022,3.45,3.00
2016.07.22 13:23:28.422,1.10217,1.1022,1.95,2.25
2016.07.22 13:23:28.523,1.10217,1.1022,3.45,3.00
2016.07.22 13:23:28.859,1.10217,1.10219,3.45,1.00
2016.07.22 13:23:29.316,1.10217,1.10219,1.95,1.00
2016.07.22 13:23:29.417,1.10217,1.10219,3.45,1.00
2016.07.22 13:23:29.519,1.10217,1.10219,1.95,1.00
2016.07.22 13:23:29.621,1.10217,1.10219,3.45,1.00
2016.07.22 13:23:30.261,1.10217,1.10219,1.95,1.00
2016.07.22 13:23:30.312,1.10217,1.10219,3.45,1.00
2016.07.22 13:23:30.515,1.10217,1.10219,1.95,1.00
2016.07.22 13:23:30.616,1.10217,1.10219,3.45,1.00
2016.07.22 13:23:32.535,1.10217,1.10219,1.95,1.00
2016.07.22 13:23:32.636,1.10217,1.10219,3.45,1.00
2016.07.22 13:23:33.128,1.10217,1.10219,3.82,1.00
2016.07.22 13:23:33.180,1.10217,1.10219,4.57,1.00
2016.07.22 13:23:33.232,1.10218,1.1022,2.25,1.00
2016.07.22 13:23:33.436,1.10218,1.1022,3.00,1.00
2016.07.22 13:23:33.488,1.10218,1.10219,2.62,1.00
2016.07.22 13:23:33.539,1.10218,1.10219,1.50,1.00
2016.07.22 13:23:33.743,1.10218,1.1022,2.25,1.00
2016.07.22 13:23:33.865,1.10218,1.1022,3.19,1.00
2016.07.22 13:23:33.916,1.10218,1.1022,3.94,1.00
2016.07.22 13:23:33.967,1.10218,1.1022,3.75,1.00
2016.07.22 13:23:34.018,1.10218,1.1022,3.37,1.00
2016.07.22 13:23:34.173,1.10218,1.1022,3.56,1.00
2016.07.22 13:23:34.276,1.10219,1.10221,1.12,1.50
2016.07.22 13:23:34.430,1.10218,1.10221,5.62,1.50
2016.07.22 13:23:35.335,1.10218,1.10221,3.94,1.00
2016.07.22 13:23:35.438,1.10218,1.10221,5.62,1.50
2016.07.22 13:23:35.490,1.10221,1.10223,4.00,12.37
2016.07.22 13:23:35.542,1.10221,1.10223,9.94,6.00
2016.07.22 13:23:35.593,1.10222,1.10223,1.50,1.50
2016.07.22 13:23:35.645,1.10222,1.10224,1.50,2.25
2016.07.22 13:23:35.696,1.10223,1.10225,1.00,1.57
2016.07.22 13:23:35.748,1.10223,1.10225,1.50,1.20
2016.07.22 13:23:35.874,1.10223,1.10225,2.25,1.12
2016.07.22 13:23:35.977,1.10223,1.10225,2.25,1.87
2016.07.22 13:23:36.079,1.10223,1.10225,2.25,1.12
2016.07.22 13:23:36.181,1.10223,1.10225,2.25,1.87
2016.07.22 13:23:36.283,1.10223,1.10225,2.25,1.12
2016.07.22 13:23:36.334,1.10223,1.10225,2.25,1.00
2016.07.22 13:23:36.385,1.10223,1.10225,2.62,1.00
2016.07.22 13:23:36.436,1.10223,1.10225,3.00,1.00
2016.07.22 13:23:36.538,1.10223,1.10225,3.00,1.50
2016.07.22 13:23:36.690,1.10223,1.10225,3.00,2.25
2016.07.22 13:23:36.741,1.10223,1.10225,2.25,1.50
2016.07.22 13:23:36.936,1.10223,1.10225,3.00,2.25
2016.07.22 13:23:37.552,1.10223,1.10225,3.00,2.62
2016.07.22 13:23:37.603,1.10223,1.10224,2.25,1.00
2016.07.22 13:23:37.654,1.10222,1.10224,5.06,1.35
2016.07.22 13:23:37.705,1.10222,1.10225,2.81,8.47
2016.07.22 13:23:37.756,1.10221,1.10223,4.76,1.00
2016.07.22 13:23:37.807,1.10221,1.10223,4.76,1.12
2016.07.22 13:23:37.944,1.1022,1.10223,4.12,5.85
2016.07.22 13:23:37.997,1.1022,1.10223,3.07,5.10
2016.07.22 13:23:38.048,1.1022,1.10222,4.39,1.00
2016.07.22 13:23:38.100,1.1022,1.10222,6.26,1.00
2016.07.22 13:23:38.151,1.10221,1.10223,1.50,3.00
2016.07.22 13:23:38.202,1.10221,1.10223,1.50,1.12
2016.07.22 13:23:38.253,1.10221,1.10224,1.00,6.37
2016.07.22 13:23:38.305,1.10221,1.10224,1.00,6.75
2016.07.22 13:23:38.356,1.10221,1.10223,1.00,1.00
2016.07.22 13:23:38.561,1.1022,1.10223,5.92,1.00
2016.07.22 13:23:38.612,1.1022,1.10223,5.74,1.00
2016.07.22 13:23:38.663,1.1022,1.10223,5.55,1.00
2016.07.22 13:23:38.714,1.1022,1.10223,5.36,1.00
2016.07.22 13:23:38.902,1.1022,1.10223,4.61,1.00
2016.07.22 13:23:38.953,1.1022,1.10223,5.36,1.00
2016.07.22 13:23:40.031,1.1022,1.10223,4.61,1.00
2016.07.22 13:23:40.417,1.1022,1.10223,5.36,1.00
2016.07.22 13:23:41.251,1.1022,1.10223,4.61,1.00
2016.07.22 13:23:41.352,1.1022,1.10223,5.36,1.00
2016.07.22 13:23:41.555,1.1022,1.10223,3.86,1.00
2016.07.22 13:23:41.691,1.1022,1.10223,5.36,1.00
2016.07.22 13:23:42.148,1.1022,1.10223,4.01,1.00
2016.07.22 13:23:42.199,1.1022,1.10223,3.26,1.87
2016.07.22 13:23:42.250,1.1022,1.10221,1.57,2.10
2016.07.22 13:23:42.301,1.1022,1.10222,1.57,1.72
2016.07.22 13:23:42.352,1.10219,1.10222,2.25,1.72
2016.07.22 13:23:42.403,1.10219,1.10222,1.87,1.12
2016.07.22 13:23:42.505,1.10219,1.10222,1.87,1.72
2016.07.22 13:23:42.556,1.10219,1.10223,2.62,6.45
2016.07.22 13:23:42.648,1.10219,1.10223,2.62,4.95
2016.07.22 13:23:42.699,1.10219,1.10223,5.81,2.25
2016.07.22 13:23:42.752,1.10219,1.10223,6.18,2.25
2016.07.22 13:23:42.803,1.10219,1.10223,6.37,2.25
2016.07.22 13:23:42.905,1.10219,1.10223,8.25,1.12
2016.07.22 13:23:42.957,1.10219,1.10223,9.00,1.87
2016.07.22 13:23:43.110,1.10219,1.10223,9.00,1.50
2016.07.22 13:23:43.211,1.10219,1.10223,9.37,1.50
2016.07.22 13:23:43.262,1.1022,1.10223,2.51,1.00
2016.07.22 13:23:43.313,1.1022,1.10223,3.51,1.00
2016.07.22 13:23:43.364,1.1022,1.10223,4.45,1.00
2016.07.22 13:23:43.416,1.1022,1.10223,5.14,1.00
2016.07.22 13:23:43.467,1.10221,1.10224,3.00,2.25
2016.07.22 13:23:43.518,1.10221,1.10224,4.87,1.37
2016.07.22 13:23:43.596,1.10221,1.10224,5.87,1.12
2016.07.22 13:23:43.649,1.10222,1.10225,2.81,1.00
2016.07.22 13:23:43.700,1.10222,1.10226,4.87,7.31
2016.07.22 13:23:43.752,1.10222,1.10226,4.87,8.81
2016.07.22 13:23:43.803,1.10222,1.10226,4.20,7.61
2016.07.22 13:23:43.854,1.10222,1.10225,4.20,1.35
2016.07.22 13:23:43.906,1.10222,1.10225,4.82,1.35
2016.07.22 13:23:43.957,1.10222,1.10225,4.57,1.35
2016.07.22 13:23:44.008,1.10222,1.10225,4.57,2.10
2016.07.22 13:23:44.059,1.10222,1.10225,4.57,2.85
2016.07.22 13:23:44.110,1.10222,1.10225,4.57,2.10
2016.07.22 13:23:44.161,1.10222,1.10225,4.57,1.35
2016.07.22 13:23:44.212,1.10222,1.10225,4.20,1.35
2016.07.22 13:23:44.365,1.10222,1.10225,2.51,1.35
2016.07.22 13:23:44.467,1.10222,1.10225,4.20,1.35
2016.07.22 13:23:45.383,1.10222,1.10225,2.51,1.35
2016.07.22 13:23:45.587,1.10222,1.10225,4.20,1.35
2016.07.22 13:23:46.303,1.10222,1.10225,4.57,1.35
2016.07.22 13:23:46.455,1.10222,1.10225,4.57,1.00
2016.07.22 13:23:46.557,1.10222,1.10225,4.57,1.35
2016.07.22 13:23:46.608,1.10223,1.10225,1.00,1.35
2016.07.22 13:23:46.659,1.10223,1.10225,1.50,1.35
2016.07.22 13:23:46.761,1.10223,1.10226,1.50,6.86
2016.07.22 13:23:46.812,1.10223,1.10226,1.50,6.49
2016.07.22 13:23:46.914,1.10223,1.10226,1.50,7.24
2016.07.22 13:23:47.320,1.10223,1.10226,1.00,7.99
2016.07.22 13:23:47.371,1.10223,1.10226,1.00,7.24
2016.07.22 13:23:47.498,1.10222,1.10226,4.57,7.99
2016.07.22 13:23:48.685,1.10222,1.10225,4.20,1.30
2016.07.22 13:23:48.821,1.10222,1.10224,3.45,2.10
2016.07.22 13:23:48.873,1.10222,1.10224,1.39,4.35
2016.07.22 13:23:48.925,1.10222,1.10224,1.20,6.22
2016.07.22 13:23:48.978,1.1022,1.10222,4.12,2.85
2016.07.22 13:23:49.029,1.1022,1.10222,3.75,2.85
2016.07.22 13:23:49.081,1.1022,1.10222,2.32,1.00
2016.07.22 13:23:49.183,1.1022,1.10222,3.07,1.50
2016.07.22 13:23:49.285,1.1022,1.10222,2.32,1.50
2016.07.22 13:23:49.337,1.1022,1.10222,1.57,1.50
2016.07.22 13:23:49.388,1.10219,1.10222,6.94,1.50
2016.07.22 13:23:49.490,1.1022,1.10222,1.39,1.00
2016.07.22 13:23:49.604,1.1022,1.10223,3.64,5.47
2016.07.22 13:23:49.656,1.1022,1.10223,5.14,5.47
2016.07.22 13:23:49.708,1.1022,1.10223,4.39,5.47
2016.07.22 13:23:49.811,1.1022,1.10223,5.51,5.47
2016.07.22 13:23:49.862,1.1022,1.10223,5.70,5.47
2016.07.22 13:23:49.914,1.10221,1.10223,1.00,3.97
2016.07.22 13:23:50.017,1.1022,1.10223,4.01,3.97
2016.07.22 13:23:50.068,1.1022,1.10223,4.95,3.97
2016.07.22 13:23:50.322,1.1022,1.10223,3.26,3.22
2016.07.22 13:23:50.373,1.1022,1.10223,4.95,3.97
2016.07.22 13:23:50.628,1.10222,1.10223,1.00,3.00
2016.07.22 13:23:50.714,1.10222,1.10223,1.12,3.00
2016.07.22 13:23:50.765,1.10222,1.10224,1.87,1.00
2016.07.22 13:23:50.817,1.10222,1.10224,1.00,1.00
2016.07.22 13:23:50.919,1.10222,1.10224,2.44,1.00
2016.07.22 13:23:50.971,1.10222,1.10225,4.91,1.87
2016.07.22 13:23:51.022,1.10223,1.10225,1.25,1.87
2016.07.22 13:23:51.074,1.10223,1.10225,1.25,1.12
2016.07.22 13:23:51.125,1.10223,1.10225,1.25,1.50
2016.07.22 13:23:51.176,1.10223,1.10225,1.00,2.25
2016.07.22 13:23:51.227,1.10223,1.10225,1.00,2.62
2016.07.22 13:23:51.329,1.10223,1.10225,1.00,1.87
2016.07.22 13:23:51.380,1.10224,1.10226,1.96,4.61
2016.07.22 13:23:51.431,1.10224,1.10226,1.96,4.99
2016.07.22 13:23:51.482,1.10224,1.10226,1.96,4.24
2016.07.22 13:23:51.676,1.10224,1.10226,1.96,3.86
2016.07.22 13:23:51.879,1.10224,1.10225,1.96,1.12
2016.07.22 13:23:52.135,1.10224,1.10225,1.96,1.00
2016.07.22 13:23:52.186,1.10224,1.10226,1.96,2.74
2016.07.22 13:23:52.338,1.10224,1.10226,1.96,2.36
2016.07.22 13:23:52.567,1.10224,1.10226,1.96,3.11
2016.07.22 13:23:52.619,1.10224,1.10227,2.71,5.21
2016.07.22 13:23:52.670,1.10224,1.10227,3.27,4.09
2016.07.22 13:23:52.722,1.10224,1.10227,3.83,1.76
2016.07.22 13:23:52.773,1.10224,1.10227,5.18,1.76
2016.07.22 13:23:52.824,1.10227,1.10228,1.12,3.34
2016.07.22 13:23:52.876,1.10227,1.10228,2.47,2.70
2016.07.22 13:23:52.928,1.10228,1.1023,1.87,10.31
2016.07.22 13:23:52.979,1.10228,1.1023,4.12,2.62
2016.07.22 13:23:53.030,1.10228,1.1023,5.44,2.62
2016.07.22 13:23:53.082,1.10228,1.1023,4.76,2.62
2016.07.22 13:23:53.189,1.1023,1.10231,1.50,4.87
2016.07.22 13:23:53.243,1.10232,1.10233,1.25,3.82
2016.07.22 13:23:53.294,1.10232,1.10233,2.44,1.50
2016.07.22 13:23:53.346,1.10232,1.10233,3.56,1.50
2016.07.22 13:23:53.398,1.10232,1.10234,6.82,1.12
2016.07.22 13:23:53.500,1.10234,1.10235,1.00,1.00
2016.07.22 13:23:53.653,1.10234,1.10237,1.00,5.47
2016.07.22 13:23:54.235,1.10233,1.10237,2.70,3.97
2016.07.22 13:23:54.286,1.10234,1.10237,1.00,3.97
2016.07.22 13:23:54.337,1.10234,1.10236,1.00,3.22
2016.07.22 13:23:54.388,1.10232,1.10236,6.75,4.91
2016.07.22 13:23:54.439,1.10232,1.10236,6.94,6.41
2016.07.22 13:23:54.490,1.10232,1.10235,2.70,2.85
2016.07.22 13:23:54.828,1.10232,1.10235,2.70,2.10
2016.07.22 13:23:54.981,1.10232,1.10236,2.70,7.91
2016.07.22 13:23:55.032,1.10232,1.10236,2.70,7.16
2016.07.22 13:23:55.083,1.10232,1.10236,2.70,8.66
2016.07.22 13:23:55.134,1.10232,1.10236,4.01,7.35
2016.07.22 13:23:55.185,1.10233,1.10236,1.50,3.75
2016.07.22 13:23:55.236,1.10234,1.10236,1.00,3.37
2016.07.22 13:23:55.339,1.10234,1.10236,1.00,3.75
2016.07.22 13:23:55.391,1.10233,1.10235,2.44,1.00
2016.07.22 13:23:56.111,1.10233,1.10235,1.69,1.00
2016.07.22 13:23:56.315,1.10233,1.10235,2.44,1.00
2016.07.22 13:23:56.366,1.10233,1.10235,2.06,1.00
2016.07.22 13:23:56.417,1.10233,1.10235,1.69,1.00
2016.07.22 13:23:56.628,1.10233,1.10235,1.25,1.00
2016.07.22 13:23:56.731,1.10233,1.10235,1.69,1.00
2016.07.22 13:23:57.021,1.10233,1.10235,1.25,1.00
2016.07.22 13:23:57.123,1.10233,1.10235,1.69,1.00
2016.07.22 13:23:57.393,1.10233,1.10235,1.25,1.00
2016.07.22 13:23:57.494,1.10233,1.10235,1.69,1.00
2016.07.22 13:23:57.748,1.10232,1.10234,3.26,3.22
2016.07.22 13:23:57.799,1.10231,1.10232,2.06,1.00
2016.07.22 13:23:57.851,1.1023,1.10232,1.50,2.85
2016.07.22 13:23:57.902,1.10229,1.10232,3.75,3.60
2016.07.22 13:23:57.953,1.10229,1.10232,3.00,3.97
2016.07.22 13:23:58.092,1.10229,1.10232,1.50,3.22
2016.07.22 13:23:58.244,1.10229,1.10232,1.00,3.22
2016.07.22 13:23:58.448,1.10229,1.10232,1.00,2.85
2016.07.22 13:23:58.702,1.10229,1.10232,1.25,2.85
2016.07.22 13:23:58.804,1.10229,1.10232,1.25,3.60
2016.07.22 13:23:58.956,1.10229,1.10232,1.25,3.97
2016.07.22 13:23:59.007,1.10229,1.10232,1.00,3.97
2016.07.22 13:23:59.310,1.10229,1.10232,2.25,3.97
2016.07.22 13:23:59.787,1.10229,1.10232,1.50,4.72
2016.07.22 13:23:59.889,1.10229,1.10232,1.00,4.72
2016.07.22 13:23:59.940,1.10228,1.10232,6.75,5.47
2016.07.22 13:24:00.093,1.10228,1.10232,6.75,6.97
2016.07.22 13:24:00.144,1.10228,1.10232,6.75,7.35
2016.07.22 13:24:00.347,1.10228,1.10232,6.75,6.97
2016.07.22 13:24:00.449,1.10228,1.10232,6.75,6.22
2016.07.22 13:24:00.625,1.10228,1.10232,5.06,6.22
2016.07.22 13:24:00.834,1.10228,1.10232,6.00,6.22
2016.07.22 13:24:00.886,1.10228,1.10232,5.62,6.22
2016.07.22 13:24:00.937,1.10228,1.10232,5.62,6.97
2016.07.22 13:24:01.039,1.10228,1.10232,4.12,8.47
2016.07.22 13:24:01.091,1.10228,1.10232,4.12,9.22
2016.07.22 13:24:01.244,1.10228,1.10232,4.12,8.47
2016.07.22 13:24:01.396,1.10228,1.10231,4.12,1.35
2016.07.22 13:24:01.788,1.10228,1.10231,4.50,1.35
2016.07.22 13:24:01.839,1.10228,1.10231,4.87,1.35
2016.07.22 13:24:01.941,1.10228,1.10231,6.37,1.35
2016.07.22 13:24:02.093,1.10228,1.10231,6.37,1.00
2016.07.22 13:24:02.145,1.10228,1.10231,4.69,1.00
2016.07.22 13:24:02.247,1.10228,1.10231,6.37,1.00
2016.07.22 13:24:02.348,1.10228,1.10231,4.69,1.00
2016.07.22 13:24:02.399,1.10229,1.10231,1.12,1.00
2016.07.22 13:24:02.501,1.10229,1.10231,1.87,1.00
2016.07.22 13:24:02.847,1.10229,1.10231,1.50,1.00
2016.07.22 13:24:03.000,1.10229,1.10232,1.50,2.85
2016.07.22 13:24:04.108,1.10228,1.1023,6.75,1.00
2016.07.22 13:24:04.268,1.10229,1.1023,1.87,1.00
2016.07.22 13:24:04.471,1.10228,1.1023,7.12,1.00
2016.07.22 13:24:04.522,1.10228,1.1023,6.75,1.00
2016.07.22 13:24:04.573,1.10229,1.1023,1.87,1.00
2016.07.22 13:24:05.032,1.10229,1.1023,1.12,1.35
2016.07.22 13:24:05.083,1.10229,1.1023,1.00,1.00
2016.07.22 13:24:05.135,1.10227,1.10229,8.25,1.00
2016.07.22 13:24:05.237,1.10228,1.10229,1.00,1.00
2016.07.22 13:24:06.596,1.10227,1.10229,3.19,1.00
2016.07.22 13:24:06.698,1.10227,1.10229,3.94,1.00
2016.07.22 13:24:07.156,1.10226,1.10228,4.20,4.35
2016.07.22 13:24:07.208,1.10225,1.10227,14.06,1.00
2016.07.22 13:24:07.290,1.10225,1.10227,13.31,1.00
2016.07.22 13:24:07.342,1.10225,1.10227,1.00,3.22
2016.07.22 13:24:07.446,1.10224,1.10226,3.72,1.35
2016.07.22 13:24:08.365,1.10224,1.10226,4.47,1.35
2016.07.22 13:24:08.417,1.10224,1.10225,4.47,1.00
2016.07.22 13:24:08.570,1.10225,1.10226,1.00,1.00
2016.07.22 13:24:09.079,1.10225,1.10226,1.00,1.12
2016.07.22 13:24:09.798,1.10225,1.10226,1.00,1.00
2016.07.22 13:24:10.207,1.10224,1.10226,4.47,1.00
2016.07.22 13:24:10.258,1.10225,1.10226,1.00,1.00
2016.07.22 13:24:10.338,1.10225,1.10226,1.69,1.00
2016.07.22 13:24:10.389,1.10225,1.10226,4.31,1.00
2016.07.22 13:24:10.440,1.10225,1.10226,5.81,1.00
2016.07.22 13:24:10.491,1.10225,1.10226,5.25,1.00
2016.07.22 13:24:10.593,1.10225,1.10227,5.44,1.00
2016.07.22 13:24:10.695,1.10225,1.10227,4.69,1.00
2016.07.22 13:24:10.746,1.10225,1.10227,6.00,1.00
2016.07.22 13:24:10.797,1.10225,1.10227,7.31,1.00
2016.07.22 13:24:11.203,1.10225,1.10227,6.94,1.00
2016.07.22 13:24:11.477,1.10225,1.10227,5.44,1.00
2016.07.22 13:24:11.528,1.10225,1.10227,6.94,1.00
2016.07.22 13:24:11.579,1.10225,1.10227,6.19,1.00
2016.07.22 13:24:11.681,1.10225,1.10227,6.94,1.00
2016.07.22 13:24:11.833,1.10225,1.10227,5.44,1.00
2016.07.22 13:24:11.935,1.10225,1.10227,6.94,1.00
2016.07.22 13:24:12.355,1.10225,1.10227,6.75,1.00
2016.07.22 13:24:12.457,1.10225,1.10227,5.25,1.00
2016.07.22 13:24:13.249,1.10225,1.10227,3.75,3.60
2016.07.22 13:24:13.300,1.10224,1.10226,5.32,1.00
2016.07.22 13:24:13.351,1.10225,1.10226,1.00,1.00
2016.07.22 13:24:13.402,1.10225,1.10227,2.62,1.00
2016.07.22 13:24:13.453,1.10226,1.10227,1.50,1.00
2016.07.22 13:24:13.504,1.10226,1.10227,1.50,1.35
2016.07.22 13:24:13.555,1.10226,1.10227,2.25,1.35
2016.07.22 13:24:13.939,1.10226,1.10227,2.25,1.00
2016.07.22 13:24:14.349,1.10226,1.10228,2.25,2.85
2016.07.22 13:24:14.450,1.10226,1.10228,1.50,2.85
2016.07.22 13:24:14.654,1.10226,1.10228,3.00,2.85
2016.07.22 13:24:14.833,1.10226,1.10227,3.00,1.35
2016.07.22 13:24:15.596,1.10226,1.10227,3.00,1.00
2016.07.22 13:24:15.647,1.10226,1.10228,2.25,3.60
2016.07.22 13:24:15.698,1.10226,1.10228,2.25,1.50
2016.07.22 13:24:15.750,1.10226,1.10228,1.50,1.50
2016.07.22 13:24:15.931,1.10226,1.10228,2.44,2.10
2016.07.22 13:24:15.982,1.10226,1.10228,3.19,2.10
2016.07.22 13:24:16.186,1.10226,1.10228,1.50,2.10
2016.07.22 13:24:16.237,1.10226,1.10228,1.50,1.50
2016.07.22 13:24:16.389,1.10226,1.10228,3.00,1.50
2016.07.22 13:24:17.292,1.10226,1.10228,1.50,1.50
2016.07.22 13:24:17.394,1.10226,1.10228,3.00,1.50
2016.07.22 13:24:17.445,1.10226,1.10228,1.50,1.50
2016.07.22 13:24:17.598,1.10226,1.10228,1.00,2.10
2016.07.22 13:24:17.649,1.10226,1.10228,1.50,2.85
2016.07.22 13:24:17.750,1.10226,1.10228,3.00,2.10
2016.07.22 13:24:17.852,1.10226,1.10228,3.00,1.35
2016.07.22 13:24:17.954,1.10226,1.10228,1.50,1.35
2016.07.22 13:24:18.055,1.10226,1.10228,3.00,1.35
2016.07.22 13:24:18.232,1.10226,1.10227,3.00,1.00
2016.07.22 13:24:19.469,1.10226,1.10227,2.25,1.00
2016.07.22 13:24:20.182,1.10226,1.10227,1.50,1.35
2016.07.22 13:24:20.233,1.10225,1.10226,4.01,3.97
2016.07.22 13:24:20.284,1.10224,1.10226,1.43,8.85
2016.07.22 13:24:20.375,1.10224,1.10225,1.43,1.00
2016.07.22 13:24:20.428,1.10222,1.10224,1.10,1.50
2016.07.22 13:24:20.480,1.10222,1.10224,1.10,2.62
2016.07.22 13:24:20.531,1.10222,1.10224,1.00,6.60
2016.07.22 13:24:20.582,1.10222,1.10223,1.00,1.00
2016.07.22 13:24:20.633,1.10222,1.10223,1.00,2.25
2016.07.22 13:24:20.684,1.10222,1.10223,1.00,3.00
2016.07.22 13:24:20.735,1.10221,1.10223,3.07,3.00
2016.07.22 13:24:20.787,1.10221,1.10223,3.07,2.25
2016.07.22 13:24:20.838,1.10222,1.10223,1.00,2.25
2016.07.22 13:24:21.784,1.10221,1.10223,1.00,2.25
2016.07.22 13:24:21.835,1.10222,1.10223,1.00,2.25
2016.07.22 13:24:21.886,1.10222,1.10223,1.00,3.75
2016.07.22 13:24:21.988,1.10221,1.10223,1.00,3.00
2016.07.22 13:24:22.718,1.10221,1.10223,1.00,3.75
2016.07.22 13:24:23.075,1.10221,1.10223,1.00,2.25
2016.07.22 13:24:23.177,1.10221,1.10223,1.00,3.00
2016.07.22 13:24:23.319,1.10221,1.10223,1.00,3.75
2016.07.22 13:24:23.577,1.1022,1.10223,2.25,4.50
2016.07.22 13:24:23.629,1.1022,1.10222,2.44,1.12
2016.07.22 13:24:23.681,1.1022,1.10222,1.31,2.47
2016.07.22 13:24:23.732,1.1022,1.10222,1.25,1.12
2016.07.22 13:24:23.783,1.1022,1.10223,1.00,6.22
2016.07.22 13:24:23.834,1.1022,1.10223,2.25,5.62
2016.07.22 13:24:23.885,1.10221,1.10223,1.50,4.87
2016.07.22 13:24:23.936,1.10221,1.10223,1.50,3.00
2016.07.22 13:24:23.987,1.10221,1.10224,1.50,6.82
2016.07.22 13:24:24.090,1.10221,1.10224,1.69,7.57
2016.07.22 13:24:24.397,1.10221,1.10224,1.69,6.82
2016.07.22 13:24:24.804,1.10221,1.10224,1.25,6.07
2016.07.22 13:24:24.905,1.10221,1.10224,1.00,6.07
2016.07.22 13:24:25.058,1.10221,1.10224,1.12,6.07
2016.07.22 13:24:25.440,1.10221,1.10224,1.12,5.32
2016.07.22 13:24:25.592,1.10221,1.10224,1.12,3.07
2016.07.22 13:24:25.643,1.10221,1.10224,1.00,3.07
2016.07.22 13:24:25.694,1.10221,1.10224,1.25,3.07
2016.07.22 13:24:25.745,1.10221,1.10224,1.25,3.82
2016.07.22 13:24:26.108,1.10221,1.10224,1.25,3.07
2016.07.22 13:24:26.464,1.10221,1.10224,1.25,3.82
2016.07.22 13:24:26.879,1.10221,1.10224,1.25,3.07
2016.07.22 13:24:26.981,1.10221,1.10224,1.25,3.82
2016.07.22 13:24:27.494,1.10221,1.10224,1.25,5.32
2016.07.22 13:24:27.545,1.10221,1.10224,1.25,7.42
2016.07.22 13:24:27.597,1.10221,1.10223,1.25,1.00
2016.07.22 13:24:27.648,1.1022,1.10222,6.12,1.35
2016.07.22 13:24:27.700,1.1022,1.10222,4.87,2.10
2016.07.22 13:24:27.821,1.1022,1.10221,4.87,1.12
2016.07.22 13:24:27.873,1.1022,1.10221,1.50,1.00
2016.07.22 13:24:27.927,1.10219,1.10221,2.25,1.00
2016.07.22 13:24:27.978,1.10218,1.1022,3.82,1.00
2016.07.22 13:24:28.029,1.10219,1.10221,1.00,1.50
2016.07.22 13:24:28.081,1.10219,1.10221,1.50,1.50
2016.07.22 13:24:28.185,1.10219,1.10222,1.00,6.97
2016.07.22 13:24:28.236,1.10219,1.10222,1.00,6.22
2016.07.22 13:24:28.287,1.10219,1.10222,1.00,6.97
2016.07.22 13:24:28.338,1.10219,1.10222,1.00,6.60
2016.07.22 13:24:28.390,1.10219,1.10222,1.00,5.85
2016.07.22 13:24:28.515,1.10219,1.10222,1.12,3.75
2016.07.22 13:24:28.567,1.10219,1.10222,1.00,3.75
2016.07.22 13:24:28.722,1.10219,1.10222,1.00,3.00
2016.07.22 13:24:28.824,1.10219,1.10222,1.00,3.75
2016.07.22 13:24:28.976,1.10219,1.10222,1.00,5.25
2016.07.22 13:24:29.078,1.10219,1.10222,1.00,6.37
2016.07.22 13:24:29.129,1.10219,1.10222,1.00,7.50
2016.07.22 13:24:29.181,1.10219,1.10222,1.00,7.12
2016.07.22 13:24:29.334,1.10219,1.10222,1.00,6.75
2016.07.22 13:24:29.385,1.10219,1.10222,1.00,6.00
2016.07.22 13:24:29.580,1.10219,1.10222,1.50,5.62
2016.07.22 13:24:29.682,1.10219,1.10222,1.50,6.00
2016.07.22 13:24:29.885,1.10219,1.10222,1.50,5.25
2016.07.22 13:24:29.986,1.10219,1.10222,1.50,6.00
2016.07.22 13:24:30.038,1.10219,1.10222,1.50,5.25
2016.07.22 13:24:30.088,1.10219,1.10222,1.50,5.62
2016.07.22 13:24:30.190,1.10219,1.10222,1.00,4.87
2016.07.22 13:24:30.241,1.10219,1.10222,1.00,7.72
2016.07.22 13:24:30.292,1.10219,1.10222,1.00,8.85
2016.07.22 13:24:30.343,1.10218,1.10222,2.32,8.85
2016.07.22 13:24:30.394,1.10219,1.10222,1.00,10.54
2016.07.22 13:24:30.495,1.10219,1.10222,1.00,11.29
2016.07.22 13:24:30.597,1.10218,1.10222,2.25,9.60
2016.07.22 13:24:30.774,1.10219,1.10222,1.00,11.29
2016.07.22 13:24:31.079,1.10219,1.10221,1.00,1.00
2016.07.22 13:24:31.535,1.10219,1.10221,1.00,1.35
2016.07.22 13:24:31.890,1.10218,1.10221,2.25,1.35
2016.07.22 13:24:31.992,1.10219,1.10221,1.00,1.35
2016.07.22 13:24:33.046,1.10219,1.1022,1.00,1.00
2016.07.22 13:24:33.097,1.10218,1.1022,2.25,1.00
2016.07.22 13:24:33.503,1.10218,1.1022,1.50,1.00
2016.07.22 13:24:33.554,1.10218,1.1022,1.87,1.00
2016.07.22 13:24:33.605,1.10218,1.1022,2.62,1.00
2016.07.22 13:24:34.800,1.10218,1.1022,3.00,1.00
2016.07.22 13:24:35.031,1.10218,1.1022,2.62,1.00
2016.07.22 13:24:35.185,1.10218,1.1022,2.25,1.00
2016.07.22 13:24:35.338,1.10218,1.10221,1.50,1.95
2016.07.22 13:24:35.440,1.10218,1.10221,2.25,1.95
2016.07.22 13:24:35.592,1.10218,1.10221,2.62,1.95
2016.07.22 13:24:35.644,1.10218,1.10221,1.87,1.95
2016.07.22 13:24:35.695,1.10218,1.10221,2.62,1.95
2016.07.22 13:24:35.907,1.10218,1.10221,4.12,1.95
2016.07.22 13:24:36.629,1.10218,1.10221,2.62,1.95
2016.07.22 13:24:36.732,1.10218,1.10221,4.12,1.95
2016.07.22 13:24:37.240,1.10218,1.10221,2.62,1.95
2016.07.22 13:24:37.342,1.10218,1.10221,4.12,1.95
2016.07.22 13:24:37.730,1.10218,1.10221,2.62,1.95
2016.07.22 13:24:37.831,1.10218,1.10221,4.12,1.95
2016.07.22 13:24:38.792,1.10218,1.10221,2.62,1.95
2016.07.22 13:24:38.843,1.10218,1.10221,4.12,1.95
2016.07.22 13:24:39.409,1.10218,1.10221,2.62,1.95
2016.07.22 13:24:39.511,1.10218,1.10221,4.12,1.95
2016.07.22 13:24:39.714,1.10218,1.10221,2.62,1.95
2016.07.22 13:24:39.815,1.10218,1.10221,4.12,1.95
2016.07.22 13:24:41.047,1.10218,1.10221,2.62,1.95
2016.07.22 13:24:41.199,1.10218,1.10221,2.62,1.20
2016.07.22 13:24:41.250,1.10218,1.10221,4.12,1.20
2016.07.22 13:24:41.432,1.10218,1.10221,4.12,2.70
2016.07.22 13:24:41.636,1.10218,1.10221,3.75,2.70
2016.07.22 13:24:42.049,1.10218,1.10221,4.12,2.70
2016.07.22 13:24:42.201,1.10218,1.10221,4.12,3.45
2016.07.22 13:24:42.354,1.10218,1.10221,2.62,3.45
2016.07.22 13:24:42.455,1.10218,1.10221,4.12,3.45
2016.07.22 13:24:43.244,1.10218,1.10221,3.75,3.45
2016.07.22 13:24:43.651,1.10218,1.10221,4.12,3.45
2016.07.22 13:24:43.702,1.10218,1.10221,5.25,1.12
2016.07.22 13:24:43.753,1.10219,1.10221,1.12,1.12
2016.07.22 13:24:43.804,1.10219,1.10221,1.87,1.12
2016.07.22 13:24:43.906,1.10219,1.10221,1.50,1.12
2016.07.22 13:24:46.703,1.10219,1.10221,1.50,1.00
2016.07.22 13:24:46.881,1.10219,1.1022,1.00,4.50
2016.07.22 13:24:46.932,1.10214,1.10216,8.06,3.00
2016.07.22 13:24:46.984,1.10215,1.10216,11.55,6.97
2016.07.22 13:24:47.037,1.10213,1.10214,6.75,1.87
2016.07.22 13:24:47.089,1.1021,1.10211,10.69,1.35
2016.07.22 13:24:47.140,1.1021,1.10211,6.94,2.85
2016.07.22 13:24:47.192,1.1021,1.10213,6.19,9.52
2016.07.22 13:24:47.243,1.10209,1.10213,2.44,5.25
2016.07.22 13:24:47.295,1.10208,1.10211,4.31,2.25
2016.07.22 13:24:47.346,1.10207,1.10209,8.02,1.00
2016.07.22 13:24:47.397,1.10207,1.10209,6.71,1.00
2016.07.22 13:24:47.448,1.10208,1.10209,3.37,1.87
2016.07.22 13:24:47.587,1.10209,1.1021,1.12,1.50
2016.07.22 13:24:47.639,1.10208,1.1021,6.00,1.12
2016.07.22 13:24:47.690,1.1021,1.10211,3.37,3.60
2016.07.22 13:24:47.742,1.1021,1.10211,3.00,2.62
2016.07.22 13:24:47.844,1.10209,1.10211,1.00,3.00
2016.07.22 13:24:47.896,1.10208,1.10211,3.37,4.50
2016.07.22 13:24:47.947,1.10208,1.10211,3.37,3.75
2016.07.22 13:24:48.000,1.10208,1.10211,2.62,4.50
2016.07.22 13:24:48.051,1.10208,1.10211,1.00,5.85
2016.07.22 13:24:48.103,1.10207,1.1021,4.50,1.00
2016.07.22 13:24:48.154,1.10207,1.1021,5.25,1.00
2016.07.22 13:24:48.205,1.10208,1.1021,1.12,1.00
2016.07.22 13:24:48.256,1.10208,1.1021,2.62,1.00
2016.07.22 13:24:48.358,1.10208,1.1021,1.12,1.00
2016.07.22 13:24:48.546,1.10208,1.1021,2.62,1.00
2016.07.22 13:24:48.750,1.10208,1.1021,3.37,1.00
2016.07.22 13:24:48.801,1.10209,1.1021,1.00,1.00
2016.07.22 13:24:48.904,1.10209,1.10211,1.12,1.00
2016.07.22 13:24:48.955,1.10209,1.10211,2.25,1.50
2016.07.22 13:24:49.006,1.10209,1.1021,1.12,1.35
2016.07.22 13:24:49.058,1.10209,1.1021,1.00,3.60
2016.07.22 13:24:49.109,1.10208,1.1021,1.50,4.35
2016.07.22 13:24:49.415,1.10208,1.1021,1.00,4.35
2016.07.22 13:24:49.755,1.10208,1.1021,1.00,5.85
2016.07.22 13:24:49.806,1.10208,1.1021,1.50,5.85
2016.07.22 13:24:49.908,1.10208,1.1021,1.50,6.60
2016.07.22 13:24:50.073,1.10208,1.1021,1.00,5.10
2016.07.22 13:24:50.175,1.10208,1.1021,1.50,6.60
2016.07.22 13:24:50.785,1.10208,1.10209,1.50,1.35
2016.07.22 13:24:50.888,1.10208,1.10209,1.00,1.35
2016.07.22 13:24:50.939,1.10207,1.10209,3.94,1.35
2016.07.22 13:24:51.041,1.10207,1.10209,2.44,1.35
2016.07.22 13:24:51.142,1.10207,1.10209,3.94,1.35
2016.07.22 13:24:51.549,1.10207,1.10209,2.44,1.35
2016.07.22 13:24:51.651,1.10207,1.10209,3.94,1.35
2016.07.22 13:24:52.152,1.10207,1.10209,4.69,1.35
2016.07.22 13:24:52.305,1.10207,1.10209,4.31,1.35
2016.07.22 13:24:52.356,1.10207,1.10209,4.69,1.00
2016.07.22 13:24:52.407,1.10207,1.10209,4.31,1.00
2016.07.22 13:24:52.509,1.10207,1.10209,5.06,1.00
2016.07.22 13:24:52.560,1.10207,1.10209,2.81,1.00
2016.07.22 13:24:52.611,1.10207,1.10209,2.06,1.00
2016.07.22 13:24:52.662,1.10208,1.10209,1.00,1.00
2016.07.22 13:24:52.815,1.10208,1.10209,1.50,1.00
2016.07.22 13:24:52.866,1.10208,1.1021,1.50,1.50
2016.07.22 13:24:52.917,1.10208,1.1021,1.57,1.50
2016.07.22 13:24:52.968,1.10208,1.1021,2.32,1.12
2016.07.22 13:24:53.019,1.10208,1.1021,2.32,1.00
2016.07.22 13:24:53.172,1.10208,1.1021,2.51,1.00
2016.07.22 13:24:53.223,1.10208,1.1021,3.26,1.00
2016.07.22 13:24:53.344,1.10209,1.10211,1.00,1.12
2016.07.22 13:24:53.395,1.10209,1.10211,1.00,1.00
2016.07.22 13:24:54.310,1.10209,1.10211,1.12,1.00
2016.07.22 13:24:54.412,1.10209,1.10211,1.00,1.00
2016.07.22 13:24:54.629,1.10208,1.10211,5.89,1.00
2016.07.22 13:24:54.681,1.10209,1.10211,1.00,1.00
2016.07.22 13:24:54.782,1.10209,1.10211,1.10,1.00
2016.07.22 13:24:55.396,1.10208,1.10211,6.19,1.00
2016.07.22 13:24:55.751,1.10209,1.10211,1.10,1.00
2016.07.22 13:24:56.299,1.10209,1.1021,1.10,1.00
2016.07.22 13:24:56.451,1.10208,1.1021,6.94,1.00
2016.07.22 13:24:56.553,1.10209,1.1021,1.10,1.00
2016.07.22 13:24:58.083,1.10208,1.1021,5.44,1.00
2016.07.22 13:24:58.184,1.10209,1.1021,1.10,1.00
2016.07.22 13:24:58.286,1.10208,1.1021,5.06,1.00
2016.07.22 13:24:58.337,1.10208,1.1021,4.31,1.00
2016.07.22 13:24:58.489,1.10208,1.1021,3.56,1.00
2016.07.22 13:24:58.541,1.10203,1.10205,59.44,3.75
2016.07.22 13:24:58.593,1.102,1.10202,60.19,1.12
2016.07.22 13:24:58.644,1.10202,1.10204,13.12,3.22
2016.07.22 13:24:58.696,1.10204,1.10205,1.00,8.02
2016.07.22 13:24:58.747,1.10201,1.10202,3.37,1.50
2016.07.22 13:24:58.881,1.10199,1.10201,1.71,3.37
2016.07.22 13:24:58.933,1.10198,1.102,2.57,1.00
2016.07.22 13:24:58.985,1.10198,1.102,1.69,1.00
2016.07.22 13:24:59.036,1.10199,1.102,1.00,1.50
2016.07.22 13:24:59.088,1.10199,1.102,1.00,1.00
2016.07.22 13:24:59.139,1.10198,1.102,4.45,2.25
2016.07.22 13:24:59.190,1.10198,1.102,3.64,2.50
2016.07.22 13:24:59.241,1.10198,1.10199,3.26,1.00
2016.07.22 13:24:59.293,1.10198,1.10199,2.89,1.00
2016.07.22 13:24:59.345,1.10198,1.102,2.51,1.00
2016.07.22 13:24:59.397,1.10198,1.102,2.89,1.00
2016.07.22 13:24:59.527,1.10198,1.10199,1.69,1.00
2016.07.22 13:24:59.833,1.10198,1.10199,1.25,1.00
2016.07.22 13:24:59.884,1.10197,1.10199,4.76,1.00
2016.07.22 13:24:59.985,1.10197,1.10199,7.01,1.00
2016.07.22 13:25:00.645,1.10197,1.10199,7.39,1.00
2016.07.22 13:25:00.768,1.10197,1.10199,7.01,1.00
2016.07.22 13:25:01.074,1.10197,1.10199,4.76,1.00
2016.07.22 13:25:01.125,1.10197,1.10199,4.01,1.00
2016.07.22 13:25:01.277,1.10197,1.10199,6.26,1.00
2016.07.22 13:25:01.705,1.10197,1.10199,4.01,1.00
2016.07.22 13:25:01.997,1.10197,1.10199,6.26,1.00
2016.07.22 13:25:02.048,1.10198,1.10199,1.25,1.00
2016.07.22 13:25:02.150,1.10198,1.10199,1.45,1.00
2016.07.22 13:25:02.201,1.10198,1.10199,2.95,1.00
2016.07.22 13:25:02.252,1.10199,1.102,1.00,1.12
2016.07.22 13:25:02.304,1.10199,1.102,1.50,1.12
2016.07.22 13:25:02.355,1.10199,1.10201,1.57,3.75
2016.07.22 13:25:02.407,1.102,1.10201,1.25,3.00
2016.07.22 13:25:02.459,1.102,1.10201,3.19,3.00
2016.07.22 13:25:02.510,1.102,1.10201,4.31,2.25
2016.07.22 13:25:02.562,1.102,1.10202,6.89,3.60
2016.07.22 13:25:02.613,1.10201,1.10203,2.50,6.97
2016.07.22 13:25:02.664,1.102,1.10201,11.70,1.12
2016.07.22 13:25:02.716,1.102,1.10201,6.75,1.87
2016.07.22 13:25:02.853,1.10203,1.10204,3.00,4.35
2016.07.22 13:25:02.906,1.10202,1.10204,2.32,2.47
2016.07.22 13:25:02.957,1.10201,1.10203,4.50,3.37
2016.07.22 13:25:03.008,1.102,1.10202,13.12,2.50
2016.07.22 13:25:03.060,1.102,1.10202,4.50,5.85
2016.07.22 13:25:03.111,1.10199,1.10201,2.32,1.35
2016.07.22 13:25:03.162,1.10199,1.10201,2.32,1.00
2016.07.22 13:25:03.213,1.102,1.10202,1.00,1.50
2016.07.22 13:25:03.264,1.102,1.10202,1.00,3.97
2016.07.22 13:25:03.316,1.102,1.10201,1.00,1.35
2016.07.22 13:25:03.367,1.10199,1.10201,3.82,1.72
2016.07.22 13:25:03.418,1.10199,1.10201,2.32,2.47
2016.07.22 13:25:03.469,1.10199,1.10201,2.25,2.47
2016.07.22 13:25:03.520,1.10199,1.10201,2.25,3.22
2016.07.22 13:25:04.159,1.10199,1.10201,1.50,3.22
2016.07.22 13:25:04.465,1.10199,1.10201,1.50,4.16
2016.07.22 13:25:04.567,1.10199,1.10201,1.50,3.60
2016.07.22 13:25:04.669,1.10199,1.10201,1.50,4.34
2016.07.22 13:25:04.837,1.10199,1.10201,2.25,5.09
2016.07.22 13:25:04.938,1.10198,1.10201,6.19,6.09
2016.07.22 13:25:04.989,1.10198,1.10201,6.19,6.60
2016.07.22 13:25:05.040,1.10199,1.10201,2.25,6.60
2016.07.22 13:25:05.193,1.10199,1.10201,2.25,8.85
2016.07.22 13:25:05.244,1.10198,1.10201,4.19,10.91
2016.07.22 13:25:05.295,1.10198,1.102,3.19,2.62
2016.07.22 13:25:05.346,1.10198,1.102,3.94,4.67
2016.07.22 13:25:05.552,1.10197,1.102,5.44,6.59
2016.07.22 13:25:05.604,1.10196,1.10199,11.32,2.62
2016.07.22 13:25:05.655,1.10196,1.10197,1.57,1.91
2016.07.22 13:25:05.756,1.10195,1.10196,4.69,1.35
2016.07.22 13:25:05.807,1.10195,1.10196,1.87,2.85
2016.07.22 13:25:05.858,1.10194,1.10196,1.87,1.12
2016.07.22 13:25:05.909,1.10194,1.10196,1.12,1.12
2016.07.22 13:25:05.960,1.10193,1.10196,4.39,4.27
2016.07.22 13:25:06.064,1.10193,1.10195,4.39,1.87
2016.07.22 13:25:06.166,1.10193,1.10195,4.01,1.88
2016.07.22 13:25:06.217,1.10193,1.10195,4.01,1.13
2016.07.22 13:25:06.268,1.10193,1.10195,4.01,1.12
2016.07.22 13:25:06.319,1.10193,1.10195,3.94,1.12
2016.07.22 13:25:06.370,1.10193,1.10195,3.94,1.00
2016.07.22 13:25:06.421,1.10193,1.10195,2.44,1.00
2016.07.22 13:25:06.560,1.10193,1.10196,2.44,2.10
2016.07.22 13:25:06.663,1.10193,1.10196,1.25,2.10
2016.07.22 13:25:06.766,1.10193,1.10196,2.44,2.10
2016.07.22 13:25:07.380,1.10194,1.10196,1.00,2.10
2016.07.22 13:25:07.876,1.10194,1.10195,1.00,1.00
2016.07.22 13:25:07.978,1.10194,1.10195,1.00,1.12
2016.07.22 13:25:08.182,1.10194,1.10195,1.00,1.00
2016.07.22 13:25:08.335,1.10194,1.10195,1.00,1.12
2016.07.22 13:25:08.437,1.10192,1.10193,5.89,1.30
2016.07.22 13:25:08.579,1.10192,1.10193,1.20,2.10
2016.07.22 13:25:08.634,1.10191,1.10193,1.50,2.10
2016.07.22 13:25:08.685,1.10191,1.10194,1.69,7.54
2016.07.22 13:25:08.737,1.10191,1.10193,1.25,1.30
2016.07.22 13:25:08.788,1.10191,1.10193,1.25,2.47
2016.07.22 13:25:08.839,1.10191,1.10194,1.25,8.29
2016.07.22 13:25:08.890,1.10191,1.10194,1.25,7.91
2016.07.22 13:25:08.941,1.10191,1.10194,1.25,7.16
2016.07.22 13:25:09.043,1.10191,1.10194,1.69,7.91
2016.07.22 13:25:09.094,1.10191,1.10194,1.69,5.66
2016.07.22 13:25:09.445,1.10191,1.10194,1.69,4.16
2016.07.22 13:25:09.547,1.10191,1.10194,1.69,3.41
2016.07.22 13:25:09.598,1.10191,1.10194,3.56,2.81
2016.07.22 13:25:09.649,1.10191,1.10194,4.31,2.25
2016.07.22 13:25:09.700,1.10192,1.10194,2.81,1.12
2016.07.22 13:25:09.751,1.10193,1.10195,1.00,5.51
2016.07.22 13:25:09.802,1.10193,1.10195,1.00,2.14
2016.07.22 13:25:09.853,1.10194,1.10195,1.00,1.00
2016.07.22 13:25:09.955,1.10194,1.10195,1.12,1.00
2016.07.22 13:25:10.006,1.10194,1.10195,1.69,1.00
2016.07.22 13:25:10.108,1.10194,1.10196,1.69,1.35
2016.07.22 13:25:10.159,1.10194,1.10196,1.25,1.35
2016.07.22 13:25:10.386,1.10194,1.10196,1.69,1.35
2016.07.22 13:25:10.437,1.10194,1.10196,1.25,1.35
2016.07.22 13:25:10.692,1.10194,1.10196,1.25,1.00
2016.07.22 13:25:10.896,1.10195,1.10196,1.50,1.00
2016.07.22 13:25:10.997,1.10195,1.10196,1.00,1.00
2016.07.22 13:25:11.099,1.10195,1.10196,1.50,1.00
2016.07.22 13:25:11.201,1.10195,1.10196,1.00,1.00
2016.07.22 13:25:11.308,1.10195,1.10196,1.50,1.00
2016.07.22 13:25:11.716,1.10195,1.10196,1.00,1.00
2016.07.22 13:25:11.818,1.10195,1.10196,1.50,1.00
2016.07.22 13:25:12.072,1.10195,1.10197,1.50,3.82
2016.07.22 13:25:12.224,1.10195,1.10197,1.50,4.42
2016.07.22 13:25:12.377,1.10195,1.10197,1.50,4.61
2016.07.22 13:25:12.511,1.10196,1.10197,1.00,4.42
2016.07.22 13:25:12.767,1.10196,1.10197,1.00,5.17
2016.07.22 13:25:12.819,1.10196,1.10197,1.00,3.67
2016.07.22 13:25:12.870,1.10196,1.10197,1.00,4.42
2016.07.22 13:25:12.973,1.10196,1.10197,1.00,5.17
2016.07.22 13:25:13.426,1.10196,1.10197,1.00,5.92
2016.07.22 13:25:13.578,1.10195,1.10196,2.25,1.12
2016.07.22 13:25:13.629,1.10195,1.10196,1.50,1.12
2016.07.22 13:25:13.681,1.10193,1.10195,6.19,1.00
2016.07.22 13:25:13.732,1.10193,1.10195,4.69,1.00
2016.07.22 13:25:13.783,1.10193,1.10195,2.06,2.50
2016.07.22 13:25:13.835,1.10193,1.10194,1.25,1.00
2016.07.22 13:25:13.887,1.10192,1.10194,1.87,1.00
2016.07.22 13:25:13.939,1.10192,1.10194,1.12,2.10
2016.07.22 13:25:13.991,1.10192,1.10194,1.12,1.60
2016.07.22 13:25:14.042,1.10191,1.10194,2.25,2.29
2016.07.22 13:25:14.093,1.10191,1.10194,2.40,2.29
2016.07.22 13:25:14.145,1.10191,1.10194,2.40,1.50
2016.07.22 13:25:14.247,1.10192,1.10194,1.00,1.00
2016.07.22 13:25:14.445,1.10191,1.10194,3.15,1.00
2016.07.22 13:25:15.006,1.10191,1.10194,3.15,1.12
2016.07.22 13:25:15.057,1.10191,1.10194,2.40,1.31
2016.07.22 13:25:15.108,1.10191,1.10194,2.40,1.31
2016.07.22 13:25:15.158,1.10191,1.10194,1.20,1.12
2016.07.22 13:25:15.209,1.10191,1.10194,3.00,1.72
2016.07.22 13:25:15.260,1.10191,1.10194,4.50,1.91
2016.07.22 13:25:15.533,1.10191,1.10194,4.95,1.31
2016.07.22 13:25:15.584,1.10191,1.10195,6.60,10.91
2016.07.22 13:25:15.635,1.10191,1.10195,6.97,10.91
2016.07.22 13:25:15.686,1.10191,1.10194,3.97,1.30
2016.07.22 13:25:15.788,1.10191,1.10194,6.97,1.30
2016.07.22 13:25:15.839,1.10191,1.10194,6.60,1.30
2016.07.22 13:25:16.051,1.10191,1.10195,6.60,10.16
2016.07.22 13:25:16.102,1.10191,1.10195,6.60,8.47
2016.07.22 13:25:16.152,1.10191,1.10195,3.60,6.79
2016.07.22 13:25:16.203,1.10191,1.10195,3.60,8.47
2016.07.22 13:25:16.254,1.10191,1.10195,6.60,10.91
2016.07.22 13:25:16.305,1.10191,1.10195,4.65,9.79
2016.07.22 13:25:16.407,1.10191,1.10195,6.97,10.54
2016.07.22 13:25:16.514,1.10191,1.10195,6.97,8.85
2016.07.22 13:25:16.568,1.10191,1.10195,7.72,8.25
2016.07.22 13:25:16.619,1.10192,1.10195,2.06,6.94
2016.07.22 13:25:16.670,1.10193,1.10195,1.00,4.50
2016.07.22 13:25:16.721,1.10195,1.10196,1.00,3.07
2016.07.22 13:25:16.773,1.10196,1.10197,3.75,3.07
2016.07.22 13:25:16.825,1.10196,1.10198,7.50,1.12
2016.07.22 13:25:16.876,1.10197,1.10199,2.25,2.25
2016.07.22 13:25:16.928,1.10197,1.10199,1.50,1.72
2016.07.22 13:25:16.980,1.10196,1.10198,3.75,1.00
2016.07.22 13:25:17.031,1.10197,1.10198,1.00,1.35
2016.07.22 13:25:17.126,1.10196,1.10198,1.37,1.72
2016.07.22 13:25:17.184,1.10194,1.10198,3.94,7.31
2016.07.22 13:25:17.235,1.10194,1.10197,2.51,1.00
2016.07.22 13:25:17.286,1.10193,1.10194,6.56,1.50
2016.07.22 13:25:17.337,1.10193,1.10194,4.76,3.37
2016.07.22 13:25:17.389,1.10192,1.10193,1.05,4.50
2016.07.22 13:25:17.440,1.10191,1.10193,1.00,3.75
2016.07.22 13:25:17.491,1.10191,1.10193,1.00,4.31
2016.07.22 13:25:17.542,1.1019,1.10192,3.00,1.50
2016.07.22 13:25:17.593,1.10189,1.10191,4.12,2.85
2016.07.22 13:25:17.646,1.10189,1.10191,3.75,2.85
2016.07.22 13:25:17.783,1.10188,1.10191,3.00,6.22
2016.07.22 13:25:17.835,1.10188,1.10191,3.00,6.22
2016.07.22 13:25:17.886,1.10188,1.1019,3.00,1.35
2016.07.22 13:25:17.937,1.10188,1.1019,2.25,1.35
2016.07.22 13:25:17.988,1.10188,1.1019,1.50,1.35
2016.07.22 13:25:18.090,1.10188,1.1019,1.00,1.00
2016.07.22 13:25:18.191,1.10188,1.1019,1.50,1.00
2016.07.22 13:25:18.627,1.1019,1.10191,1.00,7.72
2016.07.22 13:25:18.678,1.1019,1.10191,1.50,5.25
2016.07.22 13:25:18.729,1.10191,1.10192,1.87,2.25
2016.07.22 13:25:18.780,1.10191,1.10192,1.87,1.00
2016.07.22 13:25:18.831,1.10191,1.10192,3.75,1.00
2016.07.22 13:25:18.883,1.10192,1.10193,1.00,1.00
2016.07.22 13:25:18.934,1.10192,1.10195,2.06,5.51
2016.07.22 13:25:18.985,1.10192,1.10195,4.69,4.50
2016.07.22 13:25:19.036,1.10192,1.10195,4.69,2.25
2016.07.22 13:25:19.088,1.10192,1.10195,4.69,3.00
2016.07.22 13:25:19.140,1.10192,1.10195,4.69,3.75
2016.07.22 13:25:19.192,1.10192,1.10195,3.94,3.75
2016.07.22 13:25:19.331,1.10192,1.10195,2.44,3.37
2016.07.22 13:25:19.383,1.10192,1.10194,1.25,1.00
2016.07.22 13:25:19.586,1.10192,1.10195,1.25,4.87
2016.07.22 13:25:19.688,1.10192,1.10194,1.25,1.00
2016.07.22 13:25:19.739,1.10192,1.10194,1.25,1.35
2016.07.22 13:25:19.789,1.10192,1.10194,1.25,2.10
2016.07.22 13:25:19.840,1.10192,1.10194,1.25,1.50
2016.07.22 13:25:19.892,1.10191,1.10194,1.57,5.66
2016.07.22 13:25:19.943,1.10191,1.10193,1.00,1.00
2016.07.22 13:25:19.994,1.1019,1.10193,7.20,1.00
2016.07.22 13:25:20.045,1.10191,1.10193,1.12,1.00
2016.07.22 13:25:20.181,1.10191,1.10193,2.06,1.00
2016.07.22 13:25:20.232,1.10191,1.10193,1.69,1.00
2016.07.22 13:25:20.283,1.10191,1.10194,1.69,2.66
2016.07.22 13:25:20.334,1.10191,1.10194,1.69,1.91
2016.07.22 13:25:20.386,1.10191,1.10194,1.69,3.04
2016.07.22 13:25:20.437,1.10191,1.10194,1.69,3.19
2016.07.22 13:25:20.488,1.10191,1.10194,3.94,2.44
2016.07.22 13:25:20.540,1.10192,1.10194,1.12,1.69
2016.07.22 13:25:20.591,1.10192,1.10194,1.87,1.00
2016.07.22 13:25:20.642,1.10192,1.10194,2.62,1.00
2016.07.22 13:25:20.694,1.10193,1.10196,1.12,5.26
2016.07.22 13:25:20.796,1.10193,1.10195,1.12,1.10
2016.07.22 13:25:20.956,1.10193,1.10195,1.00,1.10
2016.07.22 13:25:21.109,1.10193,1.10196,1.00,5.25
2016.07.22 13:25:21.160,1.10193,1.10196,1.00,6.01
2016.07.22 13:25:21.262,1.10193,1.10196,1.00,4.96
2016.07.22 13:25:21.313,1.10193,1.10196,1.50,3.09
2016.07.22 13:25:21.366,1.10193,1.10196,2.25,3.27
2016.07.22 13:25:21.521,1.10193,1.10196,2.25,3.65
2016.07.22 13:25:21.577,1.10193,1.10196,2.25,4.40
2016.07.22 13:25:21.977,1.10193,1.10196,1.50,4.21
2016.07.22 13:25:22.078,1.10193,1.10196,2.25,4.40
2016.07.22 13:25:22.587,1.10193,1.10196,2.25,3.65
2016.07.22 13:25:22.943,1.10193,1.10196,2.25,3.27
2016.07.22 13:25:23.069,1.10193,1.10196,2.25,4.02
2016.07.22 13:25:23.120,1.10193,1.10196,2.25,4.40
2016.07.22 13:25:23.273,1.10193,1.10196,2.25,3.65
2016.07.22 13:25:23.325,1.10193,1.10196,2.25,3.27
2016.07.22 13:25:23.426,1.10193,1.10196,1.00,3.27
2016.07.22 13:25:23.782,1.10192,1.10196,2.62,3.09
2016.07.22 13:25:23.987,1.10193,1.10195,1.00,4.35
2016.07.22 13:25:24.038,1.10192,1.10193,1.50,1.12
2016.07.22 13:25:24.090,1.10191,1.10193,4.95,3.37
2016.07.22 13:25:24.220,1.1019,1.10193,2.44,1.69
2016.07.22 13:25:24.272,1.1019,1.10192,2.06,1.60
2016.07.22 13:25:24.324,1.1019,1.10191,1.50,1.00
2016.07.22 13:25:24.426,1.10189,1.10192,3.56,1.87
2016.07.22 13:25:24.477,1.10189,1.10191,2.06,1.00
2016.07.22 13:25:24.580,1.10189,1.10192,2.06,1.50
2016.07.22 13:25:24.631,1.10189,1.10193,1.69,7.69
2016.07.22 13:25:24.682,1.10189,1.10192,1.69,1.00
2016.07.22 13:25:24.835,1.10189,1.10192,2.06,1.00
2016.07.22 13:25:24.976,1.10189,1.10192,2.81,1.00
2016.07.22 13:25:25.027,1.10189,1.10192,2.06,1.00
2016.07.22 13:25:25.078,1.10189,1.10192,1.69,1.00
2016.07.22 13:25:25.180,1.10189,1.10192,2.44,1.00
2016.07.22 13:25:25.383,1.10189,1.10192,2.44,1.00
2016.07.22 13:25:25.435,1.10189,1.10192,3.19,1.00
2016.07.22 13:25:25.843,1.10189,1.10192,3.94,1.00
2016.07.22 13:25:25.894,1.10189,1.10192,3.19,1.00
2016.07.22 13:25:25.996,1.10189,1.10192,3.94,1.50
2016.07.22 13:25:26.584,1.10189,1.10192,3.19,1.50
2016.07.22 13:25:26.686,1.10189,1.10192,3.94,1.50
2016.07.22 13:25:26.736,1.10189,1.10192,4.31,1.50
2016.07.22 13:25:26.838,1.10189,1.10192,3.94,1.00
2016.07.22 13:25:26.940,1.10189,1.10192,3.56,1.00
2016.07.22 13:25:26.991,1.10189,1.10193,3.19,5.25
2016.07.22 13:25:27.043,1.1019,1.10193,1.25,2.25
2016.07.22 13:25:27.093,1.1019,1.10193,1.25,1.00
2016.07.22 13:25:27.835,1.1019,1.10193,1.25,1.12
2016.07.22 13:25:27.886,1.10189,1.10193,5.81,1.69
2016.07.22 13:25:27.937,1.10189,1.10193,5.06,1.69
2016.07.22 13:25:27.988,1.10189,1.10193,4.31,1.50
2016.07.22 13:25:28.039,1.10189,1.10193,4.31,2.62
2016.07.22 13:25:28.090,1.10189,1.10193,4.31,2.44
2016.07.22 13:25:28.141,1.1019,1.10193,1.00,2.44
2016.07.22 13:25:28.192,1.1019,1.10193,1.00,2.25
2016.07.22 13:25:28.243,1.1019,1.10193,1.12,1.12
2016.07.22 13:25:28.376,1.10189,1.10193,5.81,2.06
2016.07.22 13:25:28.427,1.1019,1.10193,1.00,1.12
2016.07.22 13:25:28.478,1.1019,1.10193,1.12,1.00
2016.07.22 13:25:28.529,1.1019,1.10193,1.12,1.00
2016.07.22 13:25:28.580,1.1019,1.10193,1.00,1.00
2016.07.22 13:25:29.717,1.1019,1.10193,1.00,1.00
2016.07.22 13:25:30.023,1.10189,1.10193,7.31,1.12
2016.07.22 13:25:30.074,1.10189,1.10193,8.44,1.50
2016.07.22 13:25:30.125,1.10189,1.10193,9.94,1.12
2016.07.22 13:25:30.176,1.10189,1.10193,9.19,1.00
2016.07.22 13:25:30.278,1.10189,1.10193,8.81,1.00
2016.07.22 13:25:30.329,1.1019,1.10193,1.12,1.00
2016.07.22 13:25:30.380,1.1019,1.10193,1.87,1.00
2016.07.22 13:25:30.532,1.1019,1.10193,1.12,1.00
2016.07.22 13:25:30.710,1.1019,1.10193,1.50,2.81
2016.07.22 13:25:30.761,1.1019,1.10193,1.50,3.19
2016.07.22 13:25:30.812,1.1019,1.10193,1.50,2.44
2016.07.22 13:25:31.016,1.1019,1.10193,1.50,1.25
2016.07.22 13:25:31.271,1.1019,1.10193,1.87,1.25
2016.07.22 13:25:31.323,1.1019,1.10193,1.87,1.00
2016.07.22 13:25:31.800,1.1019,1.10194,2.25,9.60
2016.07.22 13:25:31.852,1.10191,1.10194,1.65,6.37
2016.07.22 13:25:31.904,1.10193,1.10194,1.00,3.75
2016.07.22 13:25:31.955,1.10193,1.10194,1.00,1.35
2016.07.22 13:25:32.058,1.10193,1.10194,1.00,2.47
2016.07.22 13:25:32.109,1.10192,1.10194,1.50,2.47
2016.07.22 13:25:32.211,1.10192,1.10194,1.00,2.47
2016.07.22 13:25:32.313,1.10192,1.10194,1.00,3.22
2016.07.22 13:25:32.415,1.10191,1.10194,3.64,3.79
2016.07.22 13:25:32.525,1.10191,1.10194,2.70,3.79
2016.07.22 13:25:32.577,1.10191,1.10192,2.32,1.05
2016.07.22 13:25:32.629,1.1019,1.10192,5.62,5.69
2016.07.22 13:25:32.681,1.1019,1.10191,3.37,1.35
2016.07.22 13:25:32.732,1.1019,1.10191,2.25,2.10
2016.07.22 13:25:32.783,1.1019,1.10191,2.25,1.50
2016.07.22 13:25:32.834,1.10188,1.10191,2.25,3.22
2016.07.22 13:25:32.886,1.10188,1.10191,1.87,4.35
2016.07.22 13:25:33.040,1.10188,1.10191,1.12,2.85
2016.07.22 13:25:33.142,1.10188,1.10191,1.87,4.35
2016.07.22 13:25:33.428,1.10188,1.10191,1.50,4.35
2016.07.22 13:25:33.734,1.10188,1.10191,1.50,5.85
2016.07.22 13:25:34.089,1.10188,1.10191,1.50,5.47
2016.07.22 13:25:34.191,1.10188,1.10191,1.50,5.85
2016.07.22 13:25:34.242,1.10188,1.1019,1.50,1.30
2016.07.22 13:25:34.367,1.10188,1.10189,1.00,2.10
2016.07.22 13:25:34.426,1.10187,1.10189,1.76,2.10
2016.07.22 13:25:34.477,1.10187,1.10189,1.31,2.10
2016.07.22 13:25:34.528,1.10186,1.10189,19.76,1.35
2016.07.22 13:25:34.579,1.10186,1.10189,19.39,1.72
2016.07.22 13:25:34.630,1.10187,1.10189,1.31,2.47
2016.07.22 13:25:34.732,1.10186,1.10187,14.89,1.12
2016.07.22 13:25:34.784,1.10185,1.10187,12.00,3.60
2016.07.22 13:25:34.836,1.10185,1.10186,1.10,1.35
2016.07.22 13:25:34.887,1.10184,1.10186,1.50,1.35
2016.07.22 13:25:34.938,1.10183,1.10187,8.62,4.73
2016.07.22 13:25:34.989,1.10183,1.10187,10.87,2.85
2016.07.22 13:25:35.074,1.10185,1.10187,1.00,2.85
2016.07.22 13:25:35.126,1.10185,1.10187,1.50,1.00
2016.07.22 13:25:35.177,1.10185,1.10187,4.50,1.00
2016.07.22 13:25:35.229,1.10185,1.10187,4.87,1.00
2016.07.22 13:25:35.330,1.10185,1.10188,4.50,1.12
2016.07.22 13:25:35.382,1.10185,1.10188,4.12,1.50
2016.07.22 13:25:35.432,1.10185,1.10188,4.50,1.12
2016.07.22 13:25:35.483,1.10185,1.10188,4.87,1.00
2016.07.22 13:25:35.585,1.10185,1.10188,3.00,1.00
2016.07.22 13:25:35.636,1.10185,1.10188,2.25,1.00
2016.07.22 13:25:35.738,1.10185,1.10188,3.00,1.00
2016.07.22 13:25:35.789,1.10185,1.10188,2.25,1.00
2016.07.22 13:25:35.840,1.10185,1.10188,2.62,1.00
2016.07.22 13:25:35.891,1.10185,1.10188,4.50,1.00
2016.07.22 13:25:35.943,1.10186,1.10189,1.20,3.26
2016.07.22 13:25:36.027,1.10187,1.10189,1.12,2.70
2016.07.22 13:25:36.078,1.10187,1.10189,3.56,1.50
2016.07.22 13:25:36.129,1.10188,1.10189,1.12,1.50
2016.07.22 13:25:36.181,1.10188,1.10189,1.87,1.00
2016.07.22 13:25:36.232,1.10189,1.1019,1.12,1.00
2016.07.22 13:25:36.284,1.10189,1.10191,1.12,1.00
2016.07.22 13:25:36.335,1.10189,1.10191,1.12,1.12
2016.07.22 13:25:36.386,1.10189,1.10191,1.50,1.00
2016.07.22 13:25:36.437,1.1019,1.10191,2.25,1.87
2016.07.22 13:25:36.489,1.1019,1.10192,7.50,2.25
2016.07.22 13:25:36.540,1.10192,1.10193,3.00,1.10
2016.07.22 13:25:36.670,1.10193,1.10194,1.00,1.00
2016.07.22 13:25:36.823,1.10192,1.10194,1.00,1.54
2016.07.22 13:25:37.026,1.10192,1.10194,1.00,1.25
2016.07.22 13:25:37.396,1.10191,1.10194,1.00,1.72
2016.07.22 13:25:37.447,1.1019,1.10194,2.51,4.35
2016.07.22 13:25:37.498,1.1019,1.10194,2.51,4.72
2016.07.22 13:25:37.549,1.1019,1.10194,4.01,4.72
2016.07.22 13:25:37.600,1.1019,1.10194,4.76,4.72
2016.07.22 13:25:37.651,1.1019,1.10194,7.76,3.60
2016.07.22 13:25:37.702,1.10191,1.10194,1.00,3.22
2016.07.22 13:25:37.753,1.1019,1.10194,4.76,5.10
2016.07.22 13:25:37.804,1.1019,1.10194,4.76,5.47
2016.07.22 13:25:37.855,1.1019,1.10194,6.26,2.66
2016.07.22 13:25:37.906,1.10191,1.10194,1.00,2.29
2016.07.22 13:25:37.957,1.10191,1.10194,1.00,3.22
2016.07.22 13:25:38.212,1.10191,1.10194,1.00,2.29
2016.07.22 13:25:38.315,1.10191,1.10194,1.00,3.22
2016.07.22 13:25:38.602,1.10191,1.10194,1.00,2.62
2016.07.22 13:25:38.858,1.10191,1.10194,1.00,2.87
2016.07.22 13:25:38.960,1.10191,1.10194,1.00,1.00
2016.07.22 13:25:39.011,1.10191,1.10194,1.00,2.87
2016.07.22 13:25:39.676,1.10191,1.10194,1.00,3.47
2016.07.22 13:25:39.778,1.10191,1.10194,1.00,4.97
2016.07.22 13:25:40.165,1.10191,1.10194,1.00,5.35
2016.07.22 13:25:40.216,1.1019,1.10194,6.26,5.72
2016.07.22 13:25:40.267,1.1019,1.10194,4.76,5.35
2016.07.22 13:25:40.318,1.1019,1.10194,4.76,5.72
2016.07.22 13:25:40.420,1.1019,1.10194,4.76,4.97
2016.07.22 13:25:40.471,1.1019,1.10194,3.26,4.97
2016.07.22 13:25:40.600,1.1019,1.10194,4.76,4.97
2016.07.22 13:25:40.651,1.1019,1.10194,4.01,4.04
2016.07.22 13:25:40.702,1.1019,1.10194,3.26,4.04
2016.07.22 13:25:40.753,1.1019,1.10194,4.01,4.97
2016.07.22 13:25:41.005,1.1019,1.10194,4.76,4.97
2016.07.22 13:25:41.289,1.1019,1.10194,4.01,5.72
2016.07.22 13:25:41.340,1.1019,1.10194,3.45,6.41
2016.07.22 13:25:41.391,1.1019,1.10194,1.10,8.29
2016.07.22 13:25:41.443,1.10189,1.10192,2.62,3.00
2016.07.22 13:25:41.494,1.10189,1.10192,2.62,6.41
2016.07.22 13:25:41.545,1.10188,1.10191,2.25,3.94
2016.07.22 13:25:41.602,1.10188,1.10191,1.87,5.12
2016.07.22 13:25:41.734,1.1019,1.10191,1.12,1.12
2016.07.22 13:25:41.785,1.1019,1.10191,3.52,1.00
2016.07.22 13:25:41.887,1.1019,1.10191,4.27,1.00
2016.07.22 13:25:41.938,1.1019,1.10191,2.40,1.00
2016.07.22 13:25:41.989,1.10189,1.10191,3.45,1.00
2016.07.22 13:25:42.040,1.1019,1.10191,1.00,1.00
2016.07.22 13:25:42.142,1.1019,1.10192,1.00,2.25
2016.07.22 13:25:42.448,1.10189,1.10192,1.95,2.25
2016.07.22 13:25:42.828,1.10189,1.10192,1.20,1.00
2016.07.22 13:25:42.930,1.10189,1.10192,1.95,1.50
2016.07.22 13:25:43.133,1.10189,1.10192,1.20,1.00
2016.07.22 13:25:43.234,1.10189,1.10192,1.95,1.50
2016.07.22 13:25:43.928,1.10189,1.10192,1.20,1.00
2016.07.22 13:25:43.979,1.10189,1.10192,1.20,1.60
2016.07.22 13:25:44.030,1.10188,1.1019,4.31,1.00
2016.07.22 13:25:44.127,1.10188,1.1019,1.12,1.31
2016.07.22 13:25:44.178,1.10187,1.1019,1.50,1.50
2016.07.22 13:25:44.229,1.10188,1.1019,1.00,1.12
2016.07.22 13:25:44.383,1.10188,1.1019,1.00,1.25
2016.07.22 13:25:44.485,1.10188,1.1019,1.00,1.12
2016.07.22 13:25:44.536,1.10188,1.1019,1.50,1.31
2016.07.22 13:25:44.740,1.10188,1.1019,1.87,1.31
2016.07.22 13:25:44.790,1.10188,1.1019,2.25,1.31
2016.07.22 13:25:45.493,1.10188,1.1019,2.25,1.12
2016.07.22 13:25:45.595,1.10188,1.1019,2.25,1.31
2016.07.22 13:25:45.696,1.10188,1.1019,2.25,1.12
2016.07.22 13:25:45.766,1.10188,1.1019,2.25,1.31
2016.07.22 13:25:46.020,1.10188,1.1019,2.25,1.12
2016.07.22 13:25:46.071,1.10188,1.1019,2.25,1.25
2016.07.22 13:25:46.122,1.10188,1.1019,2.25,1.12
2016.07.22 13:25:46.173,1.10188,1.1019,2.25,1.31
2016.07.22 13:25:46.478,1.10188,1.1019,2.25,1.69
2016.07.22 13:25:46.570,1.10187,1.1019,4.87,1.50
2016.07.22 13:25:46.623,1.10187,1.10189,1.00,2.81
2016.07.22 13:25:46.674,1.10186,1.10189,3.37,4.91
2016.07.22 13:25:46.725,1.10186,1.10189,2.25,6.79
2016.07.22 13:25:46.776,1.10186,1.10189,1.50,6.60
2016.07.22 13:25:47.030,1.10186,1.10189,1.50,7.67
2016.07.22 13:25:47.132,1.10186,1.10189,1.50,7.49
2016.07.22 13:25:47.378,1.10186,1.10189,1.00,5.99
2016.07.22 13:25:47.480,1.10186,1.10189,1.50,7.49
2016.07.22 13:25:47.835,1.10186,1.10189,1.50,5.24
2016.07.22 13:25:48.020,1.10186,1.10189,1.00,5.24
2016.07.22 13:25:48.173,1.10185,1.10189,7.20,5.24
2016.07.22 13:25:48.224,1.10186,1.10189,1.00,5.24
2016.07.22 13:25:48.274,1.10186,1.10189,1.00,4.49
2016.07.22 13:25:48.325,1.10186,1.10189,1.50,4.49
2016.07.22 13:25:48.564,1.10187,1.1019,2.25,1.47
2016.07.22 13:25:48.615,1.10187,1.10191,3.37,4.50
2016.07.22 13:25:48.666,1.10189,1.10191,1.87,2.70
2016.07.22 13:25:48.717,1.10189,1.10191,1.87,1.10
2016.07.22 13:25:48.768,1.1019,1.10191,1.12,1.00
2016.07.22 13:25:48.820,1.1019,1.10191,1.50,1.00
2016.07.22 13:25:48.871,1.1019,1.10191,1.00,1.00
2016.07.22 13:25:48.973,1.10189,1.10191,3.00,1.00
2016.07.22 13:25:49.075,1.10189,1.10193,2.25,7.05
2016.07.22 13:25:49.177,1.10189,1.10193,1.50,6.11
2016.07.22 13:25:49.279,1.10189,1.10193,2.25,7.05
2016.07.22 13:25:49.651,1.10189,1.10193,1.50,6.11
2016.07.22 13:25:49.752,1.10189,1.10193,2.62,7.05
2016.07.22 13:25:49.905,1.10189,1.10193,2.62,7.80
2016.07.22 13:25:49.956,1.10189,1.10193,1.87,6.86
2016.07.22 13:25:50.057,1.10189,1.10193,2.62,7.80
2016.07.22 13:25:50.159,1.10189,1.10193,1.87,6.86
2016.07.22 13:25:50.260,1.10189,1.10193,2.62,7.80
2016.07.22 13:25:51.635,1.10189,1.10193,2.62,7.42
2016.07.22 13:25:52.578,1.10189,1.10192,2.25,1.30
2016.07.22 13:25:53.339,1.10189,1.10192,4.12,1.30
2016.07.22 13:25:53.390,1.10189,1.10192,3.37,1.30
2016.07.22 13:25:53.441,1.10189,1.10193,3.75,6.49
2016.07.22 13:25:53.492,1.1019,1.10193,2.25,3.07
2016.07.22 13:25:53.543,1.1019,1.10193,6.00,1.01
2016.07.22 13:25:53.684,1.1019,1.10194,6.94,3.11
2016.07.22 13:25:53.735,1.10191,1.10194,1.12,4.24
2016.07.22 13:25:53.786,1.10191,1.10194,1.00,4.61
2016.07.22 13:25:53.837,1.1019,1.10194,5.81,5.74
2016.07.22 13:25:53.938,1.1019,1.10194,5.81,5.36
2016.07.22 13:25:53.989,1.1019,1.10194,4.69,5.36
2016.07.22 13:25:54.091,1.1019,1.10193,3.94,1.30
2016.07.22 13:25:54.142,1.1019,1.10194,3.75,7.42
2016.07.22 13:25:54.193,1.1019,1.10194,4.50,8.55
2016.07.22 13:25:54.244,1.1019,1.10193,3.75,2.66
2016.07.22 13:25:54.295,1.1019,1.10193,3.00,2.66
2016.07.22 13:25:54.346,1.1019,1.10194,3.75,5.92
2016.07.22 13:25:54.398,1.1019,1.10194,10.65,4.20
2016.07.22 13:25:54.449,1.10192,1.10194,1.12,1.10
2016.07.22 13:25:54.638,1.10192,1.10194,1.12,1.00
2016.07.22 13:25:54.689,1.10192,1.10194,1.12,1.35
2016.07.22 13:25:54.741,1.10192,1.10194,1.00,1.72
2016.07.22 13:25:54.843,1.10192,1.10194,1.00,2.47
2016.07.22 13:25:54.894,1.10192,1.10194,1.00,2.85
2016.07.22 13:25:55.250,1.10191,1.10194,4.12,2.66
2016.07.22 13:25:55.352,1.10192,1.10194,1.00,2.85
2016.07.22 13:25:55.454,1.10191,1.10194,4.12,2.66
2016.07.22 13:25:55.555,1.10192,1.10194,1.00,2.85
2016.07.22 13:25:55.864,1.10192,1.10194,1.00,3.60
2016.07.22 13:25:55.966,1.10192,1.10194,1.00,3.41
2016.07.22 13:25:56.170,1.10192,1.10194,1.00,3.04
2016.07.22 13:25:56.323,1.10192,1.10194,1.00,3.79
2016.07.22 13:25:56.374,1.10192,1.10194,1.00,4.35
2016.07.22 13:25:56.425,1.10191,1.10194,5.62,6.60
2016.07.22 13:25:56.476,1.10191,1.10192,1.87,1.30
2016.07.22 13:25:56.528,1.1019,1.10193,4.87,5.66
2016.07.22 13:25:56.579,1.1019,1.10192,2.25,1.72
2016.07.22 13:25:56.630,1.1019,1.10192,1.50,1.72
2016.07.22 13:25:56.681,1.1019,1.10192,1.50,1.91
2016.07.22 13:25:56.732,1.1019,1.10192,1.00,1.16
2016.07.22 13:25:56.825,1.1019,1.10192,2.25,1.31
2016.07.22 13:25:56.877,1.1019,1.10192,1.50,1.00
2016.07.22 13:25:57.030,1.10189,1.10193,6.07,3.37
2016.07.22 13:25:57.081,1.1019,1.10193,1.12,3.04
2016.07.22 13:25:57.132,1.1019,1.10193,1.87,2.29
2016.07.22 13:25:57.183,1.1019,1.10193,3.00,2.44
2016.07.22 13:25:57.285,1.1019,1.10193,3.00,1.69
2016.07.22 13:25:57.488,1.1019,1.10193,2.62,1.69
2016.07.22 13:25:57.883,1.1019,1.10193,2.25,1.31
2016.07.22 13:25:57.935,1.1019,1.10193,3.00,1.25
2016.07.22 13:25:57.987,1.1019,1.10193,3.37,1.25
2016.07.22 13:25:58.038,1.1019,1.10193,2.62,1.25
2016.07.22 13:25:58.090,1.1019,1.10193,3.00,1.25
2016.07.22 13:25:58.142,1.1019,1.10193,3.75,1.25
2016.07.22 13:25:58.193,1.1019,1.10193,3.75,1.00
2016.07.22 13:25:59.119,1.1019,1.10194,4.50,3.49
2016.07.22 13:25:59.170,1.1019,1.10194,5.25,3.49
2016.07.22 13:25:59.373,1.1019,1.10194,3.37,2.55
2016.07.22 13:25:59.475,1.1019,1.10194,4.12,3.49
2016.07.22 13:26:00.262,1.1019,1.10194,4.87,2.36
2016.07.22 13:26:00.314,1.1019,1.10194,5.62,2.36
2016.07.22 13:26:00.568,1.1019,1.10194,6.75,2.36
2016.07.22 13:26:00.671,1.1019,1.10194,6.00,2.36
2016.07.22 13:26:00.773,1.10191,1.10194,1.87,1.76
2016.07.22 13:26:00.824,1.10191,1.10194,10.87,1.76
2016.07.22 13:26:00.875,1.10191,1.10194,18.60,1.50
2016.07.22 13:26:00.927,1.10193,1.10194,1.00,1.00
2016.07.22 13:26:00.979,1.10193,1.10195,1.87,2.81
2016.07.22 13:26:01.109,1.10194,1.10196,2.25,1.69
2016.07.22 13:26:01.161,1.10194,1.10196,1.50,1.87
2016.07.22 13:26:01.212,1.10194,1.10196,1.10,2.62
2016.07.22 13:26:01.263,1.10193,1.10196,1.87,3.00
2016.07.22 13:26:01.314,1.10193,1.10196,1.57,3.00
2016.07.22 13:26:01.365,1.10192,1.10196,5.06,3.00
2016.07.22 13:26:01.417,1.10192,1.10196,4.31,4.50
2016.07.22 13:26:01.468,1.10192,1.10196,2.81,8.06
2016.07.22 13:26:01.519,1.10192,1.10195,2.51,2.44
2016.07.22 13:26:01.621,1.10192,1.10195,1.76,2.25
2016.07.22 13:26:01.673,1.10192,1.10195,1.76,2.44
2016.07.22 13:26:01.878,1.10192,1.10195,2.51,2.85
2016.07.22 13:26:01.980,1.10192,1.10195,2.51,2.66
2016.07.22 13:26:02.031,1.10192,1.10195,2.89,1.12
2016.07.22 13:26:02.183,1.10192,1.10195,2.14,1.12
2016.07.22 13:26:02.286,1.10192,1.10195,2.89,1.12
2016.07.22 13:26:02.387,1.10192,1.10195,2.14,1.00
2016.07.22 13:26:02.439,1.10192,1.10196,2.89,6.60
2016.07.22 13:26:02.491,1.10192,1.10196,4.39,6.60
2016.07.22 13:26:02.542,1.10192,1.10196,4.01,5.85
2016.07.22 13:26:02.593,1.10193,1.10196,1.00,6.79
2016.07.22 13:26:02.756,1.10193,1.10196,1.00,6.41
2016.07.22 13:26:02.910,1.10192,1.10196,2.51,5.66
2016.07.22 13:26:03.317,1.10192,1.10196,2.51,4.72
2016.07.22 13:26:03.419,1.10192,1.10196,2.51,5.66
2016.07.22 13:26:03.520,1.10192,1.10196,2.51,4.72
2016.07.22 13:26:03.622,1.10192,1.10195,1.76,1.00
2016.07.22 13:26:03.908,1.10192,1.10195,2.14,1.00
2016.07.22 13:26:04.214,1.10192,1.10195,3.26,1.00
2016.07.22 13:26:04.265,1.10192,1.10196,3.64,4.87
2016.07.22 13:26:04.316,1.10192,1.10196,3.26,4.87
2016.07.22 13:26:04.367,1.10192,1.10195,2.89,1.00
2016.07.22 13:26:04.658,1.10193,1.10195,1.50,1.00
2016.07.22 13:26:05.072,1.10193,1.10195,1.00,1.00
2016.07.22 13:26:05.123,1.10192,1.10195,2.51,1.00
2016.07.22 13:26:05.174,1.10192,1.10195,2.51,1.35
2016.07.22 13:26:06.527,1.10192,1.10195,2.51,1.12
2016.07.22 13:26:06.578,1.10192,1.10195,2.44,1.69
2016.07.22 13:26:06.629,1.10192,1.10195,2.44,3.04
2016.07.22 13:26:06.680,1.10192,1.10195,2.44,4.91
2016.07.22 13:26:06.806,1.10192,1.10195,2.44,5.66
2016.07.22 13:26:06.857,1.10192,1.10195,2.44,3.04
2016.07.22 13:26:06.908,1.10192,1.10195,1.69,3.04
2016.07.22 13:26:06.959,1.10192,1.10195,1.69,2.85
2016.07.22 13:26:07.061,1.10192,1.10195,1.69,3.04
2016.07.22 13:26:07.112,1.10192,1.10195,1.69,2.85
2016.07.22 13:26:07.264,1.10192,1.10195,1.69,2.66
2016.07.22 13:26:07.315,1.10192,1.10195,1.69,2.85
2016.07.22 13:26:07.366,1.10192,1.10195,1.69,3.04
2016.07.22 13:26:07.468,1.10192,1.10195,1.69,2.85
2016.07.22 13:26:07.569,1.10192,1.10195,1.69,4.16
2016.07.22 13:26:07.620,1.10192,1.10194,1.69,3.97
2016.07.22 13:26:07.672,1.1019,1.10192,16.69,1.60
2016.07.22 13:26:07.723,1.10191,1.10192,1.12,1.72
2016.07.22 13:26:07.870,1.1019,1.10192,1.00,3.97
2016.07.22 13:26:07.922,1.1019,1.10192,1.00,1.87
2016.07.22 13:26:07.973,1.1019,1.10192,1.00,1.12
2016.07.22 13:26:08.127,1.1019,1.10192,1.50,1.12
2016.07.22 13:26:08.178,1.1019,1.10192,3.00,1.00
2016.07.22 13:26:08.229,1.10191,1.10193,3.15,1.50
2016.07.22 13:26:08.281,1.10191,1.10194,9.52,3.30
2016.07.22 13:26:08.333,1.10193,1.10194,1.00,2.55
2016.07.22 13:26:08.384,1.10193,1.10194,1.00,1.35
2016.07.22 13:26:08.486,1.10193,1.10194,1.00,1.00
2016.07.22 13:26:08.647,1.10193,1.10196,1.00,4.31
2016.07.22 13:26:08.698,1.10193,1.10196,1.12,5.06
2016.07.22 13:26:08.750,1.10193,1.10196,1.12,3.56
2016.07.22 13:26:08.802,1.10193,1.10196,2.70,2.44
2016.07.22 13:26:08.905,1.10193,1.10197,1.10,7.91
2016.07.22 13:26:09.007,1.10193,1.10196,1.57,1.25
2016.07.22 13:26:09.058,1.10193,1.10196,2.70,1.25
2016.07.22 13:26:09.527,1.10193,1.10196,1.95,1.25
2016.07.22 13:26:09.798,1.10193,1.10196,2.70,1.25
2016.07.22 13:26:10.273,1.10193,1.10196,4.95,1.00
2016.07.22 13:26:10.324,1.10194,1.10197,1.00,5.62
2016.07.22 13:26:10.375,1.10194,1.10196,1.00,1.00
2016.07.22 13:26:10.477,1.10194,1.10197,5.47,1.50
2016.07.22 13:26:10.528,1.10195,1.10197,1.12,1.12
2016.07.22 13:26:10.579,1.10195,1.10197,1.50,1.00
2016.07.22 13:26:10.701,1.10195,1.10197,3.37,1.00
2016.07.22 13:26:10.956,1.10195,1.10197,2.62,1.00
2016.07.22 13:26:11.007,1.10195,1.10197,1.50,1.00
2016.07.22 13:26:11.058,1.10195,1.10197,1.50,1.35
2016.07.22 13:26:11.109,1.10195,1.10197,1.00,2.10
2016.07.22 13:26:11.161,1.10195,1.10197,1.00,3.97
2016.07.22 13:26:11.212,1.10194,1.10196,1.69,1.00
2016.07.22 13:26:11.263,1.10193,1.10196,4.39,1.00
2016.07.22 13:26:11.314,1.10194,1.10197,1.25,7.16
2016.07.22 13:26:11.417,1.10194,1.10196,1.25,1.30
2016.07.22 13:26:11.518,1.10193,1.10196,4.39,1.30
2016.07.22 13:26:11.648,1.10194,1.10196,1.25,1.30
2016.07.22 13:26:11.702,1.10194,1.10197,1.00,6.79
2016.07.22 13:26:11.754,1.10194,1.10196,1.00,1.35
2016.07.22 13:26:11.805,1.10194,1.10196,1.87,1.35
2016.07.22 13:26:11.907,1.10194,1.10196,1.87,1.00
2016.07.22 13:26:11.958,1.10194,1.10196,2.62,1.00
2016.07.22 13:26:13.497,1.10194,1.10196,2.62,1.00
2016.07.22 13:26:13.964,1.10194,1.10196,1.00,1.00
2016.07.22 13:26:14.015,1.10193,1.10196,8.70,1.00
2016.07.22 13:26:14.241,1.10194,1.10196,1.00,1.00
2016.07.22 13:26:15.676,1.10194,1.10196,1.25,1.00
2016.07.22 13:26:15.727,1.10194,1.10196,2.81,1.00
2016.07.22 13:26:15.778,1.10195,1.10196,1.00,1.00
2016.07.22 13:26:16.306,1.10194,1.10196,2.44,1.00
2016.07.22 13:26:16.356,1.10194,1.10196,2.44,1.00
2016.07.22 13:26:16.408,1.10194,1.10196,2.81,1.00
2016.07.22 13:26:17.513,1.10194,1.10196,2.81,1.12
2016.07.22 13:26:17.564,1.10194,1.10195,2.81,1.00
2016.07.22 13:26:17.615,1.10194,1.10195,1.25,1.00
2016.07.22 13:26:19.090,1.10194,1.10196,1.25,2.47
2016.07.22 13:26:19.141,1.10194,1.10196,1.69,2.47
2016.07.22 13:26:19.494,1.10194,1.10196,2.81,2.47
2016.07.22 13:26:19.545,1.10194,1.10196,2.81,2.47
2016.07.22 13:26:19.646,1.10194,1.10196,2.81,1.50
2016.07.22 13:26:19.697,1.10194,1.10196,2.81,1.00
2016.07.22 13:26:19.748,1.10194,1.10196,3.56,1.00
2016.07.22 13:26:20.154,1.10194,1.10196,2.81,1.00
2016.07.22 13:26:20.256,1.10194,1.10196,3.56,1.00
2016.07.22 13:26:20.408,1.10194,1.10196,2.81,1.00
2016.07.22 13:26:20.533,1.10194,1.10196,1.25,1.87
2016.07.22 13:26:20.737,1.10194,1.10196,1.25,1.87
2016.07.22 13:26:20.788,1.10194,1.10195,1.25,1.00
2016.07.22 13:26:21.043,1.10193,1.10195,3.56,1.87
2016.07.22 13:26:21.094,1.10192,1.10194,9.00,1.00
2016.07.22 13:26:21.146,1.10193,1.10194,3.00,1.00
2016.07.22 13:26:21.248,1.10193,1.10196,3.75,5.92
2016.07.22 13:26:21.299,1.10193,1.10196,3.75,5.55
2016.07.22 13:26:21.350,1.10193,1.10196,3.00,4.05
2016.07.22 13:26:21.536,1.10193,1.10196,3.00,6.86
2016.07.22 13:26:21.587,1.10193,1.10196,1.87,8.36
2016.07.22 13:26:21.638,1.10193,1.10195,1.12,1.00
2016.07.22 13:26:21.689,1.10193,1.10195,2.25,1.00
2016.07.22 13:26:21.740,1.10193,1.10196,2.25,2.70
2016.07.22 13:26:21.791,1.10193,1.10196,2.25,4.57
2016.07.22 13:26:21.944,1.10193,1.10196,2.25,3.82
2016.07.22 13:26:21.995,1.10193,1.10196,2.25,3.45
2016.07.22 13:26:22.097,1.10193,1.10196,2.25,3.82
2016.07.22 13:26:22.148,1.10193,1.10196,2.25,4.57
2016.07.22 13:26:22.301,1.10193,1.10196,2.25,4.20
2016.07.22 13:26:22.404,1.10193,1.10196,2.25,5.32
2016.07.22 13:26:22.505,1.10193,1.10195,2.25,2.62
2016.07.22 13:26:22.557,1.10193,1.10194,2.25,1.00
2016.07.22 13:26:22.608,1.10193,1.10194,2.25,1.00
2016.07.22 13:26:22.813,1.10193,1.10194,1.12,1.00
2016.07.22 13:26:22.864,1.10192,1.10195,6.75,3.94
2016.07.22 13:26:23.017,1.10193,1.10195,1.50,3.94
2016.07.22 13:26:23.068,1.10193,1.10195,1.50,5.06
2016.07.22 13:26:23.119,1.10193,1.10195,1.50,4.69
2016.07.22 13:26:23.170,1.10193,1.10195,1.50,3.75
2016.07.22 13:26:23.221,1.10192,1.10195,5.25,3.75
2016.07.22 13:26:23.272,1.10193,1.10195,1.50,4.69
2016.07.22 13:26:23.323,1.10193,1.10195,1.50,3.75
2016.07.22 13:26:23.374,1.10193,1.10195,1.50,2.81
2016.07.22 13:26:23.485,1.10193,1.10195,1.50,3.75
2016.07.22 13:26:23.536,1.10193,1.10195,1.50,4.69
2016.07.22 13:26:23.822,1.10193,1.10195,2.25,4.69
2016.07.22 13:26:23.873,1.10193,1.10195,2.25,3.56
2016.07.22 13:26:23.924,1.10193,1.10195,2.25,3.37
2016.07.22 13:26:23.975,1.10193,1.10195,2.25,4.12
2016.07.22 13:26:24.026,1.10193,1.10195,2.25,4.87
2016.07.22 13:26:24.076,1.10193,1.10195,1.12,4.87
2016.07.22 13:26:24.178,1.10193,1.10195,2.25,4.87
2016.07.22 13:26:24.280,1.10193,1.10195,2.25,4.12
2016.07.22 13:26:24.432,1.10193,1.10195,1.50,2.25
2016.07.22 13:26:24.483,1.10193,1.10195,1.50,3.75
2016.07.22 13:26:24.534,1.10193,1.10195,2.25,4.12
2016.07.22 13:26:24.788,1.10193,1.10195,1.87,3.37
2016.07.22 13:26:24.839,1.10193,1.10195,1.12,5.06
2016.07.22 13:26:24.955,1.10192,1.10193,1.00,1.87
2016.07.22 13:26:25.007,1.10191,1.10193,1.00,1.87
2016.07.22 13:26:25.058,1.10191,1.10193,2.50,1.87
2016.07.22 13:26:25.109,1.10191,1.10193,3.62,1.87
2016.07.22 13:26:25.161,1.10192,1.10193,1.50,1.50
2016.07.22 13:26:25.263,1.10192,1.10193,1.00,1.00
2016.07.22 13:26:25.365,1.10192,1.10193,1.50,1.00
2016.07.22 13:26:25.468,1.10192,1.10194,1.50,5.81
2016.07.22 13:26:25.519,1.10192,1.10194,1.50,1.69
2016.07.22 13:26:25.570,1.10193,1.10195,1.00,4.69
2016.07.22 13:26:25.622,1.10193,1.10195,1.00,1.00
2016.07.22 13:26:25.674,1.10193,1.10195,1.87,1.00
2016.07.22 13:26:25.812,1.10193,1.10195,3.00,1.00
2016.07.22 13:26:25.867,1.10193,1.10195,2.25,1.00
2016.07.22 13:26:25.918,1.10193,1.10195,3.00,1.00
2016.07.22 13:26:26.070,1.10193,1.10195,2.62,1.00
2016.07.22 13:26:26.121,1.10193,1.10195,3.00,1.00
2016.07.22 13:26:26.426,1.10193,1.10195,3.75,1.00
2016.07.22 13:26:26.630,1.10193,1.10195,3.00,1.00
2016.07.22 13:26:26.681,1.10193,1.10195,2.25,1.00
2016.07.22 13:26:26.782,1.10193,1.10195,3.00,1.00
2016.07.22 13:26:27.148,1.10194,1.10195,1.00,1.00
2016.07.22 13:26:29.506,1.10194,1.10195,1.00,1.00
2016.07.22 13:26:29.608,1.10194,1.10196,1.87,1.00
2016.07.22 13:26:30.244,1.10194,1.10195,1.87,1.00
2016.07.22 13:26:30.295,1.10194,1.10195,1.00,1.00
2016.07.22 13:26:30.347,1.10193,1.10194,5.06,1.00
2016.07.22 13:26:30.398,1.10193,1.10194,3.37,1.00
2016.07.22 13:26:30.449,1.10193,1.10194,3.00,1.00
2016.07.22 13:26:30.601,1.10193,1.10194,1.12,1.00
2016.07.22 13:26:30.652,1.10193,1.10195,1.12,6.00
2016.07.22 13:26:30.703,1.10193,1.10195,1.12,6.19
2016.07.22 13:26:30.754,1.10193,1.10194,1.12,1.00
2016.07.22 13:26:31.054,1.10193,1.10195,1.12,6.19
2016.07.22 13:26:31.156,1.10193,1.10194,1.12,1.00
2016.07.22 13:26:31.258,1.10193,1.10194,1.12,1.00
2016.07.22 13:26:31.564,1.10193,1.10196,2.62,5.81
2016.07.22 13:26:31.615,1.10193,1.10196,6.75,1.50
2016.07.22 13:26:31.667,1.10193,1.10196,9.00,1.00
2016.07.22 13:26:31.718,1.10194,1.10196,1.12,1.00
2016.07.22 13:26:31.770,1.10194,1.10196,1.87,1.00
2016.07.22 13:26:32.025,1.10194,1.10196,1.00,1.00
2016.07.22 13:26:32.076,1.10194,1.10196,1.00,1.50
2016.07.22 13:26:33.172,1.10194,1.10196,1.00,1.00
2016.07.22 13:26:33.277,1.10194,1.10196,1.00,1.50
2016.07.22 13:26:33.379,1.10194,1.10196,1.00,1.00
2016.07.22 13:26:33.481,1.10194,1.10196,1.00,1.50
2016.07.22 13:26:33.532,1.10194,1.10196,1.87,1.50
2016.07.22 13:26:33.664,1.10194,1.10196,1.87,1.00
2016.07.22 13:26:34.984,1.10194,1.10196,1.87,1.50
2016.07.22 13:26:35.168,1.10194,1.10196,1.87,1.00
2016.07.22 13:26:36.383,1.10194,1.10195,1.12,1.00
2016.07.22 13:26:36.434,1.10193,1.10195,6.56,1.00
2016.07.22 13:26:36.485,1.10194,1.10195,1.00,1.50
2016.07.22 13:26:36.587,1.10193,1.10195,4.75,3.75
2016.07.22 13:26:36.638,1.10193,1.10195,4.37,4.12
2016.07.22 13:26:36.689,1.10193,1.10194,2.25,1.00
2016.07.22 13:26:36.791,1.10193,1.10194,2.25,1.00
2016.07.22 13:26:36.892,1.10193,1.10195,2.50,2.25
2016.07.22 13:26:37.095,1.10194,1.10195,1.00,2.25
2016.07.22 13:26:37.146,1.10194,1.10195,1.00,1.50
2016.07.22 13:26:37.197,1.10193,1.10195,2.25,1.50
2016.07.22 13:26:37.322,1.10194,1.10195,1.00,1.50
2016.07.22 13:26:37.476,1.10193,1.10195,2.25,1.50
2016.07.22 13:26:37.578,1.10194,1.10196,1.50,2.62
2016.07.22 13:26:37.629,1.10194,1.10196,1.50,1.37
2016.07.22 13:26:37.681,1.10194,1.10196,1.50,1.00
2016.07.22 13:26:37.732,1.10194,1.10196,1.50,1.00
2016.07.22 13:26:37.783,1.10194,1.10196,2.25,1.50
2016.07.22 13:26:37.885,1.10194,1.10196,1.50,1.50
2016.07.22 13:26:38.140,1.10194,1.10196,2.25,1.50
2016.07.22 13:26:38.191,1.10194,1.10196,2.25,1.00
2016.07.22 13:26:38.501,1.10194,1.10196,3.37,1.00
2016.07.22 13:26:39.487,1.10194,1.10196,1.87,1.00
2016.07.22 13:26:39.589,1.10194,1.10196,3.37,1.00
2016.07.22 13:26:41.988,1.10194,1.10196,3.37,1.12
2016.07.22 13:26:42.090,1.10194,1.10196,2.62,1.00
2016.07.22 13:26:42.141,1.10194,1.10196,2.62,2.85
2016.07.22 13:26:42.192,1.10194,1.10195,1.00,1.00
2016.07.22 13:26:42.294,1.10194,1.10195,1.00,1.00
2016.07.22 13:26:42.819,1.10194,1.10195,1.00,1.50
2016.07.22 13:26:43.235,1.10193,1.10195,2.62,1.50
2016.07.22 13:26:43.489,1.10193,1.10195,2.62,1.00
2016.07.22 13:26:43.592,1.10193,1.10195,2.62,1.12
2016.07.22 13:26:43.643,1.10193,1.10195,1.50,1.87
2016.07.22 13:26:43.694,1.10193,1.10194,1.00,1.50
2016.07.22 13:26:43.890,1.10193,1.10194,1.00,1.87
2016.07.22 13:26:43.992,1.10193,1.10194,1.00,2.81
2016.07.22 13:26:44.043,1.10193,1.10194,1.00,3.00
2016.07.22 13:26:44.095,1.10192,1.10194,1.00,1.31
2016.07.22 13:26:44.197,1.10192,1.10194,1.50,2.25
2016.07.22 13:26:44.301,1.10192,1.10194,1.50,1.25
2016.07.22 13:26:44.403,1.10193,1.10194,1.00,1.00
2016.07.22 13:26:45.041,1.10192,1.10195,2.25,7.57
2016.07.22 13:26:45.143,1.10193,1.10194,1.00,1.00
2016.07.22 13:26:45.245,1.10192,1.10195,2.25,7.57
2016.07.22 13:26:45.448,1.10193,1.10194,1.00,1.00
2016.07.22 13:26:45.550,1.10193,1.10195,1.00,5.51
2016.07.22 13:26:45.601,1.10193,1.10195,1.00,7.01
2016.07.22 13:26:45.742,1.10193,1.10194,1.00,1.00
2016.07.22 13:26:45.844,1.10192,1.10194,1.87,1.00
2016.07.22 13:26:45.946,1.10193,1.10194,1.00,1.00
2016.07.22 13:26:45.997,1.10193,1.10195,1.00,5.89
2016.07.22 13:26:46.048,1.10193,1.10195,1.00,5.51
2016.07.22 13:26:46.099,1.10193,1.10195,1.00,4.20
2016.07.22 13:26:46.151,1.10193,1.10195,1.00,2.70
2016.07.22 13:26:46.202,1.10193,1.10195,2.25,1.57
2016.07.22 13:26:46.254,1.10194,1.10195,1.00,1.00
2016.07.22 13:26:46.305,1.10194,1.10196,1.87,1.31
2016.07.22 13:26:46.408,1.10194,1.10196,1.87,4.16
2016.07.22 13:26:46.510,1.10194,1.10196,1.00,3.79
2016.07.22 13:26:47.043,1.10195,1.10196,1.50,1.25
2016.07.22 13:26:47.095,1.10195,1.10197,2.25,3.04
2016.07.22 13:26:47.147,1.10196,1.10197,1.50,1.35
2016.07.22 13:26:47.199,1.10196,1.10198,2.62,3.60
2016.07.22 13:26:47.250,1.10196,1.10198,2.62,2.85
2016.07.22 13:26:47.301,1.10196,1.10198,1.50,2.85
2016.07.22 13:26:47.353,1.10196,1.10198,1.00,2.85
2016.07.22 13:26:47.455,1.10196,1.10198,1.00,2.85
2016.07.22 13:26:47.671,1.10195,1.10197,3.37,2.10
2016.07.22 13:26:47.722,1.10196,1.10197,1.00,2.10
2016.07.22 13:26:48.336,1.10195,1.10197,3.00,2.10
2016.07.22 13:26:48.798,1.10196,1.10197,1.00,2.10
2016.07.22 13:26:49.236,1.10195,1.10197,3.00,2.10
2016.07.22 13:26:49.390,1.10195,1.10196,2.25,2.10
2016.07.22 13:26:49.492,1.10195,1.10196,1.00,2.85
2016.07.22 13:26:49.543,1.10194,1.10196,1.00,2.85
2016.07.22 13:26:49.595,1.10193,1.10196,5.51,2.85
2016.07.22 13:26:49.646,1.10194,1.10196,1.00,2.85
2016.07.22 13:26:49.995,1.10194,1.10195,1.00,1.50
2016.07.22 13:26:50.148,1.10194,1.10195,1.00,1.00
2016.07.22 13:26:50.199,1.10193,1.10195,2.62,1.00
2016.07.22 13:26:50.250,1.10194,1.10195,1.00,1.00
2016.07.22 13:26:50.301,1.10194,1.10195,1.00,1.12
2016.07.22 13:26:51.435,1.10194,1.10195,1.50,1.00
2016.07.22 13:26:51.486,1.10194,1.10196,1.50,4.99
2016.07.22 13:26:51.538,1.10194,1.10196,1.50,1.57
2016.07.22 13:26:51.590,1.10194,1.10196,1.50,3.67
2016.07.22 13:26:51.640,1.10194,1.10196,1.00,3.67
2016.07.22 13:26:51.692,1.10194,1.10195,1.00,1.00
2016.07.22 13:26:52.665,1.10194,1.10195,1.00,1.00
2016.07.22 13:26:52.768,1.10192,1.10194,7.50,1.00
2016.07.22 13:26:52.819,1.10192,1.10194,5.62,1.00
2016.07.22 13:26:52.870,1.10193,1.10194,1.00,1.50
2016.07.22 13:26:53.074,1.10193,1.10194,1.00,1.69
2016.07.22 13:26:53.125,1.10191,1.10193,8.21,1.00
2016.07.22 13:26:53.176,1.10191,1.10192,4.20,1.00
2016.07.22 13:26:53.310,1.10191,1.10192,1.57,1.50
2016.07.22 13:26:53.361,1.1019,1.10193,8.44,3.22
2016.07.22 13:26:53.413,1.1019,1.10193,7.69,2.85
2016.07.22 13:26:53.464,1.10191,1.10193,1.87,2.85
2016.07.22 13:26:53.515,1.10191,1.10193,5.62,1.35
2016.07.22 13:26:53.566,1.10192,1.10194,1.00,1.87
2016.07.22 13:26:53.618,1.10192,1.10194,2.25,1.12
2016.07.22 13:26:53.720,1.10192,1.10194,3.00,1.00
2016.07.22 13:26:53.821,1.10192,1.10195,3.37,1.50
2016.07.22 13:26:53.872,1.10192,1.10195,2.62,1.50
2016.07.22 13:26:53.923,1.10192,1.10195,2.62,2.25
2016.07.22 13:26:53.974,1.10192,1.10195,3.37,3.00
2016.07.22 13:26:54.080,1.10192,1.10195,3.37,2.25
2016.07.22 13:26:54.131,1.10192,1.10194,3.00,1.00
2016.07.22 13:26:54.239,1.10192,1.10195,3.00,1.50
2016.07.22 13:26:54.641,1.10192,1.10195,2.25,1.50
2016.07.22 13:26:54.794,1.10192,1.10195,2.62,1.50
2016.07.22 13:26:54.845,1.10194,1.10195,1.00,1.50
2016.07.22 13:26:54.896,1.10194,1.10195,1.00,1.00
2016.07.22 13:26:55.305,1.10194,1.10195,1.12,1.00
2016.07.22 13:26:55.398,1.10194,1.10196,1.00,1.42
2016.07.22 13:26:55.449,1.10194,1.10197,1.00,4.05
2016.07.22 13:26:55.500,1.10194,1.10197,1.12,3.30
2016.07.22 13:26:55.551,1.10194,1.10197,1.12,4.05
2016.07.22 13:26:55.754,1.10194,1.10197,2.62,4.05
2016.07.22 13:26:55.856,1.10194,1.10197,2.25,4.05
2016.07.22 13:26:56.452,1.10194,1.10196,1.50,3.22
2016.07.22 13:26:56.503,1.10194,1.10196,1.00,2.06
2016.07.22 13:26:56.554,1.10193,1.10196,1.50,5.29
2016.07.22 13:26:56.605,1.10192,1.10195,7.20,1.87
2016.07.22 13:26:56.657,1.10192,1.10194,4.12,1.00
2016.07.22 13:26:56.708,1.10192,1.10194,1.87,1.00
2016.07.22 13:26:56.759,1.10192,1.10195,1.87,4.31
2016.07.22 13:26:56.810,1.10192,1.10194,2.62,1.12
2016.07.22 13:26:56.911,1.10192,1.10195,2.62,5.44
2016.07.22 13:26:56.962,1.10192,1.10195,1.87,4.50
2016.07.22 13:26:57.064,1.10192,1.10195,2.62,5.44
2016.07.22 13:26:57.216,1.10192,1.10195,2.62,4.50
2016.07.22 13:26:57.334,1.10192,1.10195,2.62,3.75
2016.07.22 13:26:57.385,1.10192,1.10195,1.87,3.56
2016.07.22 13:26:57.538,1.10192,1.10195,1.87,3.19
2016.07.22 13:26:58.258,1.10192,1.10195,2.62,3.19
2016.07.22 13:26:58.359,1.10192,1.10195,2.62,3.00
2016.07.22 13:26:58.410,1.10192,1.10195,2.25,1.87
2016.07.22 13:26:58.461,1.10192,1.10195,1.00,1.12
2016.07.22 13:26:58.563,1.10192,1.10195,2.25,1.87
2016.07.22 13:26:58.839,1.10192,1.10194,2.25,2.10
2016.07.22 13:26:58.890,1.10188,1.10191,6.07,4.16
2016.07.22 13:26:58.941,1.10187,1.10189,21.37,2.10
2016.07.22 13:26:58.993,1.10188,1.10189,1.50,2.85
2016.07.22 13:26:59.096,1.10187,1.10189,1.50,2.85
2016.07.22 13:26:59.301,1.10187,1.10189,1.87,2.85
2016.07.22 13:26:59.699,1.10186,1.10189,12.64,1.35
2016.07.22 13:26:59.750,1.10187,1.1019,1.87,2.85
2016.07.22 13:26:59.903,1.10187,1.1019,1.87,2.85
2016.07.22 13:27:00.259,1.10187,1.10189,1.12,1.35
2016.07.22 13:27:00.361,1.10186,1.10189,13.76,1.35
2016.07.22 13:27:00.463,1.10187,1.10189,1.12,1.35
2016.07.22 13:27:01.048,1.10186,1.10189,13.01,1.35
2016.07.22 13:27:01.149,1.10187,1.10189,1.12,1.35
2016.07.22 13:27:02.254,1.10186,1.10189,12.64,1.35
2016.07.22 13:27:02.457,1.10187,1.10189,1.12,1.35
2016.07.22 13:27:03.217,1.10187,1.10189,2.25,1.35
2016.07.22 13:27:03.319,1.10188,1.10189,1.00,1.35
2016.07.22 13:27:08.155,1.10187,1.10189,3.00,2.85
2016.07.22 13:27:08.358,1.10188,1.1019,1.50,1.12
2016.07.22 13:27:08.409,1.10188,1.1019,1.50,1.00
2016.07.22 13:27:08.545,1.10188,1.1019,2.32,1.00
2016.07.22 13:27:08.598,1.10189,1.1019,1.50,1.00
2016.07.22 13:27:08.700,1.10189,1.10191,1.87,1.00
2016.07.22 13:27:09.381,1.10189,1.10191,1.87,1.00
2016.07.22 13:27:09.483,1.10189,1.10191,1.50,1.00
2016.07.22 13:27:09.534,1.10189,1.10191,1.50,1.12
2016.07.22 13:27:09.652,1.10189,1.10191,1.50,2.85
2016.07.22 13:27:09.705,1.10189,1.10191,1.00,2.85
2016.07.22 13:27:09.808,1.10188,1.10191,3.83,2.85
2016.07.22 13:27:09.859,1.10188,1.10191,3.07,2.85
2016.07.22 13:27:09.911,1.10189,1.10191,1.00,2.85
2016.07.22 13:27:10.215,1.10188,1.10191,3.83,2.85
2016.07.22 13:27:10.266,1.10189,1.10191,1.00,2.85
2016.07.22 13:27:12.494,1.10189,1.10191,1.00,3.60
2016.07.22 13:27:12.546,1.10189,1.10191,1.00,3.97
2016.07.22 13:27:12.648,1.10189,1.10191,1.00,4.16
2016.07.22 13:27:12.750,1.10189,1.10191,1.00,3.79
2016.07.22 13:27:13.874,1.10188,1.10191,2.32,3.79
2016.07.22 13:27:13.926,1.10188,1.10191,2.32,4.16
2016.07.22 13:27:13.977,1.10189,1.10191,1.00,4.16
2016.07.22 13:27:14.433,1.10189,1.10191,1.00,5.29
2016.07.22 13:27:14.484,1.10189,1.1019,1.00,1.50
2016.07.22 13:27:14.535,1.10189,1.1019,1.00,2.25
2016.07.22 13:27:14.793,1.10189,1.1019,1.00,1.50
2016.07.22 13:27:15.503,1.10189,1.1019,1.00,1.00
2016.07.22 13:27:16.090,1.10188,1.1019,2.25,1.00
2016.07.22 13:27:16.192,1.10189,1.1019,1.00,1.00
2016.07.22 13:27:16.801,1.10188,1.1019,3.00,1.00
2016.07.22 13:27:17.258,1.10187,1.10189,4.39,5.85
2016.07.22 13:27:17.349,1.10185,1.10186,30.19,5.85
2016.07.22 13:27:17.402,1.10183,1.10184,10.95,1.00
2016.07.22 13:27:17.454,1.10181,1.10183,13.12,3.10
2016.07.22 13:27:17.506,1.10181,1.10182,4.12,1.50
2016.07.22 13:27:17.560,1.10181,1.10182,1.00,1.50
2016.07.22 13:27:17.611,1.1018,1.10182,6.19,2.25
2016.07.22 13:27:17.664,1.10182,1.10183,1.12,3.82
2016.07.22 13:27:17.716,1.10182,1.10184,4.12,4.00
2016.07.22 13:27:17.767,1.10182,1.10184,5.62,3.00
2016.07.22 13:27:17.819,1.10184,1.10185,1.00,1.00
2016.07.22 13:27:18.584,1.10184,1.10186,1.00,1.12
2016.07.22 13:27:18.736,1.10184,1.10186,1.00,1.72
2016.07.22 13:27:18.787,1.10184,1.10186,1.00,2.47
2016.07.22 13:27:18.889,1.10184,1.10186,1.00,3.22
2016.07.22 13:27:18.991,1.10183,1.10186,1.12,4.16
2016.07.22 13:27:19.042,1.10183,1.10186,1.12,4.91
2016.07.22 13:27:19.741,1.10183,1.10186,1.12,5.66
2016.07.22 13:27:19.945,1.10183,1.10186,1.12,6.41
2016.07.22 13:27:19.996,1.10182,1.10186,2.70,5.47
2016.07.22 13:27:20.098,1.10183,1.10186,1.12,6.41
2016.07.22 13:27:20.199,1.10182,1.10186,2.70,5.47
2016.07.22 13:27:20.301,1.10183,1.10186,1.12,6.41
2016.07.22 13:27:20.421,1.10183,1.10186,1.12,4.31
2016.07.22 13:27:20.473,1.10186,1.10187,1.50,7.95
2016.07.22 13:27:20.524,1.10187,1.10188,1.50,7.31
2016.07.22 13:27:20.576,1.10189,1.1019,1.87,5.70
2016.07.22 13:27:20.628,1.10189,1.1019,2.81,1.10
2016.07.22 13:27:20.680,1.10189,1.10191,4.87,3.37
2016.07.22 13:27:20.732,1.10191,1.10193,1.00,5.17
2016.07.22 13:27:20.784,1.10192,1.10193,1.87,1.12
2016.07.22 13:27:20.835,1.10192,1.10194,2.62,1.10
2016.07.22 13:27:20.886,1.10193,1.10195,1.69,1.00
2016.07.22 13:27:20.938,1.10193,1.10196,3.56,3.75
2016.07.22 13:27:20.989,1.10193,1.10196,4.39,3.75
2016.07.22 13:27:21.040,1.10194,1.10197,1.12,3.60
2016.07.22 13:27:21.171,1.10194,1.10197,1.12,3.60
2016.07.22 13:27:21.223,1.10194,1.10197,1.25,2.10
2016.07.22 13:27:21.326,1.10194,1.10197,1.25,2.85
2016.07.22 13:27:21.631,1.10194,1.10197,1.25,2.10
2016.07.22 13:27:21.732,1.10194,1.10197,1.25,2.47
2016.07.22 13:27:23.448,1.10194,1.10197,1.25,2.85
2016.07.22 13:27:23.499,1.10195,1.10197,1.00,2.62
2016.07.22 13:27:23.550,1.10195,1.10197,2.62,1.50
2016.07.22 13:27:23.601,1.10195,1.10197,1.87,2.10
2016.07.22 13:27:23.652,1.10195,1.10196,2.25,1.35
2016.07.22 13:27:23.703,1.10195,1.10196,3.00,2.10
2016.07.22 13:27:23.943,1.10195,1.10196,3.00,3.60
2016.07.22 13:27:23.997,1.10195,1.10196,2.25,3.60
2016.07.22 13:27:24.100,1.10195,1.10196,3.00,3.60
2016.07.22 13:27:24.684,1.10195,1.10196,2.25,3.60
2016.07.22 13:27:24.735,1.10195,1.10196,1.50,2.85
2016.07.22 13:27:24.786,1.10195,1.10196,2.25,2.85
2016.07.22 13:27:24.837,1.10195,1.10196,3.00,3.60
2016.07.22 13:27:25.532,1.10195,1.10196,2.25,2.85
2016.07.22 13:27:25.633,1.10195,1.10196,3.00,3.60
2016.07.22 13:27:25.786,1.10195,1.10196,2.25,3.60
2016.07.22 13:27:25.887,1.10195,1.10196,3.00,3.60
2016.07.22 13:27:26.141,1.10195,1.10196,3.00,2.10
2016.07.22 13:27:26.294,1.10195,1.10196,2.25,2.10
2016.07.22 13:27:26.345,1.10195,1.10196,2.25,1.35
2016.07.22 13:27:26.395,1.10195,1.10196,3.00,1.35
2016.07.22 13:27:26.497,1.10195,1.10196,2.25,1.35
2016.07.22 13:27:26.549,1.10195,1.10196,2.25,1.00
2016.07.22 13:27:26.680,1.10195,1.10196,3.37,1.00
2016.07.22 13:27:27.400,1.10195,1.10196,2.62,1.00
2016.07.22 13:27:27.503,1.10195,1.10197,3.37,1.89
2016.07.22 13:27:27.639,1.10195,1.10197,4.12,1.29
2016.07.22 13:27:27.691,1.10197,1.10198,4.12,7.10
2016.07.22 13:27:27.743,1.10197,1.10198,5.55,4.50
2016.07.22 13:27:27.794,1.10199,1.10201,1.37,7.31
2016.07.22 13:27:27.847,1.10201,1.10202,1.00,9.00
2016.07.22 13:27:27.901,1.10203,1.10204,1.00,10.12
2016.07.22 13:27:27.953,1.10204,1.10205,1.00,1.00
2016.07.22 13:27:28.005,1.10205,1.10206,1.00,1.12
2016.07.22 13:27:28.057,1.10205,1.10207,1.00,3.64
2016.07.22 13:27:28.109,1.10205,1.10207,1.87,2.51
2016.07.22 13:27:28.160,1.10205,1.10207,4.95,1.50
2016.07.22 13:27:28.263,1.10206,1.10207,1.25,1.00
2016.07.22 13:27:28.315,1.10208,1.10209,1.00,1.30
2016.07.22 13:27:28.367,1.10208,1.1021,1.12,3.79
2016.07.22 13:27:28.418,1.10208,1.1021,2.25,2.10
2016.07.22 13:27:28.470,1.10208,1.10212,4.95,3.37
2016.07.22 13:27:28.521,1.10209,1.10212,1.00,2.62
2016.07.22 13:27:28.573,1.10209,1.10212,1.12,2.25
2016.07.22 13:27:28.624,1.10209,1.10212,1.12,1.50
2016.07.22 13:27:28.726,1.10209,1.10212,1.31,2.25
2016.07.22 13:27:28.828,1.10209,1.10212,1.12,2.25
2016.07.22 13:27:28.932,1.10209,1.10212,3.00,1.00
2016.07.22 13:27:29.063,1.1021,1.10212,3.75,1.00
2016.07.22 13:27:29.114,1.1021,1.10212,4.50,1.00
2016.07.22 13:27:29.166,1.1021,1.10212,3.75,1.00
2016.07.22 13:27:29.217,1.1021,1.10212,2.25,1.00
2016.07.22 13:27:29.268,1.1021,1.10212,1.87,1.00
2016.07.22 13:27:29.320,1.1021,1.10212,2.62,1.00
2016.07.22 13:27:29.371,1.1021,1.10211,2.25,1.00
2016.07.22 13:27:29.423,1.1021,1.10211,3.00,1.00
2016.07.22 13:27:29.830,1.1021,1.10211,2.25,1.00
2016.07.22 13:27:29.932,1.1021,1.10211,3.00,1.00
2016.07.22 13:27:29.983,1.1021,1.10212,4.12,1.00
2016.07.22 13:27:30.096,1.1021,1.10211,3.00,1.00
2016.07.22 13:27:30.250,1.1021,1.10212,3.00,1.00
2016.07.22 13:27:30.454,1.1021,1.10212,2.25,1.00
2016.07.22 13:27:30.607,1.1021,1.10212,1.50,1.00
2016.07.22 13:27:30.659,1.1021,1.10212,2.62,1.00
2016.07.22 13:27:30.710,1.1021,1.10212,3.37,1.00
2016.07.22 13:27:30.761,1.1021,1.10212,3.00,1.00
2016.07.22 13:27:30.812,1.1021,1.10212,2.25,1.00
2016.07.22 13:27:30.863,1.1021,1.10212,4.12,1.00
2016.07.22 13:27:30.915,1.1021,1.10212,4.87,1.00
2016.07.22 13:27:31.422,1.1021,1.10212,4.12,1.00
2016.07.22 13:27:31.524,1.1021,1.10212,3.37,1.00
2016.07.22 13:27:31.625,1.1021,1.10212,4.12,1.00
2016.07.22 13:27:31.930,1.1021,1.10212,3.37,1.00
2016.07.22 13:27:31.981,1.1021,1.10212,2.62,1.00
2016.07.22 13:27:32.033,1.1021,1.10212,3.37,1.00
2016.07.22 13:27:32.084,1.1021,1.10212,4.12,1.00
2016.07.22 13:27:32.389,1.1021,1.10212,3.37,1.00
2016.07.22 13:27:32.508,1.1021,1.10212,3.00,1.00
2016.07.22 13:27:32.665,1.1021,1.10212,2.25,1.00
2016.07.22 13:27:32.767,1.1021,1.10211,3.00,1.00
2016.07.22 13:27:33.072,1.1021,1.10212,2.25,1.00
2016.07.22 13:27:33.174,1.1021,1.10211,3.00,1.00
2016.07.22 13:27:33.529,1.1021,1.10211,2.25,1.00
2016.07.22 13:27:33.631,1.1021,1.10211,3.00,1.00
2016.07.22 13:27:33.822,1.1021,1.10211,2.25,1.00
2016.07.22 13:27:33.924,1.1021,1.10211,3.00,1.00
2016.07.22 13:27:34.076,1.1021,1.10211,4.12,1.00
2016.07.22 13:27:34.432,1.1021,1.10211,4.50,1.00
2016.07.22 13:27:34.483,1.1021,1.10212,4.50,1.00
2016.07.22 13:27:34.534,1.1021,1.10212,4.12,1.00
2016.07.22 13:27:34.864,1.1021,1.10212,3.37,1.00
2016.07.22 13:27:35.070,1.10211,1.10213,1.00,2.70
2016.07.22 13:27:35.476,1.1021,1.10213,4.12,2.70
2016.07.22 13:27:35.527,1.1021,1.10213,4.87,2.70
2016.07.22 13:27:35.578,1.1021,1.10213,4.87,2.32
2016.07.22 13:27:35.629,1.1021,1.10213,4.12,2.32
2016.07.22 13:27:35.681,1.1021,1.10213,4.87,2.32
2016.07.22 13:27:35.935,1.1021,1.10213,4.87,3.07
2016.07.22 13:27:36.138,1.1021,1.10213,4.87,2.32
2016.07.22 13:27:36.395,1.1021,1.10213,5.62,1.95
2016.07.22 13:27:36.446,1.1021,1.10213,5.25,1.95
2016.07.22 13:27:36.497,1.1021,1.10213,4.50,1.95
2016.07.22 13:27:36.548,1.1021,1.10213,4.69,2.32
2016.07.22 13:27:36.606,1.1021,1.10213,3.94,2.32
2016.07.22 13:27:36.707,1.1021,1.10213,4.69,2.32
2016.07.22 13:27:37.062,1.1021,1.10213,4.69,2.32
2016.07.22 13:27:37.114,1.1021,1.10212,2.81,3.37
2016.07.22 13:27:37.165,1.10209,1.10212,3.00,5.85
2016.07.22 13:27:37.216,1.10208,1.1021,2.70,2.25
2016.07.22 13:27:37.268,1.10208,1.1021,1.87,4.50
2016.07.22 13:27:37.319,1.10207,1.10208,1.87,1.12
2016.07.22 13:27:37.415,1.10205,1.10207,15.94,1.00
2016.07.22 13:27:37.469,1.10205,1.10206,1.00,2.25
2016.07.22 13:27:37.571,1.10205,1.10206,1.00,1.50
2016.07.22 13:27:37.623,1.10203,1.10206,6.64,1.50
2016.07.22 13:27:37.674,1.10204,1.10206,1.00,1.50
2016.07.22 13:27:37.725,1.10204,1.10206,1.00,1.00
2016.07.22 13:27:37.776,1.10204,1.10206,1.87,1.00
2016.07.22 13:27:38.615,1.10204,1.10206,1.00,1.00
2016.07.22 13:27:39.022,1.10204,1.10206,1.00,1.00
2016.07.22 13:27:39.479,1.10204,1.10206,1.25,1.00
2016.07.22 13:27:39.862,1.10204,1.10206,1.25,1.50
2016.07.22 13:27:39.913,1.10203,1.10205,1.56,3.75
2016.07.22 13:27:39.964,1.10202,1.10203,1.00,1.12
2016.07.22 13:27:40.015,1.10201,1.10203,1.76,1.87
2016.07.22 13:27:40.066,1.10201,1.10202,1.20,1.00
2016.07.22 13:27:40.117,1.10201,1.10202,1.00,1.00
2016.07.22 13:27:40.169,1.102,1.10202,3.94,1.12
2016.07.22 13:27:40.220,1.102,1.10202,1.25,1.87
2016.07.22 13:27:40.412,1.102,1.10202,1.25,1.12
2016.07.22 13:27:40.463,1.102,1.10202,1.25,1.00
2016.07.22 13:27:40.514,1.102,1.10202,1.25,1.50
2016.07.22 13:27:40.566,1.102,1.10202,1.25,1.00
2016.07.22 13:27:40.618,1.10199,1.10202,4.95,1.00
2016.07.22 13:27:40.669,1.10199,1.10202,4.01,1.00
2016.07.22 13:27:40.720,1.10199,1.10202,3.64,1.00
2016.07.22 13:27:40.872,1.10199,1.10202,2.89,1.00
2016.07.22 13:27:40.974,1.10199,1.10202,3.64,1.00
2016.07.22 13:27:41.356,1.10199,1.10202,2.89,1.00
2016.07.22 13:27:41.510,1.10199,1.10202,3.64,1.00
2016.07.22 13:27:41.562,1.10201,1.10202,1.00,1.00
2016.07.22 13:27:41.664,1.102,1.10202,2.62,1.00
2016.07.22 13:27:41.715,1.10201,1.10202,3.56,1.00
2016.07.22 13:27:41.767,1.10202,1.10203,1.00,1.00
2016.07.22 13:27:41.818,1.10202,1.10204,1.12,1.12
2016.07.22 13:27:41.869,1.10202,1.10204,1.00,1.00
2016.07.22 13:27:41.971,1.10202,1.10204,1.50,1.00
2016.07.22 13:27:42.073,1.10202,1.10204,1.69,1.00
2016.07.22 13:27:42.155,1.10202,1.10204,2.06,1.00
2016.07.22 13:27:42.206,1.10203,1.10205,1.37,3.75
2016.07.22 13:27:42.257,1.10204,1.10205,1.25,3.00
2016.07.22 13:27:42.360,1.10204,1.10205,1.87,3.00
2016.07.22 13:27:42.412,1.10204,1.10206,1.87,1.00
2016.07.22 13:27:42.463,1.10204,1.10206,1.25,1.00
2016.07.22 13:27:42.514,1.10204,1.10207,1.25,1.50
2016.07.22 13:27:42.565,1.10204,1.10207,1.25,1.87
2016.07.22 13:27:42.617,1.10204,1.10207,1.25,1.12
2016.07.22 13:27:42.668,1.10204,1.10207,1.12,1.00
2016.07.22 13:27:42.720,1.10204,1.10207,2.62,1.00
2016.07.22 13:27:42.771,1.10205,1.10207,1.87,1.00
2016.07.22 13:27:42.823,1.10206,1.10208,2.62,1.95
2016.07.22 13:27:42.924,1.10206,1.10208,6.56,1.00
2016.07.22 13:27:42.981,1.10207,1.10209,1.00,1.00
2016.07.22 13:27:43.033,1.10207,1.10209,1.00,1.50
2016.07.22 13:27:43.084,1.10206,1.10209,1.25,2.62
2016.07.22 13:27:43.135,1.10205,1.10209,9.07,4.12
2016.07.22 13:27:43.186,1.10205,1.10207,6.82,1.00
2016.07.22 13:27:43.237,1.10205,1.10207,4.20,1.00
2016.07.22 13:27:43.288,1.10205,1.10207,4.01,1.00
2016.07.22 13:27:43.339,1.10205,1.10207,4.69,1.00
2016.07.22 13:27:43.390,1.10205,1.10207,3.56,1.00
2016.07.22 13:27:43.441,1.10205,1.10207,2.06,1.00
2016.07.22 13:27:43.493,1.10205,1.10207,2.06,1.12
2016.07.22 13:27:43.544,1.10205,1.10207,2.06,2.06
2016.07.22 13:27:43.595,1.10205,1.10206,1.12,1.50
2016.07.22 13:27:43.699,1.10205,1.10206,1.00,1.12
2016.07.22 13:27:43.751,1.10204,1.10206,1.00,1.00
2016.07.22 13:27:44.963,1.10204,1.10206,1.00,1.12
2016.07.22 13:27:45.167,1.10204,1.10206,1.00,1.00
2016.07.22 13:27:46.096,1.10203,1.10206,5.14,1.00
2016.07.22 13:27:46.198,1.10204,1.10206,1.00,1.00
2016.07.22 13:27:46.876,1.10204,1.10206,1.69,1.00
2016.07.22 13:27:47.374,1.10204,1.10206,1.19,2.25
2016.07.22 13:27:47.425,1.10204,1.10205,1.25,1.00
2016.07.22 13:27:47.476,1.10203,1.10205,1.20,1.50
2016.07.22 13:27:47.527,1.10203,1.10205,1.20,1.87
2016.07.22 13:27:47.578,1.10202,1.10205,7.50,1.50
2016.07.22 13:27:47.629,1.10202,1.10205,3.45,1.50
2016.07.22 13:27:47.679,1.10202,1.10205,3.82,1.50
2016.07.22 13:27:47.832,1.10202,1.10205,3.07,1.50
2016.07.22 13:27:47.935,1.10202,1.10204,3.07,1.00
2016.07.22 13:27:48.088,1.10202,1.10205,2.70,1.50
2016.07.22 13:27:48.468,1.10202,1.10205,1.95,1.50
2016.07.22 13:27:48.570,1.10202,1.10205,1.20,1.50
2016.07.22 13:27:48.769,1.10202,1.10205,1.10,1.87
2016.07.22 13:27:48.922,1.10202,1.10204,1.10,1.00
2016.07.22 13:27:49.074,1.10202,1.10204,1.10,1.37
2016.07.22 13:27:49.126,1.10201,1.10203,7.31,3.97
2016.07.22 13:27:49.177,1.10201,1.10202,1.50,1.72
2016.07.22 13:27:49.228,1.10201,1.10202,1.12,3.60
2016.07.22 13:27:49.325,1.10199,1.10201,8.06,1.00
2016.07.22 13:27:49.394,1.102,1.10202,2.50,5.62
2016.07.22 13:27:49.497,1.102,1.10202,2.50,4.87
2016.07.22 13:27:49.549,1.102,1.10202,2.50,3.37
2016.07.22 13:27:49.601,1.102,1.10201,2.25,1.00
2016.07.22 13:27:49.652,1.102,1.10201,1.50,1.00
2016.07.22 13:27:49.703,1.102,1.10202,1.00,1.10
2016.07.22 13:27:49.805,1.10199,1.10201,1.69,1.00
2016.07.22 13:27:49.856,1.10199,1.10201,1.31,1.00
2016.07.22 13:27:49.907,1.10199,1.10202,1.31,1.10
2016.07.22 13:27:50.150,1.10201,1.10203,3.56,2.25
2016.07.22 13:27:50.201,1.10202,1.10203,1.00,1.12
2016.07.22 13:27:50.303,1.10201,1.10203,1.39,1.00
2016.07.22 13:27:50.354,1.10201,1.10202,1.25,1.00
2016.07.22 13:27:50.405,1.102,1.10202,1.12,1.00
2016.07.22 13:27:50.457,1.10199,1.10202,8.32,1.00
2016.07.22 13:27:50.509,1.102,1.10202,1.25,1.00
2016.07.22 13:27:50.662,1.102,1.10202,1.12,1.00
2016.07.22 13:27:50.713,1.102,1.10203,1.31,2.25
2016.07.22 13:27:50.815,1.10199,1.10203,7.57,1.50
2016.07.22 13:27:50.917,1.102,1.10203,1.50,2.25
2016.07.22 13:27:51.276,1.102,1.10203,2.25,2.25
2016.07.22 13:27:51.378,1.102,1.10203,2.25,2.62
2016.07.22 13:27:51.835,1.102,1.10203,2.06,2.62
2016.07.22 13:27:51.886,1.102,1.10203,2.06,2.70
2016.07.22 13:27:52.141,1.102,1.10203,1.87,2.70
2016.07.22 13:27:52.223,1.102,1.10203,1.87,4.57
2016.07.22 13:27:52.274,1.102,1.10202,1.25,1.87
2016.07.22 13:27:52.325,1.10199,1.10202,1.50,2.70
2016.07.22 13:27:52.478,1.10199,1.10202,1.50,2.32
2016.07.22 13:27:52.986,1.10199,1.10202,1.00,1.57
2016.07.22 13:27:53.189,1.10199,1.10202,1.50,2.32
2016.07.22 13:27:53.535,1.10199,1.10201,1.50,1.00
2016.07.22 13:27:53.586,1.10199,1.10201,1.00,1.00
2016.07.22 13:27:53.687,1.10199,1.10201,1.50,1.00
2016.07.22 13:27:55.187,1.10199,1.10201,1.00,1.00
2016.07.22 13:27:55.289,1.10199,1.10201,1.50,1.00
2016.07.22 13:27:55.593,1.10199,1.10201,1.00,1.00
2016.07.22 13:27:55.695,1.10199,1.10201,1.50,1.00
2016.07.22 13:27:56.523,1.10199,1.10201,1.00,1.00
2016.07.22 13:27:56.624,1.10199,1.10201,1.50,1.00
2016.07.22 13:27:56.675,1.10199,1.102,1.00,1.72
2016.07.22 13:27:56.727,1.10198,1.10199,2.25,1.00
2016.07.22 13:27:56.778,1.10198,1.10199,1.12,1.00
2016.07.22 13:27:56.829,1.10198,1.102,1.50,2.89
2016.07.22 13:27:56.880,1.10198,1.102,1.00,1.57
2016.07.22 13:27:56.931,1.10198,1.102,1.00,1.10
2016.07.22 13:27:57.728,1.10198,1.102,1.50,1.10
2016.07.22 13:27:58.837,1.10198,1.102,1.00,1.10
2016.07.22 13:27:59.040,1.10198,1.102,1.50,1.10
2016.07.22 13:27:59.142,1.10198,1.102,1.00,1.10
2016.07.22 13:27:59.299,1.10198,1.102,1.50,1.10
2016.07.22 13:27:59.350,1.10198,1.102,2.62,1.10
2016.07.22 13:27:59.402,1.102,1.10201,1.12,3.82
2016.07.22 13:27:59.490,1.102,1.10201,2.25,3.37
2016.07.22 13:27:59.545,1.10201,1.10204,2.40,3.45
2016.07.22 13:27:59.596,1.10201,1.10204,3.15,4.57
2016.07.22 13:27:59.655,1.10201,1.10204,1.50,5.17
2016.07.22 13:27:59.711,1.10199,1.10202,7.01,1.87
2016.07.22 13:27:59.764,1.10199,1.10202,2.32,4.16
2016.07.22 13:27:59.815,1.10198,1.10202,2.32,7.16
2016.07.22 13:27:59.866,1.10198,1.10202,2.32,6.79
2016.07.22 13:27:59.918,1.10198,1.10201,1.57,1.00
2016.07.22 13:28:00.021,1.10199,1.10202,1.00,5.66
2016.07.22 13:28:00.187,1.10199,1.10202,1.00,6.41
2016.07.22 13:28:00.238,1.10199,1.10202,1.00,4.91
2016.07.22 13:28:00.341,1.10199,1.10201,1.00,1.00
2016.07.22 13:28:00.443,1.10199,1.10201,1.25,1.00
2016.07.22 13:28:00.748,1.10199,1.10202,1.25,5.44
2016.07.22 13:28:00.799,1.10199,1.10202,1.25,4.31
2016.07.22 13:28:00.935,1.10199,1.10202,1.50,3.56
2016.07.22 13:28:01.595,1.10199,1.10202,1.87,3.56
2016.07.22 13:28:01.727,1.10199,1.10202,1.00,2.81
2016.07.22 13:28:01.828,1.10199,1.10202,1.50,2.81
2016.07.22 13:28:01.930,1.10199,1.10202,1.00,3.94
2016.07.22 13:28:01.981,1.10199,1.10202,1.00,4.69
2016.07.22 13:28:02.438,1.10199,1.10202,1.00,5.44
2016.07.22 13:28:02.696,1.10199,1.10202,1.50,5.44
2016.07.22 13:28:02.748,1.102,1.10202,1.14,3.94
2016.07.22 13:28:03.462,1.102,1.10202,1.00,3.94
2016.07.22 13:28:03.564,1.102,1.10202,1.14,3.94
2016.07.22 13:28:03.842,1.102,1.10202,1.00,3.19
2016.07.22 13:28:03.894,1.102,1.10202,1.00,1.87
2016.07.22 13:28:03.945,1.102,1.10202,1.00,1.50
2016.07.22 13:28:04.098,1.102,1.10202,1.00,1.00
2016.07.22 13:28:04.353,1.102,1.10202,1.14,1.00
2016.07.22 13:28:04.556,1.102,1.10202,1.00,1.00
2016.07.22 13:28:04.658,1.102,1.10202,1.14,1.00
2016.07.22 13:28:06.334,1.102,1.10202,1.00,1.00
2016.07.22 13:28:06.842,1.102,1.10201,1.00,1.00
2016.07.22 13:28:08.158,1.10201,1.10202,2.77,1.00
2016.07.22 13:28:08.209,1.10201,1.10202,2.40,1.00
2016.07.22 13:28:08.260,1.10202,1.10204,1.12,3.64
2016.07.22 13:28:08.359,1.10202,1.10204,1.89,3.56
2016.07.22 13:28:08.410,1.10202,1.10205,1.89,3.07
2016.07.22 13:28:08.462,1.10202,1.10204,1.64,1.12
2016.07.22 13:28:08.615,1.10202,1.10205,1.64,3.07
2016.07.22 13:28:08.717,1.10202,1.10205,1.64,3.82
2016.07.22 13:28:08.768,1.10202,1.10205,1.14,3.82
2016.07.22 13:28:08.819,1.10202,1.10205,1.14,3.07
2016.07.22 13:28:08.870,1.10202,1.10205,1.64,3.07
2016.07.22 13:28:08.972,1.10202,1.10205,1.39,3.82
2016.07.22 13:28:09.306,1.10202,1.10205,1.39,5.32
2016.07.22 13:28:09.357,1.10201,1.10204,4.03,1.87
2016.07.22 13:28:09.408,1.10201,1.10204,1.71,1.87
2016.07.22 13:28:09.459,1.102,1.10203,7.41,1.87
2016.07.22 13:28:09.511,1.102,1.10203,2.53,2.62
2016.07.22 13:28:09.562,1.102,1.10203,1.39,2.25
2016.07.22 13:28:09.613,1.102,1.10203,1.91,2.25
2016.07.22 13:28:09.675,1.10201,1.10203,3.96,1.00
2016.07.22 13:28:09.728,1.10202,1.10204,1.12,1.50
2016.07.22 13:28:09.779,1.10202,1.10204,1.12,1.00
2016.07.22 13:28:09.830,1.10202,1.10205,1.00,5.70
2016.07.22 13:28:09.882,1.10202,1.10205,1.00,4.20
2016.07.22 13:28:09.983,1.10201,1.10205,4.52,3.82
2016.07.22 13:28:10.034,1.10201,1.10204,3.02,1.00
2016.07.22 13:28:10.085,1.10201,1.10204,2.64,1.00
2016.07.22 13:28:10.252,1.10201,1.10204,2.64,1.50
2016.07.22 13:28:10.354,1.10201,1.10204,2.06,1.00
2016.07.22 13:28:10.456,1.10201,1.10204,2.64,1.50
2016.07.22 13:28:10.660,1.10201,1.10204,4.74,1.50
2016.07.22 13:28:10.763,1.10201,1.10205,4.74,6.07
2016.07.22 13:28:10.867,1.10202,1.10205,1.89,5.32
2016.07.22 13:28:10.918,1.10202,1.10205,1.89,2.32
2016.07.22 13:28:11.022,1.10202,1.10205,2.27,3.82
2016.07.22 13:28:11.100,1.10202,1.10205,2.27,1.10
2016.07.22 13:28:11.151,1.10202,1.10205,1.89,1.10
2016.07.22 13:28:11.304,1.10202,1.10205,1.52,1.10
2016.07.22 13:28:12.239,1.10202,1.10204,1.52,1.00
2016.07.22 13:28:12.290,1.10202,1.10204,1.39,1.00
2016.07.22 13:28:12.544,1.10202,1.10204,1.00,1.00
2016.07.22 13:28:12.595,1.10201,1.10204,4.50,1.00
2016.07.22 13:28:12.646,1.10201,1.10205,4.46,3.82
2016.07.22 13:28:12.697,1.10201,1.10205,4.46,6.07
2016.07.22 13:28:12.748,1.10202,1.10205,1.00,6.45
2016.07.22 13:28:12.799,1.10202,1.10205,1.12,6.07
2016.07.22 13:28:12.850,1.10202,1.10205,1.87,6.07
2016.07.22 13:28:12.902,1.10202,1.10204,1.87,1.00
2016.07.22 13:28:12.953,1.10202,1.10203,1.50,1.00
2016.07.22 13:28:13.055,1.10201,1.10203,2.44,1.00
2016.07.22 13:28:13.147,1.10201,1.10203,2.06,1.00
2016.07.22 13:28:13.199,1.10201,1.10203,1.31,1.50
2016.07.22 13:28:13.354,1.10201,1.10203,1.31,2.10
2016.07.22 13:28:13.405,1.10201,1.10203,1.31,1.50
2016.07.22 13:28:13.866,1.10201,1.10203,1.31,1.00
2016.07.22 13:28:13.968,1.10201,1.10203,1.31,1.50
2016.07.22 13:28:14.020,1.102,1.10203,9.84,1.50
2016.07.22 13:28:14.071,1.10201,1.10203,1.25,1.50
2016.07.22 13:28:14.272,1.102,1.10203,6.84,1.50
2016.07.22 13:28:14.476,1.102,1.10203,7.22,1.50
2016.07.22 13:28:14.526,1.102,1.10203,7.97,1.50
2016.07.22 13:28:15.183,1.102,1.10203,6.64,1.00
2016.07.22 13:28:15.285,1.102,1.10203,7.97,1.50
2016.07.22 13:28:15.387,1.102,1.10203,6.64,1.00
2016.07.22 13:28:15.488,1.102,1.10203,6.64,1.35
2016.07.22 13:28:15.539,1.102,1.10203,6.26,1.35
2016.07.22 13:28:15.590,1.102,1.10203,7.59,2.10
2016.07.22 13:28:15.692,1.102,1.10203,4.57,1.35
2016.07.22 13:28:15.794,1.102,1.10203,7.12,2.10
2016.07.22 13:28:15.845,1.102,1.10203,6.94,2.10
2016.07.22 13:28:15.895,1.102,1.10203,5.25,2.10
2016.07.22 13:28:15.946,1.102,1.10203,5.44,2.10
2016.07.22 13:28:15.997,1.102,1.10203,5.83,2.10
2016.07.22 13:28:16.099,1.102,1.10203,7.52,2.10
2016.07.22 13:28:16.606,1.102,1.10203,7.52,1.50
2016.07.22 13:28:16.658,1.10202,1.10203,1.14,1.00
2016.07.22 13:28:16.711,1.10203,1.10205,1.00,8.06
2016.07.22 13:28:16.762,1.10203,1.10205,2.64,3.37
2016.07.22 13:28:16.813,1.10204,1.10206,1.14,3.75
2016.07.22 13:28:16.865,1.10204,1.10206,2.83,3.37
2016.07.22 13:28:16.916,1.10204,1.10207,2.08,1.87
2016.07.22 13:28:16.967,1.10204,1.10207,1.12,2.62
2016.07.22 13:28:17.018,1.10204,1.10207,1.87,3.75
2016.07.22 13:28:17.069,1.10204,1.10206,1.50,1.00
2016.07.22 13:28:17.120,1.10204,1.10206,1.00,1.00
2016.07.22 13:28:17.452,1.10204,1.10206,1.00,1.00
2016.07.22 13:28:17.503,1.10204,1.10206,1.00,1.50
2016.07.22 13:28:17.995,1.10203,1.10206,1.95,1.50
2016.07.22 13:28:18.097,1.10204,1.10206,1.00,1.50
2016.07.22 13:28:18.249,1.10204,1.10206,1.00,1.00
2016.07.22 13:28:18.300,1.10203,1.10206,2.53,1.00
2016.07.22 13:28:18.988,1.10203,1.10206,2.53,1.35
2016.07.22 13:28:19.090,1.10203,1.10206,2.27,1.72
2016.07.22 13:28:19.141,1.10203,1.10206,1.89,2.47
2016.07.22 13:28:19.192,1.10203,1.10206,1.14,3.97
2016.07.22 13:28:19.793,1.10203,1.10206,1.00,6.60
2016.07.22 13:28:19.844,1.10203,1.10204,1.00,1.12
2016.07.22 13:28:19.896,1.10202,1.10203,1.00,3.75
2016.07.22 13:28:19.947,1.10202,1.10203,1.00,5.25
2016.07.22 13:28:19.999,1.102,1.10202,5.62,1.87
2016.07.22 13:28:20.050,1.102,1.10201,4.50,1.00
2016.07.22 13:28:20.102,1.102,1.10201,3.37,1.00
2016.07.22 13:28:20.204,1.102,1.10201,3.37,1.50
2016.07.22 13:28:20.255,1.102,1.10201,3.37,1.00
2016.07.22 13:28:20.306,1.102,1.10201,2.62,1.00
2016.07.22 13:28:20.357,1.102,1.10201,1.87,1.00
2016.07.22 13:28:20.502,1.102,1.10201,1.12,1.00
2016.07.22 13:28:20.604,1.102,1.10202,1.12,4.87
2016.07.22 13:28:20.706,1.102,1.10202,1.12,3.37
2016.07.22 13:28:20.808,1.102,1.10202,1.12,3.75
2016.07.22 13:28:20.913,1.102,1.10202,1.12,5.25
2016.07.22 13:28:21.067,1.102,1.10202,1.87,5.25
2016.07.22 13:28:21.244,1.102,1.10202,1.12,4.50
2016.07.22 13:28:21.295,1.102,1.10202,1.12,4.12
2016.07.22 13:28:21.346,1.102,1.10202,1.12,3.00
2016.07.22 13:28:21.397,1.10199,1.10202,3.37,1.00
2016.07.22 13:28:21.449,1.102,1.10202,1.12,1.00
2016.07.22 13:28:21.501,1.102,1.10204,1.00,10.72
2016.07.22 13:28:21.609,1.102,1.10204,1.00,9.22
2016.07.22 13:28:21.660,1.102,1.10204,1.50,9.22
2016.07.22 13:28:21.711,1.102,1.10204,2.25,8.92
2016.07.22 13:28:21.813,1.102,1.10204,3.00,9.67
2016.07.22 13:28:21.915,1.102,1.10204,2.25,7.24
2016.07.22 13:28:21.966,1.102,1.10204,1.50,7.24
2016.07.22 13:28:22.018,1.102,1.10204,2.25,9.67
2016.07.22 13:28:22.148,1.102,1.10204,3.00,9.45
2016.07.22 13:28:22.200,1.102,1.10203,1.50,1.00
2016.07.22 13:28:22.303,1.102,1.10203,1.00,2.25
2016.07.22 13:28:22.354,1.102,1.10203,1.00,3.00
2016.07.22 13:28:22.508,1.102,1.10203,1.00,3.19
2016.07.22 13:28:23.358,1.10199,1.10203,2.70,3.00
2016.07.22 13:28:23.409,1.10199,1.10203,4.20,3.19
2016.07.22 13:28:23.511,1.10199,1.10202,1.76,1.00
2016.07.22 13:28:23.613,1.10199,1.10202,2.32,1.00
2016.07.22 13:28:23.715,1.102,1.10202,1.00,1.00
2016.07.22 13:28:23.919,1.102,1.10203,1.00,4.12
2016.07.22 13:28:24.210,1.102,1.10203,1.00,3.37
2016.07.22 13:28:25.025,1.102,1.10203,1.00,2.62
2016.07.22 13:28:25.314,1.102,1.10203,1.12,1.12
2016.07.22 13:28:25.416,1.102,1.10203,1.50,1.00
2016.07.22 13:28:25.468,1.102,1.10203,2.44,1.00
2016.07.22 13:28:25.519,1.102,1.10203,2.62,2.25
2016.07.22 13:28:25.571,1.102,1.10203,2.81,2.25
2016.07.22 13:28:25.775,1.102,1.10203,2.06,2.25
2016.07.22 13:28:25.826,1.102,1.10203,1.00,1.50
2016.07.22 13:28:25.878,1.102,1.10203,1.50,2.25
2016.07.22 13:28:25.929,1.102,1.10203,1.87,2.25
2016.07.22 13:28:25.981,1.102,1.10203,2.62,2.25
2016.07.22 13:28:26.032,1.102,1.10203,4.12,2.25
2016.07.22 13:28:26.084,1.102,1.10203,6.75,1.50
2016.07.22 13:28:26.135,1.102,1.10204,10.31,6.67
2016.07.22 13:28:26.228,1.102,1.10204,11.06,6.67
2016.07.22 13:28:26.279,1.10202,1.10204,1.00,4.42
2016.07.22 13:28:26.382,1.10201,1.10204,1.50,4.42
2016.07.22 13:28:26.944,1.10201,1.10204,1.00,4.42
2016.07.22 13:28:26.995,1.10201,1.10204,1.00,5.17
2016.07.22 13:28:27.097,1.10201,1.10204,1.00,5.92
2016.07.22 13:28:27.148,1.10201,1.10204,1.00,7.42
2016.07.22 13:28:27.199,1.102,1.10204,4.87,7.80
2016.07.22 13:28:27.286,1.102,1.10204,4.12,7.80
2016.07.22 13:28:27.340,1.102,1.10204,2.62,8.55
2016.07.22 13:28:27.391,1.102,1.10202,2.62,1.00
2016.07.22 13:28:27.442,1.102,1.10202,1.87,1.00
2016.07.22 13:28:27.493,1.102,1.10202,1.12,1.00
2016.07.22 13:28:27.697,1.102,1.10203,1.12,3.75
2016.07.22 13:28:27.798,1.102,1.10203,1.31,3.75
2016.07.22 13:28:27.849,1.102,1.10203,1.50,3.00
2016.07.22 13:28:27.900,1.102,1.10203,1.00,1.50
2016.07.22 13:28:28.002,1.102,1.10203,1.69,3.00
2016.07.22 13:28:28.205,1.102,1.10203,1.00,1.50
2016.07.22 13:28:28.256,1.10199,1.10203,9.26,1.50
2016.07.22 13:28:28.307,1.102,1.10203,1.50,3.00
2016.07.22 13:28:28.359,1.102,1.10203,1.69,3.00
2016.07.22 13:28:28.670,1.102,1.10203,1.50,3.00
2016.07.22 13:28:28.772,1.102,1.10203,1.69,3.00
2016.07.22 13:28:29.404,1.102,1.10203,1.00,1.50
2016.07.22 13:28:29.608,1.102,1.10203,1.69,3.00
2016.07.22 13:28:30.106,1.10199,1.10203,8.89,1.50
2016.07.22 13:28:30.157,1.10199,1.10203,8.70,1.50
2016.07.22 13:28:30.208,1.102,1.10203,1.12,2.25
2016.07.22 13:28:31.241,1.102,1.10203,1.12,1.50
2016.07.22 13:28:31.343,1.102,1.10203,2.99,3.00
2016.07.22 13:28:31.394,1.102,1.10202,2.25,1.21
2016.07.22 13:28:31.445,1.102,1.10202,1.87,3.17
2016.07.22 13:28:31.910,1.10199,1.10202,10.94,3.17
2016.07.22 13:28:32.012,1.10199,1.10202,10.57,3.17
2016.07.22 13:28:32.200,1.10199,1.10202,8.32,2.34
2016.07.22 13:28:32.311,1.10199,1.10202,10.57,3.17
2016.07.22 13:28:32.516,1.10199,1.10202,8.32,2.34
2016.07.22 13:28:32.617,1.10199,1.10202,10.57,3.17
2016.07.22 13:28:33.517,1.10199,1.10202,8.32,2.34
2016.07.22 13:28:33.720,1.10199,1.10202,10.57,3.17
2016.07.22 13:28:34.222,1.10199,1.10202,8.32,2.34
2016.07.22 13:28:34.324,1.10199,1.10202,9.07,2.80
2016.07.22 13:28:34.426,1.10199,1.10202,7.57,2.71
2016.07.22 13:28:34.528,1.10199,1.10202,9.07,2.80
2016.07.22 13:28:34.658,1.102,1.10202,1.00,1.86
2016.07.22 13:28:34.710,1.102,1.10202,4.87,1.67
2016.07.22 13:28:34.761,1.102,1.10202,5.62,1.67
2016.07.22 13:28:34.812,1.10201,1.10203,2.62,3.91
2016.07.22 13:28:34.863,1.10202,1.10203,2.62,3.45
2016.07.22 13:28:34.915,1.10202,1.10204,2.25,7.31
2016.07.22 13:28:34.966,1.10202,1.10204,2.25,5.81
2016.07.22 13:28:35.017,1.10202,1.10203,2.25,1.57
2016.07.22 13:28:35.118,1.10202,1.10203,2.25,1.10
2016.07.22 13:28:35.220,1.10202,1.10203,2.25,1.57
2016.07.22 13:28:35.474,1.10202,1.10203,2.25,1.50
2016.07.22 13:28:35.679,1.10202,1.10203,2.25,1.87
2016.07.22 13:28:35.781,1.10202,1.10203,2.25,1.50
2016.07.22 13:28:36.240,1.10202,1.10203,2.25,1.00
2016.07.22 13:28:36.652,1.10202,1.10204,2.25,5.51
2016.07.22 13:28:36.705,1.10203,1.10204,2.25,5.32
2016.07.22 13:28:36.756,1.10203,1.10204,2.25,5.70
2016.07.22 13:28:37.061,1.10201,1.10203,2.62,1.00
2016.07.22 13:28:37.845,1.10201,1.10204,2.25,7.01
2016.07.22 13:28:37.947,1.10201,1.10202,2.25,1.00
2016.07.22 13:28:38.151,1.10201,1.10203,2.25,1.50
2016.07.22 13:28:38.253,1.10201,1.10204,2.25,5.70
2016.07.22 13:28:38.354,1.10201,1.10203,2.25,1.50
2016.07.22 13:28:38.456,1.10201,1.10204,2.25,5.70
2016.07.22 13:28:38.558,1.10202,1.10204,1.00,5.89
2016.07.22 13:28:38.610,1.10202,1.10204,1.50,3.45
2016.07.22 13:28:38.752,1.10203,1.10205,2.06,4.31
2016.07.22 13:28:38.804,1.10204,1.10207,2.25,4.01
2016.07.22 13:28:38.855,1.10204,1.10207,2.62,2.14
2016.07.22 13:28:38.956,1.10204,1.10207,3.00,2.14
2016.07.22 13:28:39.007,1.10204,1.10207,3.00,1.95
2016.07.22 13:28:39.058,1.10204,1.10207,2.62,2.55
2016.07.22 13:28:39.110,1.10204,1.10207,3.37,2.55
2016.07.22 13:28:39.211,1.10204,1.10207,2.62,2.55
2016.07.22 13:28:39.313,1.10204,1.10207,3.37,2.55
2016.07.22 13:28:39.415,1.10204,1.10207,1.87,2.70
2016.07.22 13:28:39.541,1.10204,1.10205,1.00,1.87
2016.07.22 13:28:39.695,1.10204,1.10205,1.00,2.06
2016.07.22 13:28:39.746,1.10203,1.10205,1.50,3.19
2016.07.22 13:28:39.797,1.10202,1.10205,1.37,3.94
2016.07.22 13:28:39.848,1.10201,1.10205,5.32,4.50
2016.07.22 13:28:39.951,1.10202,1.10204,1.00,1.12
2016.07.22 13:28:40.002,1.10202,1.10204,1.50,1.12
2016.07.22 13:28:40.054,1.10202,1.10203,1.00,2.47
2016.07.22 13:28:40.106,1.10201,1.10203,5.25,2.85
2016.07.22 13:28:40.207,1.102,1.10203,4.50,4.57
2016.07.22 13:28:40.259,1.10199,1.10201,6.37,1.00
2016.07.22 13:28:40.310,1.10199,1.10201,7.50,1.10
2016.07.22 13:28:40.361,1.102,1.10202,2.12,3.56
2016.07.22 13:28:40.412,1.10201,1.10202,1.12,2.81
2016.07.22 13:28:40.463,1.10201,1.10202,3.00,1.05
2016.07.22 13:28:40.514,1.10201,1.10202,1.00,1.10
2016.07.22 13:28:40.565,1.102,1.10203,3.37,4.72
2016.07.22 13:28:40.616,1.10201,1.10202,1.87,1.10
2016.07.22 13:28:40.667,1.10201,1.10202,2.62,1.10
2016.07.22 13:28:40.718,1.10202,1.10203,1.00,1.87
2016.07.22 13:28:40.769,1.10202,1.10203,1.50,1.12
2016.07.22 13:28:40.898,1.10202,1.10204,1.00,1.57
2016.07.22 13:28:40.950,1.10202,1.10204,3.00,2.32
2016.07.22 13:28:41.052,1.10202,1.10204,3.00,1.10
2016.07.22 13:28:41.357,1.10202,1.10205,3.00,4.31
2016.07.22 13:28:41.408,1.10202,1.10205,3.00,6.37
2016.07.22 13:28:41.459,1.10202,1.10204,3.00,1.10
2016.07.22 13:28:42.045,1.10202,1.10204,3.00,1.00
2016.07.22 13:28:42.350,1.10202,1.10204,2.25,1.00
2016.07.22 13:28:42.454,1.10202,1.10204,3.00,1.00
2016.07.22 13:28:42.505,1.10203,1.10204,1.00,1.00
2016.07.22 13:28:42.557,1.10204,1.10206,2.25,2.14
2016.07.22 13:28:42.608,1.10204,1.10206,1.50,1.76
2016.07.22 13:28:42.659,1.10204,1.10206,1.00,1.10
2016.07.22 13:28:42.846,1.10204,1.10206,1.50,1.10
2016.07.22 13:28:43.050,1.10204,1.10206,1.00,1.10
2016.07.22 13:28:43.254,1.10204,1.10206,1.50,1.10
2016.07.22 13:28:43.459,1.10204,1.10206,1.00,1.10
2016.07.22 13:28:43.511,1.10204,1.10207,1.12,6.00
2016.07.22 13:28:43.563,1.10204,1.10207,2.25,6.37
2016.07.22 13:28:43.870,1.10204,1.10207,2.25,6.00
2016.07.22 13:28:43.991,1.10204,1.10207,2.25,5.70
2016.07.22 13:28:44.529,1.10204,1.10207,2.25,4.95
2016.07.22 13:28:44.631,1.10204,1.10207,1.50,4.95
2016.07.22 13:28:44.741,1.10204,1.10207,2.25,6.45
2016.07.22 13:28:45.460,1.10204,1.10207,2.25,7.20
2016.07.22 13:28:45.511,1.10204,1.10205,1.87,1.25
2016.07.22 13:28:45.562,1.10204,1.10205,1.00,2.06
2016.07.22 13:28:45.614,1.10203,1.10205,1.00,2.06
2016.07.22 13:28:45.665,1.10202,1.10205,3.75,5.06
2016.07.22 13:28:45.717,1.10202,1.10205,3.75,5.81
2016.07.22 13:28:45.768,1.10202,1.10205,2.25,6.75
2016.07.22 13:28:46.028,1.10202,1.10205,2.25,6.00
2016.07.22 13:28:46.814,1.10202,1.10205,2.25,5.06
2016.07.22 13:28:46.916,1.10202,1.10205,2.25,6.00
2016.07.22 13:28:47.563,1.10202,1.10205,1.50,4.31
2016.07.22 13:28:47.614,1.10202,1.10205,1.00,4.31
2016.07.22 13:28:47.665,1.10202,1.10205,1.00,6.75
2016.07.22 13:28:47.717,1.10202,1.10205,1.50,6.75
2016.07.22 13:28:48.123,1.10202,1.10205,1.50,6.56
2016.07.22 13:28:48.224,1.10202,1.10205,1.50,6.75
2016.07.22 13:28:48.520,1.10202,1.10205,1.50,5.81
2016.07.22 13:28:48.825,1.10202,1.10205,1.50,6.75
2016.07.22 13:28:48.909,1.10202,1.10205,1.50,7.50
2016.07.22 13:28:48.960,1.10202,1.10203,1.50,2.62
2016.07.22 13:28:49.011,1.10202,1.10203,1.00,2.62
2016.07.22 13:28:49.062,1.10202,1.10203,1.00,1.87
2016.07.22 13:28:49.164,1.10202,1.10203,1.00,1.50
2016.07.22 13:28:49.267,1.10202,1.10204,1.50,4.91
2016.07.22 13:28:49.419,1.10202,1.10204,1.50,4.31
2016.07.22 13:28:49.572,1.10202,1.10204,1.50,3.56
2016.07.22 13:28:49.765,1.10202,1.10204,1.50,2.06
2016.07.22 13:28:51.122,1.10202,1.10204,1.50,2.44
2016.07.22 13:28:51.224,1.10202,1.10204,1.50,2.06
2016.07.22 13:28:51.275,1.10202,1.10204,1.00,2.06
2016.07.22 13:28:51.326,1.10202,1.10204,1.00,2.44
2016.07.22 13:28:51.428,1.10202,1.10204,1.00,2.66
2016.07.22 13:28:51.479,1.10202,1.10203,1.00,1.12
2016.07.22 13:28:51.581,1.10202,1.10203,1.00,1.87
2016.07.22 13:28:51.683,1.10202,1.10203,1.00,1.50
2016.07.22 13:28:51.883,1.10202,1.10203,1.50,1.00
2016.07.22 13:28:53.193,1.10202,1.10204,1.50,1.95
2016.07.22 13:28:53.244,1.10202,1.10204,1.50,4.42
2016.07.22 13:28:53.295,1.10202,1.10204,1.00,6.30
2016.07.22 13:28:53.347,1.10201,1.10204,3.37,9.30
2016.07.22 13:28:53.398,1.10201,1.10202,3.37,2.47
2016.07.22 13:28:53.449,1.102,1.10202,3.37,3.37
2016.07.22 13:28:53.501,1.10199,1.10201,4.87,1.50
2016.07.22 13:28:53.553,1.10199,1.102,1.87,1.35
2016.07.22 13:28:53.604,1.10199,1.102,1.12,4.57
2016.07.22 13:28:53.657,1.10196,1.10198,7.12,4.97
2016.07.22 13:28:53.708,1.10196,1.10197,4.12,1.00
2016.07.22 13:28:53.761,1.10196,1.10197,2.62,1.50
2016.07.22 13:28:53.951,1.10195,1.10197,10.20,1.37
2016.07.22 13:28:54.004,1.10197,1.10198,1.50,1.72
2016.07.22 13:28:54.055,1.10196,1.10197,4.87,1.00
2016.07.22 13:28:54.106,1.10196,1.10197,5.62,1.00
2016.07.22 13:28:54.157,1.10197,1.10198,2.25,1.35
2016.07.22 13:28:54.209,1.10197,1.10198,3.00,1.35
2016.07.22 13:28:54.261,1.10198,1.10199,1.50,1.00
2016.07.22 13:28:54.313,1.10198,1.10199,1.12,1.00
2016.07.22 13:28:54.365,1.10198,1.102,4.87,1.50
2016.07.22 13:28:54.417,1.10199,1.102,2.25,1.50
2016.07.22 13:28:54.469,1.102,1.10202,1.87,1.57
2016.07.22 13:28:54.606,1.102,1.10202,4.31,1.00
2016.07.22 13:28:54.657,1.102,1.10202,5.44,1.00
2016.07.22 13:28:54.707,1.102,1.10202,5.81,1.00
2016.07.22 13:28:54.759,1.102,1.10203,9.19,1.50
2016.07.22 13:28:54.810,1.10201,1.10203,1.12,1.50
2016.07.22 13:28:54.861,1.10201,1.10203,2.06,1.00
2016.07.22 13:28:55.333,1.10201,1.10203,1.62,1.00
2016.07.22 13:28:55.733,1.10201,1.10203,1.69,1.00
2016.07.22 13:28:55.988,1.10201,1.10203,1.31,1.00
2016.07.22 13:28:56.293,1.10201,1.10203,1.31,1.50
2016.07.22 13:28:56.345,1.10201,1.10203,1.69,1.50
2016.07.22 13:28:56.396,1.10201,1.10203,1.31,1.50
2016.07.22 13:28:57.306,1.10201,1.10203,1.31,1.12
2016.07.22 13:28:57.357,1.10201,1.10203,2.06,1.12
2016.07.22 13:28:57.510,1.10201,1.10203,2.81,1.12
2016.07.22 13:28:58.392,1.10201,1.10203,3.19,1.12
2016.07.22 13:28:58.443,1.10201,1.10203,2.44,1.12
2016.07.22 13:28:59.037,1.10201,1.10203,3.19,1.12
2016.07.22 13:28:59.140,1.10201,1.10203,2.44,1.12
2016.07.22 13:28:59.191,1.10201,1.10203,1.69,1.12
2016.07.22 13:28:59.242,1.102,1.10203,7.31,1.12
2016.07.22 13:28:59.293,1.102,1.10203,6.56,1.12
2016.07.22 13:28:59.395,1.102,1.10203,8.06,1.12
2016.07.22 13:28:59.446,1.102,1.10203,7.31,1.12
2016.07.22 13:28:59.599,1.102,1.10202,7.31,1.00
2016.07.22 13:28:59.752,1.10201,1.10202,3.94,1.00
2016.07.22 13:28:59.803,1.10202,1.10204,2.25,1.39
2016.07.22 13:28:59.854,1.10202,1.10204,3.37,1.39
2016.07.22 13:28:59.986,1.10203,1.10204,1.87,1.12
2016.07.22 13:29:00.037,1.10203,1.10204,1.50,1.12
2016.07.22 13:29:00.139,1.10203,1.10204,1.00,1.12
2016.07.22 13:29:00.191,1.10202,1.10204,1.13,1.12
2016.07.22 13:29:00.243,1.10202,1.10204,1.00,2.62
2016.07.22 13:29:00.295,1.102,1.10203,4.95,1.87
2016.07.22 13:29:00.347,1.102,1.10203,3.37,1.50
2016.07.22 13:29:00.398,1.102,1.10203,4.87,3.75
2016.07.22 13:29:00.449,1.102,1.10203,5.06,3.75
2016.07.22 13:29:00.500,1.102,1.10203,5.44,3.75
2016.07.22 13:29:00.551,1.102,1.10203,6.94,3.75
2016.07.22 13:29:00.602,1.10201,1.10203,1.50,1.50
2016.07.22 13:29:00.654,1.10201,1.10203,2.25,1.50
2016.07.22 13:29:00.780,1.10201,1.10203,3.00,1.00
2016.07.22 13:29:00.991,1.10201,1.10204,3.00,5.51
2016.07.22 13:29:01.042,1.10201,1.10204,2.62,5.51
2016.07.22 13:29:01.144,1.10201,1.10204,2.62,5.89
2016.07.22 13:29:01.195,1.10201,1.10204,1.87,7.24
2016.07.22 13:29:01.246,1.10201,1.10204,1.12,7.99
2016.07.22 13:29:01.297,1.102,1.10203,3.56,2.62
2016.07.22 13:29:01.349,1.102,1.10203,2.44,2.25
2016.07.22 13:29:01.400,1.102,1.10202,2.81,1.00
2016.07.22 13:29:01.451,1.10201,1.10202,1.87,1.00
2016.07.22 13:29:01.634,1.10201,1.10203,2.62,1.00
2016.07.22 13:29:01.736,1.10201,1.10203,1.87,1.00
2016.07.22 13:29:01.787,1.10201,1.10203,1.12,1.00
2016.07.22 13:29:01.838,1.102,1.10203,4.31,1.00
2016.07.22 13:29:01.889,1.102,1.10203,3.56,1.00
2016.07.22 13:29:01.940,1.102,1.10203,5.06,1.00
2016.07.22 13:29:01.991,1.102,1.10203,6.56,1.00
2016.07.22 13:29:02.750,1.102,1.10203,5.81,1.00
2016.07.22 13:29:02.801,1.102,1.10203,5.06,1.00
2016.07.22 13:29:02.903,1.102,1.10203,2.44,1.00
2016.07.22 13:29:02.954,1.102,1.10203,1.25,1.12
2016.07.22 13:29:03.005,1.102,1.10202,1.00,1.50
2016.07.22 13:29:03.626,1.102,1.10202,1.00,1.00
2016.07.22 13:29:03.729,1.102,1.10202,4.12,1.00
2016.07.22 13:29:03.781,1.102,1.10203,4.87,3.19
2016.07.22 13:29:03.832,1.102,1.10203,6.37,1.50
2016.07.22 13:29:03.883,1.102,1.10203,5.62,1.50
2016.07.22 13:29:04.037,1.102,1.10203,4.12,1.50
2016.07.22 13:29:04.088,1.102,1.10203,4.87,1.50
2016.07.22 13:29:04.140,1.102,1.10203,4.12,1.50
2016.07.22 13:29:04.191,1.102,1.10203,4.50,1.50
2016.07.22 13:29:04.242,1.102,1.10203,6.75,2.25
2016.07.22 13:29:04.293,1.102,1.10203,7.12,2.25
2016.07.22 13:29:04.395,1.102,1.10203,6.37,2.25
2016.07.22 13:29:04.455,1.102,1.10203,7.12,2.25
2016.07.22 13:29:04.690,1.102,1.10203,6.37,2.25
2016.07.22 13:29:04.792,1.102,1.10203,7.12,2.25
2016.07.22 13:29:05.563,1.102,1.10203,6.37,2.25
2016.07.22 13:29:05.614,1.102,1.10202,4.50,2.25
2016.07.22 13:29:05.665,1.102,1.10202,1.12,2.25
2016.07.22 13:29:05.778,1.10199,1.10202,3.45,2.25
2016.07.22 13:29:05.829,1.10199,1.10201,3.75,1.00
2016.07.22 13:29:05.983,1.10199,1.10201,2.25,1.00
2016.07.22 13:29:06.034,1.10199,1.10201,1.50,1.00
2016.07.22 13:29:06.137,1.10199,1.102,1.00,1.00
2016.07.22 13:29:06.188,1.10199,1.10201,1.00,2.25
2016.07.22 13:29:06.342,1.10199,1.102,1.00,1.00
2016.07.22 13:29:06.622,1.10199,1.10202,3.75,1.57
2016.07.22 13:29:06.679,1.10201,1.10203,1.00,2.81
2016.07.22 13:29:06.730,1.10202,1.10203,1.00,1.10
2016.07.22 13:29:06.831,1.10202,1.10203,1.00,1.00
2016.07.22 13:29:06.882,1.10202,1.10203,1.00,1.00
2016.07.22 13:29:07.036,1.10202,1.10203,1.00,1.35
2016.07.22 13:29:07.087,1.10201,1.10203,1.00,3.60
2016.07.22 13:29:07.139,1.102,1.10202,2.62,1.00
2016.07.22 13:29:07.477,1.102,1.10202,4.12,1.00
2016.07.22 13:29:07.731,1.102,1.10203,4.12,4.35
2016.07.22 13:29:07.917,1.102,1.10203,4.12,3.60
2016.07.22 13:29:08.018,1.102,1.10203,4.12,4.35
2016.07.22 13:29:08.222,1.102,1.10202,3.00,1.00
2016.07.22 13:29:08.324,1.102,1.10202,4.12,1.00
2016.07.22 13:29:08.426,1.102,1.10202,3.00,1.00
2016.07.22 13:29:08.477,1.102,1.10202,3.37,1.00
2016.07.22 13:29:08.528,1.102,1.10202,4.50,1.00
2016.07.22 13:29:08.788,1.102,1.10202,3.37,1.00
2016.07.22 13:29:08.839,1.10201,1.10202,1.00,1.00
2016.07.22 13:29:08.891,1.10201,1.10203,1.37,1.00
2016.07.22 13:29:08.942,1.10201,1.10204,2.25,3.07
2016.07.22 13:29:08.993,1.10201,1.10203,4.12,1.00
2016.07.22 13:29:09.044,1.10201,1.10203,3.75,1.00
2016.07.22 13:29:09.095,1.10201,1.10203,2.25,1.00
2016.07.22 13:29:09.146,1.10201,1.10203,3.00,1.00
2016.07.22 13:29:09.553,1.10201,1.10203,2.25,1.00
2016.07.22 13:29:09.732,1.10201,1.10203,3.00,1.00
2016.07.22 13:29:09.890,1.10201,1.10204,3.00,2.32
2016.07.22 13:29:10.195,1.10201,1.10203,3.00,1.00
2016.07.22 13:29:10.246,1.10201,1.10203,2.25,1.00
2016.07.22 13:29:10.297,1.10201,1.10203,1.87,1.00
2016.07.22 13:29:11.001,1.10201,1.10203,2.25,1.00
2016.07.22 13:29:11.103,1.10201,1.10202,1.12,1.00
2016.07.22 13:29:11.154,1.102,1.10202,5.81,1.00
2016.07.22 13:29:11.205,1.102,1.10202,4.31,1.00
2016.07.22 13:29:11.256,1.102,1.10202,5.06,1.00
2016.07.22 13:29:11.358,1.102,1.10202,3.56,1.50
2016.07.22 13:29:11.409,1.10199,1.10201,4.01,1.00
2016.07.22 13:29:11.461,1.10199,1.102,1.00,1.00
2016.07.22 13:29:11.512,1.10198,1.102,1.00,7.35
2016.07.22 13:29:11.599,1.10197,1.10199,3.32,1.00
2016.07.22 13:29:11.650,1.10196,1.10197,1.50,1.00
2016.07.22 13:29:11.702,1.10196,1.10197,1.50,1.00
2016.07.22 13:29:11.855,1.10196,1.10198,2.25,1.00
2016.07.22 13:29:12.165,1.10196,1.10198,1.50,1.00
2016.07.22 13:29:12.267,1.10196,1.10199,1.00,1.12
2016.07.22 13:29:12.369,1.10196,1.10198,1.50,1.00
2016.07.22 13:29:12.547,1.10196,1.10198,1.00,1.00
2016.07.22 13:29:12.598,1.10195,1.10199,10.35,1.87
2016.07.22 13:29:12.650,1.10196,1.10198,1.00,1.00
2016.07.22 13:29:13.007,1.10196,1.10198,1.00,1.12
2016.07.22 13:29:13.058,1.10195,1.10198,7.72,1.12
2016.07.22 13:29:13.110,1.10195,1.10198,5.47,1.00
2016.07.22 13:29:13.162,1.10195,1.10198,4.87,2.66
2016.07.22 13:29:13.213,1.10195,1.10197,4.12,2.62
2016.07.22 13:29:13.264,1.10194,1.10197,4.87,5.10
2016.07.22 13:29:13.316,1.10194,1.10197,4.31,5.85
2016.07.22 13:29:13.367,1.10194,1.10196,2.44,1.00
2016.07.22 13:29:13.420,1.10194,1.10196,2.44,1.50
2016.07.22 13:29:13.553,1.10194,1.10196,1.69,1.00
2016.07.22 13:29:13.655,1.10194,1.10196,1.69,1.69
2016.07.22 13:29:13.757,1.10194,1.10196,2.81,1.00
2016.07.22 13:29:13.808,1.10194,1.10197,2.81,4.12
2016.07.22 13:29:13.859,1.10194,1.10197,2.81,3.37
2016.07.22 13:29:13.910,1.10194,1.10196,2.81,1.00
2016.07.22 13:29:14.064,1.10194,1.10196,2.44,1.00
2016.07.22 13:29:14.115,1.10194,1.10196,2.44,1.50
2016.07.22 13:29:14.166,1.10194,1.10196,2.81,1.50
2016.07.22 13:29:14.340,1.10194,1.10196,2.81,1.00
2016.07.22 13:29:14.442,1.10194,1.10196,2.06,1.00
2016.07.22 13:29:14.493,1.10194,1.10196,1.69,1.00
2016.07.22 13:29:14.595,1.10194,1.10196,2.06,1.00
2016.07.22 13:29:14.646,1.10194,1.10196,1.69,1.00
2016.07.22 13:29:14.749,1.10194,1.10196,2.06,1.00
2016.07.22 13:29:14.851,1.10194,1.10196,2.81,1.00
2016.07.22 13:29:15.560,1.10194,1.10196,3.56,1.00
2016.07.22 13:29:15.611,1.10195,1.10197,2.25,3.37
2016.07.22 13:29:15.663,1.10195,1.10197,4.12,2.06
2016.07.22 13:29:15.714,1.10195,1.10197,3.37,2.06
2016.07.22 13:29:15.765,1.10195,1.10197,4.12,1.87
2016.07.22 13:29:15.852,1.10195,1.10197,2.62,1.87
2016.07.22 13:29:15.903,1.10195,1.10197,1.87,1.87
2016.07.22 13:29:15.955,1.10194,1.10197,4.31,1.87
2016.07.22 13:29:16.006,1.10194,1.10197,3.56,1.87
2016.07.22 13:29:16.311,1.10194,1.10197,3.37,1.87
2016.07.22 13:29:16.362,1.10194,1.10197,2.62,1.87
2016.07.22 13:29:16.413,1.10194,1.10197,1.87,1.50
2016.07.22 13:29:16.515,1.10194,1.10197,2.62,1.50
2016.07.22 13:29:16.903,1.10194,1.10197,3.37,1.50
2016.07.22 13:29:17.056,1.10194,1.10197,2.62,1.50
2016.07.22 13:29:17.158,1.10194,1.10197,1.50,2.44
2016.07.22 13:29:17.209,1.10194,1.10196,1.50,1.00
2016.07.22 13:29:17.361,1.10194,1.10196,1.50,1.50
2016.07.22 13:29:17.412,1.10193,1.10195,7.95,1.00
2016.07.22 13:29:17.463,1.10193,1.10195,6.07,1.00
2016.07.22 13:29:17.565,1.10193,1.10195,6.45,1.00
2016.07.22 13:29:17.616,1.10193,1.10195,8.32,1.00
2016.07.22 13:29:17.667,1.10193,1.10195,9.07,1.00
2016.07.22 13:29:17.718,1.10194,1.10196,1.00,1.50
2016.07.22 13:29:17.847,1.10194,1.10196,1.12,1.50
2016.07.22 13:29:17.899,1.10194,1.10196,1.12,1.00
2016.07.22 13:29:18.051,1.10194,1.10196,1.87,1.00
2016.07.22 13:29:18.102,1.10194,1.10196,1.12,1.00
2016.07.22 13:29:18.153,1.10195,1.10197,1.50,2.44
2016.07.22 13:29:18.204,1.10195,1.10197,1.50,3.19
2016.07.22 13:29:18.256,1.10194,1.10197,1.87,3.75
2016.07.22 13:29:18.307,1.10194,1.10197,1.00,3.75
2016.07.22 13:29:18.358,1.10194,1.10197,1.00,3.00
2016.07.22 13:29:18.510,1.10194,1.10197,1.00,1.50
2016.07.22 13:29:18.772,1.10194,1.10197,1.87,1.50
2016.07.22 13:29:18.824,1.10195,1.10197,1.87,1.00
2016.07.22 13:29:18.876,1.10195,1.10197,2.25,1.00
2016.07.22 13:29:18.927,1.10195,1.10197,4.12,1.00
2016.07.22 13:29:18.978,1.10195,1.10197,5.62,1.00
2016.07.22 13:29:19.080,1.10195,1.10197,4.87,1.00
2016.07.22 13:29:19.283,1.10195,1.10197,4.12,1.00
2016.07.22 13:29:19.671,1.10195,1.10197,3.37,1.00
2016.07.22 13:29:19.722,1.10195,1.10197,4.12,1.00
2016.07.22 13:29:19.773,1.10195,1.10197,4.87,1.00
2016.07.22 13:29:20.126,1.10195,1.10197,5.62,1.00
2016.07.22 13:29:20.331,1.10195,1.10197,4.12,1.00
2016.07.22 13:29:20.383,1.10195,1.10197,3.00,1.00
2016.07.22 13:29:20.485,1.10195,1.10197,3.75,1.00
2016.07.22 13:29:20.536,1.10195,1.10197,5.25,1.00
2016.07.22 13:29:20.638,1.10195,1.10198,5.25,1.57
2016.07.22 13:29:21.577,1.10195,1.10198,4.50,1.57
2016.07.22 13:29:21.679,1.10195,1.10198,5.25,1.57
2016.07.22 13:29:21.781,1.10195,1.10198,4.50,1.57
2016.07.22 13:29:21.832,1.10195,1.10198,3.00,1.10
2016.07.22 13:29:22.026,1.10195,1.10198,4.50,1.10
2016.07.22 13:29:22.078,1.10195,1.10198,3.75,1.10
2016.07.22 13:29:22.129,1.10195,1.10198,4.12,1.10
2016.07.22 13:29:22.182,1.10195,1.10198,4.50,1.10
2016.07.22 13:29:22.299,1.10195,1.10198,7.12,1.10
2016.07.22 13:29:22.354,1.10195,1.10198,6.37,1.57
2016.07.22 13:29:22.406,1.10195,1.10198,4.12,1.57
2016.07.22 13:29:22.457,1.10195,1.10198,5.62,1.57
2016.07.22 13:29:22.508,1.10195,1.10198,5.62,1.57
2016.07.22 13:29:22.559,1.10195,1.10198,1.12,1.57
2016.07.22 13:29:22.611,1.10195,1.10198,2.62,1.57
2016.07.22 13:29:22.662,1.10195,1.10198,7.12,1.57
2016.07.22 13:29:22.713,1.10195,1.10198,6.75,1.57
2016.07.22 13:29:22.764,1.10195,1.10198,3.00,3.07
2016.07.22 13:29:22.815,1.10195,1.10197,2.25,1.00
2016.07.22 13:29:22.865,1.10195,1.10197,2.25,1.50
2016.07.22 13:29:22.916,1.10195,1.10197,2.62,1.00
2016.07.22 13:29:22.967,1.10195,1.10198,4.87,3.07
2016.07.22 13:29:23.018,1.10195,1.10198,4.87,2.32
2016.07.22 13:29:23.069,1.10195,1.10198,3.37,2.32
2016.07.22 13:29:23.120,1.10195,1.10198,4.12,2.32
2016.07.22 13:29:23.222,1.10195,1.10198,4.87,2.32
2016.07.22 13:29:23.359,1.10195,1.10198,5.25,2.32
2016.07.22 13:29:23.783,1.10195,1.10198,4.87,2.32
2016.07.22 13:29:23.835,1.10195,1.10198,4.12,2.32
2016.07.22 13:29:23.938,1.10195,1.10198,3.75,1.57
2016.07.22 13:29:23.989,1.10195,1.10198,3.37,1.57
2016.07.22 13:29:24.040,1.10196,1.10198,1.00,1.57
2016.07.22 13:29:24.091,1.10196,1.10198,1.12,1.00
2016.07.22 13:29:24.142,1.10196,1.10198,1.72,1.00
2016.07.22 13:29:24.194,1.10197,1.10198,1.00,1.00
2016.07.22 13:29:24.245,1.10197,1.10199,1.00,2.32
2016.07.22 13:29:24.296,1.10197,1.10199,1.00,1.57
2016.07.22 13:29:24.489,1.10196,1.10199,2.10,1.57
2016.07.22 13:29:25.050,1.10196,1.10199,1.50,1.57
2016.07.22 13:29:25.102,1.10196,1.10198,1.50,1.00
2016.07.22 13:29:25.153,1.10196,1.10198,1.50,2.25
2016.07.22 13:29:25.204,1.10195,1.10198,3.37,3.37
2016.07.22 13:29:25.255,1.10195,1.10198,2.62,3.37
2016.07.22 13:29:25.306,1.10195,1.10198,2.62,3.00
2016.07.22 13:29:26.491,1.10195,1.10198,2.62,3.37
2016.07.22 13:29:26.543,1.10195,1.10198,2.25,3.60
2016.07.22 13:29:26.595,1.10195,1.10198,2.25,3.86
2016.07.22 13:29:26.697,1.10195,1.10198,1.50,4.05
2016.07.22 13:29:26.797,1.10195,1.10198,1.50,5.55
2016.07.22 13:29:26.848,1.10195,1.10198,1.00,6.30
2016.07.22 13:29:27.001,1.10195,1.10198,1.00,5.55
2016.07.22 13:29:27.104,1.10195,1.10198,1.00,6.30
2016.07.22 13:29:27.308,1.10195,1.10198,1.00,5.17
2016.07.22 13:29:27.359,1.10195,1.10198,2.25,5.17
2016.07.22 13:29:27.410,1.10195,1.10198,2.25,3.67
2016.07.22 13:29:27.461,1.10195,1.10198,3.00,3.67
2016.07.22 13:29:27.512,1.10195,1.10198,3.75,3.67
2016.07.22 13:29:27.614,1.10195,1.10198,3.75,3.07
2016.07.22 13:29:28.174,1.10195,1.10198,3.75,2.32
2016.07.22 13:29:28.276,1.10195,1.10198,3.75,3.07
2016.07.22 13:29:28.651,1.10195,1.10198,3.00,3.07
2016.07.22 13:29:28.702,1.10195,1.10198,2.25,3.07
2016.07.22 13:29:28.753,1.10195,1.10198,2.62,4.57
2016.07.22 13:29:28.906,1.10195,1.10198,2.62,5.32
2016.07.22 13:29:28.957,1.10195,1.10198,2.25,5.32
2016.07.22 13:29:29.008,1.10195,1.10198,2.25,6.07
2016.07.22 13:29:29.112,1.10195,1.10198,2.25,5.70
2016.07.22 13:29:29.163,1.10195,1.10197,2.25,1.00
2016.07.22 13:29:29.217,1.10195,1.10197,2.25,1.50
2016.07.22 13:29:29.319,1.10195,1.10197,2.25,2.25
2016.07.22 13:29:29.370,1.10195,1.10197,1.50,3.00
2016.07.22 13:29:29.421,1.10195,1.10197,1.00,6.97
2016.07.22 13:29:29.473,1.10193,1.10196,4.69,1.00
2016.07.22 13:29:29.525,1.10193,1.10196,4.87,1.12
2016.07.22 13:29:29.576,1.10193,1.10196,5.62,1.87
2016.07.22 13:29:29.627,1.10193,1.10196,6.22,1.50
2016.07.22 13:29:29.729,1.10193,1.10196,6.00,1.50
2016.07.22 13:29:29.781,1.10193,1.10197,6.00,7.39
2016.07.22 13:29:29.836,1.10193,1.10197,5.25,6.26
2016.07.22 13:29:29.887,1.10193,1.10197,5.25,5.51
2016.07.22 13:29:30.076,1.10193,1.10196,5.85,1.00
2016.07.22 13:29:30.127,1.10193,1.10196,6.60,1.50
2016.07.22 13:29:30.178,1.10193,1.10196,5.25,1.00
2016.07.22 13:29:30.230,1.10193,1.10196,4.87,1.12
2016.07.22 13:29:30.281,1.10193,1.10196,4.87,2.62
2016.07.22 13:29:30.332,1.10193,1.10196,4.87,3.37
2016.07.22 13:29:30.435,1.10193,1.10196,4.87,1.87
2016.07.22 13:29:30.691,1.10193,1.10196,4.12,3.37
2016.07.22 13:29:30.799,1.10193,1.10196,3.75,6.19
2016.07.22 13:29:30.904,1.10193,1.10195,4.72,1.50
2016.07.22 13:29:31.007,1.10193,1.10196,4.35,1.87
2016.07.22 13:29:31.058,1.10193,1.10196,4.35,1.50
2016.07.22 13:29:31.110,1.10194,1.10196,1.00,1.00
2016.07.22 13:29:31.212,1.10193,1.10196,5.47,1.00
2016.07.22 13:29:31.315,1.10194,1.10196,1.00,1.00
2016.07.22 13:29:31.545,1.10193,1.10196,6.22,1.00
2016.07.22 13:29:31.596,1.10194,1.10196,1.00,1.00
2016.07.22 13:29:31.953,1.10194,1.10196,1.12,1.00
2016.07.22 13:29:32.057,1.10194,1.10196,1.00,1.00
2016.07.22 13:29:33.023,1.10193,1.10195,3.75,1.50
2016.07.22 13:29:33.074,1.10193,1.10195,1.00,4.87
2016.07.22 13:29:33.125,1.10192,1.10194,3.75,1.87
2016.07.22 13:29:33.176,1.10192,1.10193,2.25,1.12
2016.07.22 13:29:33.228,1.10191,1.10193,3.22,1.50
2016.07.22 13:29:33.315,1.10192,1.10193,1.00,1.50
2016.07.22 13:29:33.370,1.10192,1.10193,1.00,2.25
2016.07.22 13:29:33.421,1.10191,1.10193,5.10,1.00
2016.07.22 13:29:33.472,1.10191,1.10194,4.12,1.00
2016.07.22 13:29:33.523,1.10192,1.10194,1.50,1.50
2016.07.22 13:29:33.626,1.10192,1.10194,1.00,1.50
2016.07.22 13:29:34.120,1.10191,1.10194,3.60,2.25
2016.07.22 13:29:34.172,1.10191,1.10193,1.50,1.00
2016.07.22 13:29:34.225,1.10191,1.10193,1.50,1.50
2016.07.22 13:29:34.430,1.10191,1.10193,1.50,1.00
2016.07.22 13:29:34.534,1.10191,1.10193,1.50,1.50
2016.07.22 13:29:35.118,1.10191,1.10193,1.00,1.50
2016.07.22 13:29:35.169,1.10191,1.10193,1.00,1.50
2016.07.22 13:29:35.220,1.10191,1.10193,1.00,2.25
2016.07.22 13:29:35.474,1.10191,1.10193,3.37,2.25
2016.07.22 13:29:35.525,1.10191,1.10193,4.12,2.25
2016.07.22 13:29:35.627,1.10192,1.10193,1.00,2.25
2016.07.22 13:29:36.066,1.10192,1.10194,1.00,3.75
2016.07.22 13:29:36.117,1.10193,1.10194,1.12,1.00
2016.07.22 13:29:36.169,1.10193,1.10195,2.85,1.69
2016.07.22 13:29:36.220,1.10194,1.10196,2.10,1.10
2016.07.22 13:29:36.271,1.10194,1.10197,2.47,4.87
2016.07.22 13:29:36.322,1.10194,1.10197,3.22,3.07
2016.07.22 13:29:36.424,1.10194,1.10197,2.47,3.07
2016.07.22 13:29:36.475,1.10194,1.10197,1.87,3.07
2016.07.22 13:29:36.629,1.10194,1.10197,1.37,2.32
2016.07.22 13:29:36.731,1.10194,1.10197,2.25,3.45
2016.07.22 13:29:36.833,1.10194,1.10197,1.87,3.45
2016.07.22 13:29:37.114,1.10194,1.10197,1.12,3.45
2016.07.22 13:29:37.683,1.10194,1.10197,1.72,3.45
2016.07.22 13:29:37.734,1.10194,1.10197,2.85,3.45
2016.07.22 13:29:37.836,1.10194,1.10197,2.47,3.45
2016.07.22 13:29:38.538,1.10194,1.10197,1.12,2.70
2016.07.22 13:29:38.589,1.10194,1.10197,1.00,2.70
2016.07.22 13:29:38.691,1.10194,1.10196,1.00,1.00
2016.07.22 13:29:38.743,1.10193,1.10196,2.62,1.00
2016.07.22 13:29:38.898,1.10193,1.10196,2.62,1.00
2016.07.22 13:29:38.950,1.10193,1.10196,2.25,1.00
2016.07.22 13:29:39.002,1.10193,1.10196,2.25,2.62
2016.07.22 13:29:39.053,1.10193,1.10195,1.12,1.12
2016.07.22 13:29:39.105,1.10193,1.10195,1.00,1.12
2016.07.22 13:29:39.224,1.10192,1.10195,4.57,6.56
2016.07.22 13:29:39.280,1.10192,1.10195,4.50,8.44
2016.07.22 13:29:39.333,1.10191,1.10193,6.45,1.37
2016.07.22 13:29:39.387,1.1019,1.10192,9.19,1.00
2016.07.22 13:29:39.438,1.1019,1.10191,3.56,1.00
2016.07.22 13:29:39.489,1.1019,1.10192,3.94,1.57
2016.07.22 13:29:39.846,1.1019,1.10192,4.69,1.57
2016.07.22 13:29:40.083,1.1019,1.10192,1.69,2.55
2016.07.22 13:29:40.134,1.1019,1.10191,1.25,1.12
2016.07.22 13:29:40.186,1.1019,1.10192,3.75,4.95
2016.07.22 13:29:40.238,1.1019,1.10192,4.87,4.50
2016.07.22 13:29:40.289,1.1019,1.10192,4.87,4.12
2016.07.22 13:29:40.340,1.10191,1.10192,1.00,2.25
2016.07.22 13:29:40.391,1.10191,1.10192,1.00,1.87
2016.07.22 13:29:40.442,1.1019,1.10192,5.25,1.87
2016.07.22 13:29:40.545,1.1019,1.10192,5.25,2.25
2016.07.22 13:29:40.646,1.10191,1.10192,1.00,1.87
2016.07.22 13:29:40.902,1.10191,1.10192,1.00,1.50
2016.07.22 13:29:41.043,1.10191,1.10192,3.60,1.50
2016.07.22 13:29:41.094,1.10191,1.10192,5.10,1.00
2016.07.22 13:29:41.145,1.10191,1.10194,2.25,2.25
2016.07.22 13:29:41.197,1.10191,1.10194,1.87,2.25
2016.07.22 13:29:41.350,1.10191,1.10194,1.87,2.62
2016.07.22 13:29:41.401,1.10191,1.10193,1.87,1.00
2016.07.22 13:29:41.513,1.10191,1.10193,1.50,1.00
2016.07.22 13:29:41.564,1.10191,1.10193,1.00,1.00
2016.07.22 13:29:41.666,1.10191,1.10193,1.00,1.10
2016.07.22 13:29:41.718,1.10191,1.10193,1.00,1.20
2016.07.22 13:29:41.770,1.1019,1.10192,4.69,1.00
2016.07.22 13:29:41.897,1.1019,1.10192,3.94,1.00
2016.07.22 13:29:42.101,1.1019,1.10193,3.94,3.82
2016.07.22 13:29:42.152,1.1019,1.10193,3.75,3.07
2016.07.22 13:29:42.203,1.1019,1.10193,3.75,3.82
2016.07.22 13:29:42.440,1.1019,1.10193,3.75,4.20
2016.07.22 13:29:42.491,1.1019,1.10193,3.75,4.95
2016.07.22 13:29:42.542,1.10191,1.10193,1.00,7.20
2016.07.22 13:29:42.594,1.10191,1.10192,1.00,1.12
2016.07.22 13:29:42.645,1.1019,1.10192,5.25,1.12
2016.07.22 13:29:42.747,1.1019,1.10192,3.75,1.87
2016.07.22 13:29:42.848,1.1019,1.10192,3.75,1.12
2016.07.22 13:29:42.950,1.1019,1.10192,3.75,1.87
2016.07.22 13:29:44.050,1.1019,1.10192,4.50,1.87
2016.07.22 13:29:44.101,1.1019,1.10192,5.25,1.87
2016.07.22 13:29:44.203,1.1019,1.10192,4.50,1.50
2016.07.22 13:29:44.255,1.1019,1.10192,3.37,2.06
2016.07.22 13:29:44.306,1.10189,1.10191,1.50,1.00
2016.07.22 13:29:44.358,1.10189,1.10191,1.00,3.97
2016.07.22 13:29:44.489,1.10186,1.10187,16.39,1.12
2016.07.22 13:29:44.541,1.10185,1.10186,8.44,1.50
2016.07.22 13:29:44.593,1.10184,1.10185,7.12,1.12
2016.07.22 13:29:44.645,1.10184,1.10185,1.87,2.06
2016.07.22 13:29:44.696,1.10184,1.10185,1.00,3.56
2016.07.22 13:29:44.747,1.10184,1.10185,1.00,1.87
2016.07.22 13:29:44.798,1.10184,1.10185,1.00,1.50
2016.07.22 13:29:44.850,1.10184,1.10185,1.50,1.12
2016.07.22 13:29:44.901,1.10184,1.10186,1.50,1.50
2016.07.22 13:29:44.952,1.10184,1.10186,1.87,1.00
2016.07.22 13:29:45.004,1.10184,1.10186,2.25,1.00
2016.07.22 13:29:45.054,1.10184,1.10186,1.12,1.12
2016.07.22 13:29:45.106,1.10184,1.10186,1.00,1.50
2016.07.22 13:29:45.337,1.10183,1.10185,1.00,1.00
2016.07.22 13:29:45.540,1.10183,1.10185,1.50,1.00
2016.07.22 13:29:45.858,1.10183,1.10185,2.25,1.00
2016.07.22 13:29:45.909,1.10183,1.10185,3.00,1.00
2016.07.22 13:29:45.960,1.10183,1.10185,4.50,1.00
2016.07.22 13:29:46.011,1.10183,1.10186,4.87,1.50
2016.07.22 13:29:46.062,1.10183,1.10186,4.72,1.50
2016.07.22 13:29:46.113,1.10183,1.10186,4.35,1.50
2016.07.22 13:29:46.165,1.10183,1.10186,3.60,1.50
2016.07.22 13:29:46.216,1.10183,1.10186,2.85,1.87
2016.07.22 13:29:46.317,1.10183,1.10186,3.60,1.12
2016.07.22 13:29:46.419,1.10183,1.10186,3.60,1.00
2016.07.22 13:29:46.583,1.10183,1.10186,2.85,1.00
2016.07.22 13:29:46.990,1.10183,1.10186,3.22,1.00
2016.07.22 13:29:47.245,1.10183,1.10186,4.72,1.00
2016.07.22 13:29:47.295,1.10183,1.10186,3.97,1.00
2016.07.22 13:29:47.863,1.10183,1.10186,2.47,1.00
2016.07.22 13:29:48.067,1.10183,1.10186,3.97,1.00
2016.07.22 13:29:48.169,1.10183,1.10186,2.47,1.00
2016.07.22 13:29:48.513,1.10183,1.10186,3.22,1.00
2016.07.22 13:29:48.747,1.10183,1.10186,3.60,1.00
2016.07.22 13:29:48.849,1.10183,1.10186,4.50,1.00
2016.07.22 13:29:48.953,1.10183,1.10186,3.00,1.00
2016.07.22 13:29:49.005,1.10183,1.10186,2.25,1.00
2016.07.22 13:29:49.055,1.10183,1.10186,2.25,1.25
2016.07.22 13:29:49.106,1.10183,1.10186,1.50,1.25
2016.07.22 13:29:49.942,1.10183,1.10186,1.12,1.25
2016.07.22 13:29:50.194,1.10183,1.10186,1.00,1.31
2016.07.22 13:29:50.923,1.10183,1.10186,1.00,1.25
2016.07.22 13:29:51.025,1.10183,1.10186,1.00,1.00
2016.07.22 13:29:51.126,1.10183,1.10186,1.00,1.25
2016.07.22 13:29:52.231,1.10183,1.10186,1.12,1.00
2016.07.22 13:29:52.417,1.10183,1.10186,3.00,1.00
2016.07.22 13:29:52.570,1.10183,1.10186,5.25,1.00
2016.07.22 13:29:53.861,1.10183,1.10186,4.50,1.00
2016.07.22 13:29:54.064,1.10183,1.10186,5.25,1.00
2016.07.22 13:29:54.230,1.10183,1.10186,6.00,1.00
2016.07.22 13:29:54.430,1.10183,1.10186,3.00,1.00
2016.07.22 13:29:54.533,1.10183,1.10186,6.00,1.00
2016.07.22 13:29:54.808,1.10183,1.10186,6.37,1.00
2016.07.22 13:29:55.556,1.10183,1.10186,4.87,1.00
2016.07.22 13:29:56.085,1.10183,1.10186,6.37,1.00
2016.07.22 13:29:56.390,1.10183,1.10187,6.75,3.64
2016.07.22 13:29:56.441,1.10183,1.10187,7.12,3.64
2016.07.22 13:29:56.936,1.10183,1.10187,7.12,2.70
2016.07.22 13:29:57.038,1.10183,1.10187,7.12,3.64
2016.07.22 13:29:57.365,1.10183,1.10187,9.22,2.89
2016.07.22 13:29:57.416,1.10184,1.10187,1.00,1.76
2016.07.22 13:29:57.466,1.10184,1.10187,1.00,1.10
2016.07.22 13:29:57.517,1.10184,1.10188,1.00,6.56
2016.07.22 13:29:57.569,1.10184,1.10188,1.00,5.81
2016.07.22 13:29:58.040,1.10184,1.10188,1.00,4.87
2016.07.22 13:29:58.142,1.10184,1.10188,1.00,5.81
2016.07.22 13:29:58.193,1.10184,1.10188,2.25,4.01
2016.07.22 13:29:58.244,1.10184,1.10188,2.25,3.82
2016.07.22 13:29:58.841,1.10184,1.10188,3.00,3.07
2016.07.22 13:29:59.096,1.10184,1.10188,5.85,2.32
2016.07.22 13:29:59.147,1.10185,1.10188,2.44,1.10
2016.07.22 13:29:59.199,1.10185,1.10189,4.50,4.87
2016.07.22 13:29:59.251,1.10186,1.10189,1.00,1.87
2016.07.22 13:29:59.303,1.10186,1.10189,1.00,1.57
2016.07.22 13:29:59.405,1.10186,1.10189,1.12,1.20
2016.07.22 13:29:59.567,1.10186,1.10189,1.00,1.57
2016.07.22 13:29:59.618,1.10186,1.10189,1.12,1.57
2016.07.22 13:29:59.720,1.10186,1.10189,1.50,1.20
2016.07.22 13:29:59.771,1.10186,1.10189,1.87,1.10
2016.07.22 13:29:59.822,1.10186,1.10189,1.00,1.95
2016.07.22 13:29:59.873,1.10186,1.10189,1.50,2.14
2016.07.22 13:30:00.044,1.10186,1.10189,1.50,1.95
2016.07.22 13:30:00.146,1.10186,1.10189,1.12,1.95
2016.07.22 13:30:00.197,1.10186,1.10189,1.50,3.45
2016.07.22 13:30:00.312,1.10186,1.10189,1.87,3.08
2016.07.22 13:30:00.363,1.10186,1.10189,1.87,4.01
2016.07.22 13:30:00.465,1.10186,1.10189,1.12,5.51
2016.07.22 13:30:00.670,1.10186,1.10188,1.12,1.05
2016.07.22 13:30:00.721,1.10186,1.10188,1.12,2.85
2016.07.22 13:30:00.773,1.10186,1.10188,1.12,4.16
2016.07.22 13:30:00.824,1.10185,1.10188,1.50,4.16
2016.07.22 13:30:00.875,1.10185,1.10188,1.50,3.41
2016.07.22 13:30:01.064,1.10185,1.10188,1.00,3.97
2016.07.22 13:30:01.115,1.10184,1.10188,3.37,3.97
2016.07.22 13:30:01.166,1.10184,1.10188,2.62,4.35
2016.07.22 13:30:01.498,1.10184,1.10188,3.22,3.75
2016.07.22 13:30:01.549,1.10184,1.10188,2.62,3.00
2016.07.22 13:30:01.602,1.10183,1.10188,13.87,6.19
2016.07.22 13:30:01.653,1.10183,1.10187,12.37,1.31
2016.07.22 13:30:01.704,1.10183,1.10187,11.62,1.31
2016.07.22 13:30:01.755,1.10183,1.10187,10.12,2.62
2016.07.22 13:30:01.871,1.10183,1.10187,6.75,6.00
2016.07.22 13:30:01.923,1.10183,1.10186,3.37,1.67
2016.07.22 13:30:01.975,1.10183,1.10186,3.00,1.17
2016.07.22 13:30:02.026,1.10183,1.10186,3.75,1.17
2016.07.22 13:30:02.078,1.10183,1.10187,4.50,7.75
2016.07.22 13:30:02.181,1.10183,1.10187,4.50,5.70
2016.07.22 13:30:02.285,1.10183,1.10187,4.50,5.51
2016.07.22 13:30:02.336,1.10183,1.10186,4.50,1.00
2016.07.22 13:30:02.609,1.10183,1.10186,5.25,1.00
2016.07.22 13:30:02.711,1.10183,1.10186,4.50,1.00
2016.07.22 13:30:02.864,1.10184,1.10187,1.00,6.26
2016.07.22 13:30:02.915,1.10184,1.10187,1.00,6.08
2016.07.22 13:30:02.967,1.10184,1.10187,1.00,5.33
2016.07.22 13:30:03.223,1.10184,1.10187,1.50,5.33
2016.07.22 13:30:03.277,1.10184,1.10187,1.50,4.95
2016.07.22 13:30:03.330,1.10184,1.10187,2.10,4.95
2016.07.22 13:30:03.381,1.10185,1.10187,1.87,2.70
2016.07.22 13:30:03.433,1.10186,1.10188,3.10,7.88
2016.07.22 13:30:03.484,1.10186,1.10189,7.20,1.39
2016.07.22 13:30:03.536,1.10187,1.10189,1.00,1.39
2016.07.22 13:30:03.587,1.10187,1.10189,1.00,1.20
2016.07.22 13:30:03.792,1.10187,1.10189,1.00,2.89
2016.07.22 13:30:04.388,1.10187,1.10189,1.00,1.01
2016.07.22 13:30:04.490,1.10187,1.10189,1.12,1.01
2016.07.22 13:30:04.541,1.10187,1.10189,1.25,1.01
2016.07.22 13:30:04.593,1.10187,1.10189,1.12,1.01
2016.07.22 13:30:04.738,1.10189,1.10191,1.00,3.75
2016.07.22 13:30:04.790,1.1019,1.10191,1.50,2.25
2016.07.22 13:30:04.841,1.1019,1.10192,4.54,3.94
2016.07.22 13:30:04.893,1.10191,1.10192,6.45,1.25
2016.07.22 13:30:04.944,1.10193,1.10194,1.87,4.69
2016.07.22 13:30:04.996,1.10192,1.10194,7.05,1.37
2016.07.22 13:30:05.048,1.10193,1.10195,1.50,2.69
2016.07.22 13:30:05.100,1.10193,1.10195,1.50,1.00
2016.07.22 13:30:05.151,1.10193,1.10195,1.00,1.00
2016.07.22 13:30:05.203,1.10193,1.10195,1.50,1.00
2016.07.22 13:30:05.349,1.10193,1.10195,1.50,1.12
2016.07.22 13:30:05.401,1.10193,1.10195,1.50,1.87
2016.07.22 13:30:05.453,1.10193,1.10194,1.00,2.10
2016.07.22 13:30:05.505,1.10192,1.10193,2.25,1.00
2016.07.22 13:30:05.556,1.1019,1.10192,8.62,1.72
2016.07.22 13:30:05.607,1.1019,1.10192,4.87,1.72
2016.07.22 13:30:05.659,1.1019,1.10192,1.00,3.22
2016.07.22 13:30:05.711,1.10189,1.10191,1.12,2.85
2016.07.22 13:30:05.764,1.10189,1.1019,1.00,1.00
2016.07.22 13:30:05.815,1.10189,1.10191,1.00,6.11
2016.07.22 13:30:05.866,1.10189,1.10191,1.00,6.26
2016.07.22 13:30:05.968,1.10189,1.1019,2.62,1.25
2016.07.22 13:30:06.021,1.1019,1.10191,1.12,2.25
2016.07.22 13:30:06.072,1.1019,1.10192,1.12,2.06
2016.07.22 13:30:06.124,1.1019,1.10193,1.12,4.39
2016.07.22 13:30:06.175,1.1019,1.10193,1.12,4.76
2016.07.22 13:30:06.227,1.1019,1.10193,1.00,5.14
2016.07.22 13:30:06.279,1.1019,1.10193,1.00,5.51
2016.07.22 13:30:06.330,1.1019,1.10193,1.00,6.11
2016.07.22 13:30:06.432,1.1019,1.10192,1.00,1.12
2016.07.22 13:30:06.484,1.1019,1.10192,1.00,4.50
2016.07.22 13:30:06.660,1.1019,1.10192,1.00,6.37
2016.07.22 13:30:06.712,1.1019,1.10191,1.00,1.87
2016.07.22 13:30:06.815,1.10189,1.10191,1.00,2.06
2016.07.22 13:30:06.918,1.10189,1.10191,1.00,1.87
2016.07.22 13:30:07.024,1.10188,1.10191,1.20,1.87
2016.07.22 13:30:07.128,1.10188,1.10191,1.12,2.62
2016.07.22 13:30:07.180,1.10188,1.10191,1.12,1.12
2016.07.22 13:30:07.232,1.10188,1.10191,1.00,2.25
2016.07.22 13:30:07.284,1.10187,1.10191,6.82,1.87
2016.07.22 13:30:07.418,1.10187,1.10191,5.70,3.19
2016.07.22 13:30:07.570,1.10188,1.10191,1.00,3.19
2016.07.22 13:30:07.621,1.10188,1.10191,1.00,2.44
2016.07.22 13:30:07.875,1.10188,1.10191,1.50,2.44
2016.07.22 13:30:07.979,1.10188,1.10191,1.50,2.06
2016.07.22 13:30:08.259,1.10187,1.10189,4.95,1.12
2016.07.22 13:30:08.311,1.10185,1.10187,12.75,3.22
2016.07.22 13:30:08.362,1.10185,1.10186,2.62,1.00
2016.07.22 13:30:08.415,1.10184,1.10186,4.31,1.00
2016.07.22 13:30:08.466,1.10183,1.10186,1.87,1.12
2016.07.22 13:30:08.518,1.10182,1.10186,10.20,2.25
2016.07.22 13:30:08.569,1.10182,1.10186,9.45,2.62
2016.07.22 13:30:08.620,1.10182,1.10186,9.82,5.25
2016.07.22 13:30:08.671,1.10182,1.10186,9.82,6.00
2016.07.22 13:30:08.723,1.10182,1.10186,6.82,6.37
2016.07.22 13:30:08.774,1.10182,1.10186,6.45,4.50
2016.07.22 13:30:08.825,1.10182,1.10186,8.32,2.44
2016.07.22 13:30:08.916,1.10182,1.10186,6.82,3.00
2016.07.22 13:30:08.969,1.10183,1.10186,1.00,3.00
2016.07.22 13:30:09.074,1.10183,1.10186,1.00,3.37
2016.07.22 13:30:09.125,1.10183,1.10186,1.00,4.12
2016.07.22 13:30:09.228,1.10183,1.10186,1.00,3.37
2016.07.22 13:30:09.279,1.10183,1.10186,1.00,4.12
2016.07.22 13:30:09.331,1.10183,1.10186,1.00,2.62
2016.07.22 13:30:09.382,1.10183,1.10186,1.00,4.12
2016.07.22 13:30:09.434,1.10183,1.10186,1.00,5.62
2016.07.22 13:30:09.586,1.10183,1.10186,1.00,7.50
2016.07.22 13:30:09.709,1.10183,1.10186,1.00,4.87
2016.07.22 13:30:09.760,1.10183,1.10186,1.00,4.50
2016.07.22 13:30:09.917,1.10183,1.10186,1.00,3.75
2016.07.22 13:30:10.025,1.10183,1.10186,1.00,4.50
2016.07.22 13:30:10.230,1.10183,1.10186,1.00,5.44
2016.07.22 13:30:10.282,1.10183,1.10186,2.25,3.56
2016.07.22 13:30:10.333,1.10183,1.10186,2.62,1.50
2016.07.22 13:30:10.385,1.10183,1.10186,3.45,1.50
2016.07.22 13:30:10.511,1.10183,1.10186,4.05,1.00
2016.07.22 13:30:10.571,1.10183,1.10187,4.80,3.37
2016.07.22 13:30:10.623,1.10183,1.10187,4.20,3.37
2016.07.22 13:30:10.675,1.10183,1.10187,3.82,3.37
2016.07.22 13:30:10.728,1.10183,1.10187,2.32,6.46
2016.07.22 13:30:10.779,1.10183,1.10187,2.32,6.83
2016.07.22 13:30:10.831,1.10183,1.10187,2.32,7.02
2016.07.22 13:30:11.138,1.10183,1.10187,2.32,6.08
2016.07.22 13:30:11.330,1.10183,1.10187,2.32,7.02
2016.07.22 13:30:11.686,1.10183,1.10187,3.07,7.02
2016.07.22 13:30:11.787,1.10183,1.10187,3.07,6.64
2016.07.22 13:30:11.838,1.10184,1.10187,1.00,6.64
2016.07.22 13:30:11.889,1.10184,1.10187,1.00,6.27
2016.07.22 13:30:12.327,1.10184,1.10187,1.00,6.64
2016.07.22 13:30:12.378,1.10184,1.10187,1.50,6.64
2016.07.22 13:30:12.429,1.10184,1.10187,1.50,6.46
2016.07.22 13:30:12.939,1.10184,1.10187,1.50,5.71
2016.07.22 13:30:13.092,1.10184,1.10187,1.50,5.33
2016.07.22 13:30:13.176,1.10185,1.10187,1.12,5.33
2016.07.22 13:30:13.228,1.10185,1.10188,5.47,1.47
2016.07.22 13:30:13.281,1.10187,1.10189,2.85,3.16
2016.07.22 13:30:13.333,1.10187,1.10188,4.50,1.00
2016.07.22 13:30:13.385,1.10187,1.10189,1.87,1.00
2016.07.22 13:30:13.436,1.10187,1.1019,1.50,7.76
2016.07.22 13:30:13.487,1.10187,1.1019,1.50,7.95
2016.07.22 13:30:13.589,1.10187,1.1019,1.50,9.30
2016.07.22 13:30:13.640,1.10187,1.1019,1.12,9.30
2016.07.22 13:30:13.691,1.10187,1.10189,1.00,1.12
2016.07.22 13:30:13.742,1.10187,1.10189,1.00,2.85
2016.07.22 13:30:13.794,1.10187,1.10189,1.00,2.10
2016.07.22 13:30:13.845,1.10187,1.10189,1.00,1.54
2016.07.22 13:30:13.990,1.10187,1.10189,1.00,2.06
2016.07.22 13:30:14.143,1.10187,1.10189,1.00,2.81
2016.07.22 13:30:14.194,1.10187,1.10189,1.00,2.44
2016.07.22 13:30:14.245,1.10187,1.10188,1.00,1.00
2016.07.22 13:30:14.296,1.10186,1.10188,1.95,1.50
2016.07.22 13:30:14.347,1.10186,1.10188,1.00,2.25
2016.07.22 13:30:14.449,1.10186,1.10188,1.00,3.75
2016.07.22 13:30:14.774,1.10186,1.10188,1.00,3.00
2016.07.22 13:30:14.825,1.10186,1.10188,1.12,1.00
2016.07.22 13:30:14.876,1.10187,1.10188,1.00,1.00
2016.07.22 13:30:14.928,1.10187,1.10189,1.12,1.10
2016.07.22 13:30:14.980,1.10187,1.10189,1.87,1.10
2016.07.22 13:30:15.031,1.10187,1.10189,1.50,1.00
2016.07.22 13:30:15.133,1.10187,1.1019,2.62,2.89
2016.07.22 13:30:15.184,1.10188,1.1019,1.00,1.76
2016.07.22 13:30:15.235,1.10187,1.1019,3.00,1.01
2016.07.22 13:30:15.338,1.10187,1.10191,3.00,6.94
2016.07.22 13:30:15.440,1.10187,1.10191,6.00,7.12
2016.07.22 13:30:15.575,1.10192,1.10193,1.30,8.06
2016.07.22 13:30:15.633,1.10194,1.10195,1.87,7.76
2016.07.22 13:30:15.685,1.10194,1.10195,1.87,5.25
2016.07.22 13:30:15.737,1.10194,1.10196,2.62,1.37
2016.07.22 13:30:15.789,1.10194,1.10196,3.00,1.00
2016.07.22 13:30:15.840,1.10194,1.10197,3.00,4.20
2016.07.22 13:30:15.942,1.10194,1.10197,2.25,4.20
2016.07.22 13:30:16.044,1.10194,1.10197,1.50,4.20
2016.07.22 13:30:16.095,1.10194,1.10197,1.50,4.57
2016.07.22 13:30:16.146,1.10194,1.10197,1.50,4.76
2016.07.22 13:30:16.285,1.10194,1.10196,1.50,1.87
2016.07.22 13:30:16.337,1.10193,1.10196,1.12,4.20
2016.07.22 13:30:16.388,1.10193,1.10196,1.00,4.57
2016.07.22 13:30:16.439,1.10193,1.10196,1.00,6.49
2016.07.22 13:30:16.719,1.10193,1.10196,1.00,5.55
2016.07.22 13:30:16.821,1.10193,1.10195,1.00,1.00
2016.07.22 13:30:17.327,1.10194,1.10195,1.00,1.00
2016.07.22 13:30:17.836,1.10194,1.10196,1.00,8.36
2016.07.22 13:30:17.938,1.10194,1.10196,1.00,7.99
2016.07.22 13:30:18.039,1.10194,1.10196,1.00,8.36
2016.07.22 13:30:18.649,1.10194,1.10196,1.00,7.61
2016.07.22 13:30:18.751,1.10194,1.10196,1.00,7.99
2016.07.22 13:30:18.954,1.10194,1.10196,1.00,8.36
2016.07.22 13:30:19.513,1.10194,1.10196,1.00,6.11
2016.07.22 13:30:19.564,1.10194,1.10196,1.00,4.99
2016.07.22 13:30:19.615,1.10194,1.10196,1.00,3.22
2016.07.22 13:30:19.666,1.10194,1.10196,1.00,1.50
2016.07.22 13:30:19.717,1.10194,1.10196,1.00,2.25
2016.07.22 13:30:19.768,1.10194,1.10196,1.00,2.25
2016.07.22 13:30:19.920,1.10193,1.10196,1.25,4.12
2016.07.22 13:30:19.971,1.10193,1.10195,1.12,3.00
2016.07.22 13:30:20.022,1.10193,1.10195,1.12,4.87
2016.07.22 13:30:20.073,1.10193,1.10195,1.12,5.62
2016.07.22 13:30:20.124,1.10193,1.10194,1.12,1.12
2016.07.22 13:30:20.837,1.10193,1.10195,1.12,7.50
2016.07.22 13:30:20.923,1.10193,1.10195,1.12,9.00
2016.07.22 13:30:21.025,1.10193,1.10195,1.12,7.50
2016.07.22 13:30:21.126,1.10193,1.10195,1.12,9.00
2016.07.22 13:30:21.431,1.10193,1.10195,1.12,8.25
2016.07.22 13:30:21.482,1.10193,1.10195,1.12,7.50
2016.07.22 13:30:21.534,1.10193,1.10195,7.72,3.75
2016.07.22 13:30:21.585,1.10194,1.10195,1.87,1.00
2016.07.22 13:30:21.636,1.10195,1.10197,1.50,1.50
2016.07.22 13:30:21.687,1.10195,1.10197,3.00,1.00
2016.07.22 13:30:21.738,1.10195,1.10197,3.45,1.00
2016.07.22 13:30:21.828,1.10195,1.10198,3.07,1.12
2016.07.22 13:30:21.879,1.10195,1.10199,3.64,6.37
2016.07.22 13:30:21.930,1.10195,1.10199,3.64,7.12
2016.07.22 13:30:22.185,1.10195,1.10199,3.45,7.12
2016.07.22 13:30:22.338,1.10195,1.10199,3.64,7.12
2016.07.22 13:30:22.440,1.10195,1.10199,3.26,7.12
2016.07.22 13:30:22.491,1.10195,1.10199,3.07,7.87
2016.07.22 13:30:22.542,1.10195,1.10197,2.32,1.00
2016.07.22 13:30:22.594,1.10195,1.10197,1.57,1.50
2016.07.22 13:30:22.645,1.10195,1.10197,1.20,4.12
2016.07.22 13:30:22.754,1.10195,1.10197,1.20,3.75
2016.07.22 13:30:22.809,1.10195,1.10197,1.10,3.37
2016.07.22 13:30:22.860,1.10195,1.10197,1.10,2.25
2016.07.22 13:30:22.911,1.10195,1.10197,1.10,2.62
2016.07.22 13:30:22.963,1.10195,1.10197,1.10,1.87
2016.07.22 13:30:23.065,1.10195,1.10197,1.10,2.25
2016.07.22 13:30:23.117,1.10195,1.10197,1.10,1.87
2016.07.22 13:30:23.168,1.10195,1.10197,1.10,1.50
2016.07.22 13:30:23.270,1.10195,1.10197,1.20,1.00
2016.07.22 13:30:23.322,1.10195,1.10197,1.57,1.00
2016.07.22 13:30:23.512,1.10195,1.10197,1.57,1.12
2016.07.22 13:30:23.565,1.10195,1.10197,1.20,3.00
2016.07.22 13:30:23.616,1.10195,1.10197,1.00,4.50
2016.07.22 13:30:23.667,1.10194,1.10197,1.10,4.50
2016.07.22 13:30:23.820,1.10194,1.10196,1.10,1.12
2016.07.22 13:30:23.872,1.10194,1.10196,1.10,1.37
2016.07.22 13:30:23.923,1.10194,1.10196,1.10,1.50
2016.07.22 13:30:23.974,1.10194,1.10196,1.10,2.25
2016.07.22 13:30:24.076,1.10194,1.10196,1.10,1.50
2016.07.22 13:30:24.323,1.10194,1.10196,1.57,1.50
2016.07.22 13:30:24.375,1.10194,1.10196,1.10,1.50
2016.07.22 13:30:24.427,1.10194,1.10196,1.57,2.62
2016.07.22 13:30:24.532,1.10194,1.10196,1.10,3.00
2016.07.22 13:30:24.584,1.10194,1.10196,1.10,4.50
2016.07.22 13:30:24.686,1.10194,1.10196,1.10,5.25
2016.07.22 13:30:24.738,1.10193,1.10195,2.25,3.00
2016.07.22 13:30:24.789,1.10193,1.10195,1.50,4.87
2016.07.22 13:30:24.840,1.10193,1.10195,1.12,5.62
2016.07.22 13:30:24.891,1.10193,1.10195,1.00,4.87
2016.07.22 13:30:24.943,1.10193,1.10195,1.00,3.75
2016.07.22 13:30:24.996,1.10193,1.10195,1.00,2.25
2016.07.22 13:30:25.087,1.10193,1.10195,1.00,1.50
2016.07.22 13:30:25.138,1.10193,1.10196,1.00,7.12
2016.07.22 13:30:25.189,1.10193,1.10196,1.00,7.50
2016.07.22 13:30:25.240,1.10193,1.10195,1.12,1.12
2016.07.22 13:30:25.595,1.10193,1.10195,1.00,1.87
2016.07.22 13:30:25.646,1.10193,1.10195,1.00,1.50
2016.07.22 13:30:25.697,1.10193,1.10195,1.12,1.50
2016.07.22 13:30:25.749,1.10194,1.10195,1.00,1.00
2016.07.22 13:30:25.799,1.10194,1.10196,1.00,3.37
2016.07.22 13:30:25.850,1.10193,1.10196,7.50,1.00
2016.07.22 13:30:25.902,1.10194,1.10196,1.69,1.00
2016.07.22 13:30:26.031,1.10195,1.10197,3.45,1.00
2016.07.22 13:30:26.082,1.10196,1.10199,1.00,5.44
2016.07.22 13:30:26.184,1.10195,1.10199,7.39,5.81
2016.07.22 13:30:26.235,1.10195,1.10199,7.39,6.94
2016.07.22 13:30:26.286,1.10195,1.10199,7.39,6.34
2016.07.22 13:30:26.338,1.10195,1.10197,7.39,1.00
2016.07.22 13:30:26.490,1.10195,1.10197,7.76,1.00
2016.07.22 13:30:26.541,1.10195,1.10198,7.76,1.20
2016.07.22 13:30:26.644,1.10195,1.10198,9.64,1.20
2016.07.22 13:30:26.695,1.10196,1.10198,1.00,1.00
2016.07.22 13:30:26.747,1.10196,1.10199,5.63,1.25
2016.07.22 13:30:26.798,1.10197,1.10199,1.50,1.00
2016.07.22 13:30:26.893,1.10197,1.10199,4.50,1.00
2016.07.22 13:30:26.948,1.10198,1.10201,2.14,2.25
2016.07.22 13:30:26.999,1.10198,1.10201,4.69,1.50
2016.07.22 13:30:27.050,1.102,1.10202,1.00,3.09
2016.07.22 13:30:27.101,1.102,1.10202,1.00,2.34
2016.07.22 13:30:27.152,1.102,1.10202,1.00,3.09
2016.07.22 13:30:27.204,1.102,1.10202,2.62,2.34
2016.07.22 13:30:27.255,1.10201,1.10204,1.00,3.16
2016.07.22 13:30:27.306,1.10201,1.10204,1.50,2.41
2016.07.22 13:30:27.358,1.10201,1.10204,2.44,3.75
2016.07.22 13:30:27.459,1.10201,1.10204,2.06,3.75
2016.07.22 13:30:27.648,1.10203,1.10204,1.00,1.50
2016.07.22 13:30:27.801,1.10203,1.10204,1.50,1.00
2016.07.22 13:30:27.852,1.10203,1.10204,1.69,1.00
2016.07.22 13:30:27.904,1.10203,1.10206,1.69,1.50
2016.07.22 13:30:27.955,1.10203,1.10206,1.69,1.24
2016.07.22 13:30:28.057,1.10203,1.10206,1.69,1.15
2016.07.22 13:30:28.159,1.10203,1.10206,1.69,1.24
2016.07.22 13:30:28.362,1.10203,1.10206,1.50,1.24
2016.07.22 13:30:28.464,1.10202,1.10204,4.57,1.00
2016.07.22 13:30:28.515,1.10203,1.10204,1.00,4.12
2016.07.22 13:30:28.599,1.10202,1.10204,1.57,4.12
2016.07.22 13:30:28.652,1.10202,1.10203,1.00,3.00
2016.07.22 13:30:28.705,1.10201,1.10203,1.00,4.50
2016.07.22 13:30:28.756,1.102,1.10203,1.25,4.50
2016.07.22 13:30:28.961,1.102,1.10203,1.25,4.87
2016.07.22 13:30:29.167,1.102,1.10203,1.25,3.37
2016.07.22 13:30:29.342,1.102,1.10203,1.25,4.87
2016.07.22 13:30:29.530,1.102,1.10203,1.00,4.87
2016.07.22 13:30:29.886,1.102,1.10203,1.00,3.37
2016.07.22 13:30:29.988,1.102,1.10203,1.00,4.87
2016.07.22 13:30:30.039,1.102,1.10203,1.00,5.62
2016.07.22 13:30:30.090,1.10199,1.10202,6.26,1.12
2016.07.22 13:30:30.192,1.10199,1.10202,5.51,2.62
2016.07.22 13:30:30.294,1.10199,1.10202,4.76,2.62
2016.07.22 13:30:30.425,1.102,1.10202,1.00,2.62
2016.07.22 13:30:30.882,1.102,1.10202,1.00,1.87
2016.07.22 13:30:30.984,1.102,1.10203,1.00,5.32
2016.07.22 13:30:31.238,1.10199,1.10203,3.26,6.82
2016.07.22 13:30:31.289,1.10199,1.10202,3.26,1.12
2016.07.22 13:30:31.391,1.10199,1.10202,3.07,1.12
2016.07.22 13:30:31.486,1.10199,1.10202,3.07,1.87
2016.07.22 13:30:31.537,1.10199,1.10201,3.07,1.54
2016.07.22 13:30:31.589,1.10198,1.102,3.75,1.12
2016.07.22 13:30:31.640,1.10198,1.10199,2.25,1.12
2016.07.22 13:30:31.691,1.10196,1.10199,5.81,1.12
2016.07.22 13:30:31.742,1.10196,1.10198,2.70,1.12
2016.07.22 13:30:31.794,1.10196,1.10198,1.20,1.50
2016.07.22 13:30:31.845,1.10196,1.10198,1.10,1.12
2016.07.22 13:30:31.999,1.10195,1.10198,9.37,1.12
2016.07.22 13:30:32.050,1.10196,1.10199,1.10,7.39
2016.07.22 13:30:32.101,1.10196,1.10199,1.10,7.31
2016.07.22 13:30:32.329,1.10196,1.10199,1.10,6.56
2016.07.22 13:30:32.380,1.10196,1.10199,1.10,5.06
2016.07.22 13:30:32.482,1.10196,1.10199,1.10,4.87
2016.07.22 13:30:32.584,1.10196,1.10199,1.10,5.62
2016.07.22 13:30:33.056,1.10196,1.10199,1.10,4.87
2016.07.22 13:30:33.155,1.10196,1.10199,1.10,5.62
2016.07.22 13:30:33.670,1.10196,1.10198,1.10,2.85
2016.07.22 13:30:33.721,1.10196,1.10198,1.00,2.29
2016.07.22 13:30:33.772,1.10195,1.10198,6.75,3.41
2016.07.22 13:30:33.823,1.10195,1.10197,1.50,1.12
2016.07.22 13:30:33.874,1.10195,1.10197,2.25,1.12
2016.07.22 13:30:34.027,1.10195,1.10197,4.50,1.00
2016.07.22 13:30:34.078,1.10196,1.10198,1.00,1.37
2016.07.22 13:30:34.129,1.10196,1.10198,1.00,1.00
2016.07.22 13:30:34.272,1.10196,1.10198,1.50,1.00
2016.07.22 13:30:34.680,1.10196,1.10199,1.50,5.32
2016.07.22 13:30:34.731,1.10196,1.10199,1.50,4.57
2016.07.22 13:30:34.782,1.10196,1.10198,1.50,1.00
2016.07.22 13:30:35.514,1.10196,1.10197,1.50,1.00
2016.07.22 13:30:35.565,1.10196,1.10197,1.00,1.87
2016.07.22 13:30:35.616,1.10195,1.10197,2.62,2.62
2016.07.22 13:30:35.667,1.10195,1.10197,2.25,2.62
2016.07.22 13:30:35.718,1.10195,1.10197,2.25,2.62
2016.07.22 13:30:35.769,1.10195,1.10197,2.25,1.87
2016.07.22 13:30:35.820,1.10195,1.10197,1.50,1.50
2016.07.22 13:30:35.871,1.10195,1.10197,1.00,1.00
2016.07.22 13:30:35.922,1.10195,1.10197,3.00,1.00
2016.07.22 13:30:35.974,1.10195,1.10197,3.75,1.00
2016.07.22 13:30:36.082,1.10195,1.10197,6.00,1.00
2016.07.22 13:30:36.133,1.10196,1.10197,1.95,1.00
2016.07.22 13:30:36.184,1.10197,1.102,1.35,7.69
2016.07.22 13:30:36.237,1.10199,1.102,1.00,2.44
2016.07.22 13:30:36.288,1.10199,1.102,1.00,1.25
2016.07.22 13:30:36.339,1.10199,1.10201,1.00,2.44
2016.07.22 13:30:36.390,1.102,1.10201,1.00,1.00
2016.07.22 13:30:36.492,1.10199,1.10201,1.50,1.12
2016.07.22 13:30:36.934,1.10199,1.10201,1.00,1.12
2016.07.22 13:30:36.986,1.10198,1.102,3.94,1.00
2016.07.22 13:30:37.037,1.10198,1.102,1.69,2.25
2016.07.22 13:30:37.089,1.10198,1.10199,1.50,1.12
2016.07.22 13:30:37.140,1.10197,1.10198,3.00,1.00
2016.07.22 13:30:37.192,1.10196,1.10198,1.29,1.60
2016.07.22 13:30:37.243,1.10195,1.10198,9.15,1.22
2016.07.22 13:30:37.294,1.10195,1.10198,4.50,2.72
2016.07.22 13:30:37.345,1.10195,1.10198,3.94,3.47
2016.07.22 13:30:37.396,1.10195,1.10198,3.00,3.10
2016.07.22 13:30:37.529,1.10197,1.10198,2.62,2.35
2016.07.22 13:30:37.580,1.10197,1.10198,2.62,1.60
2016.07.22 13:30:37.631,1.10196,1.10198,4.57,1.60
2016.07.22 13:30:37.682,1.10196,1.10198,3.07,1.13
2016.07.22 13:30:37.785,1.10196,1.10198,3.82,1.60
2016.07.22 13:30:37.835,1.10196,1.10198,3.07,1.60
2016.07.22 13:30:37.887,1.10196,1.10198,3.67,1.60
2016.07.22 13:30:37.989,1.10196,1.10198,3.67,1.13
2016.07.22 13:30:38.194,1.10196,1.10199,2.92,3.47
2016.07.22 13:30:38.296,1.10196,1.10198,3.67,1.13
2016.07.22 13:30:38.424,1.10196,1.10198,4.57,1.13
2016.07.22 13:30:38.711,1.10196,1.10198,4.20,1.13
2016.07.22 13:30:38.762,1.10196,1.10198,3.45,1.13
2016.07.22 13:30:38.915,1.10196,1.10198,3.64,1.13
2016.07.22 13:30:39.067,1.10196,1.10198,4.39,1.13
2016.07.22 13:30:39.118,1.10197,1.10198,1.00,1.13
2016.07.22 13:30:39.170,1.10198,1.10199,1.12,1.97
2016.07.22 13:30:39.221,1.10198,1.102,2.62,1.87
2016.07.22 13:30:39.272,1.10198,1.102,3.00,1.00
2016.07.22 13:30:39.324,1.10199,1.10202,1.00,4.12
2016.07.22 13:30:39.375,1.10199,1.10202,2.44,1.50
2016.07.22 13:30:39.426,1.10199,1.10202,3.56,1.00
2016.07.22 13:30:39.553,1.10199,1.10202,5.25,1.00
2016.07.22 13:30:39.604,1.102,1.10202,2.81,1.00
2016.07.22 13:30:39.655,1.102,1.10202,3.19,1.00
2016.07.22 13:30:39.706,1.102,1.10202,3.94,1.00
2016.07.22 13:30:39.758,1.102,1.10202,5.06,1.00
2016.07.22 13:30:40.368,1.102,1.10202,4.31,1.00
2016.07.22 13:30:40.419,1.102,1.10202,3.56,1.00
2016.07.22 13:30:40.820,1.102,1.10202,4.31,1.00
2016.07.22 13:30:40.973,1.10201,1.10202,1.00,1.00
2016.07.22 13:30:41.075,1.10202,1.10203,1.00,2.17
2016.07.22 13:30:41.126,1.10202,1.10203,1.50,1.80
2016.07.22 13:30:41.177,1.10202,1.10203,1.50,1.42
2016.07.22 13:30:41.228,1.10202,1.10204,1.50,1.67
2016.07.22 13:30:41.279,1.10202,1.10205,1.50,3.26
2016.07.22 13:30:41.330,1.10202,1.10205,1.50,7.20
2016.07.22 13:30:41.381,1.10202,1.10204,1.50,1.00
2016.07.22 13:30:41.432,1.10202,1.10204,1.50,1.30
2016.07.22 13:30:41.568,1.10202,1.10205,1.50,8.55
2016.07.22 13:30:41.619,1.10202,1.10204,1.50,1.30
2016.07.22 13:30:41.721,1.10202,1.10205,1.50,8.36
2016.07.22 13:30:41.772,1.10202,1.10205,1.50,7.99
2016.07.22 13:30:41.823,1.10202,1.10204,1.50,1.30
2016.07.22 13:30:41.874,1.10203,1.10205,1.00,6.67
2016.07.22 13:30:41.925,1.10204,1.10205,1.50,4.20
2016.07.22 13:30:41.976,1.10204,1.10205,1.00,1.00
2016.07.22 13:30:42.028,1.10204,1.10207,1.50,5.06
2016.07.22 13:30:42.464,1.10204,1.10207,1.50,6.94
2016.07.22 13:30:42.516,1.10204,1.10205,1.50,1.00
2016.07.22 13:30:42.618,1.10204,1.10205,1.00,1.12
2016.07.22 13:30:42.670,1.10203,1.10205,1.00,1.50
2016.07.22 13:30:42.773,1.10203,1.10205,1.00,1.12
2016.07.22 13:30:42.825,1.10203,1.10205,1.00,1.00
2016.07.22 13:30:42.877,1.10203,1.10205,1.00,1.50
2016.07.22 13:30:42.928,1.10202,1.10204,1.87,1.00
2016.07.22 13:30:42.979,1.10202,1.10203,1.12,1.00
2016.07.22 13:30:43.031,1.10201,1.10203,2.25,2.62
2016.07.22 13:30:43.082,1.10201,1.10203,1.50,2.62
2016.07.22 13:30:43.172,1.10201,1.10203,1.12,3.37
2016.07.22 13:30:43.224,1.10201,1.10203,1.00,3.75
2016.07.22 13:30:43.276,1.10201,1.10203,1.00,3.37
2016.07.22 13:30:43.327,1.10201,1.10203,1.50,1.87
2016.07.22 13:30:43.429,1.10202,1.10203,1.00,1.00
2016.07.22 13:30:43.738,1.10201,1.10203,1.50,1.50
2016.07.22 13:30:43.790,1.10201,1.10202,1.00,1.00
2016.07.22 13:30:43.842,1.102,1.10202,4.87,1.00
2016.07.22 13:30:43.976,1.102,1.10202,4.69,1.00
2016.07.22 13:30:44.028,1.102,1.10202,1.50,1.00
2016.07.22 13:30:44.079,1.102,1.10202,1.69,1.00
2016.07.22 13:30:44.139,1.102,1.10202,2.06,1.00
2016.07.22 13:30:44.344,1.102,1.10202,1.87,1.00
2016.07.22 13:30:44.447,1.102,1.10202,2.06,1.00
2016.07.22 13:30:44.967,1.102,1.10203,1.69,3.37
2016.07.22 13:30:45.018,1.102,1.10202,1.87,1.00
2016.07.22 13:30:45.070,1.102,1.10202,2.25,1.00
2016.07.22 13:30:45.121,1.102,1.10202,2.44,1.00
2016.07.22 13:30:45.172,1.102,1.10202,3.19,1.00
2016.07.22 13:30:45.223,1.102,1.10202,3.00,1.00
2016.07.22 13:30:45.325,1.102,1.10202,3.19,1.00
2016.07.22 13:30:45.377,1.102,1.10202,2.44,1.00
2016.07.22 13:30:46.024,1.102,1.10203,2.25,2.25
2016.07.22 13:30:46.126,1.102,1.10202,2.44,1.00
2016.07.22 13:30:46.177,1.102,1.10202,2.25,1.00
2016.07.22 13:30:46.279,1.102,1.10202,2.44,1.00
2016.07.22 13:30:46.330,1.102,1.10203,2.25,2.25
2016.07.22 13:30:46.431,1.102,1.10202,2.25,1.00
2016.07.22 13:30:46.533,1.102,1.10202,2.44,1.00
2016.07.22 13:30:47.469,1.102,1.10202,2.25,1.00
2016.07.22 13:30:47.571,1.102,1.10202,2.44,1.00
2016.07.22 13:30:47.672,1.102,1.10202,1.31,1.00
2016.07.22 13:30:47.876,1.10199,1.10202,4.05,1.12
2016.07.22 13:30:47.927,1.10199,1.10202,4.43,1.87
2016.07.22 13:30:47.978,1.10199,1.10202,4.05,1.50
2016.07.22 13:30:48.132,1.10199,1.10202,3.98,2.33
2016.07.22 13:30:48.183,1.10199,1.10202,3.00,2.33
2016.07.22 13:30:48.234,1.10199,1.10202,2.25,1.58
2016.07.22 13:30:48.336,1.10199,1.10201,1.50,1.00
2016.07.22 13:30:48.641,1.10199,1.10201,1.50,1.12
2016.07.22 13:30:48.742,1.10199,1.10201,1.12,2.25
2016.07.22 13:30:48.794,1.10199,1.10201,1.00,2.62
2016.07.22 13:30:48.844,1.10199,1.10201,1.00,2.62
2016.07.22 13:30:48.935,1.10199,1.10201,1.00,4.87
2016.07.22 13:30:48.986,1.10198,1.10199,1.50,1.87
2016.07.22 13:30:49.037,1.10197,1.10198,1.00,1.00
2016.07.22 13:30:49.088,1.10196,1.10198,3.26,2.62
2016.07.22 13:30:49.140,1.10196,1.10198,1.50,3.37
2016.07.22 13:30:49.242,1.10196,1.10198,1.00,6.37
2016.07.22 13:30:49.293,1.10194,1.10197,4.61,1.12
2016.07.22 13:30:49.344,1.10195,1.10196,1.00,1.10
2016.07.22 13:30:49.649,1.10195,1.10197,1.00,2.33
2016.07.22 13:30:49.700,1.10194,1.10197,1.10,2.33
2016.07.22 13:30:49.818,1.10194,1.10196,1.10,1.10
2016.07.22 13:30:50.633,1.10194,1.10197,1.10,2.33
2016.07.22 13:30:50.735,1.10194,1.10196,1.10,1.10
2016.07.22 13:30:50.891,1.10194,1.10196,1.00,1.10
2016.07.22 13:30:50.942,1.10193,1.10197,7.42,4.20
2016.07.22 13:30:50.993,1.10193,1.10197,7.80,3.83
2016.07.22 13:30:51.096,1.10193,1.10197,7.80,4.20
2016.07.22 13:30:51.147,1.10193,1.10197,7.80,4.43
2016.07.22 13:30:51.249,1.10193,1.10196,8.74,1.05
2016.07.22 13:30:51.351,1.10193,1.10194,6.64,1.12
2016.07.22 13:30:51.402,1.10193,1.10195,5.89,3.37
2016.07.22 13:30:51.454,1.10192,1.10193,1.87,1.87
2016.07.22 13:30:51.505,1.10192,1.10193,1.00,1.87
2016.07.22 13:30:51.564,1.1019,1.10192,1.00,1.00
2016.07.22 13:30:51.701,1.10189,1.10193,5.81,6.45
2016.07.22 13:30:51.753,1.10189,1.10193,6.04,7.95
2016.07.22 13:30:51.805,1.10189,1.10192,5.66,1.00
2016.07.22 13:30:52.063,1.10189,1.10192,7.16,1.00
2016.07.22 13:30:52.266,1.10189,1.10192,6.79,1.00
2016.07.22 13:30:52.623,1.10189,1.10192,7.54,1.00
2016.07.22 13:30:52.734,1.1019,1.10192,1.31,1.00
2016.07.22 13:30:52.887,1.1019,1.10192,1.12,1.00
2016.07.22 13:30:52.990,1.1019,1.10192,1.31,3.75
2016.07.22 13:30:53.042,1.10189,1.1019,2.81,1.00
2016.07.22 13:30:53.093,1.10189,1.1019,2.44,1.00
2016.07.22 13:30:53.146,1.10189,1.1019,1.50,1.25
2016.07.22 13:30:53.248,1.10189,1.10191,1.50,1.31
2016.07.22 13:30:53.299,1.10189,1.10191,1.00,1.31
2016.07.22 13:30:53.451,1.10189,1.10191,1.00,2.06
2016.07.22 13:30:53.614,1.10189,1.10191,1.00,3.56
2016.07.22 13:30:53.970,1.10188,1.10191,4.39,3.56
2016.07.22 13:30:54.072,1.10189,1.10191,1.00,3.56
2016.07.22 13:30:54.174,1.10188,1.10191,3.64,3.56
2016.07.22 13:30:54.225,1.10188,1.10191,3.45,3.56
2016.07.22 13:30:54.276,1.10188,1.10191,2.70,3.94
2016.07.22 13:30:54.748,1.1019,1.10192,1.00,7.31
2016.07.22 13:30:54.800,1.10191,1.10193,6.00,5.32
2016.07.22 13:30:54.853,1.10192,1.10193,4.35,1.12
2016.07.22 13:30:54.904,1.10192,1.10194,9.22,1.50
2016.07.22 13:30:54.955,1.10193,1.10194,3.79,1.12
2016.07.22 13:30:55.007,1.10193,1.10196,2.81,1.25
2016.07.22 13:30:55.058,1.10193,1.10196,2.62,1.25
2016.07.22 13:30:55.204,1.10193,1.10196,2.06,1.25
2016.07.22 13:30:55.256,1.10193,1.10196,2.06,1.03
2016.07.22 13:30:55.307,1.10193,1.10196,2.06,2.91
2016.07.22 13:30:55.358,1.10193,1.10196,2.81,2.91
2016.07.22 13:30:55.410,1.10193,1.10196,2.81,3.28
2016.07.22 13:30:55.461,1.10193,1.10195,2.62,1.12
2016.07.22 13:30:55.512,1.10193,1.10195,2.62,1.59
2016.07.22 13:30:55.564,1.10192,1.10195,3.64,2.34
2016.07.22 13:30:55.616,1.10192,1.10195,2.44,3.47
2016.07.22 13:30:55.667,1.10192,1.10195,1.00,4.97
2016.07.22 13:30:55.718,1.10192,1.10195,1.25,4.59
2016.07.22 13:30:55.770,1.10192,1.10195,1.25,6.09
2016.07.22 13:30:55.822,1.10191,1.10195,5.70,4.59
2016.07.22 13:30:55.873,1.10191,1.10194,3.45,1.12
2016.07.22 13:30:55.925,1.10192,1.10194,1.00,1.59
2016.07.22 13:30:56.143,1.10193,1.10194,2.62,1.12
2016.07.22 13:30:56.347,1.10193,1.10196,1.87,4.86
2016.07.22 13:30:56.398,1.10193,1.10195,1.87,1.09
2016.07.22 13:30:56.500,1.10193,1.10195,1.87,2.34
2016.07.22 13:30:56.551,1.10193,1.10194,1.87,1.12
2016.07.22 13:30:56.940,1.10193,1.10195,1.87,3.84
2016.07.22 13:30:56.991,1.10193,1.10195,1.87,2.34
2016.07.22 13:30:57.043,1.10193,1.10195,2.62,2.34
2016.07.22 13:30:57.094,1.10193,1.10195,3.47,1.09
2016.07.22 13:30:57.145,1.10193,1.10196,3.47,5.16
2016.07.22 13:30:57.196,1.10193,1.10196,3.47,6.66
2016.07.22 13:30:58.074,1.10193,1.10196,3.47,6.28
2016.07.22 13:30:58.125,1.10193,1.10196,3.47,4.78
2016.07.22 13:30:58.176,1.10193,1.10196,2.72,5.53
2016.07.22 13:30:58.278,1.10193,1.10196,2.72,5.16
2016.07.22 13:30:58.380,1.10193,1.10196,2.72,4.41
2016.07.22 13:30:58.431,1.10193,1.10196,2.72,5.91
2016.07.22 13:30:58.533,1.10193,1.10196,2.72,5.16
2016.07.22 13:30:59.111,1.10193,1.10196,2.72,6.28
2016.07.22 13:30:59.213,1.10193,1.10196,2.72,6.66
2016.07.22 13:30:59.264,1.10193,1.10195,2.72,1.09
2016.07.22 13:30:59.418,1.10193,1.10195,2.72,1.22
2016.07.22 13:30:59.470,1.10193,1.10195,2.72,1.97
2016.07.22 13:30:59.521,1.10193,1.10195,2.72,2.12
2016.07.22 13:30:59.645,1.10193,1.10194,3.47,1.12
2016.07.22 13:30:59.748,1.10193,1.10194,1.12,1.12
2016.07.22 13:30:59.799,1.10193,1.10195,1.09,3.97
2016.07.22 13:30:59.850,1.10193,1.10194,1.12,1.50
2016.07.22 13:30:59.901,1.10192,1.10194,1.00,3.37
2016.07.22 13:30:59.953,1.10191,1.10194,2.14,4.12
2016.07.22 13:31:00.012,1.10191,1.10194,1.25,6.00
2016.07.22 13:31:00.063,1.10191,1.10194,1.00,4.12
2016.07.22 13:31:00.114,1.10191,1.10194,1.00,4.50
2016.07.22 13:31:00.165,1.10191,1.10193,1.00,1.12
2016.07.22 13:31:00.216,1.1019,1.10193,9.26,1.00
2016.07.22 13:31:00.268,1.1019,1.10193,6.82,1.00
2016.07.22 13:31:00.319,1.1019,1.10193,5.81,1.87
2016.07.22 13:31:00.371,1.1019,1.10193,2.25,3.00
2016.07.22 13:31:00.491,1.10189,1.10193,3.26,3.37
2016.07.22 13:31:00.545,1.10189,1.10193,1.10,6.37
2016.07.22 13:31:00.597,1.10189,1.10192,1.10,1.12
2016.07.22 13:31:00.649,1.10189,1.10192,1.10,2.62
2016.07.22 13:31:00.803,1.10189,1.10192,1.10,2.25
2016.07.22 13:31:01.117,1.10189,1.10192,1.10,2.62
2016.07.22 13:31:01.168,1.10189,1.10191,1.10,1.00
2016.07.22 13:31:01.220,1.10189,1.10191,1.00,1.00
2016.07.22 13:31:01.322,1.10189,1.10191,1.00,1.50
2016.07.22 13:31:01.425,1.10189,1.10191,1.00,1.12
2016.07.22 13:31:01.526,1.10189,1.10191,1.00,1.37
2016.07.22 13:31:01.578,1.10188,1.10191,1.37,2.25
2016.07.22 13:31:01.629,1.10187,1.10189,3.82,1.12
2016.07.22 13:31:01.680,1.10186,1.10188,7.95,1.00
2016.07.22 13:31:01.732,1.10187,1.10188,1.00,3.00
2016.07.22 13:31:01.872,1.10187,1.10189,1.60,8.18
2016.07.22 13:31:01.928,1.10189,1.1019,1.50,1.50
2016.07.22 13:31:01.981,1.10189,1.10191,5.65,1.87
2016.07.22 13:31:02.033,1.1019,1.10191,1.55,1.87
2016.07.22 13:31:02.085,1.10192,1.10193,1.00,4.57
2016.07.22 13:31:02.138,1.10191,1.10192,2.25,1.00
2016.07.22 13:31:02.189,1.10191,1.10192,4.50,1.12
2016.07.22 13:31:02.240,1.10191,1.10192,3.00,1.87
2016.07.22 13:31:02.291,1.10191,1.10192,1.12,1.50
2016.07.22 13:31:02.343,1.1019,1.10192,3.94,1.12
2016.07.22 13:31:02.394,1.1019,1.10191,1.00,1.12
2016.07.22 13:31:02.496,1.10189,1.10191,1.87,1.12
2016.07.22 13:31:02.658,1.10189,1.10192,2.44,1.95
2016.07.22 13:31:02.709,1.10191,1.10192,1.00,2.70
2016.07.22 13:31:02.761,1.1019,1.10191,1.12,1.00
2016.07.22 13:31:02.813,1.10189,1.10191,1.00,1.00
2016.07.22 13:31:02.864,1.10189,1.10191,1.50,1.12
2016.07.22 13:31:02.916,1.10189,1.10191,1.50,1.50
2016.07.22 13:31:02.969,1.10189,1.10191,1.50,1.12
2016.07.22 13:31:03.071,1.10189,1.10191,1.50,1.50
2016.07.22 13:31:03.122,1.10189,1.10191,1.00,1.87
2016.07.22 13:31:03.275,1.10188,1.10191,1.50,1.87
2016.07.22 13:31:03.326,1.10188,1.10191,1.12,1.87
2016.07.22 13:31:03.470,1.10188,1.10191,2.62,1.87
2016.07.22 13:31:03.521,1.10188,1.10191,2.62,1.50
2016.07.22 13:31:04.388,1.10188,1.10191,3.00,1.12
2016.07.22 13:31:04.440,1.10188,1.10191,5.62,1.00
2016.07.22 13:31:04.552,1.10189,1.10191,1.00,1.00
2016.07.22 13:31:05.120,1.10189,1.10191,1.00,1.12
2016.07.22 13:31:05.171,1.10188,1.10191,4.87,1.12
2016.07.22 13:31:05.222,1.10188,1.10191,4.12,1.12
2016.07.22 13:31:05.273,1.10189,1.10191,1.00,1.12
2016.07.22 13:31:05.323,1.10189,1.10191,1.00,3.37
2016.07.22 13:31:05.596,1.10189,1.10191,1.00,3.90
2016.07.22 13:31:05.647,1.10187,1.10189,4.50,4.87
2016.07.22 13:31:05.699,1.10186,1.10188,1.76,1.12
2016.07.22 13:31:05.750,1.10185,1.10187,3.75,1.00
2016.07.22 13:31:05.802,1.10185,1.10186,1.12,1.00
2016.07.22 13:31:05.854,1.10185,1.10186,1.00,1.00
2016.07.22 13:31:06.262,1.10185,1.10188,4.69,2.36
2016.07.22 13:31:06.313,1.10185,1.10189,6.79,3.82
2016.07.22 13:31:06.365,1.10185,1.10189,8.36,1.50
2016.07.22 13:31:06.416,1.10185,1.10189,10.24,2.25
2016.07.22 13:31:06.467,1.10185,1.10189,9.64,1.50
2016.07.22 13:31:06.518,1.10185,1.10189,10.39,1.50
2016.07.22 13:31:06.569,1.10185,1.10189,10.99,2.25
2016.07.22 13:31:06.774,1.10185,1.10188,10.99,1.00
2016.07.22 13:31:06.826,1.10185,1.10188,12.49,1.00
2016.07.22 13:31:06.877,1.10185,1.10188,13.24,1.00
2016.07.22 13:31:06.929,1.10185,1.10188,10.05,1.00
2016.07.22 13:31:07.113,1.10185,1.10188,13.24,1.00
2016.07.22 13:31:07.166,1.10186,1.10189,1.00,3.00
2016.07.22 13:31:07.268,1.10186,1.10189,1.50,3.00
2016.07.22 13:31:07.370,1.10186,1.10189,1.00,3.00
2016.07.22 13:31:07.522,1.10185,1.10189,11.17,3.00
2016.07.22 13:31:07.574,1.10185,1.10189,10.57,3.00
2016.07.22 13:31:07.625,1.10185,1.10189,9.82,3.37
2016.07.22 13:31:07.676,1.10185,1.10189,9.07,2.62
2016.07.22 13:31:07.727,1.10185,1.10189,10.76,2.62
2016.07.22 13:31:07.829,1.10185,1.10189,9.07,2.62
2016.07.22 13:31:07.931,1.10185,1.10189,10.76,2.62
2016.07.22 13:31:08.190,1.10185,1.10189,9.07,2.62
2016.07.22 13:31:08.242,1.10185,1.10189,6.82,3.37
2016.07.22 13:31:08.293,1.10185,1.10189,7.57,3.45
2016.07.22 13:31:08.344,1.10185,1.10189,7.57,4.20
2016.07.22 13:31:08.397,1.10185,1.10189,8.51,4.28
2016.07.22 13:31:08.499,1.10185,1.10189,7.76,4.28
2016.07.22 13:31:08.601,1.10185,1.10189,6.82,5.03
2016.07.22 13:31:08.652,1.10185,1.10188,6.82,1.00
2016.07.22 13:31:08.703,1.10185,1.10188,7.76,1.10
2016.07.22 13:31:08.754,1.10185,1.10188,7.20,2.03
2016.07.22 13:31:08.806,1.10185,1.10187,5.32,1.00
2016.07.22 13:31:08.858,1.10185,1.10186,3.07,1.00
2016.07.22 13:31:08.997,1.10184,1.10186,2.32,1.00
2016.07.22 13:31:09.048,1.10185,1.10187,1.00,3.00
2016.07.22 13:31:09.099,1.10185,1.10187,3.00,3.00
2016.07.22 13:31:09.150,1.10185,1.10187,3.37,2.25
2016.07.22 13:31:09.202,1.10185,1.10187,2.47,1.00
2016.07.22 13:31:09.253,1.10185,1.10186,1.35,1.00
2016.07.22 13:31:09.407,1.10184,1.10187,5.47,1.00
2016.07.22 13:31:09.509,1.10184,1.10187,5.85,1.00
2016.07.22 13:31:09.650,1.10184,1.10186,2.10,1.50
2016.07.22 13:31:09.703,1.10183,1.10186,5.10,2.25
2016.07.22 13:31:09.754,1.10183,1.10186,2.25,2.25
2016.07.22 13:31:09.857,1.10183,1.10186,2.25,2.25
2016.07.22 13:31:09.959,1.10183,1.10185,1.00,2.25
2016.07.22 13:31:10.011,1.10182,1.10185,3.45,1.87
2016.07.22 13:31:10.062,1.10182,1.10185,3.45,2.62
2016.07.22 13:31:10.113,1.10182,1.10185,3.45,2.25
2016.07.22 13:31:10.164,1.10182,1.10185,2.70,1.50
2016.07.22 13:31:10.215,1.10182,1.10185,2.70,2.25
2016.07.22 13:31:10.295,1.10182,1.10185,2.70,3.00
2016.07.22 13:31:10.397,1.10182,1.10185,3.07,2.25
2016.07.22 13:31:10.448,1.10182,1.10184,2.25,1.00
2016.07.22 13:31:10.499,1.10182,1.10184,1.87,4.87
2016.07.22 13:31:10.551,1.10181,1.10183,5.25,2.12
2016.07.22 13:31:10.603,1.10181,1.10183,4.50,1.00
2016.07.22 13:31:10.654,1.10181,1.10183,4.12,1.00
2016.07.22 13:31:10.706,1.10181,1.10182,4.21,1.00
2016.07.22 13:31:10.757,1.10181,1.10183,5.71,1.57
2016.07.22 13:31:10.809,1.10181,1.10183,3.37,1.57
2016.07.22 13:31:10.944,1.10181,1.10184,3.75,3.37
2016.07.22 13:31:10.995,1.10181,1.10184,4.87,2.62
2016.07.22 13:31:11.046,1.10181,1.10184,4.12,2.25
2016.07.22 13:31:11.097,1.10181,1.10184,4.87,2.25
2016.07.22 13:31:11.352,1.10181,1.10184,4.12,2.25
2016.07.22 13:31:11.403,1.10181,1.10184,4.50,1.87
2016.07.22 13:31:11.454,1.10181,1.10184,4.87,1.50
2016.07.22 13:31:11.564,1.10181,1.10184,4.87,1.00
2016.07.22 13:31:11.704,1.10181,1.10184,4.87,1.00
2016.07.22 13:31:11.959,1.10181,1.10184,3.37,1.00
2016.07.22 13:31:12.163,1.10181,1.10184,3.00,1.50
2016.07.22 13:31:12.214,1.10181,1.10184,3.00,2.25
2016.07.22 13:31:12.265,1.10181,1.10184,2.25,2.62
2016.07.22 13:31:12.316,1.10181,1.10184,1.50,3.37
2016.07.22 13:31:12.367,1.10181,1.10184,1.50,5.06
2016.07.22 13:31:12.419,1.10181,1.10184,1.00,5.66
2016.07.22 13:31:12.545,1.10181,1.10184,1.00,7.16
2016.07.22 13:31:12.596,1.1018,1.10183,2.62,3.94
2016.07.22 13:31:12.647,1.1018,1.10183,1.00,8.06
2016.07.22 13:31:12.698,1.10179,1.10182,4.12,2.62
2016.07.22 13:31:12.750,1.10179,1.10182,2.25,5.25
2016.07.22 13:31:12.809,1.1018,1.10182,1.00,4.12
2016.07.22 13:31:12.861,1.1018,1.10181,2.25,1.00
2016.07.22 13:31:12.912,1.1018,1.10182,3.75,1.00
2016.07.22 13:31:13.014,1.1018,1.10182,3.00,1.00
2016.07.22 13:31:13.116,1.1018,1.10183,3.82,1.00
2016.07.22 13:31:13.167,1.1018,1.10183,4.57,1.00
2016.07.22 13:31:13.219,1.1018,1.10183,3.07,1.00
2016.07.22 13:31:13.338,1.1018,1.10183,1.00,1.50
2016.07.22 13:31:13.389,1.1018,1.10183,1.00,2.44
2016.07.22 13:31:13.542,1.1018,1.10183,1.00,2.81
2016.07.22 13:31:13.593,1.1018,1.10183,1.00,2.62
2016.07.22 13:31:13.644,1.1018,1.10183,1.00,2.25
2016.07.22 13:31:13.696,1.1018,1.10183,1.00,3.19
2016.07.22 13:31:13.748,1.10181,1.10183,3.60,1.25
2016.07.22 13:31:13.799,1.10181,1.10184,5.62,5.51
2016.07.22 13:31:13.850,1.10181,1.10184,8.70,1.69
2016.07.22 13:31:13.901,1.10183,1.10185,1.12,1.57
2016.07.22 13:31:13.952,1.10183,1.10185,1.12,1.00
2016.07.22 13:31:14.003,1.10182,1.10185,1.50,1.00
2016.07.22 13:31:14.055,1.10182,1.10185,1.12,1.00
2016.07.22 13:31:14.252,1.10182,1.10185,1.12,1.57
2016.07.22 13:31:14.303,1.10182,1.10185,1.12,2.32
2016.07.22 13:31:14.354,1.10182,1.10185,2.06,1.10
2016.07.22 13:31:14.406,1.10183,1.10186,1.00,4.20
2016.07.22 13:31:14.458,1.10183,1.10186,1.12,3.32
2016.07.22 13:31:14.509,1.10183,1.10186,1.12,3.07
2016.07.22 13:31:14.561,1.10183,1.10186,1.00,4.40
2016.07.22 13:31:14.612,1.10182,1.10186,2.62,5.52
2016.07.22 13:31:14.663,1.10182,1.10186,1.50,6.22
2016.07.22 13:31:14.715,1.10182,1.10186,1.00,8.15
2016.07.22 13:31:14.766,1.10182,1.10185,1.00,2.25
2016.07.22 13:31:14.849,1.10182,1.10185,1.00,6.20
2016.07.22 13:31:14.901,1.10182,1.10185,1.00,9.01
2016.07.22 13:31:15.003,1.10182,1.10184,1.00,1.70
2016.07.22 13:31:15.054,1.10182,1.10184,1.00,2.77
2016.07.22 13:31:15.156,1.10182,1.10184,1.00,1.00
2016.07.22 13:31:15.258,1.10182,1.10184,1.00,1.50
2016.07.22 13:31:15.360,1.10182,1.10184,1.12,1.00
2016.07.22 13:31:15.411,1.10182,1.10184,1.00,1.00
2016.07.22 13:31:15.462,1.10181,1.10184,8.17,1.00
2016.07.22 13:31:15.514,1.10182,1.10184,1.12,1.00
2016.07.22 13:31:15.607,1.10182,1.10184,1.87,1.00
2016.07.22 13:31:15.658,1.10182,1.10184,1.50,1.00
2016.07.22 13:31:15.709,1.10182,1.10184,1.00,1.00
2016.07.22 13:31:15.762,1.10181,1.10185,7.05,2.25
2016.07.22 13:31:15.813,1.10181,1.10185,8.17,2.25
2016.07.22 13:31:15.864,1.10181,1.10185,8.32,2.50
2016.07.22 13:31:15.916,1.10182,1.10185,1.50,1.00
2016.07.22 13:31:15.968,1.10182,1.10185,1.87,1.00
2016.07.22 13:31:16.021,1.10182,1.10185,1.87,1.00
2016.07.22 13:31:16.309,1.10182,1.10185,2.62,1.00
2016.07.22 13:31:16.361,1.10182,1.10185,1.50,1.00
2016.07.22 13:31:16.413,1.10182,1.10185,1.00,1.50
2016.07.22 13:31:16.464,1.10182,1.10185,1.00,2.50
2016.07.22 13:31:16.517,1.10182,1.10185,1.00,2.25
2016.07.22 13:31:16.570,1.10182,1.10185,1.00,2.87
2016.07.22 13:31:16.621,1.10182,1.10185,1.00,1.00
2016.07.22 13:31:16.723,1.10182,1.10185,1.00,4.00
2016.07.22 13:31:16.774,1.10182,1.10185,1.00,5.12
2016.07.22 13:31:16.826,1.10181,1.10185,1.95,5.06
2016.07.22 13:31:16.877,1.10181,1.10185,1.95,5.25
2016.07.22 13:31:16.928,1.10181,1.10185,3.07,6.19
2016.07.22 13:31:17.034,1.10181,1.10185,2.70,8.44
2016.07.22 13:31:17.087,1.10181,1.10185,2.70,9.19
2016.07.22 13:31:17.190,1.10181,1.10184,1.57,2.25
2016.07.22 13:31:17.242,1.10181,1.10184,1.57,3.00
2016.07.22 13:31:17.294,1.10181,1.10183,1.00,1.00
2016.07.22 13:31:17.346,1.10181,1.10183,1.00,1.50
2016.07.22 13:31:17.398,1.10181,1.10183,1.00,1.69
2016.07.22 13:31:17.450,1.1018,1.10183,3.19,1.69
2016.07.22 13:31:17.554,1.1018,1.10183,2.44,1.69
2016.07.22 13:31:17.656,1.1018,1.10183,2.44,3.94
2016.07.22 13:31:17.707,1.1018,1.10182,1.69,1.00
2016.07.22 13:31:17.842,1.1018,1.10182,1.00,1.00
2016.07.22 13:31:17.895,1.1018,1.10181,1.00,1.00
2016.07.22 13:31:19.333,1.10178,1.10181,5.14,1.50
2016.07.22 13:31:19.384,1.10178,1.10181,3.64,1.50
2016.07.22 13:31:19.436,1.10179,1.10181,2.10,1.00
2016.07.22 13:31:19.538,1.10179,1.10181,1.30,1.00
2016.07.22 13:31:19.589,1.10178,1.10181,5.36,1.00
2016.07.22 13:31:19.641,1.10179,1.10182,1.35,5.34
2016.07.22 13:31:19.736,1.10179,1.10181,1.35,1.00
2016.07.22 13:31:19.940,1.10179,1.10181,1.00,1.00
2016.07.22 13:31:20.997,1.10178,1.10181,3.64,1.00
2016.07.22 13:31:21.048,1.10178,1.10181,3.26,1.12
2016.07.22 13:31:21.100,1.10178,1.10181,3.26,1.59
2016.07.22 13:31:21.303,1.10179,1.10181,1.00,1.59
2016.07.22 13:31:21.842,1.10179,1.10181,1.00,1.12
2016.07.22 13:31:21.893,1.10179,1.10181,1.50,1.12
2016.07.22 13:31:21.944,1.10179,1.10181,1.50,1.00
2016.07.22 13:31:22.505,1.10179,1.10181,1.87,1.00
2016.07.22 13:31:22.675,1.10179,1.10181,1.50,1.00
2016.07.22 13:31:22.828,1.10179,1.10182,1.50,4.69
2016.07.22 13:31:23.031,1.10179,1.10181,1.50,1.00
2016.07.22 13:31:23.336,1.10179,1.10181,1.00,1.00
2016.07.22 13:31:23.438,1.10179,1.10181,1.50,1.00
2016.07.22 13:31:24.123,1.10179,1.10181,1.00,1.00
2016.07.22 13:31:24.225,1.10178,1.10181,6.64,1.35
2016.07.22 13:31:24.276,1.10178,1.10179,5.70,3.00
2016.07.22 13:31:24.327,1.10177,1.10179,7.31,8.87
2016.07.22 13:31:24.379,1.10177,1.10179,2.25,6.94
2016.07.22 13:31:24.430,1.10175,1.10177,8.85,1.00
2016.07.22 13:31:24.481,1.10174,1.10176,10.12,2.24
2016.07.22 13:31:24.532,1.10173,1.10174,3.38,1.00
2016.07.22 13:31:24.630,1.10173,1.10174,1.00,1.00
2016.07.22 13:31:25.139,1.10173,1.10175,1.00,2.25
2016.07.22 13:31:25.241,1.10173,1.10174,1.00,1.00
2016.07.22 13:31:25.677,1.10172,1.10174,1.00,1.50
2016.07.22 13:31:25.728,1.10172,1.10173,1.00,1.00
2016.07.22 13:31:25.831,1.10171,1.10173,2.06,1.00
2016.07.22 13:31:25.933,1.10171,1.10174,2.06,5.25
2016.07.22 13:31:26.874,1.10171,1.10174,2.06,4.50
2016.07.22 13:31:26.976,1.10171,1.10174,2.06,5.25
2016.07.22 13:31:27.027,1.10171,1.10174,1.69,5.25
2016.07.22 13:31:27.181,1.10171,1.10174,1.69,7.87
2016.07.22 13:31:27.233,1.10171,1.10173,1.25,1.50
2016.07.22 13:31:27.284,1.10171,1.10173,1.25,2.44
2016.07.22 13:31:27.335,1.1017,1.10172,3.19,1.00
2016.07.22 13:31:27.387,1.1017,1.10171,2.81,1.00
2016.07.22 13:31:27.537,1.1017,1.10171,1.87,1.00
2016.07.22 13:31:27.591,1.1017,1.10172,1.69,1.10
2016.07.22 13:31:27.642,1.1017,1.10172,1.31,1.00
2016.07.22 13:31:27.693,1.1017,1.10172,1.25,1.00
2016.07.22 13:31:27.847,1.1017,1.10172,1.25,1.50
2016.07.22 13:31:28.153,1.1017,1.10171,1.25,1.00
2016.07.22 13:31:28.336,1.1017,1.10172,1.25,1.72
2016.07.22 13:31:28.438,1.1017,1.10172,1.25,1.30
2016.07.22 13:31:28.540,1.1017,1.10172,1.25,1.72
2016.07.22 13:31:28.642,1.1017,1.10172,1.25,1.30
2016.07.22 13:31:28.743,1.1017,1.10172,1.25,1.72
2016.07.22 13:31:28.845,1.1017,1.10172,1.25,1.72
2016.07.22 13:31:29.049,1.1017,1.10172,1.69,1.72
2016.07.22 13:31:29.101,1.1017,1.10172,1.69,1.50
2016.07.22 13:31:29.152,1.1017,1.10173,2.81,6.08
2016.07.22 13:31:29.243,1.1017,1.10173,3.56,6.08
2016.07.22 13:31:29.294,1.1017,1.10173,3.56,6.08
2016.07.22 13:31:29.396,1.1017,1.10173,2.81,6.08
2016.07.22 13:31:29.447,1.1017,1.10173,2.81,5.33
2016.07.22 13:31:29.498,1.1017,1.10173,2.06,4.58
2016.07.22 13:31:29.854,1.1017,1.10173,1.31,3.00
2016.07.22 13:31:29.956,1.1017,1.10173,2.06,4.58
2016.07.22 13:31:30.058,1.1017,1.10173,2.06,4.95
2016.07.22 13:31:30.109,1.1017,1.10173,2.06,4.20
2016.07.22 13:31:30.236,1.1017,1.10173,1.31,1.01
2016.07.22 13:31:30.442,1.1017,1.10173,4.16,1.10
2016.07.22 13:31:30.494,1.10172,1.10174,1.50,9.53
2016.07.22 13:31:30.546,1.10172,1.10174,3.97,2.80
2016.07.22 13:31:30.598,1.10173,1.10175,1.50,2.08
2016.07.22 13:31:30.651,1.10174,1.10175,1.00,1.14
2016.07.22 13:31:30.703,1.10174,1.10175,1.00,1.00
2016.07.22 13:31:30.756,1.10174,1.10175,1.50,1.00
2016.07.22 13:31:30.858,1.10174,1.10176,1.87,1.00
2016.07.22 13:31:30.992,1.10174,1.10176,1.87,1.00
2016.07.22 13:31:31.094,1.10174,1.10175,1.12,1.00
2016.07.22 13:31:31.145,1.10174,1.10175,1.50,1.00
2016.07.22 13:31:31.197,1.10174,1.10175,1.50,1.50
2016.07.22 13:31:31.248,1.10172,1.10174,4.12,1.00
2016.07.22 13:31:31.299,1.10172,1.10174,1.20,1.00
2016.07.22 13:31:31.402,1.10172,1.10174,1.12,1.00
2016.07.22 13:31:31.592,1.10172,1.10174,3.37,1.00
2016.07.22 13:31:31.644,1.10172,1.10175,8.47,1.50
2016.07.22 13:31:31.695,1.10173,1.10175,2.25,1.00
2016.07.22 13:31:31.747,1.10173,1.10176,4.31,1.87
2016.07.22 13:31:31.798,1.10173,1.10176,5.44,1.00
2016.07.22 13:31:31.849,1.10173,1.10176,6.19,1.00
2016.07.22 13:31:31.951,1.10173,1.10176,6.56,1.00
2016.07.22 13:31:32.003,1.10174,1.10176,1.87,1.00
2016.07.22 13:31:32.054,1.10175,1.10176,1.00,1.00
2016.07.22 13:31:32.538,1.10174,1.10176,1.12,1.00
2016.07.22 13:31:32.640,1.10174,1.10176,1.00,1.00
2016.07.22 13:31:32.793,1.10173,1.10176,4.87,1.00
2016.07.22 13:31:32.844,1.10173,1.10176,3.75,1.00
2016.07.22 13:31:32.895,1.10173,1.10176,4.12,1.00
2016.07.22 13:31:32.946,1.10173,1.10176,5.62,1.00
2016.07.22 13:31:32.997,1.10174,1.10176,1.00,1.00
2016.07.22 13:31:33.048,1.10174,1.10176,1.87,1.00
2016.07.22 13:31:33.099,1.10174,1.10176,1.50,1.00
2016.07.22 13:31:33.382,1.10174,1.10177,1.50,1.50
2016.07.22 13:31:33.501,1.10174,1.10177,3.00,1.50
2016.07.22 13:31:33.755,1.10174,1.10176,3.00,1.00
2016.07.22 13:31:33.858,1.10174,1.10175,1.50,1.00
2016.07.22 13:31:33.909,1.10174,1.10175,1.00,1.00
2016.07.22 13:31:33.960,1.10173,1.10175,3.37,1.00
2016.07.22 13:31:34.011,1.10173,1.10174,2.62,1.00
2016.07.22 13:31:34.062,1.10172,1.10174,6.45,1.00
2016.07.22 13:31:34.164,1.10172,1.10174,8.32,1.00
2016.07.22 13:31:34.336,1.10173,1.10174,1.50,1.00
2016.07.22 13:31:34.388,1.10173,1.10174,2.25,1.00
2016.07.22 13:31:34.490,1.10173,1.10174,1.87,1.00
2016.07.22 13:31:34.541,1.10173,1.10176,1.87,3.56
2016.07.22 13:31:34.592,1.10173,1.10176,1.87,2.44
2016.07.22 13:31:34.643,1.10173,1.10176,1.50,2.44
2016.07.22 13:31:34.694,1.10173,1.10176,1.00,1.50
2016.07.22 13:31:34.756,1.10173,1.10176,1.50,2.44
2016.07.22 13:31:34.858,1.10173,1.10176,1.00,1.50
2016.07.22 13:31:34.960,1.10173,1.10176,1.50,2.44
2016.07.22 13:31:35.062,1.10173,1.10176,1.50,3.56
2016.07.22 13:31:35.113,1.10173,1.10176,1.00,3.56
2016.07.22 13:31:35.164,1.10172,1.10175,6.07,1.00
2016.07.22 13:31:35.367,1.10172,1.10175,7.20,1.00
2016.07.22 13:31:35.453,1.10172,1.10176,7.20,2.44
2016.07.22 13:31:35.505,1.10174,1.10176,1.00,2.44
2016.07.22 13:31:35.709,1.10174,1.10176,1.00,2.44
2016.07.22 13:31:35.861,1.10172,1.10176,8.55,1.50
2016.07.22 13:31:35.963,1.10172,1.10176,8.17,1.87
2016.07.22 13:31:36.065,1.10173,1.10176,1.00,2.81
2016.07.22 13:31:36.370,1.10172,1.10175,8.17,1.00
2016.07.22 13:31:36.421,1.10172,1.10175,7.57,1.50
2016.07.22 13:31:36.472,1.10172,1.10175,6.82,3.00
2016.07.22 13:31:36.575,1.10172,1.10175,5.32,3.00
2016.07.22 13:31:36.629,1.10172,1.10175,1.57,3.19
2016.07.22 13:31:36.680,1.10173,1.10176,1.80,6.64
2016.07.22 13:31:36.731,1.10174,1.10176,2.99,5.70
2016.07.22 13:31:36.783,1.10176,1.10177,1.00,2.25
2016.07.22 13:31:36.834,1.10176,1.10177,1.00,1.50
2016.07.22 13:31:36.885,1.10176,1.10177,1.00,2.44
2016.07.22 13:31:36.937,1.10176,1.10177,1.00,3.19
2016.07.22 13:31:36.988,1.10173,1.10175,2.25,1.00
2016.07.22 13:31:37.039,1.10173,1.10175,1.12,1.87
2016.07.22 13:31:37.090,1.10172,1.10175,1.10,5.25
2016.07.22 13:31:37.143,1.10172,1.10175,1.10,6.00
2016.07.22 13:31:37.194,1.10172,1.10174,1.10,1.00
2016.07.22 13:31:37.245,1.10172,1.10174,1.00,1.00
2016.07.22 13:31:37.406,1.10172,1.10175,1.00,6.94
2016.07.22 13:31:37.460,1.10172,1.10175,1.00,7.31
2016.07.22 13:31:37.766,1.10172,1.10175,1.00,7.69
2016.07.22 13:31:37.817,1.10172,1.10175,1.00,6.00
2016.07.22 13:31:37.868,1.10172,1.10174,1.00,1.00
2016.07.22 13:31:37.970,1.10172,1.10175,1.00,9.19
2016.07.22 13:31:38.021,1.10172,1.10173,1.00,1.00
2016.07.22 13:31:38.194,1.10171,1.10173,4.99,1.00
2016.07.22 13:31:38.245,1.10171,1.10173,5.74,1.00
2016.07.22 13:31:38.296,1.10172,1.10174,1.00,1.00
2016.07.22 13:31:38.398,1.10172,1.10175,1.00,6.00
2016.07.22 13:31:38.500,1.10172,1.10175,1.00,5.25
2016.07.22 13:31:38.602,1.10172,1.10174,1.00,1.00
2016.07.22 13:31:39.260,1.10172,1.10175,1.72,2.62
2016.07.22 13:31:39.311,1.10172,1.10174,3.22,1.00
2016.07.22 13:31:39.362,1.10172,1.10174,4.72,1.00
2016.07.22 13:31:39.414,1.10172,1.10175,5.47,2.44
2016.07.22 13:31:39.516,1.10172,1.10175,4.87,2.62
2016.07.22 13:31:39.567,1.10172,1.10174,3.00,1.00
2016.07.22 13:31:39.618,1.10172,1.10174,1.00,1.00
2016.07.22 13:31:39.669,1.10172,1.10175,1.00,9.37
2016.07.22 13:31:39.721,1.10172,1.10173,1.00,1.00
2016.07.22 13:31:39.873,1.10172,1.10174,1.00,1.50
2016.07.22 13:31:40.010,1.10172,1.10174,1.50,1.00
2016.07.22 13:31:40.112,1.10172,1.10174,1.00,1.00
2016.07.22 13:31:40.266,1.10172,1.10175,1.00,2.70
2016.07.22 13:31:40.317,1.10172,1.10175,1.00,4.76
2016.07.22 13:31:40.368,1.10172,1.10175,1.00,4.39
2016.07.22 13:31:40.420,1.10172,1.10175,1.00,5.32
2016.07.22 13:31:40.471,1.10172,1.10175,1.00,4.95
2016.07.22 13:31:40.857,1.10172,1.10175,1.00,4.20
2016.07.22 13:31:40.911,1.10172,1.10175,1.00,4.95
2016.07.22 13:31:41.116,1.10172,1.10175,1.00,3.45
2016.07.22 13:31:41.235,1.10172,1.10175,1.00,4.95
2016.07.22 13:31:41.389,1.10172,1.10175,1.12,2.70
2016.07.22 13:31:41.441,1.10172,1.10175,1.12,1.20
2016.07.22 13:31:41.494,1.10172,1.10175,1.12,1.12
2016.07.22 13:31:41.698,1.10172,1.10175,1.87,2.62
2016.07.22 13:31:41.750,1.10172,1.10175,3.37,2.62
2016.07.22 13:31:41.937,1.10172,1.10175,3.37,1.87
2016.07.22 13:31:41.988,1.10172,1.10175,3.37,2.62
2016.07.22 13:31:42.039,1.10172,1.10175,3.37,1.87
2016.07.22 13:31:42.090,1.10172,1.10175,3.00,1.12
2016.07.22 13:31:42.141,1.10172,1.10175,3.00,1.87
2016.07.22 13:31:42.192,1.10172,1.10175,3.00,2.62
2016.07.22 13:31:42.445,1.10172,1.10175,3.00,1.87
2016.07.22 13:31:42.547,1.10172,1.10175,3.00,2.62
2016.07.22 13:31:42.700,1.10172,1.10175,3.37,2.62
2016.07.22 13:31:42.889,1.10172,1.10175,2.62,2.62
2016.07.22 13:31:42.940,1.10172,1.10175,2.62,1.87
2016.07.22 13:31:42.992,1.10172,1.10175,2.62,2.62
2016.07.22 13:31:43.195,1.10172,1.10175,3.37,2.62
2016.07.22 13:31:43.297,1.10172,1.10175,2.62,2.62
2016.07.22 13:31:43.501,1.10172,1.10175,3.37,2.62
2016.07.22 13:31:43.734,1.10172,1.10175,2.62,2.62
2016.07.22 13:31:43.790,1.10172,1.10175,3.37,2.62
2016.07.22 13:31:44.242,1.10172,1.10175,3.37,1.87
2016.07.22 13:31:44.344,1.10172,1.10175,3.37,2.62
2016.07.22 13:31:44.395,1.10172,1.10175,3.75,2.62
2016.07.22 13:31:44.446,1.10172,1.10175,4.50,1.12
2016.07.22 13:31:44.497,1.10172,1.10175,5.62,1.12
2016.07.22 13:31:44.548,1.10172,1.10175,6.37,1.12
2016.07.22 13:31:44.599,1.10172,1.10175,6.00,1.12
2016.07.22 13:31:44.701,1.10172,1.10175,6.67,1.12
2016.07.22 13:31:44.753,1.10173,1.10175,1.35,1.12
2016.07.22 13:31:44.804,1.10173,1.10175,3.79,1.00
2016.07.22 13:31:44.855,1.10173,1.10176,4.69,1.37
2016.07.22 13:31:44.906,1.10174,1.10176,1.87,1.00
2016.07.22 13:31:45.046,1.10174,1.10178,4.50,5.51
2016.07.22 13:31:45.097,1.10174,1.10177,5.85,1.00
2016.07.22 13:31:45.402,1.10174,1.10177,5.10,1.00
2016.07.22 13:31:45.505,1.10174,1.10177,4.50,1.00
2016.07.22 13:31:45.759,1.10174,1.10177,3.75,1.00
2016.07.22 13:31:45.810,1.10174,1.10177,3.37,1.12
2016.07.22 13:31:45.862,1.10174,1.10177,1.87,1.12
2016.07.22 13:31:45.913,1.10174,1.10177,2.62,1.50
2016.07.22 13:31:46.016,1.10174,1.10177,2.62,1.12
2016.07.22 13:31:46.284,1.10174,1.10177,2.62,1.87
2016.07.22 13:31:46.439,1.10174,1.10177,2.62,1.50
2016.07.22 13:31:46.643,1.10174,1.10177,1.87,2.62
2016.07.22 13:31:46.694,1.10174,1.10176,1.50,1.87
2016.07.22 13:31:46.745,1.10174,1.10176,1.00,2.71
2016.07.22 13:31:46.796,1.10174,1.10176,1.00,2.33
2016.07.22 13:31:46.847,1.10173,1.10176,1.10,5.90
2016.07.22 13:31:46.898,1.10173,1.10174,1.00,1.00
2016.07.22 13:31:47.136,1.10173,1.10175,1.00,3.19
2016.07.22 13:31:47.238,1.10173,1.10174,1.00,1.00
2016.07.22 13:31:47.502,1.10173,1.10175,1.00,4.31
2016.07.22 13:31:47.553,1.10173,1.10175,1.00,2.81
2016.07.22 13:31:47.655,1.10173,1.10175,1.00,2.44
2016.07.22 13:31:47.706,1.10173,1.10175,1.00,2.25
2016.07.22 13:31:47.910,1.10173,1.10175,1.00,2.44
2016.07.22 13:31:47.961,1.10173,1.10175,1.00,2.25
2016.07.22 13:31:48.013,1.10173,1.10175,1.00,3.19
2016.07.22 13:31:48.064,1.10173,1.10175,1.00,2.44
2016.07.22 13:31:48.115,1.10172,1.10175,3.45,2.62
2016.07.22 13:31:48.263,1.10172,1.10175,3.45,2.81
2016.07.22 13:31:48.315,1.10172,1.10175,3.45,1.50
2016.07.22 13:31:48.417,1.10172,1.10175,3.45,5.81
2016.07.22 13:31:48.520,1.10172,1.10175,3.45,4.87
2016.07.22 13:31:48.622,1.10172,1.10175,3.45,5.81
2016.07.22 13:31:48.673,1.10172,1.10175,3.45,6.19
2016.07.22 13:31:48.826,1.10172,1.10175,4.05,5.44
2016.07.22 13:31:48.877,1.10172,1.10175,5.55,6.19
2016.07.22 13:31:48.928,1.10172,1.10175,4.95,3.56
2016.07.22 13:31:48.979,1.10172,1.10175,3.45,5.06
2016.07.22 13:31:49.030,1.10172,1.10175,3.45,9.89
2016.07.22 13:31:49.081,1.10172,1.10174,2.70,1.32
2016.07.22 13:31:49.132,1.10172,1.10173,1.57,1.50
2016.07.22 13:31:49.183,1.10171,1.10173,3.37,3.25
2016.07.22 13:31:49.303,1.10171,1.10172,1.50,1.50
2016.07.22 13:31:49.355,1.1017,1.10171,1.50,1.00
2016.07.22 13:31:49.407,1.10169,1.10171,3.00,1.00
2016.07.22 13:31:49.458,1.1017,1.10171,2.25,1.26
2016.07.22 13:31:49.511,1.1017,1.10171,2.25,1.13
2016.07.22 13:31:49.562,1.1017,1.10171,2.25,1.00
2016.07.22 13:31:49.613,1.10169,1.10172,1.50,5.16
2016.07.22 13:31:49.664,1.10169,1.10172,1.50,2.63
2016.07.22 13:31:49.716,1.1017,1.10172,1.00,1.59
2016.07.22 13:31:49.767,1.1017,1.10172,2.15,1.50
2016.07.22 13:31:49.879,1.1017,1.10172,1.96,1.50
2016.07.22 13:31:49.930,1.1017,1.10172,2.71,1.87
2016.07.22 13:31:50.065,1.10168,1.10172,5.04,3.00
2016.07.22 13:31:50.116,1.10168,1.10172,3.92,3.56
2016.07.22 13:31:50.170,1.10168,1.10172,2.79,4.31
2016.07.22 13:31:50.221,1.10168,1.10172,4.95,3.19
2016.07.22 13:31:50.272,1.10168,1.10172,6.64,2.44
2016.07.22 13:31:50.324,1.1017,1.10172,3.46,1.50
2016.07.22 13:31:50.426,1.1017,1.10172,2.71,1.50
2016.07.22 13:31:50.528,1.1017,1.10172,2.71,1.50
2016.07.22 13:31:50.629,1.1017,1.10172,2.71,1.50
2016.07.22 13:31:50.842,1.1017,1.10172,1.96,1.00
2016.07.22 13:31:50.943,1.1017,1.10172,4.21,1.50
2016.07.22 13:31:51.059,1.1017,1.10172,2.71,1.50
2016.07.22 13:31:51.161,1.1017,1.10172,4.21,1.50
2016.07.22 13:31:51.272,1.1017,1.10172,3.46,1.50
2016.07.22 13:31:51.323,1.1017,1.10172,2.71,1.50
2016.07.22 13:31:51.374,1.1017,1.10172,3.46,1.50
2016.07.22 13:31:51.425,1.1017,1.10172,2.71,1.50
2016.07.22 13:31:51.527,1.1017,1.10172,3.46,1.50
2016.07.22 13:31:51.628,1.1017,1.10172,2.71,1.50
2016.07.22 13:31:51.754,1.1017,1.10172,3.46,1.00
2016.07.22 13:31:51.807,1.1017,1.10172,5.34,1.00
2016.07.22 13:31:51.859,1.1017,1.10172,6.09,1.00
2016.07.22 13:31:51.910,1.1017,1.10172,5.71,1.00
2016.07.22 13:31:52.116,1.1017,1.10172,6.09,1.00
2016.07.22 13:31:52.218,1.1017,1.10172,5.71,1.00
2016.07.22 13:31:52.269,1.1017,1.10172,4.21,1.00
2016.07.22 13:31:52.320,1.1017,1.10172,3.46,1.00
2016.07.22 13:31:52.371,1.1017,1.10172,4.96,1.00
2016.07.22 13:31:52.422,1.1017,1.10172,5.71,1.00
2016.07.22 13:31:52.550,1.10171,1.10173,2.34,3.26
2016.07.22 13:31:52.601,1.10171,1.10173,6.46,1.25
2016.07.22 13:31:52.653,1.10173,1.10174,1.72,1.10
2016.07.22 13:31:52.755,1.10173,1.10175,1.80,1.00
2016.07.22 13:31:52.806,1.10173,1.10176,4.80,2.44
2016.07.22 13:31:52.857,1.10175,1.10177,1.00,14.06
2016.07.22 13:31:52.908,1.10175,1.10177,1.00,12.56
2016.07.22 13:31:52.959,1.10175,1.10176,1.00,1.25
2016.07.22 13:31:53.010,1.10175,1.10176,1.50,1.25
2016.07.22 13:31:53.062,1.10175,1.10177,2.25,1.12
2016.07.22 13:31:53.254,1.10175,1.10178,3.37,3.00
2016.07.22 13:31:53.305,1.10175,1.10178,4.87,3.00
2016.07.22 13:31:53.356,1.10175,1.10178,4.87,2.44
2016.07.22 13:31:53.408,1.10175,1.10178,3.37,2.44
2016.07.22 13:31:53.459,1.10175,1.10178,2.25,3.19
2016.07.22 13:31:53.561,1.10175,1.10178,3.00,3.94
2016.07.22 13:31:53.663,1.10175,1.10178,2.25,3.94
2016.07.22 13:31:53.866,1.10175,1.10178,1.50,3.94
2016.07.22 13:31:53.918,1.10175,1.10178,1.50,2.25
2016.07.22 13:31:54.053,1.10175,1.10178,2.25,3.19
2016.07.22 13:31:54.206,1.10175,1.10178,3.75,3.19
2016.07.22 13:31:54.464,1.10175,1.10178,3.00,4.31
2016.07.22 13:31:54.516,1.10175,1.10177,1.50,1.12
2016.07.22 13:31:54.567,1.10175,1.10177,1.00,1.50
2016.07.22 13:31:54.618,1.10175,1.10176,1.00,1.00
2016.07.22 13:31:54.669,1.10174,1.10176,1.57,1.00
2016.07.22 13:31:54.720,1.10174,1.10176,1.10,1.00
2016.07.22 13:31:55.173,1.10174,1.10176,1.20,1.00
2016.07.22 13:31:55.225,1.10174,1.10177,1.20,2.25
2016.07.22 13:31:55.276,1.10174,1.10177,1.95,2.25
2016.07.22 13:31:55.327,1.10175,1.10177,1.00,1.00
2016.07.22 13:31:55.378,1.10175,1.10178,3.75,2.62
2016.07.22 13:31:55.429,1.10175,1.10178,4.12,3.75
2016.07.22 13:31:55.480,1.10175,1.10178,1.59,3.37
2016.07.22 13:31:55.531,1.10175,1.10178,1.59,3.94
2016.07.22 13:31:55.583,1.10175,1.10178,1.59,3.56
2016.07.22 13:31:55.720,1.10175,1.10178,3.46,2.25
2016.07.22 13:31:55.771,1.10175,1.10178,3.09,3.56
2016.07.22 13:31:55.822,1.10174,1.10177,4.29,1.87
2016.07.22 13:31:55.874,1.10174,1.10177,2.32,1.87
2016.07.22 13:31:55.925,1.10174,1.10177,1.57,2.25
2016.07.22 13:31:55.977,1.10174,1.10177,1.57,3.37
2016.07.22 13:31:56.029,1.10174,1.10176,1.10,1.00
2016.07.22 13:31:56.081,1.10174,1.10176,1.10,1.87
2016.07.22 13:31:56.132,1.10174,1.10176,1.00,1.87
2016.07.22 13:31:56.235,1.10174,1.10176,1.00,3.56
2016.07.22 13:31:56.286,1.10173,1.10176,1.20,5.44
2016.07.22 13:31:56.395,1.10173,1.10176,1.20,5.81
2016.07.22 13:31:56.451,1.10173,1.10176,1.20,4.69
2016.07.22 13:31:56.604,1.10173,1.10176,1.12,4.69
2016.07.22 13:31:56.656,1.10172,1.10176,4.20,3.00
2016.07.22 13:31:56.757,1.10173,1.10176,1.12,3.94
2016.07.22 13:31:56.808,1.10173,1.10176,1.12,3.19
2016.07.22 13:31:57.064,1.10172,1.10176,5.70,1.50
2016.07.22 13:31:57.166,1.10173,1.10176,1.12,3.19
2016.07.22 13:31:57.416,1.10173,1.10176,1.50,3.19
2016.07.22 13:31:57.468,1.10173,1.10176,3.00,1.12
2016.07.22 13:31:57.521,1.10173,1.10176,5.62,1.00
2016.07.22 13:31:57.574,1.10173,1.10177,5.70,1.00
2016.07.22 13:31:57.678,1.10173,1.10177,7.20,1.00
2016.07.22 13:31:57.729,1.10173,1.10177,7.57,1.00
2016.07.22 13:31:57.882,1.10174,1.10177,1.12,1.00
2016.07.22 13:31:58.509,1.10174,1.10177,1.12,1.00
2016.07.22 13:31:58.561,1.10174,1.10177,1.00,1.50
2016.07.22 13:31:58.612,1.10174,1.10177,1.00,1.87
2016.07.22 13:31:58.663,1.10174,1.10176,1.00,1.12
2016.07.22 13:31:58.715,1.10173,1.10176,4.29,1.12
2016.07.22 13:31:58.769,1.10173,1.10176,4.20,1.00
2016.07.22 13:31:58.822,1.10173,1.10176,5.70,1.00
2016.07.22 13:31:58.874,1.10174,1.10177,1.00,1.87
2016.07.22 13:31:58.926,1.10174,1.10177,2.25,2.25
2016.07.22 13:31:58.977,1.10174,1.10177,2.25,3.75
2016.07.22 13:31:59.028,1.10174,1.10177,2.25,3.37
2016.07.22 13:31:59.079,1.10175,1.10177,1.00,2.25
2016.07.22 13:31:59.182,1.10175,1.10177,1.00,1.50
2016.07.22 13:31:59.606,1.10175,1.10177,1.00,1.00
2016.07.22 13:32:00.691,1.10175,1.10178,4.12,3.64
2016.07.22 13:32:00.743,1.10177,1.10178,1.00,1.00
2016.07.22 13:32:00.794,1.10177,1.10179,1.00,2.14
2016.07.22 13:32:00.845,1.10177,1.10179,1.00,2.06
2016.07.22 13:32:01.148,1.10177,1.10179,1.00,1.69
2016.07.22 13:32:01.250,1.10177,1.10179,1.00,2.81
2016.07.22 13:32:01.302,1.10177,1.10179,1.00,3.94
2016.07.22 13:32:01.353,1.10176,1.10179,1.50,3.56
2016.07.22 13:32:01.404,1.10176,1.10179,1.50,4.31
2016.07.22 13:32:02.172,1.10176,1.10178,1.50,1.00
2016.07.22 13:32:02.275,1.10176,1.10177,1.00,1.50
2016.07.22 13:32:02.378,1.10175,1.10177,1.00,1.50
2016.07.22 13:32:02.430,1.10174,1.10177,1.10,2.62
2016.07.22 13:32:02.481,1.10174,1.10177,1.10,2.81
2016.07.22 13:32:02.532,1.10174,1.10177,1.00,2.81
2016.07.22 13:32:02.583,1.10174,1.10177,1.00,3.56
2016.07.22 13:32:02.735,1.10174,1.10177,1.00,2.81
2016.07.22 13:32:02.786,1.10175,1.10177,1.00,1.12
2016.07.22 13:32:02.838,1.10175,1.10178,1.12,3.07
2016.07.22 13:32:02.889,1.10175,1.10178,1.12,2.51
2016.07.22 13:32:02.940,1.10175,1.10177,1.00,1.00
2016.07.22 13:32:03.037,1.10175,1.10177,1.00,2.25
2016.07.22 13:32:03.089,1.10174,1.10176,1.00,1.00
2016.07.22 13:32:03.191,1.10174,1.10176,1.00,1.12
2016.07.22 13:32:03.293,1.10174,1.10176,1.00,1.50
2016.07.22 13:32:03.344,1.10174,1.10175,1.00,1.12
2016.07.22 13:32:03.396,1.10174,1.10175,1.00,1.50
2016.07.22 13:32:03.447,1.10173,1.10174,2.25,1.00
2016.07.22 13:32:03.499,1.10172,1.10174,1.12,1.00
2016.07.22 13:32:03.602,1.10172,1.10174,1.50,1.12
2016.07.22 13:32:03.654,1.10172,1.10174,1.50,1.31
2016.07.22 13:32:03.706,1.10172,1.10174,1.50,4.69
2016.07.22 13:32:03.758,1.10172,1.10173,1.50,2.25
2016.07.22 13:32:03.853,1.10171,1.10172,2.62,1.10
2016.07.22 13:32:03.907,1.1017,1.10172,3.44,4.20
2016.07.22 13:32:03.959,1.1017,1.10171,1.25,1.12
2016.07.22 13:32:04.250,1.1017,1.10171,1.25,1.87
2016.07.22 13:32:04.301,1.10169,1.10171,2.50,1.87
2016.07.22 13:32:04.353,1.10169,1.10171,1.50,2.25
2016.07.22 13:32:04.404,1.10169,1.10171,1.50,2.32
2016.07.22 13:32:04.455,1.10169,1.10171,1.50,1.20
2016.07.22 13:32:04.589,1.10169,1.10171,1.50,1.10
2016.07.22 13:32:04.691,1.10169,1.10172,1.50,4.69
2016.07.22 13:32:04.803,1.10169,1.10172,1.50,5.44
2016.07.22 13:32:05.159,1.10169,1.10172,1.50,4.69
2016.07.22 13:32:05.261,1.10169,1.10172,2.10,3.56
2016.07.22 13:32:05.313,1.10169,1.10172,2.85,2.44
2016.07.22 13:32:05.364,1.1017,1.10172,1.00,1.20
2016.07.22 13:32:05.549,1.1017,1.10172,1.00,1.10
2016.07.22 13:32:05.600,1.10169,1.10172,2.47,1.00
2016.07.22 13:32:05.651,1.10169,1.10172,3.97,1.00
2016.07.22 13:32:05.754,1.10169,1.10172,1.87,1.00
2016.07.22 13:32:05.805,1.10169,1.10172,1.12,1.00
2016.07.22 13:32:05.907,1.10169,1.10172,1.87,1.00
2016.07.22 13:32:05.959,1.10169,1.10173,1.87,5.89
2016.07.22 13:32:06.010,1.10169,1.10173,5.10,5.14
2016.07.22 13:32:06.061,1.1017,1.10173,1.00,1.76
2016.07.22 13:32:06.113,1.1017,1.10173,3.75,1.76
2016.07.22 13:32:06.164,1.10171,1.10173,1.00,1.01
2016.07.22 13:32:06.368,1.1017,1.10173,3.75,1.01
2016.07.22 13:32:06.539,1.1017,1.10173,4.50,1.01
2016.07.22 13:32:06.590,1.10171,1.10173,1.00,1.01
2016.07.22 13:32:06.796,1.10171,1.10173,1.00,1.76
2016.07.22 13:32:06.847,1.10171,1.10173,1.00,2.14
2016.07.22 13:32:06.898,1.1017,1.10173,2.25,2.14
2016.07.22 13:32:07.021,1.1017,1.10173,1.50,2.14
2016.07.22 13:32:07.072,1.1017,1.10173,1.50,1.39
2016.07.22 13:32:07.175,1.1017,1.10173,2.03,1.57
2016.07.22 13:32:07.226,1.1017,1.10173,2.40,1.20
2016.07.22 13:32:07.277,1.1017,1.10173,3.90,1.01
2016.07.22 13:32:07.328,1.1017,1.10173,3.53,1.01
2016.07.22 13:32:07.456,1.1017,1.10173,3.60,1.01
2016.07.22 13:32:07.508,1.10172,1.10173,1.00,1.01
2016.07.22 13:32:07.611,1.10171,1.10173,1.21,1.01
2016.07.22 13:32:08.300,1.10171,1.10173,1.21,1.76
2016.07.22 13:32:08.402,1.1017,1.10173,3.37,1.76
2016.07.22 13:32:09.165,1.1017,1.10173,3.00,1.76
2016.07.22 13:32:09.216,1.1017,1.10173,2.25,1.76
2016.07.22 13:32:09.268,1.1017,1.10172,1.50,1.00
2016.07.22 13:32:09.369,1.1017,1.10172,1.50,5.44
2016.07.22 13:32:09.421,1.1017,1.10171,1.00,3.56
2016.07.22 13:32:09.552,1.10167,1.10168,4.88,1.00
2016.07.22 13:32:09.608,1.10166,1.10168,9.98,4.37
2016.07.22 13:32:09.659,1.10166,1.10167,9.23,1.00
2016.07.22 13:32:09.710,1.10165,1.10166,8.85,1.00
2016.07.22 13:32:09.762,1.10164,1.10166,2.32,1.00
2016.07.22 13:32:09.813,1.10164,1.10166,1.57,1.00
2016.07.22 13:32:09.864,1.10164,1.10166,3.07,1.00
2016.07.22 13:32:09.915,1.10166,1.10168,1.00,3.56
2016.07.22 13:32:09.966,1.10166,1.10168,1.00,2.44
2016.07.22 13:32:10.068,1.10166,1.10168,1.00,3.94
2016.07.22 13:32:10.120,1.10164,1.10167,3.07,1.00
2016.07.22 13:32:10.251,1.10164,1.10167,1.57,2.06
2016.07.22 13:32:10.409,1.10164,1.10167,1.57,2.25
2016.07.22 13:32:10.511,1.10164,1.10166,1.57,1.00
2016.07.22 13:32:10.613,1.10164,1.10167,1.57,2.25
2016.07.22 13:32:10.715,1.10164,1.10167,1.57,3.00
2016.07.22 13:32:10.766,1.10164,1.10167,1.57,3.38
2016.07.22 13:32:10.817,1.10164,1.10166,1.10,1.25
2016.07.22 13:32:10.868,1.10164,1.10166,1.00,1.69
2016.07.22 13:32:10.919,1.10163,1.10166,1.87,2.25
2016.07.22 13:32:11.009,1.10163,1.10165,1.87,1.12
2016.07.22 13:32:11.061,1.10163,1.10165,1.00,3.00
2016.07.22 13:32:11.114,1.10162,1.10165,1.35,3.56
2016.07.22 13:32:11.165,1.10162,1.10165,1.35,3.94
2016.07.22 13:32:11.216,1.10162,1.10165,1.35,3.75
2016.07.22 13:32:11.318,1.10162,1.10165,1.50,3.94
2016.07.22 13:32:11.370,1.10162,1.10165,1.50,3.56
2016.07.22 13:32:11.421,1.10162,1.10165,3.00,3.56
2016.07.22 13:32:11.523,1.10162,1.10165,1.50,3.56
2016.07.22 13:32:11.625,1.10162,1.10165,1.00,2.44
2016.07.22 13:32:11.677,1.10162,1.10165,1.50,3.37
2016.07.22 13:32:11.728,1.10162,1.10165,1.50,3.56
2016.07.22 13:32:11.899,1.10162,1.10165,1.00,4.31
2016.07.22 13:32:11.951,1.10162,1.10165,1.00,4.69
2016.07.22 13:32:12.052,1.10162,1.10165,1.00,4.31
2016.07.22 13:32:12.408,1.10162,1.10165,1.00,4.12
2016.07.22 13:32:12.528,1.10162,1.10165,1.00,4.31
2016.07.22 13:32:12.775,1.10162,1.10165,1.00,4.12
2016.07.22 13:32:12.826,1.10162,1.10165,1.00,3.19
2016.07.22 13:32:12.964,1.10162,1.10165,1.00,3.37
2016.07.22 13:32:13.015,1.10162,1.10165,1.00,4.31
2016.07.22 13:32:13.075,1.10162,1.10165,1.00,4.12
2016.07.22 13:32:13.126,1.10162,1.10165,1.00,3.19
2016.07.22 13:32:13.177,1.10162,1.10165,1.00,3.37
2016.07.22 13:32:13.228,1.10162,1.10165,1.00,4.31
2016.07.22 13:32:13.444,1.10162,1.10165,2.10,3.94
2016.07.22 13:32:13.495,1.10164,1.10165,2.10,1.69
2016.07.22 13:32:13.546,1.10164,1.10167,6.60,5.70
2016.07.22 13:32:13.597,1.10165,1.10167,2.25,2.70
2016.07.22 13:32:13.648,1.10166,1.10168,1.00,1.01
2016.07.22 13:32:13.699,1.10166,1.10168,1.50,1.01
2016.07.22 13:32:13.750,1.10166,1.10168,3.60,1.01
2016.07.22 13:32:13.801,1.10166,1.10168,2.85,1.01
2016.07.22 13:32:13.852,1.10166,1.10168,2.85,1.25
2016.07.22 13:32:13.991,1.10166,1.10168,1.35,1.25
2016.07.22 13:32:14.093,1.10165,1.10168,9.67,1.25
2016.07.22 13:32:14.195,1.10166,1.10168,1.35,1.25
2016.07.22 13:32:14.583,1.10166,1.10168,1.35,1.25
2016.07.22 13:32:14.634,1.10166,1.10169,1.72,1.87
2016.07.22 13:32:14.686,1.10166,1.10169,1.72,1.12
2016.07.22 13:32:14.737,1.10166,1.10169,1.12,1.22
2016.07.22 13:32:14.890,1.10165,1.10169,11.55,1.22
2016.07.22 13:32:15.099,1.10166,1.10169,1.12,1.41
2016.07.22 13:32:15.433,1.10166,1.10169,1.72,1.41
2016.07.22 13:32:15.484,1.10166,1.10169,1.72,1.78
2016.07.22 13:32:15.535,1.10166,1.10169,1.12,3.28
2016.07.22 13:32:15.587,1.10166,1.10169,1.12,2.91
2016.07.22 13:32:15.638,1.10166,1.10168,1.12,1.13
2016.07.22 13:32:15.689,1.10166,1.10169,1.12,3.66
2016.07.22 13:32:16.187,1.10166,1.10169,1.12,4.41
2016.07.22 13:32:16.422,1.10166,1.10169,1.00,5.16
2016.07.22 13:32:16.588,1.10166,1.10169,1.00,5.16
2016.07.22 13:32:16.741,1.10166,1.10169,1.00,8.16
2016.07.22 13:32:16.793,1.10166,1.10168,1.00,2.35
2016.07.22 13:32:16.845,1.10164,1.10167,1.80,5.72
2016.07.22 13:32:16.896,1.10164,1.10167,1.20,7.47
2016.07.22 13:32:16.947,1.10164,1.10167,1.20,7.66
2016.07.22 13:32:17.049,1.10163,1.10167,4.72,6.72
2016.07.22 13:32:17.100,1.10164,1.10167,1.20,7.66
2016.07.22 13:32:17.151,1.10164,1.10167,1.20,6.91
2016.07.22 13:32:17.202,1.10164,1.10167,1.80,6.66
2016.07.22 13:32:17.322,1.10164,1.10167,2.55,6.35
2016.07.22 13:32:17.373,1.10164,1.10167,2.55,6.53
2016.07.22 13:32:17.424,1.10164,1.10167,2.55,7.03
2016.07.22 13:32:17.475,1.10164,1.10167,2.55,5.90
2016.07.22 13:32:17.526,1.10164,1.10167,2.55,5.91
2016.07.22 13:32:17.578,1.10164,1.10167,2.55,5.53
2016.07.22 13:32:17.733,1.10164,1.10167,1.05,5.53
2016.07.22 13:32:17.835,1.10163,1.10167,4.54,5.72
2016.07.22 13:32:17.886,1.10164,1.10167,1.10,4.97
2016.07.22 13:32:17.937,1.10164,1.10167,1.10,4.97
2016.07.22 13:32:18.039,1.10164,1.10167,1.00,4.54
2016.07.22 13:32:18.161,1.10164,1.10167,2.10,3.16
2016.07.22 13:32:18.212,1.10164,1.10167,2.85,3.16
2016.07.22 13:32:18.266,1.10164,1.10167,4.05,3.09
2016.07.22 13:32:18.317,1.10164,1.10167,3.30,3.28
2016.07.22 13:32:18.419,1.10164,1.10167,3.30,4.03
2016.07.22 13:32:18.470,1.10165,1.10167,1.30,2.53
2016.07.22 13:32:18.521,1.10165,1.10167,3.22,1.12
2016.07.22 13:32:18.572,1.10165,1.10167,4.72,1.12
2016.07.22 13:32:18.624,1.10166,1.10167,1.12,1.12
2016.07.22 13:32:18.920,1.10165,1.10167,3.22,1.00
2016.07.22 13:32:18.972,1.10165,1.10167,2.10,1.00
2016.07.22 13:32:19.125,1.10165,1.10167,1.35,1.00
2016.07.22 13:32:19.923,1.10164,1.10167,6.11,1.00
2016.07.22 13:32:20.025,1.10165,1.10167,1.35,1.00
2016.07.22 13:32:20.127,1.10165,1.10167,1.35,1.50
2016.07.22 13:32:20.179,1.10165,1.10167,1.00,1.87
2016.07.22 13:32:20.230,1.10164,1.10167,1.42,4.12
2016.07.22 13:32:20.281,1.10164,1.10167,1.42,7.87
2016.07.22 13:32:20.332,1.10164,1.10167,1.05,8.81
2016.07.22 13:32:20.434,1.10164,1.10166,1.05,2.06
2016.07.22 13:32:20.536,1.10163,1.10166,6.22,2.06
2016.07.22 13:32:20.587,1.10163,1.10166,6.41,2.06
2016.07.22 13:32:20.638,1.10163,1.10166,5.29,2.06
2016.07.22 13:32:20.838,1.10163,1.10166,3.04,2.06
2016.07.22 13:32:20.889,1.10163,1.10166,2.36,2.06
2016.07.22 13:32:20.940,1.10163,1.10166,2.36,3.37
2016.07.22 13:32:20.992,1.10163,1.10166,2.36,3.00
2016.07.22 13:32:21.043,1.10163,1.10166,3.86,3.00
2016.07.22 13:32:21.094,1.10163,1.10166,4.24,3.00
2016.07.22 13:32:21.145,1.10165,1.10166,2.10,2.25
2016.07.22 13:32:21.247,1.10165,1.10166,2.10,1.00
2016.07.22 13:32:21.349,1.10164,1.10166,3.79,1.00
2016.07.22 13:32:21.400,1.10164,1.10166,3.79,1.00
2016.07.22 13:32:21.958,1.10164,1.10166,4.16,1.00
2016.07.22 13:32:22.061,1.10164,1.10166,3.79,1.00
2016.07.22 13:32:22.164,1.10164,1.10166,3.04,1.00
2016.07.22 13:32:22.471,1.10164,1.10166,2.81,1.00
2016.07.22 13:32:22.603,1.10165,1.10166,1.35,1.00
2016.07.22 13:32:22.808,1.10165,1.10166,1.30,1.00
2016.07.22 13:32:23.116,1.10165,1.10166,1.72,1.00
2016.07.22 13:32:23.168,1.10165,1.10166,1.87,1.00
2016.07.22 13:32:23.347,1.10165,1.10166,2.47,1.00
2016.07.22 13:32:23.563,1.10165,1.10166,2.10,1.00
2016.07.22 13:32:24.113,1.10165,1.10166,1.35,1.00
2016.07.22 13:32:24.216,1.10165,1.10166,2.10,1.00
2016.07.22 13:32:24.317,1.10165,1.10166,3.60,1.00
2016.07.22 13:32:24.499,1.10165,1.10166,2.85,1.00
2016.07.22 13:32:24.550,1.10165,1.10166,2.10,1.00
2016.07.22 13:32:24.754,1.10164,1.10166,6.11,1.00
2016.07.22 13:32:24.918,1.10164,1.10166,5.36,1.00
2016.07.22 13:32:25.071,1.10164,1.10166,6.49,1.00
2016.07.22 13:32:25.122,1.10164,1.10166,4.99,1.00
2016.07.22 13:32:25.181,1.10164,1.10166,5.36,1.00
2016.07.22 13:32:25.235,1.10164,1.10166,5.36,1.12
2016.07.22 13:32:25.388,1.10164,1.10166,5.36,1.00
2016.07.22 13:32:25.490,1.10165,1.10166,1.30,1.00
2016.07.22 13:32:25.541,1.10165,1.10166,2.47,1.00
2016.07.22 13:32:25.592,1.10165,1.10167,2.47,4.50
2016.07.22 13:32:25.707,1.10165,1.10167,1.72,4.50
2016.07.22 13:32:25.759,1.10165,1.10167,3.97,4.50
2016.07.22 13:32:25.970,1.10165,1.10167,3.22,4.50
2016.07.22 13:32:26.072,1.10165,1.10167,3.97,4.50
2016.07.22 13:32:26.175,1.10165,1.10166,3.37,1.00
2016.07.22 13:32:26.226,1.10165,1.10166,1.87,1.50
2016.07.22 13:32:26.329,1.10165,1.10166,1.12,2.25
2016.07.22 13:32:26.382,1.10164,1.10166,1.54,2.25
2016.07.22 13:32:26.433,1.10164,1.10166,1.54,2.62
2016.07.22 13:32:26.558,1.10164,1.10166,1.54,1.87
2016.07.22 13:32:26.610,1.10165,1.10167,2.47,6.19
2016.07.22 13:32:26.661,1.10165,1.10167,3.22,3.75
2016.07.22 13:32:26.712,1.10165,1.10167,4.05,3.00
2016.07.22 13:32:26.763,1.10165,1.10168,8.74,1.50
2016.07.22 13:32:26.814,1.10165,1.10168,7.61,1.50
2016.07.22 13:32:26.865,1.10165,1.10169,6.49,4.12
2016.07.22 13:32:26.916,1.10165,1.10169,6.11,3.37
2016.07.22 13:32:26.967,1.10165,1.10169,4.61,4.87
2016.07.22 13:32:27.069,1.10165,1.10168,3.86,1.00
2016.07.22 13:32:27.172,1.10165,1.10168,6.11,2.62
2016.07.22 13:32:27.223,1.10165,1.10168,4.01,3.00
2016.07.22 13:32:27.329,1.10165,1.10168,3.26,5.25
2016.07.22 13:32:27.380,1.10165,1.10167,2.14,1.00
2016.07.22 13:32:27.431,1.10165,1.10167,1.39,1.12
2016.07.22 13:32:27.483,1.10165,1.10167,2.14,1.12
2016.07.22 13:32:27.534,1.10165,1.10167,2.89,1.87
2016.07.22 13:32:27.585,1.10165,1.10167,2.06,2.62
2016.07.22 13:32:27.636,1.10164,1.10167,6.49,3.56
2016.07.22 13:32:27.688,1.10164,1.10167,5.51,4.31
2016.07.22 13:32:27.739,1.10164,1.10166,3.67,1.00
2016.07.22 13:32:27.841,1.10164,1.10166,2.17,1.00
2016.07.22 13:32:27.892,1.10164,1.10166,1.57,1.00
2016.07.22 13:32:28.044,1.10163,1.10167,6.60,4.87
2016.07.22 13:32:28.177,1.10163,1.10167,8.10,4.87
2016.07.22 13:32:28.228,1.10163,1.10167,7.72,4.50
2016.07.22 13:32:28.324,1.10164,1.10166,2.17,1.00
2016.07.22 13:32:28.379,1.10164,1.10166,1.42,1.00
2016.07.22 13:32:28.684,1.10163,1.10167,7.35,4.50
2016.07.22 13:32:28.785,1.10164,1.10166,1.42,1.00
2016.07.22 13:32:28.887,1.10164,1.10166,1.10,1.00
2016.07.22 13:32:28.989,1.10163,1.10166,5.47,1.50
2016.07.22 13:32:29.040,1.10163,1.10166,5.10,1.50
2016.07.22 13:32:29.244,1.10163,1.10166,4.72,2.25
2016.07.22 13:32:29.295,1.10163,1.10166,3.22,2.25
2016.07.22 13:32:29.428,1.10163,1.10166,4.72,2.25
2016.07.22 13:32:29.581,1.10163,1.10166,3.97,1.00
2016.07.22 13:32:29.787,1.10163,1.10166,4.72,2.25
2016.07.22 13:32:30.193,1.10163,1.10166,3.97,3.00
2016.07.22 13:32:30.246,1.10163,1.10166,3.97,3.56
2016.07.22 13:32:30.297,1.10163,1.10166,2.47,6.00
2016.07.22 13:32:30.348,1.10163,1.10166,1.72,6.00
2016.07.22 13:32:30.399,1.10163,1.10166,1.72,5.25
2016.07.22 13:32:30.786,1.10163,1.10166,1.30,3.56
2016.07.22 13:32:30.888,1.10163,1.10166,1.72,5.25
2016.07.22 13:32:30.990,1.10163,1.10166,1.30,3.56
2016.07.22 13:32:31.091,1.10163,1.10166,1.72,5.25
2016.07.22 13:32:31.142,1.10163,1.10165,1.72,1.87
2016.07.22 13:32:31.193,1.10163,1.10165,1.30,1.87
2016.07.22 13:32:31.244,1.10163,1.10165,1.30,1.12
2016.07.22 13:32:31.448,1.10163,1.10165,1.30,1.87
2016.07.22 13:32:31.578,1.10163,1.10166,1.30,5.25
2016.07.22 13:32:31.680,1.10163,1.10166,2.47,5.25
2016.07.22 13:32:31.731,1.10163,1.10166,2.47,4.87
2016.07.22 13:32:31.782,1.10163,1.10166,2.47,4.69
2016.07.22 13:32:31.987,1.10162,1.10164,8.25,2.85
2016.07.22 13:32:32.039,1.10159,1.10161,34.50,1.00
2016.07.22 13:32:32.090,1.1016,1.10161,1.87,3.00
2016.07.22 13:32:32.141,1.1016,1.10161,1.12,3.75
2016.07.22 13:32:32.236,1.1016,1.10161,1.12,3.00
2016.07.22 13:32:32.298,1.10159,1.10161,2.47,1.00
2016.07.22 13:32:32.349,1.10159,1.10161,2.44,1.00
2016.07.22 13:32:32.401,1.10159,1.10162,3.56,7.31
2016.07.22 13:32:32.453,1.10159,1.10162,2.62,6.19
2016.07.22 13:32:32.505,1.1016,1.10161,1.87,1.00
2016.07.22 13:32:32.556,1.10162,1.10163,1.00,4.76
2016.07.22 13:32:32.607,1.10162,1.10163,3.75,1.10
2016.07.22 13:32:32.659,1.10164,1.10165,2.10,1.00
2016.07.22 13:32:32.957,1.10164,1.10165,2.10,2.25
2016.07.22 13:32:33.014,1.10162,1.10164,1.00,1.00
2016.07.22 13:32:33.065,1.10162,1.10164,1.00,1.50
2016.07.22 13:32:33.116,1.10162,1.10164,1.00,1.69
2016.07.22 13:32:33.167,1.1016,1.10164,11.55,3.94
2016.07.22 13:32:33.218,1.1016,1.10164,11.55,4.69
2016.07.22 13:32:33.269,1.1016,1.10164,10.80,4.69
2016.07.22 13:32:33.371,1.1016,1.10164,11.17,4.69
2016.07.22 13:32:33.488,1.1016,1.10164,9.67,3.19
2016.07.22 13:32:33.594,1.1016,1.10164,11.17,4.69
2016.07.22 13:32:33.696,1.1016,1.10164,11.17,3.94
2016.07.22 13:32:33.798,1.1016,1.10164,7.05,5.44
2016.07.22 13:32:33.907,1.1016,1.10162,4.80,1.25
2016.07.22 13:32:33.959,1.1016,1.10162,1.00,2.06
2016.07.22 13:32:34.011,1.1016,1.10162,1.00,5.06
2016.07.22 13:32:34.063,1.1016,1.10161,1.00,1.50
2016.07.22 13:32:34.165,1.1016,1.10161,1.00,2.39
2016.07.22 13:32:34.217,1.10159,1.10161,1.00,2.84
2016.07.22 13:32:34.269,1.10159,1.10161,1.50,2.84
2016.07.22 13:32:34.372,1.10158,1.10161,4.72,2.09
2016.07.22 13:32:34.423,1.10158,1.10161,5.47,1.72
2016.07.22 13:32:34.475,1.10158,1.10161,4.72,1.72
2016.07.22 13:32:34.609,1.10159,1.10161,1.00,1.72
2016.07.22 13:32:34.660,1.10158,1.10161,5.10,1.72
2016.07.22 13:32:34.711,1.10159,1.10161,1.12,1.72
2016.07.22 13:32:34.762,1.10159,1.10161,1.87,1.72
2016.07.22 13:32:34.813,1.10159,1.10161,1.50,1.29
2016.07.22 13:32:34.865,1.10159,1.10162,1.50,4.08
2016.07.22 13:32:35.324,1.10159,1.10162,1.50,3.70
2016.07.22 13:32:35.587,1.1016,1.10162,1.00,4.08
2016.07.22 13:32:36.158,1.1016,1.10162,1.00,4.45
2016.07.22 13:32:36.362,1.1016,1.10161,1.00,1.29
2016.07.22 13:32:36.413,1.10159,1.10161,2.85,3.40
2016.07.22 13:32:36.465,1.10159,1.10161,2.10,3.78
2016.07.22 13:32:36.516,1.10159,1.10161,1.35,5.51
2016.07.22 13:32:36.609,1.10158,1.10161,4.72,5.51
2016.07.22 13:32:37.066,1.10158,1.10161,5.47,5.51
2016.07.22 13:32:37.271,1.10158,1.10161,3.97,4.76
2016.07.22 13:32:37.322,1.10158,1.10161,3.22,4.76
2016.07.22 13:32:37.373,1.10158,1.10161,4.72,5.51
2016.07.22 13:32:37.425,1.10158,1.10161,3.97,5.51
2016.07.22 13:32:37.560,1.10159,1.1016,1.35,1.58
2016.07.22 13:32:37.611,1.10159,1.1016,1.35,1.12
2016.07.22 13:32:37.662,1.10159,1.1016,3.22,1.12
2016.07.22 13:32:37.714,1.10159,1.10162,1.12,3.19
2016.07.22 13:32:37.764,1.10159,1.10162,1.87,3.19
2016.07.22 13:32:37.968,1.10159,1.10162,1.12,3.19
2016.07.22 13:32:38.019,1.10159,1.10162,1.87,3.19
2016.07.22 13:32:38.070,1.10159,1.10162,3.97,3.19
2016.07.22 13:32:38.151,1.1016,1.10162,1.00,2.44
2016.07.22 13:32:38.202,1.1016,1.10162,1.00,3.19
2016.07.22 13:32:38.304,1.1016,1.10162,1.00,2.44
2016.07.22 13:32:38.406,1.1016,1.10162,1.00,1.69
2016.07.22 13:32:39.852,1.1016,1.10162,1.00,2.44
2016.07.22 13:32:39.904,1.10159,1.10162,4.12,2.44
2016.07.22 13:32:40.007,1.1016,1.10162,1.00,2.44
2016.07.22 13:32:40.162,1.1016,1.10162,1.00,1.69
2016.07.22 13:32:40.213,1.10159,1.10162,4.12,1.69
2016.07.22 13:32:40.707,1.1016,1.10162,2.25,1.25
2016.07.22 13:32:40.759,1.10161,1.10162,1.87,1.25
2016.07.22 13:32:40.810,1.10162,1.10164,1.87,1.57
2016.07.22 13:32:40.862,1.10162,1.10164,4.50,1.57
2016.07.22 13:32:40.913,1.10164,1.10165,1.00,1.00
2016.07.22 13:32:40.964,1.10164,1.10165,1.50,1.00
2016.07.22 13:32:41.015,1.10164,1.10166,1.50,1.57
2016.07.22 13:32:41.066,1.10164,1.10166,1.00,1.57
2016.07.22 13:32:41.117,1.10163,1.10166,3.37,2.32
2016.07.22 13:32:41.198,1.10163,1.10166,4.12,2.32
2016.07.22 13:32:41.249,1.10163,1.10166,4.12,1.10
2016.07.22 13:32:41.351,1.10163,1.10166,4.12,1.57
2016.07.22 13:32:41.402,1.10163,1.10166,4.12,2.51
2016.07.22 13:32:42.003,1.10163,1.10166,3.37,1.57
2016.07.22 13:32:42.055,1.10163,1.10166,3.00,1.57
2016.07.22 13:32:42.107,1.10163,1.10166,2.25,2.89
2016.07.22 13:32:42.158,1.10163,1.10166,2.25,2.51
2016.07.22 13:32:42.209,1.10163,1.10166,1.50,2.70
2016.07.22 13:32:42.312,1.10163,1.10165,2.25,1.00
2016.07.22 13:32:42.414,1.10163,1.10166,1.50,1.95
2016.07.22 13:32:42.516,1.10163,1.10166,2.25,3.26
2016.07.22 13:32:42.567,1.10163,1.10166,1.50,4.01
2016.07.22 13:32:42.619,1.10163,1.10166,1.50,4.39
2016.07.22 13:32:42.762,1.10163,1.10165,1.50,1.12
2016.07.22 13:32:42.816,1.10163,1.10165,1.00,3.00
2016.07.22 13:32:42.919,1.10163,1.10165,1.00,3.94
2016.07.22 13:32:43.074,1.10163,1.10165,1.00,2.43
2016.07.22 13:32:43.125,1.10162,1.10165,1.50,3.93
2016.07.22 13:32:43.227,1.10162,1.10165,1.00,3.93
2016.07.22 13:32:43.431,1.10162,1.10164,1.00,1.00
2016.07.22 13:32:43.482,1.10162,1.10164,1.00,1.74
2016.07.22 13:32:43.607,1.10161,1.10163,1.10,1.25
2016.07.22 13:32:43.658,1.10161,1.10163,2.85,1.10
2016.07.22 13:32:43.710,1.10161,1.10164,3.97,1.87
2016.07.22 13:32:43.761,1.10161,1.10164,5.47,1.50
2016.07.22 13:32:43.812,1.10162,1.10165,1.87,3.75
2016.07.22 13:32:43.863,1.10162,1.10165,1.87,3.00
2016.07.22 13:32:43.914,1.10162,1.10165,1.12,3.00
2016.07.22 13:32:44.017,1.10162,1.10165,1.00,1.87
2016.07.22 13:32:44.068,1.10162,1.10165,1.00,1.12
2016.07.22 13:32:44.119,1.10162,1.10165,1.12,1.00
2016.07.22 13:32:44.592,1.10163,1.10165,1.12,1.00
2016.07.22 13:32:44.643,1.10163,1.10165,2.62,1.00
2016.07.22 13:32:44.694,1.10163,1.10166,2.62,1.39
2016.07.22 13:32:44.745,1.10163,1.10166,1.00,2.51
2016.07.22 13:32:44.796,1.10162,1.10166,4.12,4.57
2016.07.22 13:32:44.848,1.10162,1.10166,4.12,4.95
2016.07.22 13:32:44.899,1.10162,1.10166,3.00,5.51
2016.07.22 13:32:44.950,1.10162,1.10165,3.37,1.00
2016.07.22 13:32:45.001,1.10162,1.10165,3.75,1.00
2016.07.22 13:32:45.137,1.10162,1.10165,2.25,1.00
2016.07.22 13:32:45.188,1.10162,1.10165,1.50,1.00
2016.07.22 13:32:45.291,1.10161,1.10163,7.05,1.00
2016.07.22 13:32:45.342,1.10162,1.10163,1.00,1.50
2016.07.22 13:32:45.394,1.1016,1.10162,15.97,2.50
2016.07.22 13:32:45.445,1.10161,1.10162,2.70,2.25
2016.07.22 13:32:45.496,1.10161,1.10164,5.55,3.37
2016.07.22 13:32:45.548,1.10162,1.10163,2.25,1.00
2016.07.22 13:32:45.599,1.10161,1.10163,8.47,1.50
2016.07.22 13:32:45.650,1.10162,1.10163,1.12,1.50
2016.07.22 13:32:45.739,1.10162,1.10163,1.50,1.50
2016.07.22 13:32:45.790,1.1016,1.10162,16.05,2.50
2016.07.22 13:32:45.842,1.1016,1.10161,16.80,2.25
2016.07.22 13:32:45.893,1.1016,1.10161,13.05,2.25
2016.07.22 13:32:45.995,1.1016,1.10161,10.05,2.25
2016.07.22 13:32:46.098,1.1016,1.10161,8.92,2.25
2016.07.22 13:32:46.200,1.1016,1.10161,9.30,2.25
2016.07.22 13:32:46.251,1.1016,1.10162,8.17,2.25
2016.07.22 13:32:46.302,1.1016,1.10161,3.45,2.25
2016.07.22 13:32:46.353,1.1016,1.10161,2.55,2.25
2016.07.22 13:32:46.404,1.1016,1.10161,1.30,2.25
2016.07.22 13:32:46.538,1.10159,1.1016,1.50,3.00
2016.07.22 13:32:46.590,1.10159,1.1016,1.50,4.12
2016.07.22 13:32:46.642,1.10157,1.10159,9.30,2.50
2016.07.22 13:32:46.693,1.10157,1.10159,7.42,2.50
2016.07.22 13:32:46.746,1.10157,1.10159,5.92,2.50
2016.07.22 13:32:46.797,1.10157,1.10158,2.32,1.50
2016.07.22 13:32:46.849,1.10155,1.10157,33.75,1.00
2016.07.22 13:32:46.900,1.10154,1.10156,17.85,1.00
2016.07.22 13:32:46.952,1.10155,1.10156,1.87,1.50
2016.07.22 13:32:47.003,1.10155,1.10156,1.50,1.50
2016.07.22 13:32:47.088,1.10153,1.10156,13.43,1.00
2016.07.22 13:32:47.140,1.10153,1.10155,5.93,1.00
2016.07.22 13:32:47.191,1.10153,1.10155,4.35,1.00
2016.07.22 13:32:47.243,1.10153,1.10155,6.60,1.00
2016.07.22 13:32:47.294,1.10154,1.10156,3.97,1.00
2016.07.22 13:32:47.397,1.10155,1.10157,1.50,1.69
2016.07.22 13:32:47.448,1.10155,1.10156,1.50,1.00
2016.07.22 13:32:47.499,1.10155,1.10156,1.20,1.50
2016.07.22 13:32:47.550,1.10155,1.10156,2.70,1.00
2016.07.22 13:32:47.602,1.10155,1.10156,5.55,1.00
2016.07.22 13:32:47.743,1.10158,1.1016,3.22,3.75
2016.07.22 13:32:47.794,1.10159,1.1016,2.10,3.37
2016.07.22 13:32:47.845,1.10159,1.1016,1.12,2.25
2016.07.22 13:32:47.897,1.10159,1.1016,3.97,1.50
2016.07.22 13:32:47.948,1.1016,1.10161,2.47,1.00
2016.07.22 13:32:47.999,1.10161,1.10162,2.85,1.00
2016.07.22 13:32:48.050,1.10162,1.10164,1.37,2.44
2016.07.22 13:32:48.102,1.10163,1.10164,2.47,1.87
2016.07.22 13:32:48.153,1.10163,1.10164,2.55,1.50
2016.07.22 13:32:48.205,1.10163,1.10165,2.55,1.50
2016.07.22 13:32:48.256,1.10164,1.10165,1.30,1.50
2016.07.22 13:32:48.338,1.10163,1.10166,4.42,1.12
2016.07.22 13:32:48.394,1.10165,1.10167,3.97,2.44
2016.07.22 13:32:48.446,1.10166,1.10168,8.17,2.44
2016.07.22 13:32:48.499,1.10167,1.10168,5.10,1.12
2016.07.22 13:32:48.553,1.1017,1.10172,2.10,8.25
2016.07.22 13:32:48.605,1.1017,1.10171,3.22,1.50
2016.07.22 13:32:48.657,1.10171,1.10172,2.10,2.25
2016.07.22 13:32:48.708,1.10171,1.10172,2.10,1.12
2016.07.22 13:32:48.760,1.10171,1.10172,2.10,1.00
2016.07.22 13:32:48.862,1.10173,1.10174,1.72,3.75
2016.07.22 13:32:48.985,1.10175,1.10176,1.87,6.56
2016.07.22 13:32:49.039,1.10176,1.10177,1.00,1.25
2016.07.22 13:32:49.142,1.10176,1.10178,1.10,1.29
2016.07.22 13:32:49.193,1.10176,1.10178,1.42,1.29
2016.07.22 13:32:49.244,1.10175,1.10178,6.22,1.29
2016.07.22 13:32:49.296,1.10175,1.10179,5.85,2.89
2016.07.22 13:32:49.347,1.10175,1.10178,6.60,1.10
2016.07.22 13:32:49.398,1.10175,1.10178,5.10,1.76
2016.07.22 13:32:49.449,1.10175,1.10178,4.35,1.29
2016.07.22 13:32:49.500,1.10175,1.10178,3.22,1.39
2016.07.22 13:32:49.551,1.10175,1.10178,2.85,1.76
2016.07.22 13:32:49.633,1.10175,1.10178,2.47,1.76
2016.07.22 13:32:49.685,1.10175,1.10178,2.47,2.51
2016.07.22 13:32:49.736,1.10175,1.10178,1.72,1.76
2016.07.22 13:32:49.838,1.10175,1.10178,2.47,2.51
2016.07.22 13:32:50.041,1.10175,1.10178,2.85,2.51
2016.07.22 13:32:50.143,1.10175,1.10178,2.10,1.76
2016.07.22 13:32:50.245,1.10175,1.10178,2.85,2.51
2016.07.22 13:32:50.398,1.10175,1.10178,2.10,2.51
2016.07.22 13:32:50.450,1.10175,1.10178,1.27,1.69
2016.07.22 13:32:50.531,1.10175,1.10178,1.27,2.06
2016.07.22 13:32:50.582,1.10175,1.10178,1.12,3.19
2016.07.22 13:32:50.634,1.10175,1.10177,1.12,1.31
2016.07.22 13:32:50.685,1.10175,1.10177,1.12,2.81
2016.07.22 13:32:50.737,1.10174,1.10177,1.50,4.31
2016.07.22 13:32:50.789,1.10173,1.10177,4.88,5.06
2016.07.22 13:32:50.840,1.10174,1.10176,1.00,1.31
2016.07.22 13:32:50.943,1.10173,1.10176,2.62,1.31
2016.07.22 13:32:51.045,1.10173,1.10177,1.87,5.06
2016.07.22 13:32:51.147,1.10173,1.10177,3.22,6.00
2016.07.22 13:32:51.198,1.10173,1.10177,2.85,6.00
2016.07.22 13:32:51.249,1.10173,1.10177,5.10,5.89
2016.07.22 13:32:51.372,1.10173,1.10177,5.10,5.89
2016.07.22 13:32:51.423,1.10173,1.10177,5.10,5.14
2016.07.22 13:32:51.525,1.10173,1.10177,5.10,5.89
2016.07.22 13:32:51.576,1.10173,1.10177,4.72,5.51
2016.07.22 13:32:51.628,1.10173,1.10177,4.72,6.26
2016.07.22 13:32:51.679,1.10173,1.10177,5.10,6.64
2016.07.22 13:32:51.781,1.10173,1.10177,4.72,6.64
2016.07.22 13:32:51.884,1.10173,1.10177,5.10,6.64
2016.07.22 13:32:51.986,1.10173,1.10177,5.85,5.89
2016.07.22 13:32:52.755,1.10173,1.10177,5.85,5.51
2016.07.22 13:32:52.857,1.10173,1.10177,5.85,5.89
2016.07.22 13:32:52.959,1.10173,1.10177,5.47,5.51
2016.07.22 13:32:53.061,1.10173,1.10177,5.85,5.89
2016.07.22 13:32:53.233,1.10173,1.10177,3.75,5.06
2016.07.22 13:32:53.284,1.10173,1.10177,3.37,5.06
2016.07.22 13:32:53.335,1.10173,1.10177,2.62,8.33
2016.07.22 13:32:53.549,1.10173,1.10176,2.62,1.25
2016.07.22 13:32:53.600,1.10172,1.10174,8.25,1.00
2016.07.22 13:32:53.652,1.10171,1.10173,7.87,3.37
2016.07.22 13:32:53.703,1.10171,1.10173,5.25,4.31
2016.07.22 13:32:53.754,1.10171,1.10172,1.00,1.12
2016.07.22 13:32:53.805,1.10171,1.10172,1.00,1.50
2016.07.22 13:32:53.856,1.1017,1.10171,1.12,1.00
2016.07.22 13:32:54.016,1.1017,1.10172,1.50,1.69
2016.07.22 13:32:54.067,1.1017,1.10172,1.12,1.69
2016.07.22 13:32:54.372,1.10171,1.10172,1.30,1.69
2016.07.22 13:32:54.423,1.10172,1.10173,1.00,2.81
2016.07.22 13:32:54.474,1.10172,1.10173,1.72,1.00
2016.07.22 13:32:54.525,1.10173,1.10175,1.30,4.87
2016.07.22 13:32:54.576,1.10173,1.10175,1.35,2.81
2016.07.22 13:32:54.627,1.10173,1.10175,1.35,2.06
2016.07.22 13:32:54.678,1.10173,1.10175,1.72,2.06
2016.07.22 13:32:54.730,1.10173,1.10175,1.87,2.06
2016.07.22 13:32:55.156,1.10173,1.10176,1.87,1.39
2016.07.22 13:32:55.360,1.10173,1.10176,1.87,4.20
2016.07.22 13:32:55.411,1.10173,1.10175,1.87,1.00
2016.07.22 13:32:55.514,1.10173,1.10175,1.87,1.50
2016.07.22 13:32:55.616,1.10173,1.10176,1.87,2.14
2016.07.22 13:32:55.667,1.10173,1.10176,1.87,3.82
2016.07.22 13:32:55.769,1.10173,1.10176,2.25,3.45
2016.07.22 13:32:55.882,1.10173,1.10176,1.87,3.82
2016.07.22 13:32:56.094,1.10173,1.10176,1.12,3.45
2016.07.22 13:32:56.145,1.10173,1.10176,1.12,1.76
2016.07.22 13:32:56.247,1.10173,1.10176,1.12,3.45
2016.07.22 13:32:56.355,1.10173,1.10176,1.12,3.82
2016.07.22 13:32:56.407,1.10173,1.10176,1.87,4.20
2016.07.22 13:32:56.458,1.10173,1.10176,1.87,4.57
2016.07.22 13:32:56.510,1.10173,1.10176,1.87,5.32
2016.07.22 13:32:56.564,1.10173,1.10175,1.87,1.69
2016.07.22 13:32:56.619,1.10173,1.10175,1.12,3.37
2016.07.22 13:32:56.671,1.10173,1.10174,1.12,1.00
2016.07.22 13:32:56.797,1.10172,1.10174,1.87,1.50
2016.07.22 13:32:56.849,1.10172,1.10174,1.12,1.50
2016.07.22 13:32:56.900,1.10172,1.10174,1.12,2.06
2016.07.22 13:32:56.951,1.10171,1.10173,1.12,1.25
2016.07.22 13:32:57.002,1.1017,1.10173,4.57,1.12
2016.07.22 13:32:57.053,1.1017,1.10174,3.00,4.57
2016.07.22 13:32:57.104,1.1017,1.10173,3.00,1.31
2016.07.22 13:32:57.156,1.1017,1.10173,1.50,3.00
2016.07.22 13:32:57.207,1.1017,1.10173,2.10,3.00
2016.07.22 13:32:57.259,1.1017,1.10173,3.60,3.75
2016.07.22 13:32:57.311,1.1017,1.10173,4.35,3.75
2016.07.22 13:32:57.414,1.1017,1.10173,4.35,3.37
2016.07.22 13:32:57.497,1.1017,1.10173,4.35,3.75
2016.07.22 13:32:57.548,1.1017,1.10173,3.60,2.81
2016.07.22 13:32:57.599,1.1017,1.10173,3.60,2.44
2016.07.22 13:32:57.757,1.1017,1.10173,4.35,3.56
2016.07.22 13:32:57.808,1.1017,1.10173,3.60,3.94
2016.07.22 13:32:57.871,1.1017,1.10173,2.10,5.44
2016.07.22 13:32:57.922,1.1017,1.10173,1.00,5.44
2016.07.22 13:32:57.973,1.10169,1.10173,4.05,3.37
2016.07.22 13:32:58.025,1.10169,1.10173,2.92,4.12
2016.07.22 13:32:58.077,1.10169,1.10172,3.67,1.00
2016.07.22 13:32:58.128,1.10169,1.10172,3.07,1.00
2016.07.22 13:32:58.179,1.10169,1.10173,3.45,5.62
2016.07.22 13:32:58.231,1.10169,1.10173,4.20,4.50
2016.07.22 13:32:58.354,1.1017,1.10173,2.85,3.56
2016.07.22 13:32:58.405,1.1017,1.10173,5.47,2.25
2016.07.22 13:32:58.457,1.10171,1.10173,1.35,1.00
2016.07.22 13:32:58.508,1.10171,1.10173,1.00,1.00
2016.07.22 13:32:58.559,1.10171,1.10174,1.00,4.01
2016.07.22 13:32:58.610,1.10171,1.10174,1.00,4.76
2016.07.22 13:32:58.763,1.10171,1.10174,1.00,5.14
2016.07.22 13:32:58.815,1.10171,1.10174,1.00,5.51
2016.07.22 13:32:58.866,1.1017,1.10174,4.35,5.70
2016.07.22 13:32:58.968,1.1017,1.10174,4.35,5.51
2016.07.22 13:32:59.071,1.1017,1.10174,4.35,5.14
2016.07.22 13:32:59.173,1.1017,1.10173,2.85,1.87
2016.07.22 13:32:59.298,1.1017,1.10173,2.10,1.87
2016.07.22 13:32:59.349,1.1017,1.10173,2.47,1.31
2016.07.22 13:32:59.400,1.1017,1.10173,2.10,1.69
2016.07.22 13:32:59.451,1.10169,1.10173,7.80,2.62
2016.07.22 13:32:59.502,1.10169,1.10173,5.92,3.19
2016.07.22 13:32:59.553,1.10169,1.10173,5.17,5.44
2016.07.22 13:32:59.605,1.10169,1.10173,4.80,6.19
2016.07.22 13:32:59.656,1.10169,1.10173,4.05,4.31
2016.07.22 13:32:59.708,1.10169,1.10172,2.32,1.31
2016.07.22 13:32:59.759,1.10169,1.10172,3.07,1.31
2016.07.22 13:33:00.049,1.10169,1.10171,1.57,1.00
2016.07.22 13:33:00.154,1.10169,1.10172,1.10,1.31
2016.07.22 13:33:00.257,1.10169,1.10172,2.32,1.31
2016.07.22 13:33:00.309,1.10169,1.10173,3.45,6.37
2016.07.22 13:33:00.361,1.10169,1.10172,4.69,1.25
2016.07.22 13:33:00.465,1.10169,1.10173,4.05,3.94
2016.07.22 13:33:00.568,1.10169,1.10173,4.69,5.62
2016.07.22 13:33:00.667,1.10169,1.10173,3.97,5.62
2016.07.22 13:33:00.718,1.10169,1.10173,2.25,6.37
2016.07.22 13:33:00.769,1.10169,1.10173,3.22,6.75
2016.07.22 13:33:00.820,1.10169,1.10173,4.35,5.62
2016.07.22 13:33:00.871,1.10169,1.10173,3.97,3.94
2016.07.22 13:33:00.922,1.10169,1.10173,3.97,4.31
2016.07.22 13:33:00.973,1.10169,1.10173,4.72,5.62
2016.07.22 13:33:01.076,1.10169,1.10173,4.72,5.25
2016.07.22 13:33:01.127,1.10169,1.10173,4.72,4.87
2016.07.22 13:33:01.178,1.10169,1.10173,4.72,5.74
2016.07.22 13:33:01.279,1.10169,1.10173,4.72,5.55
2016.07.22 13:33:01.474,1.10169,1.10173,2.47,4.05
2016.07.22 13:33:01.526,1.10169,1.10173,1.87,5.17
2016.07.22 13:33:01.577,1.10169,1.10173,2.62,9.49
2016.07.22 13:33:01.781,1.10169,1.10173,2.62,8.74
2016.07.22 13:33:01.884,1.10169,1.10173,3.22,8.36
2016.07.22 13:33:01.936,1.10169,1.10173,3.60,7.61
2016.07.22 13:33:01.987,1.10169,1.10173,3.97,5.92
2016.07.22 13:33:02.039,1.10169,1.10173,5.47,5.17
2016.07.22 13:33:02.091,1.10169,1.10173,9.97,4.42
2016.07.22 13:33:02.142,1.1017,1.10173,2.47,2.55
2016.07.22 13:33:02.277,1.1017,1.10173,2.47,1.80
2016.07.22 13:33:02.329,1.1017,1.10173,1.72,4.80
2016.07.22 13:33:02.380,1.1017,1.10173,1.72,4.80
2016.07.22 13:33:02.431,1.10169,1.10172,4.42,1.62
2016.07.22 13:33:02.482,1.10169,1.10171,1.05,1.00
2016.07.22 13:33:02.533,1.10168,1.10171,3.97,1.00
2016.07.22 13:33:02.584,1.10168,1.10171,2.92,1.50
2016.07.22 13:33:02.635,1.10168,1.10171,1.80,1.87
2016.07.22 13:33:02.686,1.10168,1.10171,1.80,2.06
2016.07.22 13:33:02.738,1.10168,1.10171,1.80,1.69
2016.07.22 13:33:02.789,1.10168,1.10171,1.80,2.44
2016.07.22 13:33:02.840,1.10168,1.10171,1.80,2.81
2016.07.22 13:33:02.891,1.10168,1.1017,1.72,1.00
2016.07.22 13:33:03.154,1.10168,1.10171,1.72,4.39
2016.07.22 13:33:03.362,1.10168,1.10171,1.30,3.64
2016.07.22 13:33:03.413,1.10167,1.10171,8.47,3.64
2016.07.22 13:33:03.464,1.10167,1.10171,9.22,4.39
2016.07.22 13:33:03.566,1.10167,1.10171,7.72,4.50
2016.07.22 13:33:03.669,1.10168,1.10171,1.30,4.50
2016.07.22 13:33:03.720,1.10169,1.10171,2.47,2.62
2016.07.22 13:33:03.771,1.10171,1.10173,2.10,5.62
2016.07.22 13:33:03.823,1.10171,1.10173,2.47,3.94
2016.07.22 13:33:03.874,1.10171,1.10173,2.10,3.00
2016.07.22 13:33:03.966,1.10171,1.10173,2.10,2.25
2016.07.22 13:33:04.018,1.10171,1.10173,1.72,2.25
2016.07.22 13:33:04.070,1.10171,1.10173,3.22,1.50
2016.07.22 13:33:04.122,1.10173,1.10174,1.12,3.75
2016.07.22 13:33:04.174,1.10173,1.10175,4.72,5.51
2016.07.22 13:33:04.225,1.10174,1.10175,1.30,4.50
2016.07.22 13:33:04.277,1.10174,1.10177,3.97,3.19
2016.07.22 13:33:04.328,1.10174,1.10177,4.05,3.19
2016.07.22 13:33:04.379,1.10175,1.10177,1.50,2.44
2016.07.22 13:33:04.430,1.10175,1.10177,1.57,2.44
2016.07.22 13:33:04.481,1.10175,1.10177,2.57,2.44
2016.07.22 13:33:04.532,1.10176,1.10177,1.00,2.44
2016.07.22 13:33:04.667,1.10175,1.10177,3.45,2.44
2016.07.22 13:33:04.718,1.10175,1.10177,3.45,1.69
2016.07.22 13:33:04.769,1.10175,1.10177,2.70,1.69
2016.07.22 13:33:04.822,1.10175,1.10177,2.32,1.69
2016.07.22 13:33:05.078,1.10176,1.10177,1.00,1.69
2016.07.22 13:33:05.634,1.10176,1.10177,1.12,1.69
2016.07.22 13:33:05.685,1.10176,1.10179,1.87,3.37
2016.07.22 13:33:05.736,1.10177,1.10178,1.35,1.00
2016.07.22 13:33:05.788,1.10178,1.10179,1.00,1.00
2016.07.22 13:33:05.890,1.10177,1.10179,4.42,1.00
2016.07.22 13:33:05.941,1.10179,1.1018,2.10,1.31
2016.07.22 13:33:05.992,1.10179,1.1018,3.67,1.00
2016.07.22 13:33:06.043,1.10179,1.10181,6.67,1.87
2016.07.22 13:33:06.161,1.10181,1.10183,1.00,1.69
2016.07.22 13:33:06.213,1.10181,1.10182,1.00,1.25
2016.07.22 13:33:06.264,1.1018,1.10182,1.10,1.69
2016.07.22 13:33:06.315,1.1018,1.10182,1.00,2.44
2016.07.22 13:33:06.366,1.10179,1.10182,2.47,5.25
2016.07.22 13:33:06.418,1.10179,1.10181,2.10,1.25
2016.07.22 13:33:06.469,1.10179,1.10181,2.10,1.00
2016.07.22 13:33:06.571,1.10179,1.10181,2.10,1.25
2016.07.22 13:33:06.622,1.10179,1.10181,1.50,1.25
2016.07.22 13:33:06.878,1.10179,1.10182,4.35,3.00
2016.07.22 13:33:06.929,1.10179,1.10182,5.29,1.87
2016.07.22 13:33:06.980,1.1018,1.10182,1.35,1.25
2016.07.22 13:33:07.201,1.10179,1.10183,6.22,3.56
2016.07.22 13:33:07.303,1.1018,1.10183,1.35,5.25
2016.07.22 13:33:07.354,1.1018,1.10183,1.35,6.00
2016.07.22 13:33:07.405,1.1018,1.10183,1.35,4.50
2016.07.22 13:33:07.456,1.1018,1.10183,1.35,4.12
2016.07.22 13:33:07.508,1.1018,1.10183,1.42,3.37
2016.07.22 13:33:07.560,1.1018,1.10183,4.80,2.62
2016.07.22 13:33:07.663,1.1018,1.10183,5.55,2.62
2016.07.22 13:33:07.766,1.1018,1.10183,5.55,2.06
2016.07.22 13:33:07.817,1.1018,1.10183,4.95,2.06
2016.07.22 13:33:07.868,1.10179,1.10182,5.25,1.31
2016.07.22 13:33:07.919,1.10179,1.10182,3.75,1.31
2016.07.22 13:33:08.055,1.10179,1.10182,2.25,2.62
2016.07.22 13:33:08.107,1.10179,1.10182,1.50,2.62
2016.07.22 13:33:08.159,1.10179,1.10182,2.10,2.62
2016.07.22 13:33:08.261,1.1018,1.10182,1.10,2.06
2016.07.22 13:33:08.464,1.1018,1.10182,1.10,1.31
2016.07.22 13:33:09.035,1.1018,1.10183,1.10,6.75
2016.07.22 13:33:09.167,1.1018,1.10183,1.10,5.62
2016.07.22 13:33:09.643,1.1018,1.10183,1.42,4.87
2016.07.22 13:33:09.694,1.1018,1.10183,1.42,4.12
2016.07.22 13:33:09.745,1.1018,1.10183,2.17,4.12
2016.07.22 13:33:09.797,1.1018,1.10183,3.30,3.56
2016.07.22 13:33:09.848,1.1018,1.10183,2.70,3.56
2016.07.22 13:33:09.899,1.1018,1.10183,3.82,3.19
2016.07.22 13:33:09.951,1.1018,1.10183,7.43,3.19
2016.07.22 13:33:10.002,1.1018,1.10183,9.30,3.19
2016.07.22 13:33:10.053,1.1018,1.10183,8.55,3.19
2016.07.22 13:33:10.162,1.1018,1.10183,6.68,3.19
2016.07.22 13:33:10.222,1.1018,1.10182,6.68,1.31
2016.07.22 13:33:10.274,1.10179,1.10181,12.37,1.31
2016.07.22 13:33:10.325,1.10179,1.10181,9.37,2.44
2016.07.22 13:33:10.376,1.10179,1.10181,1.87,2.44
2016.07.22 13:33:10.427,1.10178,1.10181,4.42,1.69
2016.07.22 13:33:10.478,1.10178,1.10181,3.22,1.12
2016.07.22 13:33:10.529,1.10179,1.10181,1.57,1.12
2016.07.22 13:33:10.581,1.1018,1.10181,1.50,1.25
2016.07.22 13:33:10.684,1.10178,1.10181,1.50,1.31
2016.07.22 13:33:10.735,1.10178,1.10181,2.47,1.12
2016.07.22 13:33:10.787,1.10178,1.10181,4.35,1.50
2016.07.22 13:33:10.896,1.10178,1.10181,4.35,1.00
2016.07.22 13:33:10.948,1.10179,1.10181,1.10,1.00
2016.07.22 13:33:12.057,1.10179,1.10182,1.10,3.56
2016.07.22 13:33:12.108,1.10179,1.10182,1.57,2.81
2016.07.22 13:33:12.159,1.1018,1.10182,1.50,2.06
2016.07.22 13:33:12.210,1.1018,1.10182,2.38,1.00
2016.07.22 13:33:12.261,1.1018,1.10182,3.13,1.00
2016.07.22 13:33:12.363,1.1018,1.10182,1.18,1.50
2016.07.22 13:33:12.415,1.1018,1.10182,1.18,3.19
2016.07.22 13:33:12.467,1.10179,1.1018,2.46,2.25
2016.07.22 13:33:12.518,1.10179,1.1018,1.10,4.12
2016.07.22 13:33:12.570,1.10178,1.1018,4.00,4.50
2016.07.22 13:33:12.684,1.10176,1.1018,4.12,8.06
2016.07.22 13:33:12.736,1.10176,1.10179,3.97,1.00
2016.07.22 13:33:12.787,1.10176,1.10179,3.97,1.25
2016.07.22 13:33:12.993,1.10176,1.10179,3.97,1.00
2016.07.22 13:33:13.045,1.10176,1.10179,3.22,1.00
2016.07.22 13:33:13.096,1.10176,1.10179,2.47,1.00
2016.07.22 13:33:13.403,1.10176,1.10179,2.85,1.00
2016.07.22 13:33:13.506,1.10176,1.10179,3.04,1.00
2016.07.22 13:33:13.743,1.10176,1.10179,4.54,1.00
2016.07.22 13:33:13.795,1.10177,1.1018,3.67,1.62
2016.07.22 13:33:13.848,1.10177,1.10181,4.05,1.69
2016.07.22 13:33:13.900,1.10177,1.10181,4.42,2.06
2016.07.22 13:33:13.951,1.10177,1.10181,4.42,1.87
2016.07.22 13:33:14.002,1.10178,1.10181,1.35,3.56
2016.07.22 13:33:14.105,1.10178,1.10181,1.35,1.69
2016.07.22 13:33:14.157,1.10178,1.10182,3.97,6.19
2016.07.22 13:33:14.209,1.10178,1.10182,5.10,5.44
2016.07.22 13:33:14.260,1.10179,1.10182,1.20,5.06
2016.07.22 13:33:14.311,1.10179,1.10182,2.32,1.00
2016.07.22 13:33:14.362,1.10179,1.10183,2.32,5.62
2016.07.22 13:33:14.698,1.10179,1.10183,1.57,4.69
2016.07.22 13:33:14.807,1.10179,1.10183,2.32,4.12
2016.07.22 13:33:14.908,1.10179,1.10183,1.57,3.19
2016.07.22 13:33:15.010,1.10179,1.10183,2.32,4.12
2016.07.22 13:33:15.062,1.1018,1.10183,2.10,2.62
2016.07.22 13:33:15.113,1.1018,1.10183,3.30,1.12
2016.07.22 13:33:15.165,1.1018,1.10183,4.80,1.12
2016.07.22 13:33:15.217,1.10181,1.10184,1.72,3.94
2016.07.22 13:33:15.268,1.10181,1.10184,1.72,2.44
2016.07.22 13:33:15.412,1.10183,1.10185,1.00,3.26
2016.07.22 13:33:15.464,1.10183,1.10185,2.47,1.12
2016.07.22 13:33:15.515,1.10183,1.10186,3.22,1.10
2016.07.22 13:33:15.566,1.10185,1.10187,1.00,2.44
2016.07.22 13:33:15.617,1.10185,1.10187,1.50,1.00
2016.07.22 13:33:15.668,1.10185,1.10188,1.50,3.19
2016.07.22 13:33:15.720,1.10185,1.10188,1.50,1.50
2016.07.22 13:33:15.772,1.10185,1.10188,1.00,1.50
2016.07.22 13:33:15.823,1.10184,1.10187,5.10,1.00
2016.07.22 13:33:15.874,1.10185,1.10187,1.00,1.00
2016.07.22 13:33:16.009,1.10185,1.10187,1.12,1.00
2016.07.22 13:33:16.060,1.10184,1.10187,5.10,1.00
2016.07.22 13:33:16.112,1.10184,1.10188,5.85,3.00
2016.07.22 13:33:16.214,1.10184,1.10188,5.10,2.25
2016.07.22 13:33:16.265,1.10184,1.10188,4.72,2.25
2016.07.22 13:33:16.317,1.10184,1.10188,5.47,3.00
2016.07.22 13:33:16.625,1.10184,1.10188,4.87,3.00
2016.07.22 13:33:16.815,1.10184,1.10187,3.37,1.00
2016.07.22 13:33:16.867,1.10184,1.10187,3.37,1.50
2016.07.22 13:33:16.918,1.10184,1.10186,1.00,1.00
2016.07.22 13:33:16.970,1.10183,1.10186,2.70,1.12
2016.07.22 13:33:17.021,1.10183,1.10186,1.10,1.50
2016.07.22 13:33:17.123,1.10183,1.10186,1.10,1.69
2016.07.22 13:33:17.226,1.10183,1.10186,1.10,1.69
2016.07.22 13:33:17.278,1.10183,1.10186,2.17,1.69
2016.07.22 13:33:17.330,1.10183,1.10186,3.67,1.00
2016.07.22 13:33:17.383,1.10183,1.10186,5.17,1.00
2016.07.22 13:33:17.435,1.10183,1.10186,3.67,1.00
2016.07.22 13:33:17.571,1.10183,1.10185,1.10,1.12
2016.07.22 13:33:17.622,1.10182,1.10185,3.60,2.25
2016.07.22 13:33:17.673,1.10182,1.10184,1.50,1.00
2016.07.22 13:33:17.724,1.10181,1.10184,4.50,1.00
2016.07.22 13:33:17.775,1.10181,1.10184,3.00,1.50
2016.07.22 13:33:17.826,1.10181,1.10183,1.00,1.00
2016.07.22 13:33:17.878,1.1018,1.10183,3.97,2.06
2016.07.22 13:33:17.929,1.1018,1.10183,3.60,1.69
2016.07.22 13:33:17.980,1.1018,1.10183,2.85,1.69
2016.07.22 13:33:18.031,1.1018,1.10182,1.00,1.12
2016.07.22 13:33:18.265,1.1018,1.10182,1.35,1.12
2016.07.22 13:33:18.316,1.1018,1.10183,1.35,3.37
2016.07.22 13:33:18.418,1.1018,1.10183,1.35,3.19
2016.07.22 13:33:19.269,1.1018,1.10183,1.00,3.19
2016.07.22 13:33:19.320,1.1018,1.10183,1.00,4.31
2016.07.22 13:33:19.371,1.10179,1.10182,1.50,2.81
2016.07.22 13:33:19.423,1.10178,1.10181,3.75,1.00
2016.07.22 13:33:19.474,1.10178,1.10181,2.25,1.00
2016.07.22 13:33:19.525,1.10177,1.1018,7.72,1.31
2016.07.22 13:33:19.577,1.10177,1.1018,7.35,1.31
2016.07.22 13:33:19.628,1.10177,1.1018,3.75,1.69
2016.07.22 13:33:19.679,1.10177,1.1018,3.00,2.06
2016.07.22 13:33:19.731,1.10177,1.1018,3.37,2.25
2016.07.22 13:33:19.784,1.10177,1.1018,1.87,2.25
2016.07.22 13:33:19.835,1.10177,1.1018,1.87,1.50
2016.07.22 13:33:19.887,1.10177,1.1018,1.87,1.00
2016.07.22 13:33:19.938,1.10177,1.10181,1.87,6.37
2016.07.22 13:33:20.029,1.10177,1.10181,1.87,4.87
2016.07.22 13:33:20.085,1.10177,1.1018,1.87,1.25
2016.07.22 13:33:20.136,1.10177,1.1018,2.85,1.25
2016.07.22 13:33:20.187,1.10177,1.1018,2.85,1.00
2016.07.22 13:33:20.291,1.10177,1.1018,4.35,1.00
2016.07.22 13:33:20.342,1.10177,1.1018,5.10,1.00
2016.07.22 13:33:21.341,1.10177,1.1018,4.50,1.00
2016.07.22 13:33:21.392,1.10177,1.1018,5.25,1.00
2016.07.22 13:33:21.443,1.10177,1.1018,6.00,1.00
2016.07.22 13:33:21.597,1.10177,1.10181,6.00,4.12
2016.07.22 13:33:22.157,1.10177,1.10181,7.12,3.37
2016.07.22 13:33:22.272,1.10178,1.10181,3.22,2.44
2016.07.22 13:33:22.323,1.10179,1.10181,8.17,1.00
2016.07.22 13:33:22.374,1.1018,1.10183,1.10,1.00
2016.07.22 13:33:22.425,1.1018,1.10183,3.07,1.00
2016.07.22 13:33:22.527,1.1018,1.10183,1.57,1.00
2016.07.22 13:33:22.578,1.1018,1.10183,1.10,1.00
2016.07.22 13:33:22.680,1.1018,1.10183,1.57,1.00
2016.07.22 13:33:22.732,1.10181,1.10183,1.00,1.00
2016.07.22 13:33:23.152,1.10181,1.10184,2.10,5.06
2016.07.22 13:33:23.203,1.10181,1.10183,2.47,1.00
2016.07.22 13:33:23.407,1.10181,1.10184,2.47,1.69
2016.07.22 13:33:23.610,1.10181,1.10184,1.80,1.25
2016.07.22 13:33:23.712,1.10181,1.10184,2.55,1.69
2016.07.22 13:33:24.523,1.10181,1.10184,2.55,1.25
2016.07.22 13:33:24.828,1.10181,1.10183,2.55,1.50
2016.07.22 13:33:24.879,1.10181,1.10183,1.10,4.12
2016.07.22 13:33:24.930,1.1018,1.10181,1.10,1.25
2016.07.22 13:33:24.982,1.10179,1.10181,2.62,1.69
2016.07.22 13:33:25.096,1.10179,1.10181,1.50,6.75
2016.07.22 13:33:25.150,1.10177,1.1018,2.62,1.69
2016.07.22 13:33:25.202,1.10177,1.1018,2.62,1.87
2016.07.22 13:33:25.253,1.10177,1.1018,3.37,1.87
2016.07.22 13:33:25.305,1.10177,1.1018,3.37,2.62
2016.07.22 13:33:25.356,1.10177,1.1018,2.62,2.62
2016.07.22 13:33:25.584,1.10177,1.1018,1.87,3.19
2016.07.22 13:33:25.636,1.10177,1.10178,1.12,1.00
2016.07.22 13:33:25.687,1.10176,1.10178,1.12,1.69
2016.07.22 13:33:25.738,1.10175,1.10178,3.00,4.31
2016.07.22 13:33:25.847,1.10175,1.10178,1.12,5.62
2016.07.22 13:33:25.900,1.10174,1.10177,1.50,1.00
2016.07.22 13:33:25.951,1.10174,1.10177,2.47,1.00
2016.07.22 13:33:26.002,1.10174,1.10177,2.85,1.00
2016.07.22 13:33:26.106,1.10174,1.10177,4.35,1.00
2016.07.22 13:33:26.158,1.10174,1.10177,5.85,1.00
2016.07.22 13:33:26.210,1.10174,1.10178,5.85,2.44
2016.07.22 13:33:26.312,1.10174,1.10178,6.60,2.44
2016.07.22 13:33:26.363,1.10174,1.10178,6.79,2.44
2016.07.22 13:33:26.414,1.10174,1.10178,4.91,2.44
2016.07.22 13:33:26.516,1.10174,1.10178,6.41,2.44
2016.07.22 13:33:26.567,1.10174,1.10178,6.41,2.25
2016.07.22 13:33:26.620,1.10174,1.10178,7.91,2.25
2016.07.22 13:33:26.754,1.10174,1.10178,5.85,2.25
2016.07.22 13:33:26.805,1.10174,1.10178,7.35,2.25
2016.07.22 13:33:26.856,1.10174,1.10178,9.60,2.25
2016.07.22 13:33:26.907,1.10174,1.10178,10.35,1.50
2016.07.22 13:33:27.009,1.10174,1.10178,8.47,1.50
2016.07.22 13:33:27.111,1.10174,1.10178,8.10,1.50
2016.07.22 13:33:27.213,1.10174,1.10178,7.35,2.25
2016.07.22 13:33:27.589,1.10174,1.10178,6.37,2.25
2016.07.22 13:33:27.745,1.10174,1.10177,6.37,1.00
2016.07.22 13:33:27.850,1.10174,1.10178,5.62,3.00
2016.07.22 13:33:27.952,1.10174,1.10178,6.37,2.44
2016.07.22 13:33:28.003,1.10174,1.10178,6.75,2.44
2016.07.22 13:33:28.055,1.10174,1.10178,5.62,2.44
2016.07.22 13:33:28.207,1.10174,1.10178,5.25,2.44
2016.07.22 13:33:28.258,1.10174,1.10178,6.37,2.44
2016.07.22 13:33:28.309,1.10174,1.10178,8.10,1.69
2016.07.22 13:33:28.361,1.10176,1.10178,1.72,1.50
2016.07.22 13:33:28.412,1.10176,1.10178,1.72,1.00
2016.07.22 13:33:28.463,1.10176,1.10179,1.12,2.62
2016.07.22 13:33:28.592,1.10176,1.10179,1.00,1.69
2016.07.22 13:33:28.643,1.10175,1.10178,3.97,1.00
2016.07.22 13:33:28.846,1.10175,1.10178,3.22,1.00
2016.07.22 13:33:28.897,1.10175,1.10178,4.35,1.00
2016.07.22 13:33:28.948,1.10176,1.10179,1.50,1.69
2016.07.22 13:33:28.999,1.10176,1.10179,1.50,2.44
2016.07.22 13:33:29.050,1.10176,1.10179,1.00,2.44
2016.07.22 13:33:29.152,1.10176,1.10179,1.00,2.81
2016.07.22 13:33:29.256,1.10175,1.10179,7.87,2.06
2016.07.22 13:33:29.307,1.10175,1.10179,5.62,2.06
2016.07.22 13:33:29.358,1.10176,1.10179,1.00,2.25
2016.07.22 13:33:29.851,1.10175,1.10179,7.87,1.69
2016.07.22 13:33:29.953,1.10176,1.10179,1.50,1.87
2016.07.22 13:33:30.057,1.10176,1.10179,4.72,1.25
2016.07.22 13:33:30.109,1.10177,1.10179,1.87,1.00
2016.07.22 13:33:30.163,1.10177,1.1018,1.87,3.07
2016.07.22 13:33:30.215,1.10177,1.1018,2.25,3.07
2016.07.22 13:33:30.360,1.10177,1.1018,2.62,1.87
2016.07.22 13:33:30.412,1.10177,1.1018,2.62,1.50
2016.07.22 13:33:30.463,1.10177,1.1018,2.25,3.00
2016.07.22 13:33:30.921,1.10177,1.1018,2.25,2.25
2016.07.22 13:33:31.050,1.10177,1.1018,2.25,3.00
2016.07.22 13:33:31.101,1.10177,1.1018,2.25,4.12
2016.07.22 13:33:31.152,1.10177,1.10179,1.00,1.00
2016.07.22 13:33:31.252,1.10176,1.10179,1.80,1.12
2016.07.22 13:33:31.304,1.10176,1.10179,1.42,1.50
2016.07.22 13:33:31.457,1.10175,1.10179,10.35,1.50
2016.07.22 13:33:31.508,1.10175,1.10179,11.85,1.50
2016.07.22 13:33:31.562,1.10176,1.10179,2.17,1.50
2016.07.22 13:33:31.619,1.10176,1.10179,1.80,1.50
2016.07.22 13:33:32.016,1.10177,1.10179,1.50,1.00
2016.07.22 13:33:32.068,1.10178,1.1018,1.72,8.06
2016.07.22 13:33:32.120,1.10178,1.1018,1.50,3.19
2016.07.22 13:33:32.172,1.10178,1.10181,3.22,1.87
2016.07.22 13:33:32.223,1.10178,1.10181,3.60,1.00
2016.07.22 13:33:32.274,1.10178,1.10181,3.60,1.00
2016.07.22 13:33:32.325,1.10178,1.10181,3.00,1.87
2016.07.22 13:33:32.376,1.10178,1.10181,2.47,1.87
2016.07.22 13:33:32.427,1.10178,1.10181,3.22,2.44
2016.07.22 13:33:32.478,1.10178,1.10181,2.25,2.81
2016.07.22 13:33:32.529,1.10178,1.1018,1.12,1.00
2016.07.22 13:33:32.580,1.10178,1.1018,1.72,1.00
2016.07.22 13:33:32.631,1.10178,1.1018,1.30,1.00
2016.07.22 13:33:32.817,1.10178,1.1018,1.30,2.25
2016.07.22 13:33:32.969,1.10177,1.1018,4.87,3.00
2016.07.22 13:33:33.020,1.10177,1.10179,1.50,1.12
2016.07.22 13:33:33.071,1.10175,1.10179,9.00,2.62
2016.07.22 13:33:33.123,1.10175,1.10179,2.62,4.12
2016.07.22 13:33:33.174,1.10175,1.10177,1.00,1.00
2016.07.22 13:33:33.327,1.10175,1.10178,4.72,1.57
2016.07.22 13:33:33.378,1.10176,1.10178,2.10,1.57
2016.07.22 13:33:33.557,1.10176,1.10178,2.10,1.10
2016.07.22 13:33:33.861,1.10175,1.10178,5.47,1.10
2016.07.22 13:33:33.964,1.10175,1.10178,6.22,1.10
2016.07.22 13:33:34.015,1.10175,1.10178,4.72,1.10
2016.07.22 13:33:34.066,1.10175,1.10178,3.97,1.10
2016.07.22 13:33:34.117,1.10175,1.10178,4.72,1.10
2016.07.22 13:33:34.168,1.10176,1.10178,1.00,1.10
2016.07.22 13:33:34.322,1.10176,1.10179,1.00,4.31
2016.07.22 13:33:34.559,1.10175,1.10179,2.85,2.62
2016.07.22 13:33:34.661,1.10176,1.10179,1.00,4.31
2016.07.22 13:33:34.875,1.10175,1.10179,2.85,2.62
2016.07.22 13:33:34.977,1.10176,1.10179,1.00,4.31
2016.07.22 13:33:35.130,1.10176,1.10179,5.10,2.81
2016.07.22 13:33:35.181,1.10176,1.10179,6.86,2.44
2016.07.22 13:33:35.232,1.10177,1.1018,2.25,1.76
2016.07.22 13:33:35.283,1.10177,1.1018,5.10,2.14
2016.07.22 13:33:35.375,1.10178,1.1018,1.35,1.20
2016.07.22 13:33:35.426,1.10178,1.1018,2.85,1.10
2016.07.22 13:33:35.478,1.10178,1.1018,1.35,1.00
2016.07.22 13:33:35.581,1.10178,1.1018,1.00,1.00
2016.07.22 13:33:35.632,1.10178,1.1018,1.00,3.37
2016.07.22 13:33:35.685,1.10176,1.1018,4.42,4.12
2016.07.22 13:33:35.736,1.10176,1.10179,2.92,2.81
2016.07.22 13:33:35.838,1.10175,1.10178,6.22,1.00
2016.07.22 13:33:35.889,1.10175,1.10178,5.85,1.00
2016.07.22 13:33:35.941,1.10175,1.10178,4.35,1.31
2016.07.22 13:33:35.992,1.10175,1.10179,5.10,3.64
2016.07.22 13:33:36.043,1.10176,1.10179,2.47,2.32
2016.07.22 13:33:36.126,1.10176,1.10179,2.47,1.95
2016.07.22 13:33:36.178,1.10176,1.10179,4.35,2.32
2016.07.22 13:33:36.229,1.10176,1.10179,3.97,2.32
2016.07.22 13:33:36.381,1.10176,1.10179,4.72,2.32
2016.07.22 13:33:36.432,1.10176,1.10179,5.85,2.32
2016.07.22 13:33:36.484,1.10176,1.10179,5.85,1.57
2016.07.22 13:33:36.586,1.10176,1.10179,5.85,2.32
2016.07.22 13:33:37.232,1.10176,1.10179,4.35,2.32
2016.07.22 13:33:37.283,1.10176,1.10179,2.10,2.32
2016.07.22 13:33:37.334,1.10176,1.10179,1.72,2.70
2016.07.22 13:33:37.385,1.10176,1.10179,1.12,2.79
2016.07.22 13:33:37.589,1.10176,1.10179,1.12,2.04
2016.07.22 13:33:37.640,1.10176,1.10179,1.12,2.42
2016.07.22 13:33:37.945,1.10176,1.10179,1.12,1.67
2016.07.22 13:33:37.996,1.10176,1.10178,1.12,1.00
2016.07.22 13:33:38.086,1.10175,1.10178,4.12,1.12
2016.07.22 13:33:38.137,1.10175,1.10178,2.10,1.50
2016.07.22 13:33:38.242,1.10175,1.10178,3.60,1.87
2016.07.22 13:33:38.294,1.10175,1.10178,5.10,1.87
2016.07.22 13:33:38.346,1.10175,1.10178,5.47,1.50
2016.07.22 13:33:38.397,1.10175,1.10178,4.35,1.12
2016.07.22 13:33:38.448,1.10176,1.10179,2.10,2.79
2016.07.22 13:33:38.499,1.10176,1.10179,1.35,2.79
2016.07.22 13:33:38.551,1.10176,1.10179,2.77,1.67
2016.07.22 13:33:38.602,1.10176,1.10179,3.97,1.67
2016.07.22 13:33:38.653,1.10176,1.10179,2.47,1.59
2016.07.22 13:33:38.704,1.10176,1.10179,4.57,1.59
2016.07.22 13:33:38.755,1.10176,1.10179,6.07,1.09
2016.07.22 13:33:38.807,1.10176,1.10179,5.70,1.09
2016.07.22 13:33:38.939,1.10176,1.10179,4.20,1.09
2016.07.22 13:33:38.990,1.10176,1.10179,4.80,2.34
2016.07.22 13:33:39.094,1.10176,1.10178,2.10,1.12
2016.07.22 13:33:39.146,1.10176,1.10179,2.62,2.34
2016.07.22 13:33:39.249,1.10176,1.10179,2.25,1.59
2016.07.22 13:33:39.300,1.10176,1.10179,2.70,1.59
2016.07.22 13:33:39.351,1.10176,1.10179,2.70,1.09
2016.07.22 13:33:39.556,1.10176,1.10179,2.70,1.59
2016.07.22 13:33:40.204,1.10176,1.10179,2.70,1.09
2016.07.22 13:33:40.306,1.10176,1.10179,2.70,1.59
2016.07.22 13:33:40.422,1.10176,1.10179,1.95,1.59
2016.07.22 13:33:40.728,1.10176,1.10179,1.95,2.34
2016.07.22 13:33:41.092,1.10176,1.10179,3.07,1.97
2016.07.22 13:33:41.143,1.10177,1.10179,1.00,1.09
2016.07.22 13:33:41.194,1.10177,1.10179,1.00,1.00
2016.07.22 13:33:41.296,1.10177,1.1018,1.50,4.01
2016.07.22 13:33:41.347,1.10177,1.1018,1.50,5.14
2016.07.22 13:33:41.398,1.10177,1.1018,1.00,4.39
2016.07.22 13:33:41.500,1.10177,1.1018,1.00,5.14
2016.07.22 13:33:41.741,1.10177,1.1018,1.00,5.89
2016.07.22 13:33:41.944,1.10177,1.1018,1.00,5.14
2016.07.22 13:33:42.046,1.10177,1.1018,1.00,5.89
2016.07.22 13:33:42.097,1.10177,1.1018,1.00,5.14
2016.07.22 13:33:42.148,1.10177,1.1018,1.00,4.39
2016.07.22 13:33:42.199,1.10177,1.1018,1.00,5.51
2016.07.22 13:33:42.251,1.10177,1.1018,1.00,6.26
2016.07.22 13:33:42.302,1.10177,1.1018,1.00,5.89
2016.07.22 13:33:42.962,1.10177,1.1018,1.00,5.14
2016.07.22 13:33:43.078,1.10177,1.1018,1.00,4.39
2016.07.22 13:33:43.129,1.10177,1.10179,1.00,1.00
2016.07.22 13:33:43.988,1.10177,1.10179,1.00,1.50
2016.07.22 13:33:44.140,1.10177,1.10179,1.00,1.00
2016.07.22 13:33:44.242,1.10177,1.10179,1.00,1.12
2016.07.22 13:33:46.244,1.10177,1.10179,1.00,1.00
2016.07.22 13:33:46.295,1.10177,1.10179,1.50,1.00
2016.07.22 13:33:46.550,1.10177,1.10179,1.50,1.00
2016.07.22 13:33:46.601,1.10177,1.10179,1.00,1.00
2016.07.22 13:33:46.721,1.10177,1.1018,4.54,1.95
2016.07.22 13:33:46.772,1.10178,1.10181,2.47,4.12
2016.07.22 13:33:46.823,1.1018,1.10181,1.00,2.32
2016.07.22 13:33:46.874,1.1018,1.10181,1.12,1.10
2016.07.22 13:33:46.926,1.1018,1.10182,1.12,2.51
2016.07.22 13:33:46.978,1.1018,1.10182,1.00,2.51
2016.07.22 13:33:47.139,1.10179,1.10182,3.79,2.51
2016.07.22 13:33:47.190,1.10179,1.10182,2.85,1.76
2016.07.22 13:33:47.293,1.10179,1.10182,3.79,2.51
2016.07.22 13:33:48.697,1.10179,1.10182,2.85,1.76
2016.07.22 13:33:48.799,1.10179,1.10182,3.79,2.51
2016.07.22 13:33:48.952,1.10179,1.10182,3.79,3.26
2016.07.22 13:33:49.003,1.10179,1.10182,3.04,3.26
2016.07.22 13:33:49.815,1.10179,1.10182,2.85,2.51
2016.07.22 13:33:49.866,1.10179,1.10182,2.85,3.26
2016.07.22 13:33:49.917,1.10179,1.10182,3.04,4.01
2016.07.22 13:33:50.019,1.10179,1.10182,3.04,3.26
2016.07.22 13:33:50.120,1.10179,1.10182,3.04,4.01
2016.07.22 13:33:50.528,1.10178,1.10182,5.66,4.76
2016.07.22 13:33:50.580,1.10178,1.10182,5.66,5.14
2016.07.22 13:33:50.631,1.10178,1.10182,3.97,3.64
2016.07.22 13:33:50.733,1.10178,1.10182,7.16,5.14
2016.07.22 13:33:51.317,1.10178,1.10182,7.16,4.39
2016.07.22 13:33:51.369,1.10178,1.10182,7.91,3.64
2016.07.22 13:33:51.719,1.10178,1.10182,4.72,2.89
2016.07.22 13:33:51.821,1.10178,1.10182,7.91,3.64
2016.07.22 13:33:51.922,1.10178,1.10182,4.72,2.89
2016.07.22 13:33:52.024,1.10178,1.10182,7.91,3.64
2016.07.22 13:33:52.305,1.10178,1.10182,4.72,2.89
2016.07.22 13:33:52.407,1.10178,1.10182,7.91,3.64
2016.07.22 13:33:52.559,1.10178,1.10182,9.04,2.89
2016.07.22 13:33:52.610,1.1018,1.10182,1.00,2.89
2016.07.22 13:33:52.975,1.1018,1.10182,1.00,2.51
2016.07.22 13:33:53.026,1.10179,1.10182,1.12,2.51
2016.07.22 13:33:53.230,1.10178,1.10182,6.07,1.76
2016.07.22 13:33:53.332,1.10179,1.10182,1.12,2.51
2016.07.22 13:33:53.827,1.10178,1.10182,6.07,1.76
2016.07.22 13:33:53.929,1.10179,1.10182,1.12,2.51
2016.07.22 13:33:54.641,1.10178,1.10182,6.26,1.76
2016.07.22 13:33:54.846,1.10178,1.10182,5.32,1.76
2016.07.22 13:33:54.938,1.10178,1.10182,5.92,1.76
2016.07.22 13:33:54.989,1.10178,1.10182,6.86,1.76
2016.07.22 13:33:55.040,1.10179,1.10182,1.20,1.76
2016.07.22 13:33:55.400,1.10179,1.10182,1.10,1.76
2016.07.22 13:33:55.502,1.10179,1.10182,1.10,2.14
2016.07.22 13:33:55.604,1.10179,1.10182,1.10,1.76
2016.07.22 13:33:56.534,1.10178,1.10182,6.07,1.76
2016.07.22 13:33:56.636,1.10179,1.10182,1.10,1.76
2016.07.22 13:33:57.139,1.10178,1.10182,5.70,1.76
2016.07.22 13:33:57.242,1.10179,1.10182,1.10,1.76
2016.07.22 13:33:57.821,1.10179,1.10182,1.01,1.76
2016.07.22 13:33:57.872,1.10179,1.10182,3.86,1.76
2016.07.22 13:33:57.924,1.10179,1.10182,4.24,1.76
2016.07.22 13:33:58.026,1.10179,1.10182,5.74,1.76
2016.07.22 13:33:58.433,1.10179,1.10182,5.36,1.76
2016.07.22 13:33:58.698,1.10179,1.10182,6.11,1.76
2016.07.22 13:33:58.901,1.10179,1.10182,6.86,1.76
2016.07.22 13:33:59.054,1.10179,1.10182,5.17,1.76
2016.07.22 13:33:59.156,1.10179,1.10182,6.86,1.76
2016.07.22 13:33:59.474,1.10179,1.10182,6.11,1.76
2016.07.22 13:33:59.627,1.10179,1.10182,6.49,1.76
2016.07.22 13:34:00.237,1.10179,1.10182,5.74,1.76
2016.07.22 13:34:00.698,1.10179,1.10182,5.36,1.76
2016.07.22 13:34:00.749,1.10179,1.10182,5.74,1.76
2016.07.22 13:34:01.109,1.10179,1.10182,3.86,2.14
2016.07.22 13:34:01.160,1.10179,1.10182,3.60,3.26
2016.07.22 13:34:01.211,1.10179,1.10182,3.00,3.64
2016.07.22 13:34:01.262,1.10179,1.10181,1.50,1.12
2016.07.22 13:34:01.394,1.10178,1.10181,6.04,1.12
2016.07.22 13:34:01.445,1.10178,1.10181,5.38,1.12
2016.07.22 13:34:01.548,1.10178,1.10182,5.38,4.01
2016.07.22 13:34:01.599,1.10178,1.10182,6.88,4.01
2016.07.22 13:34:01.650,1.10178,1.10182,7.71,2.51
2016.07.22 13:34:01.701,1.10178,1.10182,8.46,1.76
2016.07.22 13:34:01.804,1.10179,1.10182,1.14,1.76
2016.07.22 13:34:01.957,1.10181,1.10183,2.85,6.56
2016.07.22 13:34:02.009,1.10181,1.10183,2.06,2.62
2016.07.22 13:34:02.060,1.10183,1.10184,1.00,3.00
2016.07.22 13:34:02.155,1.10183,1.10184,1.95,1.87
2016.07.22 13:34:02.207,1.10184,1.10185,1.35,1.50
2016.07.22 13:34:02.258,1.10184,1.10187,1.61,3.45
2016.07.22 13:34:02.310,1.10184,1.10187,1.61,3.08
2016.07.22 13:34:02.362,1.10184,1.10186,1.54,1.00
2016.07.22 13:34:02.465,1.10184,1.10186,1.42,1.00
2016.07.22 13:34:02.567,1.10184,1.10186,1.15,1.25
2016.07.22 13:34:02.618,1.10183,1.10186,4.61,1.25
2016.07.22 13:34:02.669,1.10183,1.10187,4.42,3.64
2016.07.22 13:34:02.721,1.10183,1.10187,4.61,4.39
2016.07.22 13:34:02.772,1.10183,1.10187,3.86,5.89
2016.07.22 13:34:02.858,1.10183,1.10187,3.79,7.01
2016.07.22 13:34:02.911,1.10183,1.10187,3.19,9.26
2016.07.22 13:34:02.965,1.10183,1.10185,2.25,1.69
2016.07.22 13:34:03.018,1.10183,1.10185,2.25,2.06
2016.07.22 13:34:03.070,1.10183,1.10185,1.50,2.81
2016.07.22 13:34:03.122,1.10182,1.10185,3.19,2.81
2016.07.22 13:34:03.174,1.10182,1.10185,1.65,2.06
2016.07.22 13:34:03.226,1.10182,1.10185,1.84,2.06
2016.07.22 13:34:03.327,1.10182,1.10185,1.65,2.06
2016.07.22 13:34:03.429,1.10183,1.10185,1.00,2.06
2016.07.22 13:34:03.531,1.10182,1.10185,3.82,1.69
2016.07.22 13:34:03.581,1.10182,1.10185,3.90,1.69
2016.07.22 13:34:03.632,1.10182,1.10185,2.40,1.69
2016.07.22 13:34:03.861,1.10183,1.10185,1.00,1.69
2016.07.22 13:34:04.269,1.10183,1.10185,1.00,2.44
2016.07.22 13:34:04.371,1.10182,1.10185,1.20,3.19
2016.07.22 13:34:04.422,1.10182,1.10185,1.20,3.56
2016.07.22 13:34:04.474,1.10182,1.10185,1.10,5.06
2016.07.22 13:34:04.526,1.10182,1.10185,1.00,5.06
2016.07.22 13:34:04.577,1.10182,1.10185,1.00,4.31
2016.07.22 13:34:04.747,1.10182,1.10185,1.50,4.31
2016.07.22 13:34:04.849,1.10181,1.10182,6.66,1.12
2016.07.22 13:34:04.900,1.10178,1.1018,14.04,2.25
2016.07.22 13:34:04.952,1.10177,1.10179,12.56,3.19
2016.07.22 13:34:05.004,1.10177,1.10179,7.87,5.06
2016.07.22 13:34:05.056,1.10177,1.10178,1.10,1.25
2016.07.22 13:34:05.209,1.10177,1.10178,1.10,1.69
2016.07.22 13:34:05.261,1.10175,1.10178,3.37,3.56
2016.07.22 13:34:05.312,1.10175,1.10177,1.87,1.69
2016.07.22 13:34:05.417,1.10175,1.10177,1.00,2.44
2016.07.22 13:34:05.469,1.10174,1.10177,1.10,3.94
2016.07.22 13:34:05.572,1.10174,1.10177,1.10,4.69
2016.07.22 13:34:05.831,1.10174,1.10177,1.10,3.94
2016.07.22 13:34:05.933,1.10174,1.10177,1.00,3.94
2016.07.22 13:34:06.036,1.10174,1.10177,1.00,3.19
2016.07.22 13:34:06.138,1.10174,1.10177,1.00,3.94
2016.07.22 13:34:06.588,1.10173,1.10177,5.92,3.94
2016.07.22 13:34:06.639,1.10173,1.10176,4.57,2.06
2016.07.22 13:34:06.691,1.10173,1.10175,3.26,1.00
2016.07.22 13:34:06.742,1.10173,1.10175,1.76,1.25
2016.07.22 13:34:06.793,1.10173,1.10174,1.10,1.00
2016.07.22 13:34:06.844,1.10172,1.10174,2.14,1.37
2016.07.22 13:34:06.896,1.10171,1.10172,2.62,1.00
2016.07.22 13:34:06.947,1.1017,1.10172,2.85,5.06
2016.07.22 13:34:06.999,1.10169,1.10171,2.62,2.31
2016.07.22 13:34:07.099,1.1017,1.10171,1.20,3.56
2016.07.22 13:34:07.151,1.10168,1.1017,2.25,2.81
2016.07.22 13:34:07.202,1.10167,1.1017,2.92,3.56
2016.07.22 13:34:07.254,1.10167,1.1017,3.67,2.44
2016.07.22 13:34:07.458,1.10168,1.1017,1.00,2.44
2016.07.22 13:34:07.948,1.10168,1.1017,1.35,1.69
2016.07.22 13:34:07.999,1.10168,1.1017,2.10,1.19
2016.07.22 13:34:08.050,1.10168,1.10171,2.10,3.37
2016.07.22 13:34:08.102,1.10169,1.10172,1.00,4.76
2016.07.22 13:34:08.153,1.10169,1.10172,1.35,2.89
2016.07.22 13:34:08.205,1.10169,1.10172,2.47,2.51
2016.07.22 13:34:08.256,1.10169,1.10172,2.85,2.51
2016.07.22 13:34:08.307,1.10169,1.10172,2.47,2.51
2016.07.22 13:34:08.461,1.10169,1.10172,2.10,2.51
2016.07.22 13:34:08.595,1.10169,1.10172,3.60,2.51
2016.07.22 13:34:08.647,1.10169,1.10172,3.00,3.26
2016.07.22 13:34:08.749,1.10169,1.10172,3.00,3.64
2016.07.22 13:34:08.902,1.10169,1.10172,3.00,2.89
2016.07.22 13:34:09.004,1.10169,1.10172,3.00,3.64
2016.07.22 13:34:09.208,1.10169,1.10172,2.25,3.64
2016.07.22 13:34:09.583,1.10169,1.10172,1.00,3.64
2016.07.22 13:34:09.787,1.10169,1.10172,1.00,2.89
2016.07.22 13:34:09.890,1.10168,1.10171,3.97,1.25
2016.07.22 13:34:09.941,1.10168,1.10171,1.87,1.69
2016.07.22 13:34:09.993,1.10167,1.10169,1.10,1.00
2016.07.22 13:34:10.096,1.10166,1.10168,1.31,2.25
2016.07.22 13:34:10.148,1.10164,1.10168,8.47,3.94
2016.07.22 13:34:10.199,1.10164,1.10167,4.72,1.25
2016.07.22 13:34:10.300,1.10164,1.10167,4.42,1.25
2016.07.22 13:34:10.351,1.10164,1.10168,4.80,6.94
2016.07.22 13:34:10.402,1.10164,1.10168,6.30,5.62
2016.07.22 13:34:10.454,1.10164,1.10168,6.30,5.25
2016.07.22 13:34:10.505,1.10164,1.10168,7.05,4.50
2016.07.22 13:34:10.659,1.10164,1.10168,7.05,4.31
2016.07.22 13:34:10.761,1.10164,1.10168,7.05,3.56
2016.07.22 13:34:10.813,1.10164,1.10168,5.55,3.56
2016.07.22 13:34:10.864,1.10164,1.10168,4.42,4.31
2016.07.22 13:34:10.915,1.10164,1.10167,2.92,3.19
2016.07.22 13:34:10.967,1.10164,1.10166,2.17,1.00
2016.07.22 13:34:11.101,1.10163,1.10165,1.95,1.00
2016.07.22 13:34:11.153,1.10163,1.10165,4.05,1.00
2016.07.22 13:34:11.204,1.10164,1.10167,1.87,4.87
2016.07.22 13:34:11.256,1.10166,1.10167,1.30,1.69
2016.07.22 13:34:11.308,1.10166,1.10168,1.30,1.39
2016.07.22 13:34:11.360,1.10166,1.10168,2.47,1.31
2016.07.22 13:34:11.412,1.10166,1.10169,3.22,1.76
2016.07.22 13:34:11.463,1.10166,1.10169,2.85,1.76
2016.07.22 13:34:11.667,1.10166,1.10169,2.25,1.76
2016.07.22 13:34:11.852,1.10166,1.10169,1.50,1.76
2016.07.22 13:34:11.904,1.10166,1.10169,5.10,1.25
2016.07.22 13:34:11.956,1.10167,1.10169,1.00,1.25
2016.07.22 13:34:12.008,1.10167,1.1017,1.50,2.62
2016.07.22 13:34:12.059,1.10167,1.1017,3.75,1.69
2016.07.22 13:34:12.111,1.10167,1.1017,3.00,2.44
2016.07.22 13:34:12.162,1.10167,1.1017,2.25,5.44
2016.07.22 13:34:12.213,1.10167,1.10168,1.50,1.00
2016.07.22 13:34:12.265,1.10166,1.10168,1.10,1.12
2016.07.22 13:34:12.316,1.10165,1.10168,3.67,2.06
2016.07.22 13:34:12.367,1.10165,1.10168,1.57,1.69
2016.07.22 13:34:12.496,1.10165,1.10168,2.92,1.69
2016.07.22 13:34:12.547,1.10165,1.10168,2.25,2.06
2016.07.22 13:34:12.599,1.10165,1.10168,4.35,3.19
2016.07.22 13:34:12.701,1.10165,1.10168,4.35,1.69
2016.07.22 13:34:12.802,1.10165,1.10168,4.35,3.19
2016.07.22 13:34:12.904,1.10165,1.10168,6.22,1.19
2016.07.22 13:34:13.006,1.10165,1.10168,6.97,1.19
2016.07.22 13:34:13.058,1.10165,1.10168,7.72,1.19
2016.07.22 13:34:13.109,1.10166,1.10168,2.10,1.19
2016.07.22 13:34:13.238,1.10167,1.10168,1.00,1.25
2016.07.22 13:34:13.800,1.10166,1.10168,3.97,1.19
2016.07.22 13:34:13.902,1.10167,1.10168,1.00,1.25
2016.07.22 13:34:14.811,1.10167,1.10168,1.12,1.25
2016.07.22 13:34:14.862,1.10167,1.10169,1.12,1.69
2016.07.22 13:34:14.913,1.10166,1.10169,1.87,1.69
2016.07.22 13:34:15.015,1.10167,1.10169,1.00,1.69
2016.07.22 13:34:16.158,1.10167,1.10169,1.00,2.44
2016.07.22 13:34:16.413,1.10167,1.10169,1.00,1.25
2016.07.22 13:34:17.319,1.10166,1.10169,3.22,1.25
2016.07.22 13:34:17.472,1.10166,1.10169,1.30,1.25
2016.07.22 13:34:17.523,1.10165,1.10169,7.42,1.40
2016.07.22 13:34:17.575,1.10165,1.10168,4.80,1.00
2016.07.22 13:34:17.626,1.10165,1.10168,4.05,1.00
2016.07.22 13:34:17.728,1.10165,1.10168,2.92,1.19
2016.07.22 13:34:17.779,1.10164,1.10167,5.85,1.25
2016.07.22 13:34:17.830,1.10164,1.10168,3.37,5.81
2016.07.22 13:34:17.881,1.10164,1.10168,3.37,6.00
2016.07.22 13:34:17.932,1.10164,1.10167,3.07,1.25
2016.07.22 13:34:18.094,1.10164,1.10167,3.07,1.31
2016.07.22 13:34:18.145,1.10164,1.10167,3.00,1.31
2016.07.22 13:34:18.196,1.10164,1.10167,3.00,1.69
2016.07.22 13:34:18.247,1.10164,1.10167,4.35,1.69
2016.07.22 13:34:18.298,1.10165,1.10167,1.35,1.25
2016.07.22 13:34:18.350,1.10165,1.10167,3.22,1.25
2016.07.22 13:34:18.401,1.10165,1.10168,5.47,2.44
2016.07.22 13:34:18.453,1.10165,1.10168,7.72,1.69
2016.07.22 13:34:18.555,1.10165,1.10168,8.10,1.69
2016.07.22 13:34:18.708,1.10165,1.10168,8.10,1.19
2016.07.22 13:34:18.809,1.10166,1.10168,1.30,1.19
2016.07.22 13:34:19.306,1.10165,1.10168,5.85,1.19
2016.07.22 13:34:19.358,1.10165,1.10168,5.10,1.69
2016.07.22 13:34:19.409,1.10165,1.10168,5.47,1.69
2016.07.22 13:34:19.460,1.10165,1.10168,2.47,1.69
2016.07.22 13:34:19.511,1.10165,1.10168,2.10,1.31
2016.07.22 13:34:19.613,1.10165,1.10168,2.85,1.19
2016.07.22 13:34:19.716,1.10166,1.10168,1.35,1.19
2016.07.22 13:34:20.019,1.10166,1.10168,1.00,1.19
2016.07.22 13:34:20.071,1.10165,1.10168,3.60,1.19
2016.07.22 13:34:20.224,1.10165,1.10168,3.97,1.19
2016.07.22 13:34:20.326,1.10165,1.10168,4.72,1.69
2016.07.22 13:34:20.428,1.10165,1.10168,3.60,1.69
2016.07.22 13:34:20.631,1.10165,1.10168,3.97,2.62
2016.07.22 13:34:20.733,1.10165,1.10168,3.97,2.44
2016.07.22 13:34:20.835,1.10165,1.10168,3.60,1.69
2016.07.22 13:34:21.218,1.10165,1.10168,3.97,1.69
2016.07.22 13:34:21.320,1.10165,1.10168,3.60,1.69
2016.07.22 13:34:21.525,1.10165,1.10168,5.10,1.69
2016.07.22 13:34:22.629,1.10165,1.10168,2.85,1.19
2016.07.22 13:34:22.680,1.10165,1.10168,2.25,1.19
2016.07.22 13:34:22.731,1.10165,1.10168,2.62,1.69
2016.07.22 13:34:22.884,1.10165,1.10168,1.72,3.19
2016.07.22 13:34:22.935,1.10165,1.10168,1.35,4.48
2016.07.22 13:34:23.037,1.10165,1.10168,1.35,5.41
2016.07.22 13:34:23.138,1.10165,1.10168,1.35,2.98
2016.07.22 13:34:23.190,1.10165,1.10168,2.10,4.48
2016.07.22 13:34:23.275,1.10166,1.10168,1.50,2.23
2016.07.22 13:34:23.327,1.10167,1.1017,2.62,3.56
2016.07.22 13:34:23.378,1.10167,1.1017,4.12,1.31
2016.07.22 13:34:23.429,1.10168,1.10171,1.87,2.44
2016.07.22 13:34:23.480,1.10168,1.10171,1.87,2.25
2016.07.22 13:34:23.583,1.10168,1.10171,1.87,2.63
2016.07.22 13:34:24.177,1.10168,1.10171,2.62,2.63
2016.07.22 13:34:24.228,1.10168,1.10171,2.25,4.13
2016.07.22 13:34:24.330,1.10168,1.10171,1.50,4.50
2016.07.22 13:34:24.381,1.10168,1.10171,1.00,5.25
2016.07.22 13:34:24.433,1.10168,1.10171,1.00,8.81
2016.07.22 13:34:24.484,1.10168,1.1017,1.00,2.06
2016.07.22 13:34:24.535,1.10168,1.10169,1.00,1.00
2016.07.22 13:34:25.840,1.10168,1.1017,1.00,4.31
2016.07.22 13:34:25.943,1.10168,1.10169,1.00,1.00
2016.07.22 13:34:26.045,1.10168,1.10169,1.00,1.87
2016.07.22 13:34:26.096,1.10167,1.10168,1.50,1.25
2016.07.22 13:34:26.147,1.10167,1.10168,1.00,1.25
2016.07.22 13:34:26.235,1.10166,1.10167,1.10,1.00
2016.07.22 13:34:26.286,1.10166,1.10167,1.00,1.00
2016.07.22 13:34:26.594,1.10166,1.10167,1.35,1.00
2016.07.22 13:34:26.849,1.10166,1.10168,1.00,2.44
2016.07.22 13:34:26.951,1.10166,1.10167,1.00,1.00
2016.07.22 13:34:27.052,1.10166,1.10168,1.00,2.25
2016.07.22 13:34:27.201,1.10166,1.10167,1.00,1.00
2016.07.22 13:34:27.456,1.10166,1.10168,1.00,2.25
2016.07.22 13:34:27.559,1.10166,1.10167,1.00,1.00
2016.07.22 13:34:27.968,1.10165,1.10166,1.69,1.50
2016.07.22 13:34:28.020,1.10165,1.10166,1.25,2.25
2016.07.22 13:34:28.138,1.10162,1.10163,1.00,2.25
2016.07.22 13:34:28.193,1.10161,1.10163,4.16,1.50
2016.07.22 13:34:28.245,1.10162,1.10163,1.00,1.00
2016.07.22 13:34:28.296,1.10162,1.10163,1.50,1.00
2016.07.22 13:34:28.347,1.10163,1.10165,3.60,1.91
2016.07.22 13:34:28.399,1.10164,1.10165,1.35,1.05
2016.07.22 13:34:28.450,1.10164,1.10166,3.60,1.14
2016.07.22 13:34:28.501,1.10164,1.10166,3.60,1.04
2016.07.22 13:34:28.552,1.10163,1.10166,6.22,1.04
2016.07.22 13:34:28.603,1.10163,1.10167,6.60,2.36
2016.07.22 13:34:28.654,1.10163,1.10167,7.35,1.14
2016.07.22 13:34:28.705,1.10163,1.10167,8.47,1.14
2016.07.22 13:34:28.756,1.10163,1.10167,8.47,2.36
2016.07.22 13:34:28.910,1.10163,1.10167,8.10,2.36
2016.07.22 13:34:29.096,1.10163,1.10167,7.35,1.61
2016.07.22 13:34:29.656,1.10163,1.10167,8.10,1.14
2016.07.22 13:34:29.757,1.10163,1.10168,8.85,6.79
2016.07.22 13:34:29.808,1.10165,1.10168,1.00,7.54
2016.07.22 13:34:29.859,1.10165,1.10168,1.00,6.19
2016.07.22 13:34:29.911,1.10165,1.10168,1.00,5.44
2016.07.22 13:34:29.996,1.10165,1.10168,1.00,5.25
2016.07.22 13:34:30.099,1.10165,1.10168,1.00,3.75
2016.07.22 13:34:30.151,1.10165,1.10168,1.12,3.75
2016.07.22 13:34:31.040,1.10165,1.10168,1.00,3.00
2016.07.22 13:34:31.091,1.10165,1.10168,1.00,3.75
2016.07.22 13:34:31.143,1.10165,1.10168,1.00,4.31
2016.07.22 13:34:31.194,1.10164,1.10168,2.47,4.31
2016.07.22 13:34:31.245,1.10164,1.10168,2.47,5.44
2016.07.22 13:34:31.296,1.10164,1.10167,2.47,1.20
2016.07.22 13:34:31.347,1.10164,1.10167,2.47,1.57
2016.07.22 13:34:31.449,1.10164,1.10166,2.47,1.00
2016.07.22 13:34:32.098,1.10164,1.10166,1.87,1.00
2016.07.22 13:34:33.769,1.10164,1.10167,1.12,2.70
2016.07.22 13:34:33.870,1.10164,1.10166,1.87,1.00
2016.07.22 13:34:33.972,1.10164,1.10167,1.12,1.95
2016.07.22 13:34:34.074,1.10164,1.10167,1.12,2.14
2016.07.22 13:34:34.226,1.10163,1.10167,4.35,2.14
2016.07.22 13:34:34.278,1.10163,1.10167,3.97,2.14
2016.07.22 13:34:34.329,1.10163,1.10167,3.97,2.89
2016.07.22 13:34:34.380,1.10163,1.10166,3.97,1.00
2016.07.22 13:34:34.431,1.10163,1.10166,3.97,1.50
2016.07.22 13:34:34.567,1.10163,1.10166,4.35,1.50
2016.07.22 13:34:34.669,1.10163,1.10166,3.97,1.50
2016.07.22 13:34:34.771,1.10163,1.10166,3.22,1.00
2016.07.22 13:34:34.873,1.10164,1.10166,1.72,1.50
2016.07.22 13:34:34.924,1.10164,1.10166,2.47,1.00
2016.07.22 13:34:34.976,1.10164,1.10167,2.85,1.10
2016.07.22 13:34:35.028,1.10165,1.10167,1.00,1.10
2016.07.22 13:34:35.079,1.10165,1.10167,1.50,1.10
2016.07.22 13:34:35.182,1.10165,1.10167,1.00,1.10
2016.07.22 13:34:35.856,1.10165,1.10168,1.00,5.62
2016.07.22 13:34:35.958,1.10165,1.10167,1.00,1.10
2016.07.22 13:34:36.482,1.10165,1.10168,1.00,5.62
2016.07.22 13:34:36.583,1.10165,1.10167,1.00,1.10
2016.07.22 13:34:36.874,1.10165,1.10168,1.00,5.62
2016.07.22 13:34:36.926,1.10165,1.10168,1.00,4.87
2016.07.22 13:34:37.078,1.10165,1.10167,1.00,1.10
2016.07.22 13:34:37.281,1.10165,1.10168,1.00,4.87
2016.07.22 13:34:37.484,1.10165,1.10167,1.00,1.10
2016.07.22 13:34:37.789,1.10165,1.10168,1.00,4.87
2016.07.22 13:34:37.840,1.10165,1.10167,1.00,1.10
2016.07.22 13:34:38.765,1.10165,1.10168,1.12,2.44
2016.07.22 13:34:38.866,1.10165,1.10167,1.00,1.10
2016.07.22 13:34:38.968,1.10167,1.10168,3.22,1.87
2016.07.22 13:34:39.020,1.10168,1.1017,3.60,16.50
2016.07.22 13:34:39.071,1.10169,1.1017,2.85,6.00
2016.07.22 13:34:39.183,1.1017,1.10171,1.50,1.00
2016.07.22 13:34:39.238,1.10171,1.10173,1.00,4.69
2016.07.22 13:34:39.289,1.10171,1.10172,1.00,1.10
2016.07.22 13:34:39.340,1.10171,1.10172,1.35,1.10
2016.07.22 13:34:39.392,1.10171,1.10173,1.35,1.20
2016.07.22 13:34:39.443,1.10172,1.10173,1.69,1.20
2016.07.22 13:34:39.495,1.10173,1.10175,2.81,6.07
2016.07.22 13:34:39.546,1.10174,1.10175,1.12,3.07
2016.07.22 13:34:39.597,1.10175,1.10176,1.00,1.00
2016.07.22 13:34:39.648,1.10175,1.10176,1.50,1.00
2016.07.22 13:34:39.699,1.10175,1.10178,1.50,5.21
2016.07.22 13:34:39.818,1.10175,1.10178,1.87,4.84
2016.07.22 13:34:39.869,1.10175,1.10178,1.00,4.65
2016.07.22 13:34:40.074,1.10175,1.10176,1.00,1.00
2016.07.22 13:34:40.278,1.10175,1.10178,1.00,3.90
2016.07.22 13:34:40.381,1.10175,1.10177,1.00,1.00
2016.07.22 13:34:40.567,1.10178,1.1018,2.12,4.69
2016.07.22 13:34:40.618,1.10179,1.1018,1.00,1.76
2016.07.22 13:34:40.669,1.10179,1.10181,2.50,2.25
2016.07.22 13:34:40.743,1.1018,1.10181,1.00,1.10
2016.07.22 13:34:40.795,1.1018,1.10181,3.00,1.00
2016.07.22 13:34:40.897,1.1018,1.10182,1.00,3.45
2016.07.22 13:34:40.949,1.1018,1.10181,1.00,1.50
2016.07.22 13:34:41.000,1.1018,1.10181,1.00,1.00
2016.07.22 13:34:41.051,1.1018,1.10182,1.00,2.32
2016.07.22 13:34:41.102,1.1018,1.10182,1.00,2.70
2016.07.22 13:34:41.291,1.10179,1.10182,3.75,1.95
2016.07.22 13:34:41.393,1.10179,1.10182,3.75,2.14
2016.07.22 13:34:41.650,1.10179,1.10182,3.00,1.20
2016.07.22 13:34:41.752,1.10179,1.10182,3.75,2.14
2016.07.22 13:34:41.803,1.1018,1.10182,1.50,1.76
2016.07.22 13:34:41.854,1.10181,1.10182,1.00,1.10
2016.07.22 13:34:41.905,1.10181,1.10183,1.00,5.18
2016.07.22 13:34:42.190,1.10181,1.10183,1.00,4.43
2016.07.22 13:34:42.292,1.10181,1.10183,1.00,3.94
2016.07.22 13:34:42.445,1.10181,1.10183,1.00,3.64
2016.07.22 13:34:42.496,1.10181,1.10183,1.00,2.51
2016.07.22 13:34:42.547,1.10182,1.10184,2.10,9.86
2016.07.22 13:34:42.598,1.10183,1.10184,1.87,1.61
2016.07.22 13:34:42.649,1.10183,1.10185,6.97,4.61
2016.07.22 13:34:42.701,1.10184,1.10185,2.85,1.87
2016.07.22 13:34:42.808,1.10184,1.10185,2.85,1.50
2016.07.22 13:34:42.860,1.10185,1.10186,1.00,1.00
2016.07.22 13:34:43.013,1.10185,1.10188,1.50,7.39
2016.07.22 13:34:43.064,1.10185,1.10188,1.50,7.20
2016.07.22 13:34:43.115,1.10185,1.10187,1.50,1.00
2016.07.22 13:34:43.166,1.10185,1.10187,1.50,1.25
2016.07.22 13:34:43.319,1.10185,1.10188,1.00,7.13
2016.07.22 13:34:43.421,1.10185,1.10188,1.00,5.89
2016.07.22 13:34:43.771,1.10185,1.10188,1.00,6.64
2016.07.22 13:34:43.874,1.10185,1.10188,1.00,5.70
2016.07.22 13:34:43.977,1.10185,1.10188,1.00,6.64
2016.07.22 13:34:44.284,1.10185,1.10188,1.00,7.01
2016.07.22 13:34:44.419,1.10185,1.10187,1.00,1.00
2016.07.22 13:34:44.470,1.10185,1.10188,1.00,8.51
2016.07.22 13:34:44.521,1.10185,1.10187,1.00,1.12
2016.07.22 13:34:44.572,1.10185,1.10187,1.00,1.31
2016.07.22 13:34:44.673,1.10185,1.10187,1.00,1.50
2016.07.22 13:34:45.384,1.10184,1.10186,3.00,1.87
2016.07.22 13:34:45.481,1.10184,1.10186,1.12,2.81
2016.07.22 13:34:45.533,1.10183,1.10185,1.00,2.70
2016.07.22 13:34:45.586,1.10183,1.10184,1.00,1.12
2016.07.22 13:34:45.637,1.10183,1.10184,1.00,1.87
2016.07.22 13:34:45.689,1.10181,1.10184,3.09,3.00
2016.07.22 13:34:45.740,1.10181,1.10184,1.22,4.50
2016.07.22 13:34:45.792,1.1018,1.10184,6.28,3.56
2016.07.22 13:34:45.843,1.1018,1.10184,7.03,3.19
2016.07.22 13:34:45.894,1.1018,1.10184,7.78,4.87
2016.07.22 13:34:45.945,1.1018,1.10184,8.53,3.75
2016.07.22 13:34:45.996,1.1018,1.10184,8.53,3.00
2016.07.22 13:34:46.291,1.1018,1.10184,7.78,3.75
2016.07.22 13:34:46.342,1.1018,1.10184,7.78,3.00
2016.07.22 13:34:46.444,1.1018,1.10184,5.53,4.50
2016.07.22 13:34:46.648,1.1018,1.10184,6.66,4.50
2016.07.22 13:34:46.699,1.1018,1.10182,6.56,1.00
2016.07.22 13:34:46.750,1.1018,1.10182,5.06,1.00
2016.07.22 13:34:46.801,1.1018,1.10182,3.56,1.12
2016.07.22 13:34:46.853,1.1018,1.10182,2.06,1.12
2016.07.22 13:34:47.006,1.1018,1.10182,2.06,1.00
2016.07.22 13:34:47.057,1.1018,1.10182,2.81,1.00
2016.07.22 13:34:47.240,1.1018,1.10183,5.06,2.14
2016.07.22 13:34:47.291,1.1018,1.10183,5.06,1.39
2016.07.22 13:34:47.444,1.1018,1.10183,4.69,1.39
2016.07.22 13:34:47.547,1.1018,1.10184,6.19,6.45
2016.07.22 13:34:47.599,1.1018,1.10184,5.44,4.95
2016.07.22 13:34:47.701,1.1018,1.10184,6.56,6.45
2016.07.22 13:34:47.854,1.1018,1.10184,5.81,6.45
2016.07.22 13:34:47.905,1.1018,1.10184,5.44,6.45
2016.07.22 13:34:48.173,1.1018,1.10184,6.19,6.45
2016.07.22 13:34:48.276,1.10181,1.10184,1.12,6.45
2016.07.22 13:34:48.683,1.10181,1.10184,1.12,6.26
2016.07.22 13:34:48.845,1.10181,1.10184,1.12,6.26
2016.07.22 13:34:48.998,1.10181,1.10184,1.12,5.44
2016.07.22 13:34:49.812,1.1018,1.10183,8.06,1.57
2016.07.22 13:34:49.864,1.1018,1.10183,7.31,1.57
2016.07.22 13:34:50.000,1.1018,1.10183,2.81,2.78
2016.07.22 13:34:50.051,1.1018,1.10183,3.56,4.28
2016.07.22 13:34:50.103,1.1018,1.10182,3.56,1.12
2016.07.22 13:34:50.157,1.1018,1.10182,3.56,1.00
2016.07.22 13:34:50.208,1.1018,1.10183,5.06,3.07
2016.07.22 13:34:50.259,1.1018,1.10183,5.06,1.57
2016.07.22 13:34:50.361,1.1018,1.10183,5.06,3.07
2016.07.22 13:34:50.465,1.1018,1.10183,5.06,1.20
2016.07.22 13:34:50.517,1.10181,1.10183,1.12,1.20
2016.07.22 13:34:50.721,1.10181,1.10184,1.12,6.19
2016.07.22 13:34:50.898,1.10181,1.10183,1.12,1.20
2016.07.22 13:34:51.000,1.10181,1.10184,1.12,6.56
2016.07.22 13:34:51.051,1.1018,1.10184,3.56,6.94
2016.07.22 13:34:51.102,1.1018,1.10183,3.56,1.47
2016.07.22 13:34:51.154,1.1018,1.10183,3.56,1.57
2016.07.22 13:34:51.257,1.1018,1.10183,2.81,2.32
2016.07.22 13:34:51.308,1.1018,1.10183,3.56,4.01
2016.07.22 13:34:51.359,1.1018,1.10183,2.81,4.01
2016.07.22 13:34:51.513,1.1018,1.10183,1.87,1.57
2016.07.22 13:34:51.605,1.1018,1.10183,3.00,1.12
2016.07.22 13:34:51.659,1.1018,1.10183,2.25,1.12
2016.07.22 13:34:51.761,1.1018,1.10183,1.50,1.12
2016.07.22 13:34:51.813,1.1018,1.10183,1.50,1.31
2016.07.22 13:34:51.864,1.10181,1.10183,1.00,1.31
2016.07.22 13:34:52.018,1.10181,1.10184,1.00,4.39
2016.07.22 13:34:52.119,1.10181,1.10183,1.00,1.12
2016.07.22 13:34:52.444,1.10181,1.10183,1.00,1.00
2016.07.22 13:34:52.648,1.10181,1.10183,1.00,1.12
2016.07.22 13:34:52.699,1.10181,1.10183,1.00,1.31
2016.07.22 13:34:52.750,1.1018,1.10183,5.25,1.31
2016.07.22 13:34:52.801,1.1018,1.10183,5.25,1.12
2016.07.22 13:34:53.055,1.1018,1.10183,4.50,1.12
2016.07.22 13:34:53.157,1.1018,1.10183,5.25,1.12
2016.07.22 13:34:53.259,1.10181,1.10183,1.00,1.12
2016.07.22 13:34:54.094,1.10181,1.10184,1.00,3.26
2016.07.22 13:34:54.195,1.10181,1.10184,1.00,2.32
2016.07.22 13:34:54.302,1.10181,1.10184,1.00,3.26
2016.07.22 13:34:55.818,1.10181,1.10182,1.00,1.12
2016.07.22 13:34:55.946,1.1018,1.10182,1.50,1.12
2016.07.22 13:34:55.997,1.1018,1.10182,1.00,1.12
2016.07.22 13:34:56.048,1.1018,1.10183,1.00,5.51
2016.07.22 13:34:56.150,1.1018,1.10182,1.00,1.00
2016.07.22 13:34:56.252,1.1018,1.10182,1.00,1.50
2016.07.22 13:34:56.304,1.10179,1.10183,2.62,6.45
2016.07.22 13:34:56.355,1.10179,1.10182,1.50,1.25
2016.07.22 13:34:56.406,1.10179,1.10182,3.00,1.00
2016.07.22 13:34:56.457,1.10179,1.10183,3.75,3.07
2016.07.22 13:34:56.508,1.10179,1.10183,4.87,1.76
2016.07.22 13:34:56.558,1.10179,1.10183,6.75,1.39
2016.07.22 13:34:56.864,1.10179,1.10183,7.35,1.39
2016.07.22 13:34:56.915,1.10179,1.10183,8.47,1.39
2016.07.22 13:34:56.966,1.1018,1.10183,1.12,1.39
2016.07.22 13:34:57.018,1.1018,1.10183,1.12,2.14
2016.07.22 13:34:57.529,1.1018,1.10183,1.12,1.39
2016.07.22 13:34:57.720,1.1018,1.10183,1.12,1.76
2016.07.22 13:34:57.873,1.1018,1.10183,1.12,2.51
2016.07.22 13:34:58.484,1.1018,1.10183,1.12,2.89
2016.07.22 13:34:59.132,1.10179,1.10183,8.47,2.89
2016.07.22 13:34:59.234,1.10179,1.10183,6.97,2.14
2016.07.22 13:34:59.386,1.10179,1.10183,7.35,2.14
2016.07.22 13:34:59.488,1.10179,1.10183,6.97,2.14
2016.07.22 13:34:59.539,1.10179,1.10183,8.47,2.89
2016.07.22 13:34:59.793,1.1018,1.10183,1.87,2.89
2016.07.22 13:34:59.925,1.1018,1.10183,1.87,2.89
2016.07.22 13:34:59.976,1.1018,1.10183,1.12,2.89
2016.07.22 13:35:00.027,1.10179,1.10183,8.85,3.07
2016.07.22 13:35:00.078,1.10179,1.10183,8.47,3.07
2016.07.22 13:35:00.129,1.10179,1.10183,6.22,2.14
2016.07.22 13:35:00.232,1.10179,1.10183,8.47,3.07
2016.07.22 13:35:00.436,1.10179,1.10183,8.10,3.82
2016.07.22 13:35:00.488,1.10179,1.10183,8.10,4.95
2016.07.22 13:35:00.539,1.10179,1.10182,3.37,1.31
2016.07.22 13:35:00.592,1.10179,1.10182,1.50,1.69
2016.07.22 13:35:00.683,1.10179,1.10182,1.50,1.31
2016.07.22 13:35:00.734,1.10178,1.1018,6.83,1.00
2016.07.22 13:35:00.786,1.10178,1.1018,3.83,1.00
2016.07.22 13:35:00.837,1.10178,1.10181,1.10,5.06
2016.07.22 13:35:00.888,1.10178,1.1018,1.10,2.25
2016.07.22 13:35:00.940,1.10177,1.1018,2.32,5.81
2016.07.22 13:35:00.991,1.10177,1.1018,1.20,7.69
2016.07.22 13:35:01.043,1.10176,1.1018,3.82,7.87
2016.07.22 13:35:01.094,1.10176,1.1018,2.32,8.25
2016.07.22 13:35:01.146,1.10176,1.1018,2.25,11.02
2016.07.22 13:35:01.223,1.10176,1.1018,1.87,10.65
2016.07.22 13:35:01.275,1.10176,1.1018,1.50,10.01
2016.07.22 13:35:01.327,1.10176,1.1018,1.50,12.26
2016.07.22 13:35:01.378,1.10176,1.1018,1.50,14.70
2016.07.22 13:35:01.481,1.10176,1.1018,1.50,13.95
2016.07.22 13:35:01.532,1.10176,1.1018,1.50,13.57
2016.07.22 13:35:01.583,1.10176,1.1018,1.50,12.07
2016.07.22 13:35:01.634,1.10176,1.1018,1.50,11.32
2016.07.22 13:35:01.682,1.10176,1.1018,1.50,12.07
2016.07.22 13:35:01.733,1.10176,1.1018,1.50,12.82
2016.07.22 13:35:01.784,1.10176,1.1018,1.50,11.32
2016.07.22 13:35:01.836,1.10176,1.1018,1.50,9.82
2016.07.22 13:35:01.922,1.10176,1.1018,1.50,10.57
2016.07.22 13:35:01.973,1.10176,1.1018,1.12,10.57
2016.07.22 13:35:02.025,1.10176,1.1018,1.87,11.32
2016.07.22 13:35:02.178,1.10176,1.1018,1.87,12.07
2016.07.22 13:35:02.230,1.10176,1.1018,1.87,12.82
2016.07.22 13:35:02.383,1.10176,1.1018,1.87,11.13
2016.07.22 13:35:02.434,1.10176,1.1018,1.87,11.14
2016.07.22 13:35:02.485,1.10176,1.1018,1.87,12.83
2016.07.22 13:35:02.689,1.10176,1.1018,1.87,11.14
2016.07.22 13:35:02.767,1.10176,1.1018,1.87,12.83
2016.07.22 13:35:02.819,1.10177,1.1018,1.00,11.89
2016.07.22 13:35:02.870,1.10177,1.1018,1.00,10.95
2016.07.22 13:35:02.921,1.10177,1.1018,1.00,11.89
2016.07.22 13:35:02.972,1.10177,1.1018,1.00,12.45
2016.07.22 13:35:03.023,1.10177,1.1018,1.00,12.60
2016.07.22 13:35:03.074,1.10176,1.1018,2.10,14.85
2016.07.22 13:35:03.125,1.10176,1.1018,2.10,15.97
2016.07.22 13:35:03.176,1.10176,1.1018,2.10,16.05
2016.07.22 13:35:03.227,1.10176,1.1018,2.85,15.15
2016.07.22 13:35:03.278,1.10176,1.1018,2.25,13.20
2016.07.22 13:35:03.331,1.10176,1.1018,2.25,12.82
2016.07.22 13:35:03.382,1.10176,1.1018,2.25,12.83
2016.07.22 13:35:03.484,1.10176,1.1018,2.85,12.45
2016.07.22 13:35:03.586,1.10176,1.1018,2.85,12.26
2016.07.22 13:35:03.715,1.10176,1.1018,2.85,10.58
2016.07.22 13:35:03.768,1.10176,1.1018,2.25,13.20
2016.07.22 13:35:03.820,1.10176,1.1018,2.25,13.58
2016.07.22 13:35:04.038,1.10176,1.1018,2.25,12.64
2016.07.22 13:35:04.140,1.10176,1.1018,2.25,12.26
2016.07.22 13:35:04.343,1.10176,1.1018,2.25,13.20
2016.07.22 13:35:04.647,1.10176,1.1018,2.25,12.26
2016.07.22 13:35:04.698,1.10176,1.1018,2.25,11.88
2016.07.22 13:35:04.800,1.10176,1.1018,2.25,12.26
2016.07.22 13:35:04.851,1.10176,1.1018,2.47,16.19
2016.07.22 13:35:04.902,1.10176,1.1018,1.72,14.51
2016.07.22 13:35:05.003,1.10176,1.1018,1.72,13.19
2016.07.22 13:35:05.054,1.10176,1.1018,1.72,11.68
2016.07.22 13:35:05.105,1.10176,1.1018,1.30,14.12
2016.07.22 13:35:05.156,1.10175,1.10179,8.17,1.86
2016.07.22 13:35:05.207,1.10175,1.10179,8.92,2.92
2016.07.22 13:35:05.258,1.10175,1.10179,9.67,3.30
2016.07.22 13:35:05.309,1.10176,1.10179,1.30,3.36
2016.07.22 13:35:05.360,1.10176,1.10179,3.22,2.99
2016.07.22 13:35:05.411,1.10176,1.10179,3.97,2.37
2016.07.22 13:35:05.462,1.10176,1.10179,4.72,1.31
2016.07.22 13:35:05.550,1.10176,1.10179,2.10,6.31
2016.07.22 13:35:05.602,1.10175,1.10179,5.92,6.75
2016.07.22 13:35:05.654,1.10177,1.10179,1.00,6.75
2016.07.22 13:35:05.705,1.10177,1.10179,1.00,8.25
2016.07.22 13:35:05.756,1.10175,1.10179,4.05,7.12
2016.07.22 13:35:05.807,1.10175,1.10179,5.55,7.12
2016.07.22 13:35:05.858,1.10175,1.10179,5.17,7.12
2016.07.22 13:35:05.909,1.10175,1.10179,6.67,7.06
2016.07.22 13:35:05.960,1.10175,1.10179,11.17,3.75
2016.07.22 13:35:06.012,1.10175,1.10179,11.92,3.37
2016.07.22 13:35:06.063,1.10175,1.10179,11.55,3.37
2016.07.22 13:35:06.114,1.10175,1.10179,12.67,3.75
2016.07.22 13:35:06.267,1.10175,1.10179,14.17,3.75
2016.07.22 13:35:06.398,1.10175,1.10179,11.92,3.37
2016.07.22 13:35:06.449,1.10176,1.10179,1.72,3.19
2016.07.22 13:35:06.500,1.10176,1.10179,2.47,3.19
2016.07.22 13:35:06.857,1.10177,1.10179,1.00,2.44
2016.07.22 13:35:06.959,1.10177,1.10179,1.00,3.19
2016.07.22 13:35:07.162,1.10177,1.10179,1.00,2.44
2016.07.22 13:35:07.264,1.10177,1.10179,1.00,3.19
2016.07.22 13:35:07.468,1.10177,1.10179,2.10,2.44
2016.07.22 13:35:07.519,1.10178,1.10179,1.35,2.44
2016.07.22 13:35:07.571,1.10178,1.10179,1.00,1.25
2016.07.22 13:35:07.622,1.10178,1.1018,3.97,2.70
2016.07.22 13:35:07.673,1.10178,1.1018,4.35,1.69
2016.07.22 13:35:07.724,1.10179,1.10181,1.00,2.44
2016.07.22 13:35:07.775,1.10179,1.10181,1.35,2.44
2016.07.22 13:35:07.826,1.10179,1.10181,1.35,1.69
2016.07.22 13:35:07.878,1.10179,1.10181,1.35,1.25
2016.07.22 13:35:07.929,1.10179,1.10181,3.22,1.25
2016.07.22 13:35:07.981,1.10179,1.10181,3.60,1.25
2016.07.22 13:35:08.032,1.10179,1.10182,4.35,1.44
2016.07.22 13:35:08.084,1.10179,1.10182,6.30,1.19
2016.07.22 13:35:08.135,1.10179,1.10182,5.17,1.19
2016.07.22 13:35:08.186,1.1018,1.10182,1.00,1.19
2016.07.22 13:35:08.303,1.1018,1.10182,1.00,1.50
2016.07.22 13:35:08.355,1.10179,1.10181,1.42,1.25
2016.07.22 13:35:08.407,1.10179,1.10181,1.35,1.31
2016.07.22 13:35:08.458,1.10179,1.10181,1.00,1.31
2016.07.22 13:35:08.559,1.10179,1.1018,1.00,1.00
2016.07.22 13:35:08.610,1.10179,1.1018,1.00,1.50
2016.07.22 13:35:08.662,1.10179,1.1018,1.00,1.00
2016.07.22 13:35:08.713,1.10179,1.10181,1.00,1.25
2016.07.22 13:35:08.764,1.10179,1.10182,1.00,6.19
2016.07.22 13:35:08.865,1.10179,1.10181,1.00,1.25
2016.07.22 13:35:09.612,1.10179,1.10181,1.00,1.31
2016.07.22 13:35:09.662,1.10179,1.10181,1.00,1.00
2016.07.22 13:35:09.714,1.10179,1.10181,1.12,1.00
2016.07.22 13:35:09.765,1.10179,1.10182,1.12,4.87
2016.07.22 13:35:09.868,1.10179,1.10182,1.12,5.70
2016.07.22 13:35:10.027,1.10179,1.10181,1.12,1.31
2016.07.22 13:35:10.078,1.10179,1.10181,1.12,4.31
2016.07.22 13:35:10.130,1.10177,1.1018,4.29,1.31
2016.07.22 13:35:10.232,1.10177,1.1018,4.20,1.31
2016.07.22 13:35:10.284,1.10176,1.1018,6.82,4.69
2016.07.22 13:35:10.335,1.10176,1.1018,5.92,4.69
2016.07.22 13:35:10.386,1.10176,1.1018,5.32,7.12
2016.07.22 13:35:10.438,1.10176,1.10179,4.57,1.87
2016.07.22 13:35:10.489,1.10176,1.10179,2.32,5.06
2016.07.22 13:35:10.541,1.10176,1.10178,2.32,1.12
2016.07.22 13:35:10.592,1.10176,1.10178,1.57,1.00
2016.07.22 13:35:10.644,1.10176,1.10179,1.50,6.56
2016.07.22 13:35:10.695,1.10176,1.10178,1.50,1.25
2016.07.22 13:35:10.798,1.10176,1.10179,1.50,7.87
2016.07.22 13:35:10.849,1.10176,1.10179,1.50,6.37
2016.07.22 13:35:10.901,1.10176,1.10179,3.97,6.00
2016.07.22 13:35:11.014,1.10177,1.10179,5.10,4.31
2016.07.22 13:35:11.065,1.10178,1.1018,6.60,1.25
2016.07.22 13:35:11.117,1.10178,1.1018,7.35,1.25
2016.07.22 13:35:11.168,1.10178,1.1018,6.22,1.25
2016.07.22 13:35:11.372,1.10178,1.1018,4.72,1.19
2016.07.22 13:35:11.474,1.10178,1.1018,4.72,1.69
2016.07.22 13:35:11.524,1.10178,1.1018,4.87,1.69
2016.07.22 13:35:11.576,1.10178,1.1018,3.75,2.44
2016.07.22 13:35:11.627,1.10178,1.1018,3.00,2.44
2016.07.22 13:35:11.679,1.10178,1.1018,3.00,1.69
2016.07.22 13:35:11.731,1.10178,1.1018,3.07,1.69
2016.07.22 13:35:11.975,1.10178,1.1018,3.07,2.06
2016.07.22 13:35:12.027,1.10178,1.1018,3.07,1.69
2016.07.22 13:35:12.791,1.10178,1.1018,3.07,1.19
2016.07.22 13:35:12.893,1.10178,1.1018,3.67,1.19
2016.07.22 13:35:13.005,1.10178,1.1018,4.05,1.69
2016.07.22 13:35:13.056,1.1018,1.10181,1.00,1.69
2016.07.22 13:35:13.108,1.1018,1.10182,2.62,1.25
2016.07.22 13:35:13.159,1.10181,1.10183,1.50,4.50
2016.07.22 13:35:13.210,1.10181,1.10183,2.25,2.44
2016.07.22 13:35:13.261,1.10182,1.10183,1.00,1.00
2016.07.22 13:35:13.312,1.10182,1.10184,1.00,2.51
2016.07.22 13:35:13.363,1.10182,1.10184,1.00,3.26
2016.07.22 13:35:13.414,1.10182,1.10184,1.00,2.44
2016.07.22 13:35:13.466,1.10182,1.10184,1.00,1.25
2016.07.22 13:35:13.517,1.10182,1.10184,2.50,1.69
2016.07.22 13:35:13.619,1.10183,1.10184,1.00,1.69
2016.07.22 13:35:13.748,1.10183,1.10185,1.00,4.50
2016.07.22 13:35:13.799,1.10183,1.10185,1.00,1.19
2016.07.22 13:35:13.850,1.10183,1.10185,1.57,1.19
2016.07.22 13:35:13.952,1.10183,1.10185,2.32,1.19
2016.07.22 13:35:15.107,1.10183,1.10185,3.07,1.19
2016.07.22 13:35:15.413,1.10183,1.10185,2.32,1.31
2016.07.22 13:35:15.516,1.10183,1.10185,1.57,1.31
2016.07.22 13:35:15.723,1.10183,1.10184,1.57,1.31
2016.07.22 13:35:15.774,1.10183,1.10184,1.57,2.44
2016.07.22 13:35:15.826,1.10183,1.10184,1.50,4.12
2016.07.22 13:35:15.877,1.10182,1.10183,1.12,1.00
2016.07.22 13:35:15.928,1.10181,1.10183,1.57,2.06
2016.07.22 13:35:15.980,1.10181,1.10182,1.10,1.25
2016.07.22 13:35:16.286,1.10181,1.10182,1.10,2.81
2016.07.22 13:35:16.394,1.1018,1.10182,1.00,6.94
2016.07.22 13:35:16.446,1.10179,1.1018,1.00,1.25
2016.07.22 13:35:16.498,1.10178,1.1018,4.20,1.69
2016.07.22 13:35:16.549,1.10178,1.1018,3.07,1.69
2016.07.22 13:35:16.600,1.10178,1.1018,2.32,1.19
2016.07.22 13:35:16.651,1.10178,1.1018,2.32,1.31
2016.07.22 13:35:16.702,1.10178,1.10179,2.32,1.25
2016.07.22 13:35:16.754,1.10178,1.10179,1.57,2.06
2016.07.22 13:35:16.805,1.10177,1.10179,3.00,2.81
2016.07.22 13:35:16.856,1.10177,1.10179,1.00,2.81
2016.07.22 13:35:16.907,1.10176,1.10179,2.32,3.00
2016.07.22 13:35:16.959,1.10176,1.10179,2.32,3.75
2016.07.22 13:35:17.091,1.10176,1.10179,1.10,4.50
2016.07.22 13:35:17.299,1.10176,1.10179,1.10,2.81
2016.07.22 13:35:17.401,1.10176,1.10179,1.10,3.56
2016.07.22 13:35:17.452,1.10176,1.10179,1.10,2.81
2016.07.22 13:35:17.605,1.10176,1.10179,1.10,2.06
2016.07.22 13:35:17.708,1.10176,1.10179,1.10,2.81
2016.07.22 13:35:17.810,1.10176,1.10179,1.10,3.00
2016.07.22 13:35:17.861,1.10176,1.10179,1.42,3.00
2016.07.22 13:35:18.031,1.10176,1.10179,1.42,2.06
2016.07.22 13:35:18.082,1.10176,1.10179,1.42,2.06
2016.07.22 13:35:18.235,1.10176,1.10179,1.42,1.69
2016.07.22 13:35:18.440,1.10176,1.10179,1.42,2.06
2016.07.22 13:35:18.491,1.10176,1.10179,2.92,2.06
2016.07.22 13:35:18.645,1.10176,1.10179,4.05,1.69
2016.07.22 13:35:18.696,1.10176,1.10179,4.80,1.25
2016.07.22 13:35:18.747,1.10177,1.10179,1.30,1.25
2016.07.22 13:35:18.889,1.10178,1.1018,2.85,3.19
2016.07.22 13:35:18.940,1.10179,1.1018,2.85,1.25
2016.07.22 13:35:18.991,1.1018,1.10181,1.00,1.00
2016.07.22 13:35:19.042,1.1018,1.10183,5.10,3.37
2016.07.22 13:35:19.094,1.1018,1.10183,4.42,2.25
2016.07.22 13:35:19.145,1.1018,1.10183,5.92,1.87
2016.07.22 13:35:19.197,1.1018,1.10183,4.80,1.50
2016.07.22 13:35:19.248,1.1018,1.10184,3.60,4.87
2016.07.22 13:35:19.299,1.10181,1.10184,1.42,1.87
2016.07.22 13:35:19.402,1.10182,1.10184,1.00,1.25
2016.07.22 13:35:19.530,1.10183,1.10185,3.60,2.44
2016.07.22 13:35:19.583,1.10183,1.10186,2.17,3.19
2016.07.22 13:35:19.844,1.10183,1.10186,2.17,3.56
2016.07.22 13:35:19.896,1.10183,1.10186,5.55,2.81
2016.07.22 13:35:19.947,1.10183,1.10186,5.55,2.44
2016.07.22 13:35:19.998,1.10183,1.10186,5.55,1.69
2016.07.22 13:35:20.049,1.10183,1.10186,5.92,1.69
2016.07.22 13:35:20.101,1.10183,1.10186,4.72,1.69
2016.07.22 13:35:20.152,1.10183,1.10186,4.35,1.69
2016.07.22 13:35:20.291,1.10183,1.10186,3.75,1.69
2016.07.22 13:35:20.343,1.10183,1.10186,5.85,1.69
2016.07.22 13:35:20.394,1.10185,1.10186,1.00,1.69
2016.07.22 13:35:20.446,1.10186,1.10188,2.47,5.32
2016.07.22 13:35:20.500,1.10186,1.10188,3.97,1.76
2016.07.22 13:35:20.551,1.10187,1.10189,4.05,1.31
2016.07.22 13:35:20.604,1.10187,1.1019,5.92,5.44
2016.07.22 13:35:20.656,1.10188,1.1019,1.30,1.69
2016.07.22 13:35:20.707,1.10188,1.1019,1.35,1.69
2016.07.22 13:35:20.758,1.10188,1.1019,1.00,1.69
2016.07.22 13:35:20.888,1.10188,1.1019,5.85,1.69
2016.07.22 13:35:20.940,1.10188,1.1019,6.60,1.69
2016.07.22 13:35:20.992,1.10189,1.10191,1.35,1.19
2016.07.22 13:35:21.196,1.10188,1.10191,5.17,1.19
2016.07.22 13:35:21.247,1.1019,1.10191,1.00,1.25
2016.07.22 13:35:21.502,1.10189,1.10191,1.00,2.06
2016.07.22 13:35:21.553,1.10189,1.10191,1.00,3.19
2016.07.22 13:35:21.661,1.10189,1.1019,1.00,1.25
2016.07.22 13:35:21.717,1.10188,1.1019,2.25,1.25
2016.07.22 13:35:21.819,1.10188,1.1019,2.25,1.69
2016.07.22 13:35:22.191,1.10188,1.1019,2.25,1.25
2016.07.22 13:35:22.242,1.10189,1.1019,1.00,1.25
2016.07.22 13:35:22.293,1.10189,1.10191,1.00,4.31
2016.07.22 13:35:22.344,1.10189,1.1019,1.00,1.25
2016.07.22 13:35:22.627,1.10189,1.1019,1.00,1.69
2016.07.22 13:35:22.678,1.10189,1.1019,1.00,1.25
2016.07.22 13:35:22.729,1.10189,1.10191,1.00,3.94
2016.07.22 13:35:22.780,1.1019,1.10191,1.00,1.25
2016.07.22 13:35:22.831,1.1019,1.10192,1.00,4.50
2016.07.22 13:35:22.882,1.1019,1.10192,1.00,3.75
2016.07.22 13:35:23.137,1.1019,1.10192,1.00,4.12
2016.07.22 13:35:23.367,1.1019,1.10192,1.00,3.75
2016.07.22 13:35:23.521,1.1019,1.10192,1.00,3.56
2016.07.22 13:35:23.676,1.1019,1.10192,1.00,2.81
2016.07.22 13:35:23.727,1.1019,1.10192,1.00,2.44
2016.07.22 13:35:24.036,1.1019,1.10192,1.00,1.69
2016.07.22 13:35:24.561,1.1019,1.10192,1.00,2.06
2016.07.22 13:35:24.968,1.1019,1.10192,1.00,2.81
2016.07.22 13:35:25.019,1.1019,1.10192,1.00,3.56
2016.07.22 13:35:25.070,1.1019,1.10192,1.00,3.94
2016.07.22 13:35:25.121,1.1019,1.10191,1.00,1.25
2016.07.22 13:35:25.353,1.10189,1.10191,3.30,1.25
2016.07.22 13:35:25.762,1.1019,1.10192,1.00,4.31
2016.07.22 13:35:25.927,1.1019,1.10191,1.50,1.00
2016.07.22 13:35:26.063,1.10193,1.10194,1.00,2.44
2016.07.22 13:35:26.117,1.10193,1.10194,1.00,1.25
2016.07.22 13:35:26.168,1.10193,1.10195,1.00,6.56
2016.07.22 13:35:26.219,1.10193,1.10195,1.00,6.94
2016.07.22 13:35:26.321,1.10193,1.10195,1.00,6.56
2016.07.22 13:35:26.373,1.10193,1.10195,1.00,6.75
2016.07.22 13:35:26.425,1.10193,1.10195,1.00,8.62
2016.07.22 13:35:26.477,1.10193,1.10195,1.00,6.94
2016.07.22 13:35:26.528,1.10193,1.10195,1.00,7.12
2016.07.22 13:35:26.580,1.10193,1.10195,1.00,9.00
2016.07.22 13:35:26.631,1.10192,1.10195,1.20,9.00
2016.07.22 13:35:26.780,1.10194,1.10195,4.72,1.69
2016.07.22 13:35:26.832,1.10194,1.10196,5.85,1.25
2016.07.22 13:35:26.883,1.10194,1.10197,7.12,2.44
2016.07.22 13:35:26.934,1.10196,1.10197,1.20,1.31
2016.07.22 13:35:26.986,1.10196,1.10198,1.80,3.19
2016.07.22 13:35:27.038,1.10196,1.10198,3.60,1.25
2016.07.22 13:35:27.089,1.10196,1.10199,3.23,1.56
2016.07.22 13:35:27.141,1.10196,1.10199,3.37,2.44
2016.07.22 13:35:27.192,1.10197,1.10198,1.00,1.25
2016.07.22 13:35:27.243,1.10196,1.10197,3.00,1.69
2016.07.22 13:35:27.349,1.10196,1.10198,2.62,3.87
2016.07.22 13:35:27.402,1.10197,1.10198,1.20,3.19
2016.07.22 13:35:27.454,1.10196,1.10197,1.50,1.25
2016.07.22 13:35:27.505,1.10196,1.10198,1.50,3.19
2016.07.22 13:35:27.557,1.10197,1.10198,1.20,2.44
2016.07.22 13:35:27.608,1.10197,1.10198,1.20,2.62
2016.07.22 13:35:27.712,1.10197,1.10198,1.20,2.44
2016.07.22 13:35:27.763,1.10197,1.10199,1.00,6.11
2016.07.22 13:35:27.816,1.10197,1.10199,1.00,5.74
2016.07.22 13:35:27.868,1.10198,1.10199,1.00,6.86
2016.07.22 13:35:27.919,1.10198,1.10199,1.00,7.24
2016.07.22 13:35:27.971,1.10198,1.10199,1.00,6.30
2016.07.22 13:35:28.022,1.10196,1.10197,1.50,1.25
2016.07.22 13:35:28.403,1.10196,1.10198,1.50,2.44
2016.07.22 13:35:28.454,1.10197,1.10199,1.00,5.92
2016.07.22 13:35:28.505,1.10197,1.10199,1.00,6.11
2016.07.22 13:35:28.556,1.10196,1.10198,1.50,2.44
2016.07.22 13:35:28.658,1.10196,1.10198,1.50,1.69
2016.07.22 13:35:28.760,1.10197,1.10199,1.00,6.11
2016.07.22 13:35:29.243,1.10197,1.10199,1.00,4.50
2016.07.22 13:35:29.345,1.10197,1.10199,1.00,5.44
2016.07.22 13:35:29.498,1.10198,1.10199,1.00,5.81
2016.07.22 13:35:29.549,1.10198,1.10199,1.00,6.49
2016.07.22 13:35:29.600,1.10198,1.10199,1.00,6.11
2016.07.22 13:35:29.651,1.10198,1.10199,1.00,4.69
2016.07.22 13:35:29.855,1.10198,1.10199,1.00,5.36
2016.07.22 13:35:29.992,1.10197,1.10199,1.00,5.36
2016.07.22 13:35:30.147,1.10197,1.10199,1.00,4.69
2016.07.22 13:35:30.453,1.10197,1.10198,1.10,2.81
2016.07.22 13:35:30.504,1.10196,1.10198,1.87,5.25
2016.07.22 13:35:30.555,1.10194,1.10196,5.62,1.19
2016.07.22 13:35:30.606,1.10194,1.10196,4.87,1.19
2016.07.22 13:35:30.657,1.10194,1.10197,3.00,4.12
2016.07.22 13:35:30.708,1.10194,1.10197,3.37,3.75
2016.07.22 13:35:30.850,1.10196,1.10197,1.10,3.75
2016.07.22 13:35:30.903,1.10195,1.10196,1.12,1.12
2016.07.22 13:35:31.211,1.10195,1.10196,1.10,1.12
2016.07.22 13:35:31.313,1.10196,1.10197,1.00,4.69
2016.07.22 13:35:31.365,1.10196,1.10197,1.00,4.31
2016.07.22 13:35:31.416,1.10196,1.10197,1.00,2.81
2016.07.22 13:35:31.467,1.10196,1.10197,1.00,2.06
2016.07.22 13:35:31.706,1.10195,1.10196,1.10,1.00
2016.07.22 13:35:31.859,1.10195,1.10196,1.10,1.25
2016.07.22 13:35:32.831,1.10195,1.10196,1.10,1.69
2016.07.22 13:35:32.883,1.10195,1.10197,1.00,3.94
2016.07.22 13:35:32.934,1.10195,1.10196,1.10,1.87
2016.07.22 13:35:33.190,1.10195,1.10196,1.10,1.50
2016.07.22 13:35:33.343,1.10196,1.10197,1.00,4.12
2016.07.22 13:35:33.464,1.10196,1.10197,1.00,5.62
2016.07.22 13:35:33.668,1.10196,1.10197,1.00,6.37
2016.07.22 13:35:33.719,1.10194,1.10196,1.00,1.19
2016.07.22 13:35:33.771,1.10193,1.10196,1.95,1.19
2016.07.22 13:35:33.822,1.10193,1.10196,1.20,4.31
2016.07.22 13:35:33.873,1.10193,1.10196,1.12,6.94
2016.07.22 13:35:33.975,1.10193,1.10195,1.12,1.87
2016.07.22 13:35:34.027,1.10193,1.10194,1.12,1.00
2016.07.22 13:35:34.129,1.10193,1.10195,1.12,1.25
2016.07.22 13:35:34.231,1.10193,1.10195,1.12,1.87
2016.07.22 13:35:34.482,1.10193,1.10195,1.00,1.69
2016.07.22 13:35:34.584,1.10193,1.10195,1.00,1.87
2016.07.22 13:35:34.635,1.10193,1.10195,1.00,1.25
2016.07.22 13:35:34.686,1.10193,1.10195,1.00,1.00
2016.07.22 13:35:34.737,1.10193,1.10195,1.00,1.69
2016.07.22 13:35:34.788,1.10193,1.10195,1.00,1.87
2016.07.22 13:35:34.890,1.10193,1.10195,1.00,1.69
2016.07.22 13:35:34.992,1.10193,1.10195,1.00,1.87
2016.07.22 13:35:35.043,1.10193,1.10195,1.00,1.69
2016.07.22 13:35:35.197,1.10192,1.10195,2.62,1.69
2016.07.22 13:35:35.248,1.10193,1.10195,1.50,1.31
2016.07.22 13:35:35.300,1.10195,1.10197,2.87,5.81
2016.07.22 13:35:35.436,1.10196,1.10197,1.35,1.00
2016.07.22 13:35:35.488,1.10196,1.10198,2.47,2.06
2016.07.22 13:35:35.540,1.10197,1.10199,3.60,7.50
2016.07.22 13:35:35.591,1.10198,1.102,2.85,14.32
2016.07.22 13:35:35.642,1.102,1.10201,1.50,12.94
2016.07.22 13:35:35.693,1.102,1.10201,3.75,2.06
2016.07.22 13:35:35.745,1.102,1.10203,5.91,1.25
2016.07.22 13:35:35.796,1.10203,1.10204,1.50,1.39
2016.07.22 13:35:35.847,1.10203,1.10205,1.50,1.69
2016.07.22 13:35:35.899,1.10203,1.10206,1.50,2.25
2016.07.22 13:35:35.950,1.10203,1.10206,2.32,2.25
2016.07.22 13:35:36.001,1.10203,1.10206,4.95,2.25
2016.07.22 13:35:36.236,1.10203,1.10206,7.05,2.25
2016.07.22 13:35:36.287,1.10203,1.10206,7.80,2.25
2016.07.22 13:35:36.389,1.10204,1.10206,1.72,2.06
2016.07.22 13:35:36.593,1.10204,1.10206,2.47,2.06
2016.07.22 13:35:36.644,1.10204,1.10206,2.47,1.69
2016.07.22 13:35:36.798,1.10204,1.10206,4.72,1.31
2016.07.22 13:35:36.849,1.10204,1.10206,5.47,1.19
2016.07.22 13:35:36.900,1.10205,1.10206,1.00,1.25
2016.07.22 13:35:36.996,1.10205,1.10206,1.50,1.25
2016.07.22 13:35:37.252,1.10205,1.10206,2.25,1.00
2016.07.22 13:35:37.557,1.10205,1.10206,1.50,1.25
2016.07.22 13:35:37.970,1.10205,1.10206,2.25,1.00
2016.07.22 13:35:38.100,1.10205,1.10206,1.50,1.00
2016.07.22 13:35:38.254,1.10204,1.10206,2.17,1.19
2016.07.22 13:35:38.356,1.10204,1.10206,1.57,1.19
2016.07.22 13:35:38.458,1.10204,1.10206,2.92,1.19
2016.07.22 13:35:38.509,1.10204,1.10206,4.05,1.19
2016.07.22 13:35:38.560,1.10204,1.10206,4.05,1.31
2016.07.22 13:35:38.611,1.10204,1.10206,2.32,1.31
2016.07.22 13:35:38.662,1.10204,1.10206,1.57,1.31
2016.07.22 13:35:38.714,1.10204,1.10206,1.57,1.69
2016.07.22 13:35:38.837,1.10204,1.10206,1.00,3.19
2016.07.22 13:35:38.888,1.10204,1.10206,1.00,5.06
2016.07.22 13:35:38.939,1.10204,1.10206,1.00,4.69
2016.07.22 13:35:38.990,1.10204,1.10206,1.00,4.87
2016.07.22 13:35:39.041,1.10204,1.10206,1.00,4.12
2016.07.22 13:35:39.143,1.10204,1.10206,1.00,5.62
2016.07.22 13:35:39.194,1.10204,1.10206,1.00,4.69
2016.07.22 13:35:39.246,1.10203,1.10205,3.10,1.00
2016.07.22 13:35:39.298,1.10204,1.10205,1.00,1.00
2016.07.22 13:35:39.349,1.10204,1.10206,1.00,4.50
2016.07.22 13:35:39.634,1.10204,1.10206,1.00,5.62
2016.07.22 13:35:39.687,1.10204,1.10205,1.00,1.25
2016.07.22 13:35:39.739,1.10204,1.10205,1.00,2.06
2016.07.22 13:35:39.790,1.10203,1.10204,1.00,1.00
2016.07.22 13:35:39.893,1.10203,1.10204,1.00,1.12
2016.07.22 13:35:39.944,1.10201,1.10204,6.45,1.87
2016.07.22 13:35:39.996,1.10201,1.10204,3.45,3.56
2016.07.22 13:35:40.047,1.10201,1.10204,3.45,6.56
2016.07.22 13:35:40.098,1.102,1.10203,3.00,2.44
2016.07.22 13:35:40.211,1.102,1.10202,1.00,2.06
2016.07.22 13:35:40.268,1.10199,1.10202,3.67,2.25
2016.07.22 13:35:40.320,1.10199,1.10202,4.42,2.25
2016.07.22 13:35:40.372,1.10199,1.10202,3.67,2.25
2016.07.22 13:35:40.423,1.10199,1.10202,2.92,2.62
2016.07.22 13:35:40.474,1.10199,1.10202,4.42,2.62
2016.07.22 13:35:40.526,1.10199,1.10202,4.42,1.87
2016.07.22 13:35:40.577,1.102,1.10202,2.10,1.69
2016.07.22 13:35:40.681,1.10199,1.10202,6.67,1.69
2016.07.22 13:35:40.733,1.10199,1.10202,5.92,1.69
2016.07.22 13:35:40.785,1.102,1.10202,1.35,1.19
2016.07.22 13:35:40.911,1.10199,1.10202,6.67,1.69
2016.07.22 13:35:40.965,1.10199,1.10202,7.05,1.69
2016.07.22 13:35:41.068,1.102,1.10202,2.10,1.19
2016.07.22 13:35:41.119,1.102,1.10203,3.97,2.25
2016.07.22 13:35:41.171,1.102,1.10203,5.85,1.25
2016.07.22 13:35:41.222,1.102,1.10203,7.35,1.25
2016.07.22 13:35:41.274,1.102,1.10203,8.10,1.25
2016.07.22 13:35:41.325,1.102,1.10203,8.47,1.25
2016.07.22 13:35:41.376,1.10201,1.10203,1.35,1.25
2016.07.22 13:35:41.428,1.10201,1.10203,1.72,1.25
2016.07.22 13:35:41.479,1.10201,1.10204,2.10,1.19
2016.07.22 13:35:42.321,1.10201,1.10204,2.10,1.31
2016.07.22 13:35:42.424,1.10201,1.10204,1.35,1.19
2016.07.22 13:35:42.476,1.10201,1.10203,1.35,1.25
2016.07.22 13:35:42.529,1.10201,1.10203,1.00,1.31
2016.07.22 13:35:42.661,1.10201,1.10203,1.00,1.25
2016.07.22 13:35:42.712,1.102,1.10204,1.42,9.00
2016.07.22 13:35:42.763,1.102,1.10203,2.17,1.31
2016.07.22 13:35:42.865,1.102,1.10203,2.17,1.69
2016.07.22 13:35:42.968,1.10202,1.10203,1.00,1.69
2016.07.22 13:35:43.748,1.10202,1.10203,1.00,1.31
2016.07.22 13:35:43.850,1.10202,1.10203,1.87,1.12
2016.07.22 13:35:43.902,1.10202,1.10205,2.62,7.20
2016.07.22 13:35:43.954,1.10203,1.10204,1.00,1.25
2016.07.22 13:35:44.108,1.10202,1.10204,1.00,1.31
2016.07.22 13:35:44.159,1.10203,1.10205,1.00,7.12
2016.07.22 13:35:44.390,1.10203,1.10205,1.00,6.19
2016.07.22 13:35:44.492,1.10203,1.10205,1.00,6.00
2016.07.22 13:35:44.544,1.10203,1.10205,1.00,6.75
2016.07.22 13:35:44.596,1.10203,1.10205,1.00,6.94
2016.07.22 13:35:44.647,1.10203,1.10205,1.00,6.19
2016.07.22 13:35:44.750,1.10203,1.10205,1.00,8.06
2016.07.22 13:35:45.056,1.10203,1.10205,1.00,6.94
2016.07.22 13:35:45.246,1.10203,1.10204,1.00,1.87
2016.07.22 13:35:45.297,1.10202,1.10204,1.00,2.06
2016.07.22 13:35:45.348,1.10202,1.10204,1.00,4.31
2016.07.22 13:35:45.400,1.10201,1.10202,1.25,1.00
2016.07.22 13:35:45.705,1.10201,1.10202,1.25,1.12
2016.07.22 13:35:45.807,1.10201,1.10202,1.25,1.00
2016.07.22 13:35:46.691,1.10201,1.10203,1.25,1.87
2016.07.22 13:35:46.955,1.10201,1.10202,1.25,1.00
2016.07.22 13:35:47.210,1.10201,1.10203,1.25,1.87
2016.07.22 13:35:47.261,1.10201,1.10203,1.25,1.50
2016.07.22 13:35:47.311,1.10201,1.10203,1.25,2.25
2016.07.22 13:35:47.413,1.10201,1.10202,1.25,1.00
2016.07.22 13:35:47.464,1.10201,1.10202,1.25,1.12
2016.07.22 13:35:47.515,1.10201,1.10203,1.25,3.00
2016.07.22 13:35:47.566,1.10201,1.10203,1.25,2.62
2016.07.22 13:35:47.617,1.10201,1.10203,1.25,3.43
2016.07.22 13:35:47.668,1.102,1.10203,2.14,3.85
2016.07.22 13:35:47.719,1.102,1.10203,2.14,3.05
2016.07.22 13:35:47.770,1.10201,1.10202,1.25,1.07
2016.07.22 13:35:47.881,1.102,1.10201,1.39,1.00
2016.07.22 13:35:47.932,1.102,1.10201,1.31,1.18
2016.07.22 13:35:47.983,1.102,1.10201,2.06,1.18
2016.07.22 13:35:48.085,1.102,1.10201,2.06,1.55
2016.07.22 13:35:48.187,1.10201,1.10202,1.25,5.08
2016.07.22 13:35:48.238,1.102,1.10202,2.06,3.95
2016.07.22 13:35:48.289,1.102,1.10202,2.06,2.83
2016.07.22 13:35:48.340,1.10201,1.10202,1.25,1.33
2016.07.22 13:35:48.391,1.10201,1.10203,1.25,5.88
2016.07.22 13:35:48.442,1.10201,1.10203,1.25,5.13
2016.07.22 13:35:48.676,1.10201,1.10203,1.25,5.16
2016.07.22 13:35:49.085,1.102,1.10202,2.06,2.74
2016.07.22 13:35:49.136,1.102,1.10201,2.06,1.18
2016.07.22 13:35:49.187,1.102,1.10201,2.06,1.34
2016.07.22 13:35:49.289,1.102,1.10202,2.06,1.74
2016.07.22 13:35:49.340,1.102,1.10202,2.06,2.41
2016.07.22 13:35:49.391,1.10201,1.10202,1.25,3.30
2016.07.22 13:35:49.442,1.102,1.10201,1.69,1.12
2016.07.22 13:35:49.573,1.10199,1.10201,1.00,2.25
2016.07.22 13:35:49.629,1.10199,1.102,1.00,1.50
2016.07.22 13:35:49.682,1.10198,1.102,1.69,2.28
2016.07.22 13:35:49.733,1.10198,1.102,1.69,1.53
2016.07.22 13:35:49.784,1.10199,1.102,1.00,2.81
2016.07.22 13:35:49.835,1.10199,1.102,1.00,4.31
2016.07.22 13:35:49.886,1.10199,1.102,1.00,4.12
2016.07.22 13:35:49.989,1.10199,1.10201,5.25,7.38
2016.07.22 13:35:50.041,1.102,1.10201,2.25,3.43
2016.07.22 13:35:50.092,1.102,1.10201,4.50,1.18
2016.07.22 13:35:50.144,1.10201,1.10204,1.00,5.75
2016.07.22 13:35:50.195,1.10201,1.10204,1.12,4.25
2016.07.22 13:35:50.247,1.10201,1.10204,2.44,3.88
2016.07.22 13:35:50.421,1.10202,1.10204,1.25,4.25
2016.07.22 13:35:50.472,1.10202,1.10204,1.25,4.18
2016.07.22 13:35:50.523,1.10202,1.10204,1.25,2.30
2016.07.22 13:35:50.575,1.10202,1.10204,1.25,1.93
2016.07.22 13:35:50.629,1.10202,1.10204,1.25,2.30
2016.07.22 13:35:50.782,1.10202,1.10204,1.25,1.93
2016.07.22 13:35:50.833,1.10202,1.10204,1.25,1.88
2016.07.22 13:35:50.884,1.10202,1.10204,1.25,2.25
2016.07.22 13:35:50.935,1.10202,1.10204,1.25,1.88
2016.07.22 13:35:50.986,1.10202,1.10204,1.25,1.13
2016.07.22 13:35:51.088,1.10202,1.10204,1.25,2.25
2016.07.22 13:35:51.139,1.10202,1.10204,1.25,3.00
2016.07.22 13:35:51.277,1.10201,1.10203,1.50,1.12
2016.07.22 13:35:51.329,1.10201,1.10203,1.50,1.87
2016.07.22 13:35:51.380,1.10201,1.10203,1.00,2.25
2016.07.22 13:35:51.431,1.10201,1.10202,1.00,1.00
2016.07.22 13:35:52.121,1.10201,1.10203,1.00,4.31
2016.07.22 13:35:52.223,1.10201,1.10203,1.00,4.50
2016.07.22 13:35:52.325,1.10201,1.10203,1.00,4.69
2016.07.22 13:35:52.427,1.10201,1.10202,1.00,1.00
2016.07.22 13:35:52.684,1.10201,1.10203,1.00,3.00
2016.07.22 13:35:52.773,1.10201,1.10202,1.00,1.50
2016.07.22 13:35:52.824,1.10201,1.10202,1.00,3.00
2016.07.22 13:35:52.926,1.10199,1.10201,3.67,1.00
2016.07.22 13:35:52.978,1.10199,1.10201,1.57,1.00
2016.07.22 13:35:53.080,1.102,1.10201,1.00,1.50
2016.07.22 13:35:53.131,1.102,1.10201,1.00,1.87
2016.07.22 13:35:53.183,1.10198,1.10201,2.66,1.87
2016.07.22 13:35:53.234,1.10198,1.102,1.76,1.00
2016.07.22 13:35:53.336,1.10198,1.102,1.76,1.12
2016.07.22 13:35:53.387,1.10198,1.102,1.76,1.00
2016.07.22 13:35:53.514,1.10199,1.102,1.30,1.00
2016.07.22 13:35:53.565,1.102,1.10201,1.50,1.00
2016.07.22 13:35:53.617,1.102,1.10203,1.00,5.14
2016.07.22 13:35:53.668,1.102,1.10203,1.00,5.06
2016.07.22 13:35:53.719,1.102,1.10203,1.00,4.69
2016.07.22 13:35:53.821,1.10199,1.10203,5.55,4.31
2016.07.22 13:35:53.872,1.10199,1.10203,7.05,4.31
2016.07.22 13:35:53.923,1.10199,1.10203,7.05,4.69
2016.07.22 13:35:53.975,1.10199,1.10203,5.55,4.69
2016.07.22 13:35:54.026,1.10199,1.10203,3.30,3.75
2016.07.22 13:35:54.127,1.10199,1.10203,5.55,4.69
2016.07.22 13:35:54.432,1.10199,1.10203,5.17,4.31
2016.07.22 13:35:54.534,1.10199,1.10203,2.92,3.37
2016.07.22 13:35:54.669,1.10199,1.10203,5.17,4.31
2016.07.22 13:35:54.822,1.10199,1.10203,5.17,3.94
2016.07.22 13:35:54.873,1.10199,1.10203,6.67,4.31
2016.07.22 13:35:55.025,1.10199,1.10203,6.67,4.69
2016.07.22 13:35:55.076,1.10199,1.10203,6.67,3.94
2016.07.22 13:35:55.177,1.10199,1.10203,4.57,4.69
2016.07.22 13:35:55.228,1.10199,1.10203,2.32,3.75
2016.07.22 13:35:55.343,1.10199,1.10203,4.57,4.69
2016.07.22 13:35:55.395,1.10199,1.10203,4.57,3.94
2016.07.22 13:35:55.447,1.10199,1.10202,2.32,1.00
2016.07.22 13:35:55.499,1.10199,1.10202,5.17,1.00
2016.07.22 13:35:55.550,1.10199,1.10203,3.67,4.31
2016.07.22 13:35:55.670,1.10199,1.10203,5.17,4.69
2016.07.22 13:35:55.721,1.10199,1.10203,4.20,3.94
2016.07.22 13:35:55.822,1.10199,1.10203,4.20,4.31
2016.07.22 13:35:55.873,1.10201,1.10203,1.00,4.31
2016.07.22 13:35:56.280,1.10201,1.10203,1.00,3.56
2016.07.22 13:35:56.330,1.10201,1.10203,1.00,2.81
2016.07.22 13:35:56.432,1.10201,1.10203,1.00,1.50
2016.07.22 13:35:56.534,1.10201,1.10203,1.00,1.87
2016.07.22 13:35:56.726,1.10201,1.10203,1.00,2.44
2016.07.22 13:35:56.777,1.10201,1.10203,1.00,2.81
2016.07.22 13:35:56.828,1.10201,1.10203,1.00,5.06
2016.07.22 13:35:56.981,1.10201,1.10203,1.00,6.56
2016.07.22 13:35:57.235,1.10201,1.10203,1.00,6.19
2016.07.22 13:35:58.258,1.10201,1.10203,1.00,4.69
2016.07.22 13:35:58.363,1.10201,1.10203,1.00,6.19
2016.07.22 13:35:58.466,1.10201,1.10203,1.00,4.69
2016.07.22 13:35:58.517,1.10201,1.10203,1.00,2.25
2016.07.22 13:35:58.656,1.10201,1.10203,1.00,4.69
2016.07.22 13:35:58.811,1.10201,1.10203,1.00,3.94
2016.07.22 13:35:59.329,1.10201,1.10203,1.00,3.37
2016.07.22 13:35:59.482,1.10201,1.10203,1.00,2.62
2016.07.22 13:35:59.620,1.10202,1.10203,1.35,1.87
2016.07.22 13:35:59.672,1.10203,1.10204,1.00,1.00
2016.07.22 13:35:59.723,1.10204,1.10205,1.00,5.25
2016.07.22 13:35:59.825,1.10204,1.10205,1.00,4.12
2016.07.22 13:35:59.877,1.10202,1.10205,1.91,4.12
2016.07.22 13:35:59.928,1.10202,1.10205,2.66,2.62
2016.07.22 13:35:59.979,1.10202,1.10205,3.41,1.96
2016.07.22 13:36:00.030,1.10202,1.10205,2.66,1.59
2016.07.22 13:36:00.132,1.10202,1.10205,2.66,1.12
2016.07.22 13:36:00.832,1.10202,1.10206,2.66,4.66
2016.07.22 13:36:00.934,1.10202,1.10205,2.66,1.12
2016.07.22 13:36:01.048,1.10202,1.10206,2.66,4.66
2016.07.22 13:36:01.241,1.10202,1.10205,3.41,1.12
2016.07.22 13:36:01.343,1.10202,1.10206,3.41,5.60
2016.07.22 13:36:01.395,1.10202,1.10206,4.91,5.60
2016.07.22 13:36:01.447,1.10204,1.10206,1.16,4.10
2016.07.22 13:36:01.498,1.10204,1.10206,3.41,4.01
2016.07.22 13:36:01.549,1.10205,1.10207,1.25,1.31
2016.07.22 13:36:01.600,1.10205,1.10207,1.25,1.25
2016.07.22 13:36:01.652,1.10205,1.10208,1.25,4.39
2016.07.22 13:36:01.702,1.10205,1.10208,1.25,2.89
2016.07.22 13:36:01.753,1.10204,1.10208,7.16,4.39
2016.07.22 13:36:01.804,1.10204,1.10208,7.33,4.39
2016.07.22 13:36:01.945,1.10204,1.10208,8.83,2.89
2016.07.22 13:36:02.250,1.10204,1.10208,7.33,1.95
2016.07.22 13:36:02.352,1.10205,1.10208,1.11,2.14
2016.07.22 13:36:02.403,1.10205,1.10208,1.86,2.14
2016.07.22 13:36:02.454,1.10205,1.10208,2.98,1.57
2016.07.22 13:36:02.505,1.10207,1.10209,1.00,6.19
2016.07.22 13:36:02.556,1.10207,1.10208,1.00,1.00
2016.07.22 13:36:03.142,1.10207,1.10209,1.00,4.95
2016.07.22 13:36:03.345,1.10207,1.10209,1.00,5.70
2016.07.22 13:36:03.396,1.10207,1.10209,1.00,6.07
2016.07.22 13:36:03.447,1.10207,1.10209,1.00,5.70
2016.07.22 13:36:03.498,1.10207,1.10209,1.00,5.32
2016.07.22 13:36:03.549,1.10207,1.10209,1.00,6.07
2016.07.22 13:36:03.651,1.10206,1.10207,1.50,1.00
2016.07.22 13:36:03.753,1.10207,1.10208,1.00,1.12
2016.07.22 13:36:03.854,1.10206,1.10208,1.00,2.06
2016.07.22 13:36:03.956,1.10206,1.10208,1.00,1.12
2016.07.22 13:36:04.074,1.10206,1.10208,1.00,1.50
2016.07.22 13:36:04.125,1.10206,1.10208,1.00,2.44
2016.07.22 13:36:04.177,1.10206,1.10208,1.00,2.81
2016.07.22 13:36:04.329,1.10205,1.10208,1.25,4.69
2016.07.22 13:36:04.431,1.10205,1.10208,1.25,4.76
2016.07.22 13:36:04.584,1.10205,1.10207,1.25,1.31
2016.07.22 13:36:04.687,1.10205,1.10207,1.25,1.69
2016.07.22 13:36:04.738,1.10205,1.10206,1.25,1.25
2016.07.22 13:36:04.789,1.10205,1.10206,1.00,1.25
2016.07.22 13:36:04.840,1.10205,1.10206,1.00,1.00
2016.07.22 13:36:04.891,1.10205,1.10206,1.00,1.12
2016.07.22 13:36:05.164,1.10205,1.10206,1.00,1.50
2016.07.22 13:36:05.215,1.10204,1.10205,1.25,1.00
2016.07.22 13:36:05.267,1.10204,1.10205,1.25,1.12
2016.07.22 13:36:05.319,1.10204,1.10205,1.25,1.87
2016.07.22 13:36:05.371,1.10203,1.10204,4.31,1.00
2016.07.22 13:36:05.422,1.10203,1.10205,3.87,6.45
2016.07.22 13:36:05.473,1.10202,1.10204,3.19,3.00
2016.07.22 13:36:05.525,1.10202,1.10204,1.00,3.56
2016.07.22 13:36:05.577,1.10202,1.10204,1.00,4.31
2016.07.22 13:36:05.628,1.10201,1.10202,2.44,1.00
2016.07.22 13:36:06.038,1.10202,1.10204,1.00,2.62
2016.07.22 13:36:06.141,1.10201,1.10202,2.44,1.12
2016.07.22 13:36:06.193,1.10201,1.10203,2.50,2.62
2016.07.22 13:36:06.245,1.10201,1.10202,1.50,2.25
2016.07.22 13:36:06.296,1.102,1.10202,1.69,4.87
2016.07.22 13:36:06.347,1.10199,1.10201,5.44,1.00
2016.07.22 13:36:06.484,1.102,1.10201,1.69,1.00
2016.07.22 13:36:06.535,1.102,1.10202,1.00,8.89
2016.07.22 13:36:06.637,1.10199,1.102,1.69,1.00
2016.07.22 13:36:06.994,1.102,1.10201,1.25,2.25
2016.07.22 13:36:07.197,1.102,1.10202,1.00,8.14
2016.07.22 13:36:07.248,1.102,1.10201,1.25,2.25
2016.07.22 13:36:08.914,1.102,1.10201,1.25,1.50
2016.07.22 13:36:09.068,1.102,1.10202,1.00,4.20
2016.07.22 13:36:09.170,1.102,1.10202,1.00,4.39
2016.07.22 13:36:09.721,1.10201,1.10202,1.00,4.39
2016.07.22 13:36:10.280,1.10201,1.10202,1.00,1.50
2016.07.22 13:36:10.579,1.10201,1.10202,1.00,1.87
2016.07.22 13:36:11.059,1.10201,1.10202,1.00,1.50
2016.07.22 13:36:11.262,1.10201,1.10202,1.00,1.87
2016.07.22 13:36:11.492,1.10201,1.10202,1.00,1.50
2016.07.22 13:36:11.645,1.10201,1.10202,1.00,1.00
2016.07.22 13:36:11.696,1.10201,1.10202,1.00,1.12
2016.07.22 13:36:11.900,1.10201,1.10202,1.00,1.00
2016.07.22 13:36:12.052,1.10201,1.10202,1.00,1.12
2016.07.22 13:36:13.896,1.10201,1.10202,1.00,2.25
2016.07.22 13:36:14.509,1.10201,1.10202,1.00,2.62
2016.07.22 13:36:14.560,1.10201,1.10202,1.00,2.81
2016.07.22 13:36:15.116,1.10201,1.10202,1.00,1.31
2016.07.22 13:36:15.219,1.10201,1.10203,1.00,9.19
2016.07.22 13:36:15.373,1.102,1.10201,1.25,1.00
2016.07.22 13:36:15.577,1.10201,1.10203,1.00,9.94
2016.07.22 13:36:15.720,1.10201,1.10203,1.00,9.56
2016.07.22 13:36:15.772,1.102,1.10202,1.25,5.06
2016.07.22 13:36:15.975,1.102,1.10202,1.25,5.44
2016.07.22 13:36:16.787,1.102,1.10202,1.25,4.50
2016.07.22 13:36:16.956,1.102,1.10202,1.25,5.44
2016.07.22 13:36:17.007,1.102,1.10202,1.25,6.56
2016.07.22 13:36:17.058,1.10199,1.10202,1.69,6.56
2016.07.22 13:36:17.110,1.10199,1.10202,1.69,5.06
2016.07.22 13:36:18.256,1.10199,1.10202,1.69,4.12
2016.07.22 13:36:18.307,1.10199,1.10202,1.69,5.06
2016.07.22 13:36:18.461,1.10199,1.10202,1.69,4.31
2016.07.22 13:36:18.564,1.10199,1.10202,2.44,5.06
2016.07.22 13:36:18.769,1.10199,1.10202,1.19,4.12
2016.07.22 13:36:18.821,1.10199,1.10202,1.00,4.50
2016.07.22 13:36:18.873,1.102,1.10201,1.50,1.12
2016.07.22 13:36:18.925,1.102,1.10201,3.75,1.00
2016.07.22 13:36:18.977,1.10201,1.10202,2.59,1.12
2016.07.22 13:36:19.029,1.10202,1.10203,1.50,1.00
2016.07.22 13:36:19.155,1.10203,1.10204,1.12,2.25
2016.07.22 13:36:19.207,1.10203,1.10205,3.97,2.25
2016.07.22 13:36:19.261,1.10204,1.10207,1.69,2.25
2016.07.22 13:36:19.312,1.10204,1.10206,1.69,1.00
2016.07.22 13:36:19.363,1.10204,1.10205,1.25,1.00
2016.07.22 13:36:19.414,1.10204,1.10206,1.25,1.12
2016.07.22 13:36:19.465,1.10203,1.10206,6.11,1.50
2016.07.22 13:36:19.618,1.10203,1.10206,5.36,1.50
2016.07.22 13:36:19.669,1.10203,1.10206,5.36,1.87
2016.07.22 13:36:19.770,1.10203,1.10206,4.61,1.50
2016.07.22 13:36:19.821,1.10203,1.10206,4.01,1.50
2016.07.22 13:36:19.872,1.10203,1.10206,4.01,1.00
2016.07.22 13:36:19.923,1.10203,1.10206,4.01,1.50
2016.07.22 13:36:19.974,1.10203,1.10206,2.51,3.37
2016.07.22 13:36:20.144,1.10203,1.10206,3.26,2.25
2016.07.22 13:36:20.195,1.10203,1.10206,3.26,3.75
2016.07.22 13:36:20.246,1.10203,1.10206,2.51,4.87
2016.07.22 13:36:20.399,1.10203,1.10206,2.44,4.50
2016.07.22 13:36:20.551,1.10203,1.10206,3.19,4.50
2016.07.22 13:36:20.602,1.10203,1.10206,3.19,3.75
2016.07.22 13:36:20.653,1.10203,1.10206,4.07,1.00
2016.07.22 13:36:20.704,1.10203,1.10206,3.13,1.00
2016.07.22 13:36:20.755,1.10203,1.10206,2.38,1.00
2016.07.22 13:36:20.806,1.10203,1.10206,5.38,1.50
2016.07.22 13:36:20.923,1.10204,1.10206,1.00,1.50
2016.07.22 13:36:20.974,1.10203,1.10206,4.63,1.50
2016.07.22 13:36:21.076,1.10203,1.10206,4.63,3.00
2016.07.22 13:36:21.127,1.10203,1.10206,3.13,3.00
2016.07.22 13:36:21.178,1.10203,1.10206,3.13,2.62
2016.07.22 13:36:21.281,1.10203,1.10206,3.13,2.81
2016.07.22 13:36:21.536,1.10203,1.10206,3.88,2.81
2016.07.22 13:36:21.680,1.10203,1.10206,2.38,1.87
2016.07.22 13:36:21.782,1.10203,1.10206,3.13,2.81
2016.07.22 13:36:21.885,1.10204,1.10206,1.00,2.81
2016.07.22 13:36:21.937,1.10204,1.10206,1.50,2.44
2016.07.22 13:36:21.988,1.10204,1.10206,2.25,2.25
2016.07.22 13:36:22.040,1.10204,1.10206,3.00,2.25
2016.07.22 13:36:22.193,1.10204,1.10206,3.00,1.50
2016.07.22 13:36:22.244,1.10204,1.10206,3.13,1.50
2016.07.22 13:36:22.295,1.10204,1.10206,2.38,1.50
2016.07.22 13:36:22.346,1.10204,1.10206,1.63,1.50
2016.07.22 13:36:22.498,1.10204,1.10206,2.38,1.50
2016.07.22 13:36:22.549,1.10204,1.10206,2.25,1.50
2016.07.22 13:36:22.601,1.10204,1.10205,2.25,3.00
2016.07.22 13:36:22.652,1.10199,1.10201,26.81,3.66
2016.07.22 13:36:22.762,1.102,1.10201,5.06,9.97
2016.07.22 13:36:22.814,1.10198,1.102,3.75,3.00
2016.07.22 13:36:22.865,1.10198,1.10199,3.75,1.12
2016.07.22 13:36:22.917,1.10197,1.10199,2.25,1.12
2016.07.22 13:36:22.968,1.10197,1.10199,3.00,2.62
2016.07.22 13:36:23.019,1.10197,1.10199,2.25,1.00
2016.07.22 13:36:23.071,1.10198,1.102,1.00,5.89
2016.07.22 13:36:23.123,1.10198,1.102,1.00,4.95
2016.07.22 13:36:23.174,1.10198,1.102,1.00,3.82
2016.07.22 13:36:23.225,1.10198,1.102,1.50,4.31
2016.07.22 13:36:23.276,1.10198,1.102,1.50,3.56
2016.07.22 13:36:23.328,1.10198,1.10199,1.50,1.00
2016.07.22 13:36:23.379,1.10198,1.10199,1.00,1.00
2016.07.22 13:36:23.512,1.10198,1.102,1.00,3.94
2016.07.22 13:36:23.564,1.10198,1.102,1.50,1.87
2016.07.22 13:36:23.615,1.10198,1.102,1.50,3.00
2016.07.22 13:36:23.666,1.10198,1.102,1.50,1.87
2016.07.22 13:36:23.717,1.10198,1.10199,1.50,1.00
2016.07.22 13:36:24.125,1.10198,1.10199,2.25,1.00
2016.07.22 13:36:24.176,1.10198,1.10199,3.00,1.00
2016.07.22 13:36:24.329,1.10199,1.10201,1.00,4.87
2016.07.22 13:36:24.380,1.10199,1.10201,1.00,5.81
2016.07.22 13:36:24.431,1.10199,1.102,1.00,1.00
2016.07.22 13:36:24.623,1.10198,1.102,3.00,1.00
2016.07.22 13:36:25.437,1.10198,1.102,2.25,1.00
2016.07.22 13:36:25.769,1.10198,1.102,3.00,1.00
2016.07.22 13:36:25.820,1.10198,1.102,2.25,1.00
2016.07.22 13:36:25.871,1.10199,1.102,1.00,1.00
2016.07.22 13:36:26.125,1.10199,1.102,1.50,1.00
2016.07.22 13:36:26.176,1.10199,1.102,2.25,1.00
2016.07.22 13:36:26.227,1.10201,1.10202,1.00,5.51
2016.07.22 13:36:26.278,1.102,1.10202,4.35,1.00
2016.07.22 13:36:26.329,1.10201,1.10203,1.00,1.50
2016.07.22 13:36:26.381,1.10201,1.10203,1.50,1.00
2016.07.22 13:36:26.433,1.10201,1.10204,1.50,3.82
2016.07.22 13:36:26.484,1.10201,1.10204,1.50,7.95
2016.07.22 13:36:26.663,1.10201,1.10204,1.00,7.95
2016.07.22 13:36:26.715,1.10201,1.10203,1.00,1.50
2016.07.22 13:36:26.766,1.10201,1.10203,1.00,1.87
2016.07.22 13:36:26.818,1.10201,1.10203,1.00,2.62
2016.07.22 13:36:26.868,1.10201,1.10203,1.00,3.45
2016.07.22 13:36:26.971,1.10201,1.10202,1.00,1.12
2016.07.22 13:36:27.226,1.102,1.10202,1.00,1.87
2016.07.22 13:36:27.329,1.102,1.10201,1.00,1.00
2016.07.22 13:36:27.532,1.102,1.10202,1.00,1.87
2016.07.22 13:36:27.675,1.102,1.10201,1.00,1.00
2016.07.22 13:36:29.104,1.102,1.10202,1.00,3.00
2016.07.22 13:36:29.206,1.102,1.10201,1.00,1.00
2016.07.22 13:36:29.716,1.102,1.10201,1.00,1.69
2016.07.22 13:36:29.767,1.102,1.10201,1.00,2.44
2016.07.22 13:36:29.852,1.102,1.10201,1.00,2.81
2016.07.22 13:36:29.904,1.10199,1.102,1.00,1.50
2016.07.22 13:36:29.955,1.10198,1.102,2.25,2.44
2016.07.22 13:36:30.006,1.10198,1.102,2.25,3.37
2016.07.22 13:36:30.057,1.10198,1.102,1.50,3.75
2016.07.22 13:36:30.108,1.10198,1.10199,1.50,1.00
2016.07.22 13:36:30.260,1.10197,1.10199,4.20,1.87
2016.07.22 13:36:30.311,1.10197,1.10198,2.70,1.12
2016.07.22 13:36:30.363,1.10196,1.10198,4.12,2.72
2016.07.22 13:36:30.414,1.10196,1.10197,1.12,1.69
2016.07.22 13:36:30.465,1.10195,1.10197,4.87,2.44
2016.07.22 13:36:30.516,1.10195,1.10197,3.37,1.50
2016.07.22 13:36:30.567,1.10196,1.10197,1.00,1.50
2016.07.22 13:36:30.618,1.10196,1.10197,1.00,3.00
2016.07.22 13:36:30.709,1.10196,1.10197,8.25,1.12
2016.07.22 13:36:30.760,1.10197,1.10198,1.00,1.00
2016.07.22 13:36:30.811,1.10197,1.10199,4.42,1.00
2016.07.22 13:36:30.863,1.10198,1.102,2.85,1.00
2016.07.22 13:36:30.915,1.102,1.10202,1.00,1.95
2016.07.22 13:36:30.966,1.10201,1.10203,1.50,2.32
2016.07.22 13:36:31.017,1.10201,1.10203,1.50,1.20
2016.07.22 13:36:31.069,1.10201,1.10203,1.50,1.12
2016.07.22 13:36:31.120,1.10201,1.10203,1.50,1.00
2016.07.22 13:36:31.171,1.10201,1.10203,1.00,1.00
2016.07.22 13:36:31.222,1.10201,1.10204,1.00,4.20
2016.07.22 13:36:31.273,1.10201,1.10204,1.50,4.20
2016.07.22 13:36:31.522,1.10201,1.10203,1.50,1.00
2016.07.22 13:36:31.829,1.10201,1.10204,1.50,3.26
2016.07.22 13:36:31.931,1.10201,1.10203,1.50,1.00
2016.07.22 13:36:32.540,1.10201,1.10203,1.50,1.50
2016.07.22 13:36:32.691,1.10201,1.10203,1.00,4.12
2016.07.22 13:36:32.744,1.102,1.10202,2.25,3.56
2016.07.22 13:36:32.795,1.102,1.10202,2.25,3.19
2016.07.22 13:36:32.846,1.102,1.10201,1.50,1.00
2016.07.22 13:36:32.948,1.102,1.10202,1.50,4.31
2016.07.22 13:36:32.999,1.102,1.10202,1.00,5.06
2016.07.22 13:36:33.050,1.102,1.10202,1.00,4.87
2016.07.22 13:36:33.101,1.102,1.10201,1.50,1.00
2016.07.22 13:36:33.152,1.102,1.10201,1.50,1.50
2016.07.22 13:36:33.203,1.102,1.10201,1.50,1.12
2016.07.22 13:36:33.540,1.102,1.10202,1.50,5.06
2016.07.22 13:36:33.743,1.102,1.10202,1.50,4.31
2016.07.22 13:36:34.149,1.102,1.10202,1.50,5.06
2016.07.22 13:36:34.583,1.102,1.10201,1.50,1.12
2016.07.22 13:36:34.888,1.102,1.10201,1.00,1.12
2016.07.22 13:36:34.939,1.10199,1.10201,1.50,1.87
2016.07.22 13:36:34.990,1.10199,1.10201,1.50,3.00
2016.07.22 13:36:35.041,1.10199,1.10201,2.25,3.56
2016.07.22 13:36:35.092,1.10199,1.10201,1.50,3.56
2016.07.22 13:36:35.143,1.10199,1.10201,1.50,4.31
2016.07.22 13:36:35.245,1.10199,1.102,1.50,1.00
2016.07.22 13:36:36.187,1.10199,1.102,1.00,1.00
2016.07.22 13:36:36.340,1.10199,1.102,1.50,1.00
2016.07.22 13:36:36.441,1.10199,1.102,2.25,1.00
2016.07.22 13:36:36.622,1.10199,1.102,1.50,1.50
2016.07.22 13:36:36.673,1.10199,1.10201,2.69,3.94
2016.07.22 13:36:36.725,1.102,1.10201,1.00,1.00
2016.07.22 13:36:36.776,1.10201,1.10202,1.50,1.25
2016.07.22 13:36:36.828,1.10201,1.10203,2.25,3.07
2016.07.22 13:36:36.930,1.10201,1.10203,1.50,3.07
2016.07.22 13:36:36.982,1.10201,1.10203,2.25,3.07
2016.07.22 13:36:37.033,1.10201,1.10203,2.25,1.57
2016.07.22 13:36:37.085,1.10202,1.10204,1.12,4.39
2016.07.22 13:36:37.136,1.10203,1.10204,1.12,1.57
2016.07.22 13:36:37.187,1.10203,1.10204,1.12,1.10
2016.07.22 13:36:37.321,1.10203,1.10205,1.50,1.87
2016.07.22 13:36:37.374,1.10203,1.10205,1.00,1.87
2016.07.22 13:36:37.426,1.10202,1.10205,4.50,2.25
2016.07.22 13:36:37.477,1.10202,1.10205,4.13,2.25
2016.07.22 13:36:37.528,1.10202,1.10205,3.38,1.50
2016.07.22 13:36:37.631,1.10202,1.10205,4.13,2.25
2016.07.22 13:36:37.682,1.10202,1.10205,4.88,2.25
2016.07.22 13:36:37.834,1.10202,1.10204,4.88,1.00
2016.07.22 13:36:37.885,1.10202,1.10204,1.00,1.00
2016.07.22 13:36:37.937,1.10201,1.10204,4.76,1.35
2016.07.22 13:36:37.988,1.10202,1.10204,1.00,1.35
2016.07.22 13:36:38.039,1.10202,1.10203,1.00,1.00
2016.07.22 13:36:38.090,1.10202,1.10203,1.00,1.50
2016.07.22 13:36:38.229,1.10201,1.10203,1.12,2.10
2016.07.22 13:36:38.280,1.102,1.10203,6.26,2.10
2016.07.22 13:36:38.331,1.102,1.10203,6.94,2.66
2016.07.22 13:36:38.383,1.10201,1.10203,1.12,2.66
2016.07.22 13:36:38.434,1.10201,1.10203,1.12,3.41
2016.07.22 13:36:38.485,1.10201,1.10203,1.12,4.91
2016.07.22 13:36:38.587,1.10201,1.10203,1.12,4.31
2016.07.22 13:36:38.638,1.10201,1.10203,1.12,3.37
2016.07.22 13:36:38.690,1.10201,1.10203,2.25,1.50
2016.07.22 13:36:38.741,1.10201,1.10204,3.00,2.44
2016.07.22 13:36:38.793,1.10201,1.10204,3.00,1.69
2016.07.22 13:36:39.114,1.10201,1.10204,3.00,2.06
2016.07.22 13:36:39.166,1.10201,1.10204,3.00,2.66
2016.07.22 13:36:39.218,1.10201,1.10203,1.87,1.12
2016.07.22 13:36:39.269,1.10201,1.10203,1.12,1.12
2016.07.22 13:36:39.372,1.10201,1.10202,1.12,1.00
2016.07.22 13:36:39.475,1.10201,1.10203,1.12,1.50
2016.07.22 13:36:39.527,1.10201,1.10203,1.00,1.50
2016.07.22 13:36:39.579,1.10201,1.10203,1.50,1.00
2016.07.22 13:36:39.630,1.10199,1.10201,13.01,2.87
2016.07.22 13:36:39.682,1.10199,1.10201,12.26,2.87
2016.07.22 13:36:39.735,1.102,1.10202,2.50,7.91
2016.07.22 13:36:39.786,1.10199,1.10201,1.00,2.85
2016.07.22 13:36:39.838,1.10198,1.10201,1.00,4.91
2016.07.22 13:36:39.947,1.10197,1.10199,3.19,1.50
2016.07.22 13:36:39.998,1.10197,1.10199,1.00,1.50
2016.07.22 13:36:40.049,1.10196,1.10199,2.70,2.06
2016.07.22 13:36:40.100,1.10196,1.10199,1.95,2.06
2016.07.22 13:36:40.151,1.10196,1.10199,1.57,2.44
2016.07.22 13:36:40.304,1.10196,1.10199,2.32,2.44
2016.07.22 13:36:40.356,1.10196,1.10199,2.32,2.25
2016.07.22 13:36:40.458,1.10196,1.10199,2.32,2.44
2016.07.22 13:36:40.509,1.10196,1.10199,1.57,2.44
2016.07.22 13:36:40.560,1.10196,1.10199,1.95,3.19
2016.07.22 13:36:40.662,1.10196,1.10199,1.57,1.50
2016.07.22 13:36:40.764,1.10196,1.10199,1.57,3.19
2016.07.22 13:36:40.908,1.10196,1.10198,1.57,1.00
2016.07.22 13:36:40.959,1.10196,1.10198,1.50,1.00
2016.07.22 13:36:41.365,1.10196,1.10198,1.00,1.00
2016.07.22 13:36:41.518,1.10196,1.10199,1.50,3.94
2016.07.22 13:36:41.572,1.10197,1.10199,1.50,3.00
2016.07.22 13:36:41.623,1.10197,1.10199,1.50,1.87
2016.07.22 13:36:41.675,1.10197,1.102,1.50,7.39
2016.07.22 13:36:41.726,1.10197,1.10199,1.50,1.50
2016.07.22 13:36:41.777,1.10197,1.10198,1.00,1.00
2016.07.22 13:36:42.055,1.10196,1.10198,1.50,1.00
2016.07.22 13:36:42.157,1.10196,1.10198,1.50,1.31
2016.07.22 13:36:42.361,1.10197,1.10198,1.00,1.12
2016.07.22 13:36:42.463,1.10197,1.10198,1.00,1.31
2016.07.22 13:36:42.970,1.10197,1.10198,1.00,1.12
2016.07.22 13:36:43.134,1.10197,1.10198,1.00,2.06
2016.07.22 13:36:43.187,1.10197,1.10198,1.00,1.31
2016.07.22 13:36:43.289,1.10196,1.10197,1.50,1.00
2016.07.22 13:36:43.391,1.10196,1.10198,1.50,2.62
2016.07.22 13:36:43.494,1.10196,1.10198,1.00,2.62
2016.07.22 13:36:43.596,1.10196,1.10198,1.50,2.62
2016.07.22 13:36:43.647,1.10196,1.10198,2.25,2.62
2016.07.22 13:36:43.698,1.10196,1.10198,1.50,2.62
2016.07.22 13:36:44.277,1.10196,1.10198,1.50,1.87
2016.07.22 13:36:44.329,1.10196,1.10198,1.87,1.87
2016.07.22 13:36:44.380,1.10196,1.10198,1.12,1.87
2016.07.22 13:36:44.710,1.10196,1.10198,1.12,1.12
2016.07.22 13:36:44.761,1.10197,1.10199,1.50,2.25
2016.07.22 13:36:44.812,1.10197,1.10199,1.87,1.50
2016.07.22 13:36:44.864,1.10198,1.102,1.00,4.01
2016.07.22 13:36:44.914,1.10198,1.102,1.00,3.00
2016.07.22 13:36:44.966,1.10197,1.10199,3.00,1.00
2016.07.22 13:36:45.068,1.10197,1.102,3.75,1.00
2016.07.22 13:36:45.169,1.10199,1.10201,1.00,1.95
2016.07.22 13:36:45.221,1.10199,1.10201,1.00,1.57
2016.07.22 13:36:45.272,1.10199,1.10201,1.00,3.26
2016.07.22 13:36:45.504,1.10197,1.10199,3.37,1.37
2016.07.22 13:36:45.556,1.10196,1.10197,3.07,1.00
2016.07.22 13:36:45.607,1.10196,1.10197,2.32,1.00
2016.07.22 13:36:45.659,1.10196,1.10197,2.62,1.50
2016.07.22 13:36:45.761,1.10196,1.10197,1.00,1.50
2016.07.22 13:36:45.966,1.10196,1.10197,1.00,2.44
2016.07.22 13:36:46.068,1.10195,1.10197,2.32,2.44
2016.07.22 13:36:46.119,1.10195,1.10197,1.00,2.44
2016.07.22 13:36:46.170,1.10194,1.10197,1.87,2.25
2016.07.22 13:36:46.354,1.10194,1.10196,1.00,1.00
2016.07.22 13:36:46.457,1.10194,1.10196,1.50,1.50
2016.07.22 13:36:46.509,1.10194,1.10196,3.37,1.00
2016.07.22 13:36:46.561,1.10195,1.10196,1.50,1.00
2016.07.22 13:36:46.613,1.10195,1.10196,2.25,1.00
2016.07.22 13:36:46.665,1.10195,1.10197,3.75,1.00
2016.07.22 13:36:46.717,1.10196,1.10197,1.00,1.00
2016.07.22 13:36:46.770,1.10196,1.10199,2.06,3.26
2016.07.22 13:36:46.821,1.10196,1.10199,1.25,3.26
2016.07.22 13:36:46.872,1.10196,1.10199,1.25,2.51
2016.07.22 13:36:47.005,1.10197,1.10199,1.00,1.76
2016.07.22 13:36:47.057,1.10198,1.10199,1.00,1.76
2016.07.22 13:36:47.159,1.10197,1.10198,1.00,1.00
2016.07.22 13:36:47.210,1.10197,1.10198,1.50,1.00
2016.07.22 13:36:47.262,1.10197,1.10198,1.00,1.50
2016.07.22 13:36:47.313,1.10195,1.10197,5.62,1.00
2016.07.22 13:36:47.365,1.10195,1.10197,3.75,1.00
2016.07.22 13:36:47.416,1.10195,1.10196,1.00,1.00
2016.07.22 13:36:47.519,1.10195,1.10197,1.00,1.50
2016.07.22 13:36:47.702,1.10195,1.10197,1.00,2.44
2016.07.22 13:36:47.755,1.10195,1.10196,1.00,1.00
2016.07.22 13:36:47.857,1.10195,1.10197,1.00,2.44
2016.07.22 13:36:47.908,1.10195,1.10197,1.00,3.19
2016.07.22 13:36:47.959,1.10195,1.10196,1.00,1.00
2016.07.22 13:36:48.266,1.10195,1.10196,1.00,1.50
2016.07.22 13:36:50.674,1.10195,1.10196,1.00,1.87
2016.07.22 13:36:50.855,1.10194,1.10196,2.25,1.12
2016.07.22 13:36:50.906,1.10194,1.10196,2.25,1.50
2016.07.22 13:36:50.957,1.10194,1.10196,2.25,1.00
2016.07.22 13:36:51.264,1.10194,1.10196,1.87,1.00
2016.07.22 13:36:51.366,1.10194,1.10197,2.62,1.00
2016.07.22 13:36:51.417,1.10195,1.10197,1.87,1.00
2016.07.22 13:36:51.468,1.10195,1.10197,2.62,1.00
2016.07.22 13:36:51.814,1.10195,1.10197,2.62,1.50
2016.07.22 13:36:51.865,1.10196,1.10197,1.00,1.00
2016.07.22 13:36:51.969,1.10196,1.10198,2.25,1.00
2016.07.22 13:36:52.020,1.10197,1.10198,1.00,1.00
2016.07.22 13:36:52.071,1.10197,1.10199,1.00,1.12
2016.07.22 13:36:53.921,1.10197,1.10199,1.00,1.87
2016.07.22 13:36:54.778,1.10197,1.10199,1.00,1.12
2016.07.22 13:36:55.541,1.10198,1.102,1.00,7.20
2016.07.22 13:36:55.592,1.10199,1.102,1.50,5.32
2016.07.22 13:36:55.643,1.102,1.10202,1.00,12.37
2016.07.22 13:36:55.694,1.10201,1.10202,1.12,1.12
2016.07.22 13:36:55.843,1.10202,1.10203,1.00,1.00
2016.07.22 13:36:55.997,1.10202,1.10204,1.00,2.25
2016.07.22 13:36:56.152,1.10202,1.10204,1.23,2.25
2016.07.22 13:36:56.254,1.10201,1.10204,5.05,2.25
2016.07.22 13:36:56.305,1.10201,1.10204,3.93,1.00
2016.07.22 13:36:56.407,1.10201,1.10204,3.55,1.12
2016.07.22 13:36:56.674,1.10201,1.10204,4.30,2.62
2016.07.22 13:36:56.725,1.10201,1.10204,3.93,2.62
2016.07.22 13:36:56.981,1.10201,1.10204,3.18,1.12
2016.07.22 13:36:57.082,1.10201,1.10204,3.93,2.62
2016.07.22 13:36:57.388,1.10201,1.10204,3.18,1.12
2016.07.22 13:36:57.490,1.10201,1.10204,3.93,2.62
2016.07.22 13:36:58.394,1.10201,1.10204,3.18,6.19
2016.07.22 13:36:58.446,1.102,1.10202,8.43,2.85
2016.07.22 13:36:58.499,1.102,1.10201,4.22,1.35
2016.07.22 13:36:58.550,1.10199,1.10201,2.62,1.35
2016.07.22 13:36:58.601,1.10198,1.102,1.20,6.22
2016.07.22 13:36:58.720,1.10197,1.10198,2.06,3.56
2016.07.22 13:36:58.771,1.10195,1.10197,1.50,1.00
2016.07.22 13:36:58.823,1.10195,1.10197,1.00,1.00
2016.07.22 13:36:58.874,1.10194,1.10196,1.50,1.00
2016.07.22 13:36:58.925,1.10193,1.10196,4.12,1.00
2016.07.22 13:36:58.977,1.10193,1.10196,2.62,1.00
2016.07.22 13:36:59.081,1.10193,1.10196,1.50,1.00
2016.07.22 13:36:59.517,1.10194,1.10196,1.00,1.00
2016.07.22 13:37:00.026,1.10194,1.10195,1.00,1.00
2016.07.22 13:37:00.077,1.10194,1.10195,1.00,1.12
2016.07.22 13:37:00.128,1.10193,1.10195,1.65,1.12
2016.07.22 13:37:00.179,1.10192,1.10196,2.90,5.92
2016.07.22 13:37:00.230,1.10192,1.10196,1.78,6.67
2016.07.22 13:37:00.325,1.10192,1.10195,1.78,2.44
2016.07.22 13:37:00.376,1.10192,1.10195,2.15,3.56
2016.07.22 13:37:00.430,1.10192,1.10195,2.15,5.81
2016.07.22 13:37:00.534,1.10192,1.10195,2.15,5.06
2016.07.22 13:37:00.585,1.10192,1.10195,2.15,4.31
2016.07.22 13:37:01.282,1.10192,1.10195,1.50,2.44
2016.07.22 13:37:01.334,1.10192,1.10195,2.15,4.31
2016.07.22 13:37:01.436,1.10192,1.10195,2.15,3.37
2016.07.22 13:37:01.741,1.10192,1.10195,2.15,4.31
2016.07.22 13:37:01.893,1.10192,1.10195,2.15,4.12
2016.07.22 13:37:01.995,1.10192,1.10195,2.15,4.31
2016.07.22 13:37:02.097,1.10192,1.10195,1.50,3.37
2016.07.22 13:37:02.199,1.10192,1.10195,2.15,4.31
2016.07.22 13:37:02.301,1.10192,1.10195,1.50,3.56
2016.07.22 13:37:02.545,1.10192,1.10195,2.15,3.56
2016.07.22 13:37:02.647,1.10192,1.10195,2.15,2.06
2016.07.22 13:37:02.800,1.10192,1.10195,2.15,1.69
2016.07.22 13:37:02.851,1.10192,1.10195,2.15,1.50
2016.07.22 13:37:02.953,1.10192,1.10195,2.15,2.25
2016.07.22 13:37:03.661,1.10192,1.10195,2.15,1.50
2016.07.22 13:37:03.847,1.10192,1.10195,2.15,2.25
2016.07.22 13:37:04.151,1.10192,1.10195,1.50,2.25
2016.07.22 13:37:04.253,1.10192,1.10195,1.50,1.50
2016.07.22 13:37:04.681,1.10192,1.10195,1.87,1.50
2016.07.22 13:37:04.733,1.10192,1.10195,2.53,1.50
2016.07.22 13:37:04.784,1.10192,1.10195,3.28,1.12
2016.07.22 13:37:04.886,1.10192,1.10195,4.03,1.12
2016.07.22 13:37:04.937,1.10193,1.10195,1.65,1.12
2016.07.22 13:37:05.039,1.10194,1.10195,1.40,1.12
2016.07.22 13:37:05.141,1.10193,1.10195,1.00,1.12
2016.07.22 13:37:05.243,1.10194,1.10195,1.40,1.12
2016.07.22 13:37:05.345,1.10194,1.10195,1.00,1.12
2016.07.22 13:37:05.650,1.10193,1.10195,1.40,1.12
2016.07.22 13:37:05.768,1.10193,1.10196,2.15,3.45
2016.07.22 13:37:05.827,1.10193,1.10196,2.53,3.07
2016.07.22 13:37:05.879,1.10193,1.10196,2.53,4.95
2016.07.22 13:37:05.931,1.10193,1.10196,1.87,4.95
2016.07.22 13:37:05.983,1.10193,1.10196,1.87,3.82
2016.07.22 13:37:06.034,1.10193,1.10195,2.15,1.00
2016.07.22 13:37:06.642,1.10193,1.10195,1.40,1.00
2016.07.22 13:37:07.470,1.10193,1.10195,1.00,1.00
2016.07.22 13:37:07.615,1.10193,1.10195,1.40,1.00
2016.07.22 13:37:07.870,1.10192,1.10195,2.15,1.50
2016.07.22 13:37:07.921,1.10192,1.10195,2.15,2.62
2016.07.22 13:37:07.972,1.10192,1.10194,1.50,1.00
2016.07.22 13:37:08.074,1.10192,1.10195,1.00,4.87
2016.07.22 13:37:08.175,1.10192,1.10194,2.15,1.00
2016.07.22 13:37:08.227,1.10192,1.10195,2.15,2.62
2016.07.22 13:37:08.279,1.10193,1.10195,1.00,1.12
2016.07.22 13:37:09.535,1.10194,1.10195,1.00,1.12
2016.07.22 13:37:09.919,1.10194,1.10195,1.00,1.50
2016.07.22 13:37:09.970,1.10193,1.10195,1.12,1.50
2016.07.22 13:37:10.022,1.10193,1.10195,1.00,1.00
2016.07.22 13:37:10.074,1.10193,1.10195,2.25,1.00
2016.07.22 13:37:10.127,1.10193,1.10195,3.00,1.00
2016.07.22 13:37:10.180,1.10193,1.10195,4.40,1.00
2016.07.22 13:37:10.282,1.10194,1.10195,2.25,1.00
2016.07.22 13:37:10.333,1.10194,1.10195,2.62,1.00
2016.07.22 13:37:10.384,1.10194,1.10196,3.00,1.00
2016.07.22 13:37:10.520,1.10194,1.10197,5.25,2.06
2016.07.22 13:37:10.572,1.10194,1.10197,4.12,1.12
2016.07.22 13:37:10.829,1.10194,1.10197,4.12,1.87
2016.07.22 13:37:10.880,1.10194,1.10197,4.12,2.62
2016.07.22 13:37:10.931,1.10194,1.10196,4.12,1.00
2016.07.22 13:37:11.556,1.10194,1.10196,4.12,1.50
2016.07.22 13:37:11.607,1.10194,1.10196,3.37,1.50
2016.07.22 13:37:11.658,1.10194,1.10196,2.62,1.00
2016.07.22 13:37:11.861,1.10194,1.10196,3.37,1.00
2016.07.22 13:37:12.419,1.10194,1.10196,3.00,1.00
2016.07.22 13:37:13.181,1.10194,1.10196,2.25,1.00
2016.07.22 13:37:14.533,1.10194,1.10196,1.50,1.00
2016.07.22 13:37:14.960,1.10193,1.10196,3.00,2.06
2016.07.22 13:37:15.011,1.10193,1.10196,1.50,3.41
2016.07.22 13:37:15.062,1.10193,1.10196,1.00,3.41
2016.07.22 13:37:15.113,1.10193,1.10196,1.00,4.35
2016.07.22 13:37:15.165,1.10193,1.10196,1.00,6.41
2016.07.22 13:37:15.216,1.10193,1.10195,1.00,1.25
2016.07.22 13:37:15.267,1.10193,1.10195,1.50,1.31
2016.07.22 13:37:15.318,1.10193,1.10195,1.87,1.25
2016.07.22 13:37:15.369,1.10193,1.10196,1.87,4.87
2016.07.22 13:37:15.420,1.10193,1.10196,1.50,6.94
2016.07.22 13:37:15.473,1.10194,1.10196,1.00,6.37
2016.07.22 13:37:15.524,1.10194,1.10195,1.00,1.00
2016.07.22 13:37:15.576,1.10194,1.10196,1.00,2.44
2016.07.22 13:37:15.813,1.10194,1.10196,1.00,3.56
2016.07.22 13:37:15.865,1.10194,1.10196,1.00,4.31
2016.07.22 13:37:15.916,1.10194,1.10196,1.00,3.19
2016.07.22 13:37:15.967,1.10194,1.10195,1.00,1.00
2016.07.22 13:37:16.018,1.10194,1.10196,1.00,4.50
2016.07.22 13:37:16.070,1.10194,1.10196,1.00,5.06
2016.07.22 13:37:16.121,1.10194,1.10195,1.00,1.25
2016.07.22 13:37:16.173,1.10193,1.10195,1.50,1.31
2016.07.22 13:37:16.326,1.10193,1.10195,1.50,1.12
2016.07.22 13:37:16.377,1.10193,1.10195,1.50,1.00
2016.07.22 13:37:16.544,1.10193,1.10196,1.50,3.94
2016.07.22 13:37:16.900,1.10193,1.10196,1.00,3.75
2016.07.22 13:37:17.002,1.10193,1.10196,1.50,3.94
2016.07.22 13:37:17.206,1.10193,1.10196,2.25,3.94
2016.07.22 13:37:17.257,1.10193,1.10196,1.50,3.75
2016.07.22 13:37:17.359,1.10193,1.10196,2.25,3.94
2016.07.22 13:37:17.509,1.10193,1.10196,1.50,3.94
2016.07.22 13:37:18.899,1.10193,1.10196,2.25,2.81
2016.07.22 13:37:19.001,1.10193,1.10196,1.50,3.94
2016.07.22 13:37:19.052,1.10193,1.10196,1.50,4.12
2016.07.22 13:37:19.103,1.10193,1.10196,1.50,4.31
2016.07.22 13:37:19.307,1.10193,1.10196,1.00,4.31
2016.07.22 13:37:19.409,1.10193,1.10196,1.50,4.31
2016.07.22 13:37:19.797,1.10193,1.10196,1.50,3.19
2016.07.22 13:37:19.899,1.10193,1.10196,1.00,4.31
2016.07.22 13:37:20.001,1.10193,1.10196,1.00,5.06
2016.07.22 13:37:20.102,1.10193,1.10196,1.00,4.31
2016.07.22 13:37:20.205,1.10193,1.10196,1.00,5.06
2016.07.22 13:37:20.549,1.10193,1.10195,1.00,2.44
2016.07.22 13:37:20.601,1.10192,1.10194,2.92,1.12
2016.07.22 13:37:20.653,1.10192,1.10194,2.10,2.85
2016.07.22 13:37:20.704,1.10192,1.10194,1.00,3.04
2016.07.22 13:37:20.756,1.10192,1.10194,1.00,2.66
2016.07.22 13:37:20.863,1.10192,1.10194,1.00,2.06
2016.07.22 13:37:20.914,1.10192,1.10194,1.00,1.12
2016.07.22 13:37:20.965,1.10193,1.10194,1.00,1.12
2016.07.22 13:37:21.016,1.10193,1.10194,1.00,1.50
2016.07.22 13:37:21.067,1.10193,1.10194,1.00,1.00
2016.07.22 13:37:21.118,1.10193,1.10195,1.35,3.45
2016.07.22 13:37:21.169,1.10193,1.10195,1.35,2.70
2016.07.22 13:37:21.220,1.10193,1.10195,1.35,3.00
2016.07.22 13:37:21.357,1.10193,1.10195,1.00,1.87
2016.07.22 13:37:21.410,1.10193,1.10195,1.00,2.44
2016.07.22 13:37:21.461,1.10193,1.10195,1.00,1.69
2016.07.22 13:37:21.570,1.10193,1.10195,1.00,2.25
2016.07.22 13:37:21.628,1.10193,1.10195,1.00,2.62
2016.07.22 13:37:21.981,1.10193,1.10195,1.00,1.69
2016.07.22 13:37:22.083,1.10193,1.10195,1.00,2.62
2016.07.22 13:37:22.240,1.10193,1.10195,1.00,2.25
2016.07.22 13:37:22.648,1.10193,1.10195,1.00,2.06
2016.07.22 13:37:22.750,1.10193,1.10195,1.00,2.25
2016.07.22 13:37:23.522,1.10193,1.10195,1.00,2.06
2016.07.22 13:37:23.624,1.10193,1.10195,1.00,2.25
2016.07.22 13:37:23.827,1.10193,1.10195,1.00,2.06
2016.07.22 13:37:23.930,1.10193,1.10195,1.00,2.25
2016.07.22 13:37:23.981,1.10193,1.10195,1.00,1.69
2016.07.22 13:37:24.032,1.10193,1.10195,1.50,1.69
2016.07.22 13:37:24.084,1.10193,1.10195,3.22,1.25
2016.07.22 13:37:24.169,1.10194,1.10195,1.00,1.25
2016.07.22 13:37:24.226,1.10194,1.10195,2.10,1.25
2016.07.22 13:37:24.277,1.10194,1.10195,2.10,1.00
2016.07.22 13:37:24.379,1.10194,1.10196,2.10,1.50
2016.07.22 13:37:24.431,1.10194,1.10196,2.10,2.25
2016.07.22 13:37:24.483,1.10194,1.10196,1.50,2.25
2016.07.22 13:37:24.535,1.10194,1.10195,1.50,1.00
2016.07.22 13:37:24.638,1.10194,1.10195,1.00,1.00
2016.07.22 13:37:24.947,1.10194,1.10195,1.50,1.00
2016.07.22 13:37:24.998,1.10194,1.10197,1.50,4.20
2016.07.22 13:37:25.115,1.10194,1.10196,1.50,1.00
2016.07.22 13:37:25.167,1.10194,1.10196,1.87,1.00
2016.07.22 13:37:25.677,1.10194,1.10198,3.00,6.00
2016.07.22 13:37:25.728,1.10195,1.10198,1.30,5.25
2016.07.22 13:37:25.780,1.10194,1.10198,5.47,5.62
2016.07.22 13:37:25.831,1.10194,1.10198,5.47,6.00
2016.07.22 13:37:25.882,1.10194,1.10198,4.72,5.81
2016.07.22 13:37:25.933,1.10194,1.10197,4.35,1.69
2016.07.22 13:37:26.023,1.10194,1.10197,4.72,1.69
2016.07.22 13:37:26.075,1.10194,1.10196,5.10,1.00
2016.07.22 13:37:26.127,1.10194,1.10196,4.72,1.00
2016.07.22 13:37:26.179,1.10194,1.10196,5.10,1.00
2016.07.22 13:37:26.281,1.10194,1.10197,4.35,2.44
2016.07.22 13:37:26.333,1.10194,1.10197,4.35,1.69
2016.07.22 13:37:26.384,1.10194,1.10197,4.72,1.25
2016.07.22 13:37:27.007,1.10194,1.10197,5.47,1.25
2016.07.22 13:37:27.058,1.10194,1.10197,5.10,1.25
2016.07.22 13:37:27.160,1.10194,1.10197,4.35,1.25
2016.07.22 13:37:27.262,1.10194,1.10197,2.85,1.25
2016.07.22 13:37:27.925,1.10194,1.10197,2.85,1.00
2016.07.22 13:37:28.075,1.10194,1.10197,2.10,2.47
2016.07.22 13:37:28.126,1.10194,1.10197,1.35,2.92
2016.07.22 13:37:28.229,1.10194,1.10197,1.00,3.67
2016.07.22 13:37:28.281,1.10194,1.10197,1.00,4.05
2016.07.22 13:37:28.332,1.10194,1.10196,1.35,1.50
2016.07.22 13:37:28.434,1.10194,1.10196,1.00,1.00
2016.07.22 13:37:28.536,1.10194,1.10196,1.35,1.00
2016.07.22 13:37:28.587,1.10194,1.10197,1.35,4.95
2016.07.22 13:37:28.639,1.10194,1.10197,2.10,3.07
2016.07.22 13:37:28.690,1.10194,1.10197,2.10,2.55
2016.07.22 13:37:28.816,1.10194,1.10197,1.12,5.55
2016.07.22 13:37:28.867,1.10194,1.10197,1.00,9.49
2016.07.22 13:37:28.918,1.10194,1.10196,1.00,1.00
2016.07.22 13:37:28.969,1.10194,1.10196,1.00,1.12
2016.07.22 13:37:29.020,1.10194,1.10196,1.00,1.31
2016.07.22 13:37:29.071,1.10194,1.10195,1.00,1.00
2016.07.22 13:37:29.275,1.10194,1.10196,1.00,1.25
2016.07.22 13:37:29.325,1.10194,1.10196,1.00,4.31
2016.07.22 13:37:29.377,1.10193,1.10194,1.35,1.72
2016.07.22 13:37:29.439,1.10192,1.10194,2.51,3.22
2016.07.22 13:37:29.491,1.1019,1.10193,6.37,2.10
2016.07.22 13:37:29.543,1.10191,1.10193,1.00,2.10
2016.07.22 13:37:29.648,1.10191,1.10193,1.00,1.50
2016.07.22 13:37:29.699,1.10191,1.10193,1.50,1.12
2016.07.22 13:37:29.750,1.10191,1.10193,1.00,1.12
2016.07.22 13:37:29.801,1.10191,1.10193,1.50,1.00
2016.07.22 13:37:29.954,1.10191,1.10194,1.50,5.17
2016.07.22 13:37:30.005,1.10191,1.10194,1.50,4.80
2016.07.22 13:37:30.209,1.10191,1.10194,1.50,4.05
2016.07.22 13:37:30.260,1.10191,1.10194,1.87,4.05
2016.07.22 13:37:30.311,1.10191,1.10194,1.87,3.67
2016.07.22 13:37:30.362,1.10191,1.10194,1.50,3.67
2016.07.22 13:37:30.413,1.10191,1.10194,1.50,2.36
2016.07.22 13:37:30.639,1.10191,1.10194,1.50,2.55
2016.07.22 13:37:30.792,1.10191,1.10194,1.50,1.39
2016.07.22 13:37:31.046,1.10191,1.10194,1.50,1.76
2016.07.22 13:37:31.097,1.10191,1.10194,2.25,2.32
2016.07.22 13:37:31.148,1.10191,1.10194,2.62,1.95
2016.07.22 13:37:31.199,1.10191,1.10194,2.62,1.57
2016.07.22 13:37:31.353,1.10191,1.10194,2.25,1.57
2016.07.22 13:37:31.490,1.10191,1.10194,2.25,1.10
2016.07.22 13:37:31.541,1.10191,1.10195,1.50,9.79
2016.07.22 13:37:31.644,1.10191,1.10194,2.25,1.10
2016.07.22 13:37:32.110,1.10191,1.10195,1.50,9.79
2016.07.22 13:37:32.212,1.10191,1.10194,2.25,1.10
2016.07.22 13:37:32.734,1.10191,1.10194,3.00,1.10
2016.07.22 13:37:32.785,1.10191,1.10194,3.45,1.10
2016.07.22 13:37:32.836,1.10191,1.10194,5.85,1.10
2016.07.22 13:37:32.887,1.10191,1.10194,5.47,1.00
2016.07.22 13:37:32.938,1.10191,1.10194,4.95,1.00
2016.07.22 13:37:33.041,1.10192,1.10194,1.00,2.47
2016.07.22 13:37:33.092,1.10193,1.10194,1.00,5.10
2016.07.22 13:37:33.143,1.10192,1.10194,1.00,3.94
2016.07.22 13:37:33.194,1.10192,1.10193,1.00,1.00
2016.07.22 13:37:33.245,1.10192,1.10193,1.50,1.00
2016.07.22 13:37:33.348,1.10192,1.10193,2.25,1.00
2016.07.22 13:37:33.399,1.10192,1.10193,1.50,1.00
2016.07.22 13:37:33.450,1.10192,1.10193,1.00,1.00
2016.07.22 13:37:34.322,1.10192,1.10193,1.00,1.12
2016.07.22 13:37:34.501,1.10191,1.10193,4.50,1.12
2016.07.22 13:37:34.553,1.10191,1.10193,3.75,1.12
2016.07.22 13:37:34.604,1.10191,1.10193,3.00,1.12
2016.07.22 13:37:34.757,1.10191,1.10193,1.50,1.12
2016.07.22 13:37:34.809,1.10191,1.10193,1.50,1.00
2016.07.22 13:37:34.860,1.10191,1.10193,1.50,1.50
2016.07.22 13:37:34.912,1.10191,1.10193,1.50,1.87
2016.07.22 13:37:34.963,1.10191,1.10193,1.50,1.12
2016.07.22 13:37:35.502,1.10191,1.10193,2.25,1.12
2016.07.22 13:37:35.553,1.10191,1.10193,1.50,1.12
2016.07.22 13:37:35.605,1.10191,1.10193,2.25,1.00
2016.07.22 13:37:35.657,1.10191,1.10193,1.50,1.12
2016.07.22 13:37:35.759,1.10191,1.10193,2.85,1.00
2016.07.22 13:37:35.964,1.10191,1.10193,3.07,1.35
2016.07.22 13:37:36.015,1.10191,1.10193,3.07,1.72
2016.07.22 13:37:36.148,1.10191,1.10193,2.25,1.72
2016.07.22 13:37:37.719,1.10191,1.10193,2.25,1.35
2016.07.22 13:37:37.872,1.10191,1.10193,2.25,1.00
2016.07.22 13:37:37.923,1.10191,1.10193,4.87,1.00
2016.07.22 13:37:38.018,1.10192,1.10193,1.12,1.00
2016.07.22 13:37:38.125,1.10191,1.10193,3.45,1.00
2016.07.22 13:37:38.176,1.10191,1.10193,3.37,1.00
2016.07.22 13:37:38.278,1.10191,1.10193,3.00,1.00
2016.07.22 13:37:38.584,1.10191,1.10193,2.25,1.00
2016.07.22 13:37:38.635,1.10191,1.10193,2.25,1.50
2016.07.22 13:37:38.686,1.10191,1.10193,1.50,1.50
2016.07.22 13:37:38.737,1.10191,1.10193,1.50,1.87
2016.07.22 13:37:38.840,1.10191,1.10193,1.50,1.35
2016.07.22 13:37:38.891,1.10191,1.10193,1.00,1.35
2016.07.22 13:37:38.975,1.10191,1.10193,1.00,2.29
2016.07.22 13:37:39.229,1.1019,1.10193,7.12,2.66
2016.07.22 13:37:39.537,1.10191,1.10193,1.00,2.66
2016.07.22 13:37:39.639,1.1019,1.10193,6.37,1.72
2016.07.22 13:37:39.741,1.10191,1.10193,1.00,1.72
2016.07.22 13:37:39.971,1.10191,1.10193,1.00,1.12
2016.07.22 13:37:40.022,1.1019,1.10193,7.12,2.10
2016.07.22 13:37:40.073,1.1019,1.10193,7.50,2.29
2016.07.22 13:37:40.125,1.1019,1.10192,7.87,2.10
2016.07.22 13:37:40.176,1.1019,1.10192,5.62,2.10
2016.07.22 13:37:40.331,1.1019,1.10192,4.87,3.41
2016.07.22 13:37:40.383,1.1019,1.10192,4.50,3.41
2016.07.22 13:37:40.435,1.1019,1.10192,4.12,2.66
2016.07.22 13:37:40.537,1.1019,1.10192,4.12,2.29
2016.07.22 13:37:40.588,1.1019,1.10192,4.12,1.05
2016.07.22 13:37:40.639,1.1019,1.10193,4.12,5.74
2016.07.22 13:37:40.867,1.1019,1.10193,4.12,4.99
2016.07.22 13:37:40.971,1.1019,1.10193,3.37,4.05
2016.07.22 13:37:41.073,1.1019,1.10193,4.12,4.99
2016.07.22 13:37:41.277,1.1019,1.10193,1.87,4.05
2016.07.22 13:37:41.379,1.1019,1.10193,2.62,4.99
2016.07.22 13:37:41.430,1.1019,1.10193,1.00,4.05
2016.07.22 13:37:41.481,1.1019,1.10193,2.25,4.05
2016.07.22 13:37:41.532,1.1019,1.10193,3.00,4.99
2016.07.22 13:37:41.685,1.1019,1.10193,4.12,4.99
2016.07.22 13:37:41.736,1.1019,1.10193,4.12,3.11
2016.07.22 13:37:41.787,1.1019,1.10193,5.25,2.36
2016.07.22 13:37:41.920,1.1019,1.10193,6.00,2.36
2016.07.22 13:37:41.971,1.1019,1.10193,5.62,2.17
2016.07.22 13:37:42.022,1.1019,1.10193,5.62,2.10
2016.07.22 13:37:42.073,1.1019,1.10193,5.62,1.35
2016.07.22 13:37:42.125,1.1019,1.10193,6.37,1.35
2016.07.22 13:37:42.177,1.1019,1.10193,8.25,1.35
2016.07.22 13:37:42.279,1.1019,1.10193,7.12,1.35
2016.07.22 13:37:42.330,1.1019,1.10193,7.12,1.72
2016.07.22 13:37:42.381,1.1019,1.10193,8.62,1.12
2016.07.22 13:37:42.483,1.1019,1.10193,7.87,1.12
2016.07.22 13:37:43.075,1.1019,1.10193,7.87,1.31
2016.07.22 13:37:43.438,1.1019,1.10193,6.37,1.31
2016.07.22 13:37:43.489,1.1019,1.10193,4.50,1.31
2016.07.22 13:37:43.540,1.1019,1.10193,6.00,1.31
2016.07.22 13:37:43.591,1.1019,1.10193,7.87,1.31
2016.07.22 13:37:44.716,1.1019,1.10193,7.12,2.81
2016.07.22 13:37:44.767,1.1019,1.10193,4.87,2.44
2016.07.22 13:37:44.818,1.1019,1.10193,3.47,2.44
2016.07.22 13:37:44.869,1.1019,1.10193,4.22,2.25
2016.07.22 13:37:44.920,1.1019,1.10193,4.22,2.85
2016.07.22 13:37:45.103,1.1019,1.10193,3.09,2.85
2016.07.22 13:37:45.205,1.1019,1.10193,4.22,1.35
2016.07.22 13:37:45.256,1.10191,1.10193,1.12,1.35
2016.07.22 13:37:45.307,1.10191,1.10193,1.59,1.35
2016.07.22 13:37:45.765,1.10192,1.10193,1.50,1.00
2016.07.22 13:37:45.890,1.10193,1.10194,3.00,1.12
2016.07.22 13:37:45.945,1.10193,1.10196,3.00,2.51
2016.07.22 13:37:45.996,1.10193,1.10196,2.62,2.51
2016.07.22 13:37:46.099,1.10193,1.10196,2.25,2.51
2016.07.22 13:37:46.201,1.10193,1.10196,1.50,2.51
2016.07.22 13:37:46.252,1.10193,1.10196,1.50,1.76
2016.07.22 13:37:46.405,1.10193,1.10196,1.00,2.51
2016.07.22 13:37:46.456,1.10193,1.10196,1.00,2.14
2016.07.22 13:37:46.699,1.10193,1.10195,1.00,1.72
2016.07.22 13:37:46.750,1.10192,1.10195,1.22,2.85
2016.07.22 13:37:46.801,1.10192,1.10195,1.12,2.47
2016.07.22 13:37:46.853,1.10192,1.10195,1.12,2.47
2016.07.22 13:37:47.687,1.10192,1.10196,1.97,10.42
2016.07.22 13:37:47.739,1.10192,1.10196,1.97,10.05
2016.07.22 13:37:47.790,1.10194,1.10196,1.00,8.36
2016.07.22 13:37:47.841,1.10194,1.10196,1.00,9.86
2016.07.22 13:37:47.892,1.10193,1.10196,1.12,9.86
2016.07.22 13:37:47.944,1.10193,1.10196,1.12,8.36
2016.07.22 13:37:47.995,1.10193,1.10196,1.30,8.17
2016.07.22 13:37:48.046,1.10193,1.10196,1.30,7.42
2016.07.22 13:37:48.097,1.10192,1.10196,3.60,5.74
2016.07.22 13:37:48.148,1.10193,1.10196,1.30,7.42
2016.07.22 13:37:48.352,1.10192,1.10196,2.48,6.67
2016.07.22 13:37:48.541,1.10192,1.10196,2.48,5.74
2016.07.22 13:37:48.592,1.10192,1.10196,2.48,6.67
2016.07.22 13:37:48.948,1.10193,1.10196,1.30,5.92
2016.07.22 13:37:49.100,1.10193,1.10196,1.09,5.92
2016.07.22 13:37:49.202,1.10193,1.10196,1.09,6.67
2016.07.22 13:37:49.253,1.10193,1.10196,1.09,6.49
2016.07.22 13:37:49.355,1.10193,1.10196,1.09,7.42
2016.07.22 13:37:49.705,1.10193,1.10196,1.09,6.67
2016.07.22 13:37:49.858,1.10193,1.10196,1.09,5.74
2016.07.22 13:37:49.959,1.10193,1.10196,1.09,6.67
2016.07.22 13:37:50.163,1.10193,1.10196,1.09,5.17
2016.07.22 13:37:50.265,1.10194,1.10196,1.12,5.36
2016.07.22 13:37:50.316,1.10194,1.10196,1.12,7.61
2016.07.22 13:37:50.367,1.10192,1.10195,3.09,2.47
2016.07.22 13:37:50.418,1.10192,1.10195,3.00,3.22
2016.07.22 13:37:50.470,1.10192,1.10195,2.25,4.72
2016.07.22 13:37:50.521,1.10192,1.10195,1.50,5.47
2016.07.22 13:37:50.572,1.10192,1.10195,1.12,5.47
2016.07.22 13:37:50.623,1.10192,1.10195,1.12,4.72
2016.07.22 13:37:50.674,1.10192,1.10195,1.12,3.97
2016.07.22 13:37:50.905,1.10191,1.10195,5.89,3.22
2016.07.22 13:37:51.103,1.10192,1.10195,1.12,3.97
2016.07.22 13:37:51.459,1.10191,1.10195,5.89,3.22
2016.07.22 13:37:51.569,1.10192,1.10195,1.12,3.97
2016.07.22 13:37:51.926,1.10192,1.10195,1.12,3.22
2016.07.22 13:37:51.977,1.10191,1.10195,6.64,2.47
2016.07.22 13:37:52.202,1.10192,1.10195,1.12,3.22
2016.07.22 13:37:52.508,1.10191,1.10195,6.64,2.47
2016.07.22 13:37:52.610,1.10192,1.10195,1.12,3.22
2016.07.22 13:37:52.712,1.10191,1.10195,6.64,2.47
2016.07.22 13:37:52.763,1.10192,1.10195,1.12,3.22
2016.07.22 13:37:52.814,1.10192,1.10195,1.12,2.62
2016.07.22 13:37:52.865,1.10192,1.10193,1.12,1.72
2016.07.22 13:37:52.967,1.10191,1.10192,4.01,1.12
2016.07.22 13:37:53.018,1.10192,1.10193,1.12,2.47
2016.07.22 13:37:53.146,1.10191,1.10192,3.94,1.12
2016.07.22 13:37:53.451,1.10191,1.10193,3.94,1.00
2016.07.22 13:37:53.502,1.10191,1.10194,3.94,5.66
2016.07.22 13:37:53.553,1.10191,1.10193,3.94,1.00
2016.07.22 13:37:53.655,1.10191,1.10193,3.75,1.00
2016.07.22 13:37:53.706,1.10191,1.10193,1.37,1.35
2016.07.22 13:37:53.757,1.10191,1.10193,1.00,1.35
2016.07.22 13:37:53.808,1.10192,1.10193,1.00,1.35
2016.07.22 13:37:54.055,1.10191,1.10193,1.50,1.35
2016.07.22 13:37:54.513,1.10191,1.10193,1.00,1.35
2016.07.22 13:37:54.615,1.10191,1.10193,1.50,1.35
2016.07.22 13:37:54.922,1.10191,1.10194,1.50,8.29
2016.07.22 13:37:55.107,1.10191,1.10193,1.50,1.30
2016.07.22 13:37:55.159,1.10191,1.10193,1.00,2.47
2016.07.22 13:37:55.210,1.10191,1.10193,1.12,3.60
2016.07.22 13:37:55.261,1.10191,1.10193,1.50,3.60
2016.07.22 13:37:55.313,1.10191,1.10193,1.00,4.72
2016.07.22 13:37:55.518,1.1019,1.10191,4.87,2.47
2016.07.22 13:37:55.570,1.1019,1.10191,2.62,6.22
2016.07.22 13:37:55.622,1.10188,1.10189,3.37,1.00
2016.07.22 13:37:55.746,1.10187,1.10189,1.37,4.57
2016.07.22 13:37:55.797,1.10186,1.10188,1.00,15.79
2016.07.22 13:37:55.849,1.10184,1.10188,4.57,15.79
2016.07.22 13:37:55.900,1.10184,1.10187,3.82,1.05
2016.07.22 13:37:55.952,1.10184,1.10187,2.32,1.31
2016.07.22 13:37:56.003,1.10184,1.10186,1.95,8.06
2016.07.22 13:37:56.055,1.10184,1.10186,1.57,8.44
2016.07.22 13:37:56.106,1.10184,1.10187,1.57,9.56
2016.07.22 13:37:56.157,1.10183,1.10187,6.00,11.81
2016.07.22 13:37:56.208,1.10183,1.10187,6.00,11.44
2016.07.22 13:37:56.259,1.10183,1.10187,5.25,11.44
2016.07.22 13:37:56.359,1.10183,1.10187,3.37,11.44
2016.07.22 13:37:56.413,1.10184,1.10186,1.10,8.06
2016.07.22 13:37:56.464,1.10184,1.10186,1.10,8.44
2016.07.22 13:37:56.515,1.10185,1.10186,1.00,8.44
2016.07.22 13:37:56.625,1.10185,1.10187,1.50,1.37
2016.07.22 13:37:56.676,1.10185,1.10188,2.25,9.94
2016.07.22 13:37:56.727,1.10185,1.10188,2.25,3.37
2016.07.22 13:37:56.779,1.10185,1.10187,2.25,1.00
2016.07.22 13:37:57.083,1.10185,1.10187,2.25,1.25
2016.07.22 13:37:57.241,1.10185,1.10187,1.00,4.54
2016.07.22 13:37:57.292,1.10184,1.10187,1.10,6.79
2016.07.22 13:37:57.343,1.10183,1.10186,3.37,2.66
2016.07.22 13:37:57.395,1.10183,1.10186,1.57,2.47
2016.07.22 13:37:57.446,1.10182,1.10186,3.75,3.60
2016.07.22 13:37:57.497,1.10182,1.10185,3.82,3.04
2016.07.22 13:37:57.549,1.10182,1.10184,2.32,1.00
2016.07.22 13:37:57.602,1.10183,1.10185,1.00,1.37
2016.07.22 13:37:57.654,1.10183,1.10186,1.50,2.06
2016.07.22 13:37:57.705,1.10184,1.10186,1.00,2.06
2016.07.22 13:37:58.103,1.10184,1.10187,1.50,6.07
2016.07.22 13:37:58.154,1.10184,1.10187,3.37,1.87
2016.07.22 13:37:58.206,1.10184,1.10187,3.37,1.87
2016.07.22 13:37:58.257,1.10184,1.10187,4.12,1.87
2016.07.22 13:37:58.308,1.10184,1.10187,5.25,1.87
2016.07.22 13:37:58.410,1.10184,1.10187,4.87,1.12
2016.07.22 13:37:58.512,1.10184,1.10187,3.37,1.12
2016.07.22 13:37:58.615,1.10184,1.10187,4.87,1.12
2016.07.22 13:37:59.889,1.10184,1.10187,6.37,1.12
2016.07.22 13:37:59.940,1.10184,1.10187,6.37,1.00
2016.07.22 13:38:00.099,1.10184,1.10187,5.62,1.50
2016.07.22 13:38:00.151,1.10185,1.10187,1.00,1.50
2016.07.22 13:38:01.054,1.10184,1.10186,1.50,2.85
2016.07.22 13:38:01.105,1.10184,1.10186,1.00,3.60
2016.07.22 13:38:01.157,1.10183,1.10185,1.57,1.05
2016.07.22 13:38:01.208,1.10183,1.10185,1.57,1.30
2016.07.22 13:38:01.260,1.10183,1.10185,1.00,1.05
2016.07.22 13:38:01.311,1.10182,1.10186,3.82,7.54
2016.07.22 13:38:01.362,1.10182,1.10186,3.82,7.91
2016.07.22 13:38:01.414,1.10182,1.10185,3.07,1.87
2016.07.22 13:38:01.465,1.10182,1.10184,2.70,1.00
2016.07.22 13:38:01.568,1.10183,1.10184,1.87,1.00
2016.07.22 13:38:01.622,1.10183,1.10186,2.62,2.62
2016.07.22 13:38:01.673,1.10183,1.10185,2.62,1.00
2016.07.22 13:38:01.724,1.10183,1.10186,2.25,1.87
2016.07.22 13:38:01.825,1.10184,1.10186,1.00,1.50
2016.07.22 13:38:01.876,1.10183,1.10185,1.50,1.00
2016.07.22 13:38:01.927,1.10182,1.10184,2.70,1.00
2016.07.22 13:38:01.978,1.10182,1.10184,1.10,1.00
2016.07.22 13:38:02.030,1.10182,1.10185,1.95,2.62
2016.07.22 13:38:02.081,1.10182,1.10185,1.95,3.60
2016.07.22 13:38:02.132,1.10181,1.10185,3.00,4.16
2016.07.22 13:38:02.183,1.10181,1.10185,3.75,4.35
2016.07.22 13:38:02.234,1.10182,1.10185,1.20,2.62
2016.07.22 13:38:02.286,1.10182,1.10185,1.57,1.50
2016.07.22 13:38:02.338,1.10182,1.10186,1.95,6.37
2016.07.22 13:38:02.389,1.10182,1.10185,2.32,1.12
2016.07.22 13:38:02.592,1.10182,1.10186,1.57,6.37
2016.07.22 13:38:02.728,1.10183,1.10185,1.00,1.12
2016.07.22 13:38:02.831,1.10184,1.10185,1.00,1.00
2016.07.22 13:38:02.933,1.10183,1.10186,1.00,3.56
2016.07.22 13:38:03.035,1.10184,1.10186,1.00,1.12
2016.07.22 13:38:03.086,1.10184,1.10186,1.00,1.00
2016.07.22 13:38:03.341,1.10183,1.10186,1.00,1.50
2016.07.22 13:38:03.392,1.10183,1.10186,1.00,1.87
2016.07.22 13:38:03.443,1.10183,1.10186,1.00,2.62
2016.07.22 13:38:03.573,1.10183,1.10185,1.00,1.50
2016.07.22 13:38:03.675,1.10183,1.10184,1.00,1.00
2016.07.22 13:38:03.728,1.10182,1.10184,1.57,1.50
2016.07.22 13:38:03.779,1.10181,1.10184,2.70,1.50
2016.07.22 13:38:03.831,1.10181,1.10184,1.10,1.00
2016.07.22 13:38:03.933,1.10181,1.10184,1.57,3.37
2016.07.22 13:38:03.984,1.10181,1.10184,1.20,3.75
2016.07.22 13:38:04.035,1.10181,1.10184,1.10,4.35
2016.07.22 13:38:04.138,1.10181,1.10183,1.10,1.00
2016.07.22 13:38:04.191,1.10181,1.10183,1.20,1.00
2016.07.22 13:38:04.242,1.10181,1.10183,1.50,2.25
2016.07.22 13:38:06.234,1.10181,1.10183,1.00,5.25
2016.07.22 13:38:06.285,1.10181,1.10182,1.00,1.30
2016.07.22 13:38:06.337,1.1018,1.10182,4.22,1.00
2016.07.22 13:38:06.439,1.1018,1.10181,3.47,1.35
2016.07.22 13:38:06.541,1.1018,1.10181,2.72,1.35
2016.07.22 13:38:06.716,1.10179,1.10181,1.78,4.00
2016.07.22 13:38:06.767,1.10178,1.1018,1.87,1.12
2016.07.22 13:38:06.818,1.10178,1.1018,1.50,1.30
2016.07.22 13:38:06.869,1.10177,1.10179,2.44,1.00
2016.07.22 13:38:06.921,1.10177,1.10179,1.00,6.22
2016.07.22 13:38:06.972,1.10175,1.10179,2.32,7.54
2016.07.22 13:38:07.023,1.10176,1.10178,1.00,3.00
2016.07.22 13:38:07.074,1.10175,1.10178,1.57,3.00
2016.07.22 13:38:07.125,1.10175,1.10178,2.32,3.19
2016.07.22 13:38:07.177,1.10175,1.10178,3.07,3.19
2016.07.22 13:38:07.279,1.10175,1.10178,5.92,3.19
2016.07.22 13:38:07.419,1.10178,1.10179,1.00,1.50
2016.07.22 13:38:07.471,1.10178,1.1018,1.37,1.50
2016.07.22 13:38:07.522,1.10179,1.1018,1.00,1.50
2016.07.22 13:38:07.879,1.10178,1.1018,1.37,1.50
2016.07.22 13:38:07.930,1.10177,1.1018,5.25,1.50
2016.07.22 13:38:08.032,1.10178,1.1018,1.00,1.50
2016.07.22 13:38:08.083,1.10178,1.1018,1.00,3.00
2016.07.22 13:38:08.134,1.10178,1.1018,1.00,1.87
2016.07.22 13:38:08.255,1.10178,1.10181,1.12,3.26
2016.07.22 13:38:08.307,1.10178,1.1018,1.50,3.37
2016.07.22 13:38:08.358,1.10178,1.10179,1.12,1.00
2016.07.22 13:38:08.409,1.10177,1.10179,1.00,1.00
2016.07.22 13:38:08.460,1.10176,1.10179,6.07,1.00
2016.07.22 13:38:08.614,1.10176,1.10179,5.32,1.00
2016.07.22 13:38:08.665,1.10176,1.10179,4.57,1.00
2016.07.22 13:38:09.195,1.10176,1.10179,1.57,1.87
2016.07.22 13:38:09.247,1.10176,1.10178,1.10,2.62
2016.07.22 13:38:09.298,1.10175,1.10177,1.57,1.00
2016.07.22 13:38:09.350,1.10175,1.10177,1.10,1.00
2016.07.22 13:38:09.504,1.10175,1.10177,1.00,1.00
2016.07.22 13:38:09.657,1.10175,1.10177,1.50,1.00
2016.07.22 13:38:09.709,1.10175,1.10177,1.12,1.00
2016.07.22 13:38:09.811,1.10175,1.10177,1.00,1.00
2016.07.22 13:38:10.330,1.10175,1.10178,1.00,3.56
2016.07.22 13:38:10.383,1.10175,1.10178,1.00,2.81
2016.07.22 13:38:10.434,1.10176,1.10178,2.25,1.12
2016.07.22 13:38:10.485,1.10176,1.10179,3.00,2.70
2016.07.22 13:38:10.536,1.10176,1.10179,2.62,1.95
2016.07.22 13:38:10.587,1.10176,1.10179,2.25,4.72
2016.07.22 13:38:10.638,1.10176,1.10179,1.00,10.35
2016.07.22 13:38:10.689,1.10175,1.10178,2.32,1.87
2016.07.22 13:38:10.740,1.10175,1.10177,2.32,1.00
2016.07.22 13:38:10.791,1.10175,1.10177,1.95,1.00
2016.07.22 13:38:10.842,1.10175,1.10177,1.50,1.00
2016.07.22 13:38:10.944,1.10175,1.10178,1.00,3.94
2016.07.22 13:38:11.301,1.10175,1.10178,3.37,3.19
2016.07.22 13:38:11.352,1.10176,1.10178,3.00,1.00
2016.07.22 13:38:11.403,1.10177,1.10179,1.50,1.47
2016.07.22 13:38:11.454,1.10177,1.1018,3.37,6.19
2016.07.22 13:38:11.505,1.10177,1.1018,5.25,4.50
2016.07.22 13:38:11.556,1.10178,1.1018,1.00,2.25
2016.07.22 13:38:11.658,1.10178,1.1018,1.50,2.25
2016.07.22 13:38:11.862,1.10178,1.10181,1.00,2.62
2016.07.22 13:38:11.913,1.10178,1.10181,1.00,3.97
2016.07.22 13:38:11.964,1.10178,1.10181,1.00,3.97
2016.07.22 13:38:12.607,1.10178,1.1018,1.00,1.12
2016.07.22 13:38:12.658,1.10177,1.1018,3.82,2.25
2016.07.22 13:38:12.709,1.10177,1.1018,2.32,2.62
2016.07.22 13:38:12.760,1.10177,1.1018,1.10,1.87
2016.07.22 13:38:12.811,1.10177,1.1018,1.10,1.72
2016.07.22 13:38:12.862,1.10177,1.1018,1.10,2.47
2016.07.22 13:38:12.913,1.10177,1.1018,1.57,2.47
2016.07.22 13:38:12.965,1.10177,1.1018,2.32,2.47
2016.07.22 13:38:13.017,1.10178,1.1018,1.00,3.22
2016.07.22 13:38:13.172,1.10177,1.1018,4.39,2.25
2016.07.22 13:38:13.224,1.10179,1.1018,1.50,1.69
2016.07.22 13:38:13.275,1.10179,1.10181,1.87,1.87
2016.07.22 13:38:13.326,1.1018,1.10182,1.00,3.49
2016.07.22 13:38:13.441,1.10179,1.10182,1.50,3.41
2016.07.22 13:38:13.493,1.10179,1.10181,1.50,1.00
2016.07.22 13:38:13.544,1.10179,1.10182,1.50,3.37
2016.07.22 13:38:13.698,1.10179,1.10182,1.50,3.00
2016.07.22 13:38:13.952,1.10179,1.10182,1.50,1.50
2016.07.22 13:38:14.054,1.10179,1.10182,1.50,3.00
2016.07.22 13:38:14.308,1.10179,1.10182,1.50,3.37
2016.07.22 13:38:14.436,1.10179,1.10182,1.50,4.50
2016.07.22 13:38:15.045,1.1018,1.10182,1.00,3.75
2016.07.22 13:38:15.097,1.1018,1.10182,1.50,4.12
2016.07.22 13:38:15.148,1.1018,1.10182,3.00,2.62
2016.07.22 13:38:15.199,1.1018,1.10182,3.37,1.87
2016.07.22 13:38:15.250,1.1018,1.10182,3.75,1.12
2016.07.22 13:38:15.721,1.1018,1.10182,3.00,1.12
2016.07.22 13:38:15.931,1.1018,1.10182,3.75,1.12
2016.07.22 13:38:16.086,1.1018,1.10182,3.00,1.12
2016.07.22 13:38:16.188,1.1018,1.10182,3.00,1.87
2016.07.22 13:38:16.239,1.1018,1.10182,2.25,2.62
2016.07.22 13:38:16.290,1.1018,1.10182,1.87,3.75
2016.07.22 13:38:16.341,1.1018,1.10182,1.00,4.12
2016.07.22 13:38:16.444,1.1018,1.10182,1.00,4.31
2016.07.22 13:38:16.594,1.1018,1.10182,1.00,4.16
2016.07.22 13:38:16.645,1.1018,1.10182,1.00,3.22
2016.07.22 13:38:16.696,1.1018,1.10182,1.00,3.97
2016.07.22 13:38:16.747,1.1018,1.10182,1.00,4.91
2016.07.22 13:38:16.849,1.1018,1.10182,1.00,4.72
2016.07.22 13:38:18.302,1.1018,1.10182,1.12,3.37
2016.07.22 13:38:18.354,1.10181,1.10182,1.50,2.62
2016.07.22 13:38:18.405,1.10181,1.10182,1.50,2.25
2016.07.22 13:38:18.456,1.1018,1.10182,2.62,4.72
2016.07.22 13:38:18.508,1.1018,1.10182,2.01,3.97
2016.07.22 13:38:18.634,1.1018,1.10182,1.00,4.91
2016.07.22 13:38:18.685,1.1018,1.10182,1.00,5.06
2016.07.22 13:38:18.990,1.1018,1.10182,1.00,5.66
2016.07.22 13:38:19.045,1.1018,1.10182,1.00,5.47
2016.07.22 13:38:19.097,1.1018,1.10182,1.00,4.72
2016.07.22 13:38:19.148,1.1018,1.10182,1.00,3.97
2016.07.22 13:38:19.301,1.1018,1.10182,1.00,3.22
2016.07.22 13:38:19.403,1.1018,1.10182,1.00,3.97
2016.07.22 13:38:19.454,1.10179,1.10182,1.87,3.97
2016.07.22 13:38:19.505,1.10179,1.10182,1.50,3.97
2016.07.22 13:38:19.739,1.10179,1.10182,1.50,3.22
2016.07.22 13:38:19.790,1.10179,1.10182,1.87,3.22
2016.07.22 13:38:19.841,1.1018,1.10182,1.50,3.37
2016.07.22 13:38:19.943,1.1018,1.10182,2.25,3.37
2016.07.22 13:38:20.197,1.1018,1.10182,3.15,3.37
2016.07.22 13:38:20.248,1.1018,1.10182,2.40,3.37
2016.07.22 13:38:20.299,1.1018,1.10182,1.65,3.37
2016.07.22 13:38:20.351,1.1018,1.10182,1.20,3.37
2016.07.22 13:38:20.490,1.10179,1.10182,1.65,3.97
2016.07.22 13:38:20.561,1.10179,1.10182,1.65,4.35
2016.07.22 13:38:20.612,1.10179,1.10182,1.27,4.91
2016.07.22 13:38:20.663,1.10179,1.10182,1.15,4.35
2016.07.22 13:38:20.715,1.10179,1.10182,1.20,4.35
2016.07.22 13:38:20.766,1.10179,1.10182,1.20,6.41
2016.07.22 13:38:20.869,1.10179,1.10182,1.20,4.35
2016.07.22 13:38:20.971,1.10179,1.10182,1.65,6.04
2016.07.22 13:38:21.690,1.10179,1.10182,1.20,4.35
2016.07.22 13:38:21.741,1.10179,1.10182,1.65,6.04
2016.07.22 13:38:22.413,1.10179,1.10181,1.65,1.00
2016.07.22 13:38:22.466,1.10178,1.10181,3.41,2.29
2016.07.22 13:38:22.518,1.10179,1.10181,1.20,2.74
2016.07.22 13:38:22.569,1.10179,1.10181,1.20,5.93
2016.07.22 13:38:22.620,1.10179,1.10181,1.00,6.68
2016.07.22 13:38:22.671,1.10179,1.1018,1.00,1.87
2016.07.22 13:38:22.723,1.10179,1.1018,1.00,2.25
2016.07.22 13:38:22.875,1.10179,1.1018,1.00,1.50
2016.07.22 13:38:22.977,1.10179,1.1018,1.00,2.25
2016.07.22 13:38:23.959,1.10179,1.1018,1.00,2.62
2016.07.22 13:38:24.245,1.10179,1.1018,1.00,1.87
2016.07.22 13:38:24.347,1.10179,1.1018,1.00,2.62
2016.07.22 13:38:24.530,1.10179,1.1018,1.00,3.08
2016.07.22 13:38:24.582,1.10178,1.10179,2.25,1.35
2016.07.22 13:38:24.633,1.10178,1.10179,1.50,2.10
2016.07.22 13:38:24.684,1.10178,1.10179,1.00,3.22
2016.07.22 13:38:24.735,1.10176,1.10179,2.47,2.47
2016.07.22 13:38:24.787,1.10176,1.10179,1.65,2.10
2016.07.22 13:38:24.889,1.10176,1.10179,1.65,2.85
2016.07.22 13:38:24.941,1.10176,1.10178,1.65,1.35
2016.07.22 13:38:24.992,1.10176,1.10178,1.65,2.10
2016.07.22 13:38:25.043,1.10175,1.10178,6.22,3.22
2016.07.22 13:38:25.095,1.10175,1.10178,2.47,4.72
2016.07.22 13:38:25.146,1.10175,1.10178,1.72,3.00
2016.07.22 13:38:25.197,1.10175,1.10178,3.22,2.25
2016.07.22 13:38:25.248,1.10176,1.10178,2.62,1.50
2016.07.22 13:38:25.384,1.10176,1.10179,3.75,3.79
2016.07.22 13:38:25.436,1.10176,1.10179,3.75,2.29
2016.07.22 13:38:25.487,1.10177,1.10179,1.00,2.29
2016.07.22 13:38:25.538,1.10177,1.10179,1.00,3.04
2016.07.22 13:38:25.589,1.10176,1.10179,5.40,2.10
2016.07.22 13:38:25.639,1.10176,1.10179,4.65,2.10
2016.07.22 13:38:25.690,1.10177,1.10179,1.20,2.85
2016.07.22 13:38:25.792,1.10176,1.10179,4.65,1.50
2016.07.22 13:38:25.999,1.10177,1.10179,1.20,2.25
2016.07.22 13:38:26.101,1.10176,1.10179,4.65,1.50
2016.07.22 13:38:26.152,1.10176,1.10179,3.90,1.50
2016.07.22 13:38:26.203,1.10177,1.10179,1.20,1.50
2016.07.22 13:38:26.340,1.10177,1.10179,1.20,2.10
2016.07.22 13:38:26.391,1.10177,1.10179,1.20,2.85
2016.07.22 13:38:26.443,1.10177,1.10179,1.20,3.22
2016.07.22 13:38:26.494,1.10176,1.10178,1.65,1.00
2016.07.22 13:38:26.545,1.10176,1.10178,1.65,1.35
2016.07.22 13:38:26.596,1.10176,1.10178,1.50,4.54
2016.07.22 13:38:26.648,1.10176,1.10178,1.00,4.91
2016.07.22 13:38:26.699,1.10175,1.10178,1.72,4.72
2016.07.22 13:38:26.800,1.10175,1.10178,1.72,5.66
2016.07.22 13:38:26.851,1.10175,1.10177,1.72,1.00
2016.07.22 13:38:26.953,1.10175,1.10177,1.72,3.00
2016.07.22 13:38:27.055,1.10176,1.10178,6.00,6.75
2016.07.22 13:38:27.186,1.10178,1.1018,1.00,17.70
2016.07.22 13:38:27.237,1.10179,1.1018,3.00,1.00
2016.07.22 13:38:27.288,1.1018,1.10181,1.00,3.00
2016.07.22 13:38:27.339,1.1018,1.10181,1.00,2.25
2016.07.22 13:38:27.390,1.10179,1.10181,2.62,2.25
2016.07.22 13:38:27.441,1.10179,1.10181,2.25,2.25
2016.07.22 13:38:28.000,1.10179,1.10181,1.50,2.25
2016.07.22 13:38:28.090,1.10179,1.10181,2.25,2.25
2016.07.22 13:38:28.195,1.10179,1.10181,1.50,3.00
2016.07.22 13:38:28.298,1.10179,1.10181,1.50,3.75
2016.07.22 13:38:29.391,1.10179,1.10181,1.50,2.25
2016.07.22 13:38:29.493,1.10179,1.10181,1.50,3.75
2016.07.22 13:38:29.678,1.10179,1.10181,1.50,3.00
2016.07.22 13:38:29.780,1.10179,1.10181,2.25,3.00
2016.07.22 13:38:29.831,1.10179,1.10181,4.12,3.00
2016.07.22 13:38:29.882,1.10179,1.10181,4.12,2.25
2016.07.22 13:38:30.776,1.10179,1.10181,3.37,2.25
2016.07.22 13:38:30.878,1.10179,1.10181,4.12,2.25
2016.07.22 13:38:30.980,1.10179,1.10181,3.37,2.25
2016.07.22 13:38:31.082,1.10179,1.10181,4.12,2.25
2016.07.22 13:38:31.777,1.10179,1.10181,4.87,2.25
2016.07.22 13:38:32.284,1.10179,1.10181,4.87,1.87
2016.07.22 13:38:32.594,1.10179,1.10181,4.12,1.87
2016.07.22 13:38:32.695,1.10179,1.10181,4.87,1.87
2016.07.22 13:38:33.051,1.10179,1.10181,3.37,1.87
2016.07.22 13:38:33.203,1.10179,1.10181,2.62,1.87
2016.07.22 13:38:33.304,1.10179,1.10181,3.37,1.87
2016.07.22 13:38:33.355,1.10179,1.10181,3.00,2.62
2016.07.22 13:38:33.779,1.10179,1.10181,2.25,2.62
2016.07.22 13:38:34.438,1.10179,1.10181,3.00,2.62
2016.07.22 13:38:34.794,1.10179,1.10181,2.25,2.62
2016.07.22 13:38:34.845,1.10179,1.10181,1.50,2.62
2016.07.22 13:38:34.896,1.10179,1.10181,2.25,2.62
2016.07.22 13:38:35.230,1.10179,1.10181,3.00,2.62
2016.07.22 13:38:35.281,1.10179,1.10181,2.25,2.62
2016.07.22 13:38:35.593,1.10179,1.10181,3.00,2.62
2016.07.22 13:38:35.745,1.10179,1.10181,2.25,2.62
2016.07.22 13:38:35.848,1.10179,1.10181,3.00,2.62
2016.07.22 13:38:36.491,1.10179,1.10181,2.25,2.62
2016.07.22 13:38:36.594,1.10179,1.10181,3.00,2.62
2016.07.22 13:38:37.141,1.10179,1.10181,2.25,2.62
2016.07.22 13:38:37.242,1.10179,1.10181,2.25,1.87
2016.07.22 13:38:37.395,1.10179,1.10181,1.50,2.25
2016.07.22 13:38:37.496,1.10179,1.10181,2.25,3.00
2016.07.22 13:38:37.893,1.10179,1.10181,1.50,3.00
2016.07.22 13:38:38.201,1.10179,1.10182,1.50,7.05
2016.07.22 13:38:38.303,1.10179,1.10181,1.50,1.12
2016.07.22 13:38:39.304,1.10179,1.10182,1.50,6.67
2016.07.22 13:38:39.406,1.10179,1.10181,1.50,1.12
2016.07.22 13:38:40.717,1.10179,1.10182,1.50,7.99
2016.07.22 13:38:40.768,1.10179,1.10182,2.25,7.99
2016.07.22 13:38:41.469,1.10179,1.10182,2.25,8.36
2016.07.22 13:38:41.880,1.10179,1.10182,2.25,8.74
2016.07.22 13:38:41.982,1.10179,1.10182,1.50,8.74
2016.07.22 13:38:42.854,1.10179,1.10182,2.25,8.74
2016.07.22 13:38:43.006,1.10179,1.10182,2.25,7.99
2016.07.22 13:38:43.057,1.10179,1.10182,2.25,6.49
2016.07.22 13:38:43.108,1.10179,1.10182,2.25,6.30
2016.07.22 13:38:43.210,1.10179,1.10182,3.00,6.30
2016.07.22 13:38:43.261,1.10179,1.10182,2.25,6.30
2016.07.22 13:38:43.312,1.10179,1.10182,1.50,4.80
2016.07.22 13:38:43.448,1.10179,1.10182,3.00,5.70
2016.07.22 13:38:43.499,1.10179,1.10182,2.25,3.82
2016.07.22 13:38:43.601,1.10179,1.10182,3.00,5.32
2016.07.22 13:38:43.703,1.10179,1.10182,2.25,3.82
2016.07.22 13:38:43.805,1.10179,1.10182,3.00,5.32
2016.07.22 13:38:44.526,1.10179,1.10182,3.37,5.32
2016.07.22 13:38:44.729,1.10179,1.10182,3.37,4.57
2016.07.22 13:38:44.780,1.10179,1.10182,3.75,4.57
2016.07.22 13:38:44.831,1.10179,1.10182,6.00,3.82
2016.07.22 13:38:44.882,1.10179,1.10182,5.77,3.82
2016.07.22 13:38:44.933,1.10179,1.10182,4.27,2.32
2016.07.22 13:38:44.984,1.10179,1.10182,5.02,2.32
2016.07.22 13:38:45.035,1.10179,1.10182,6.52,3.75
2016.07.22 13:38:45.138,1.10179,1.10182,5.77,3.00
2016.07.22 13:38:45.189,1.10179,1.10182,5.02,3.00
2016.07.22 13:38:45.341,1.10179,1.10182,5.77,3.00
2016.07.22 13:38:45.392,1.10179,1.10182,6.52,3.00
2016.07.22 13:38:45.443,1.10179,1.10182,5.02,2.25
2016.07.22 13:38:45.537,1.10179,1.10182,5.77,3.00
2016.07.22 13:38:45.639,1.10179,1.10182,4.27,2.25
2016.07.22 13:38:45.791,1.1018,1.10182,1.20,2.25
2016.07.22 13:38:45.842,1.1018,1.10182,1.20,3.00
2016.07.22 13:38:45.893,1.1018,1.10182,2.02,3.00
2016.07.22 13:38:45.944,1.1018,1.10182,3.52,2.25
2016.07.22 13:38:46.046,1.10181,1.10182,1.87,2.25
2016.07.22 13:38:46.097,1.10181,1.10182,2.62,2.25
2016.07.22 13:38:46.250,1.10181,1.10182,1.87,2.25
2016.07.22 13:38:46.301,1.10181,1.10183,1.50,2.25
2016.07.22 13:38:46.403,1.1018,1.10183,3.34,1.87
2016.07.22 13:38:46.454,1.1018,1.10183,3.15,2.06
2016.07.22 13:38:46.506,1.1018,1.10183,3.15,2.44
2016.07.22 13:38:46.557,1.1018,1.10183,3.15,3.79
2016.07.22 13:38:46.609,1.1018,1.10183,3.15,3.41
2016.07.22 13:38:46.711,1.1018,1.10183,2.40,3.41
2016.07.22 13:38:46.813,1.1018,1.10183,3.15,3.41
2016.07.22 13:38:47.069,1.1018,1.10183,3.15,4.91
2016.07.22 13:38:47.343,1.1018,1.10183,2.40,4.91
2016.07.22 13:38:47.445,1.1018,1.10183,3.15,4.91
2016.07.22 13:38:47.800,1.1018,1.10183,3.15,4.54
2016.07.22 13:38:47.902,1.1018,1.10183,3.15,5.29
2016.07.22 13:38:48.417,1.1018,1.10183,3.15,6.79
2016.07.22 13:38:48.497,1.1018,1.10183,3.15,7.91
2016.07.22 13:38:48.549,1.1018,1.10183,1.20,7.91
2016.07.22 13:38:48.601,1.10179,1.10183,3.60,7.91
2016.07.22 13:38:48.906,1.10179,1.10183,4.35,6.41
2016.07.22 13:38:48.957,1.10179,1.10183,5.85,4.91
2016.07.22 13:38:49.059,1.10179,1.10183,5.85,5.66
2016.07.22 13:38:49.212,1.1018,1.10183,1.20,5.66
2016.07.22 13:38:49.313,1.1018,1.10183,1.20,5.85
2016.07.22 13:38:49.365,1.1018,1.10183,1.00,3.00
2016.07.22 13:38:49.416,1.1018,1.10183,1.12,4.50
2016.07.22 13:38:49.600,1.10179,1.10183,7.20,3.00
2016.07.22 13:38:49.753,1.1018,1.10183,1.00,4.50
2016.07.22 13:38:49.956,1.10179,1.10183,7.20,3.00
2016.07.22 13:38:50.058,1.1018,1.10183,1.00,4.50
2016.07.22 13:38:50.955,1.1018,1.10183,1.00,3.75
2016.07.22 13:38:51.224,1.10179,1.10183,7.95,2.25
2016.07.22 13:38:51.326,1.1018,1.10183,1.00,3.75
2016.07.22 13:38:52.501,1.1018,1.10183,1.50,2.62
2016.07.22 13:38:52.552,1.10181,1.10183,1.00,1.87
2016.07.22 13:38:52.603,1.10181,1.10183,1.20,1.87
2016.07.22 13:38:52.654,1.10182,1.10183,1.00,1.12
2016.07.22 13:38:52.755,1.10181,1.10183,2.40,1.37
2016.07.22 13:38:52.958,1.10181,1.10183,2.40,1.37
2016.07.22 13:38:53.009,1.10181,1.10183,2.25,1.37
2016.07.22 13:38:53.111,1.10181,1.10183,3.52,1.37
2016.07.22 13:38:53.210,1.10182,1.10184,5.02,2.70
2016.07.22 13:38:53.262,1.10184,1.10185,1.00,1.87
2016.07.22 13:38:53.313,1.10184,1.10185,1.00,1.12
2016.07.22 13:38:53.415,1.10184,1.10186,2.62,2.25
2016.07.22 13:38:53.466,1.10185,1.10186,1.50,1.00
2016.07.22 13:38:53.518,1.10185,1.10186,1.65,1.00
2016.07.22 13:38:53.569,1.10185,1.10186,1.20,1.00
2016.07.22 13:38:53.621,1.10185,1.10186,1.20,1.00
2016.07.22 13:38:53.672,1.10185,1.10187,1.00,1.35
2016.07.22 13:38:53.723,1.10184,1.10187,3.82,3.97
2016.07.22 13:38:53.825,1.10184,1.10187,3.00,3.22
2016.07.22 13:38:54.012,1.10184,1.10187,3.00,3.97
2016.07.22 13:38:54.063,1.10184,1.10187,3.15,4.54
2016.07.22 13:38:54.114,1.10184,1.10187,3.15,5.16
2016.07.22 13:38:54.165,1.10184,1.10187,2.40,4.04
2016.07.22 13:38:54.218,1.10184,1.10187,1.65,4.16
2016.07.22 13:38:54.269,1.10184,1.10185,1.65,1.25
2016.07.22 13:38:54.320,1.10183,1.10184,4.20,3.00
2016.07.22 13:38:54.372,1.1018,1.10182,14.06,5.10
2016.07.22 13:38:54.425,1.1018,1.10181,5.62,3.60
2016.07.22 13:38:54.477,1.10179,1.1018,4.87,1.31
2016.07.22 13:38:54.528,1.10178,1.10179,5.62,3.00
2016.07.22 13:38:54.580,1.10178,1.10179,3.37,3.00
2016.07.22 13:38:54.673,1.10178,1.10179,1.00,4.87
2016.07.22 13:38:54.725,1.10176,1.10179,3.37,3.97
2016.07.22 13:38:54.778,1.10176,1.10179,3.75,3.79
2016.07.22 13:38:54.830,1.10176,1.10179,4.12,2.85
2016.07.22 13:38:54.883,1.10177,1.10179,3.37,1.00
2016.07.22 13:38:54.934,1.10179,1.1018,1.00,1.57
2016.07.22 13:38:54.985,1.10179,1.10181,2.12,5.66
2016.07.22 13:38:55.037,1.1018,1.10182,1.00,4.12
2016.07.22 13:38:55.139,1.1018,1.10182,1.00,3.07
2016.07.22 13:38:55.427,1.1018,1.10182,1.00,2.32
2016.07.22 13:38:55.480,1.10179,1.10181,4.50,1.00
2016.07.22 13:38:55.531,1.10179,1.1018,4.50,3.00
2016.07.22 13:38:55.633,1.10179,1.1018,1.12,3.00
2016.07.22 13:38:55.735,1.10179,1.1018,1.12,2.25
2016.07.22 13:38:55.787,1.10181,1.10182,1.00,6.82
2016.07.22 13:38:55.838,1.10181,1.10182,1.00,4.57
2016.07.22 13:38:55.889,1.10181,1.10182,1.00,1.20
2016.07.22 13:38:56.228,1.10181,1.10182,1.00,1.12
2016.07.22 13:38:56.482,1.10181,1.10182,1.00,1.00
2016.07.22 13:38:56.584,1.10181,1.10183,1.00,2.85
2016.07.22 13:38:56.635,1.10181,1.10182,1.00,1.50
2016.07.22 13:38:56.737,1.10181,1.10183,1.00,3.19
2016.07.22 13:38:56.788,1.10181,1.10183,1.00,4.31
2016.07.22 13:38:56.839,1.10181,1.10183,1.00,3.00
2016.07.22 13:38:56.890,1.10181,1.10182,1.00,1.12
2016.07.22 13:38:57.269,1.10181,1.10183,1.00,5.06
2016.07.22 13:38:57.320,1.10181,1.10182,1.00,1.12
2016.07.22 13:38:57.884,1.10181,1.10183,1.00,4.31
2016.07.22 13:38:57.935,1.10181,1.10183,1.00,2.62
2016.07.22 13:38:58.037,1.10181,1.10183,1.00,3.56
2016.07.22 13:38:58.139,1.10181,1.10183,1.00,2.62
2016.07.22 13:38:58.241,1.10181,1.10183,1.00,3.56
2016.07.22 13:38:58.743,1.10181,1.10183,1.00,2.62
2016.07.22 13:38:58.845,1.10181,1.10183,1.00,2.81
2016.07.22 13:38:58.947,1.10181,1.10183,1.00,1.87
2016.07.22 13:38:59.099,1.10179,1.10181,3.00,1.00
2016.07.22 13:38:59.150,1.1018,1.10181,1.00,1.00
2016.07.22 13:38:59.201,1.1018,1.10181,1.00,1.87
2016.07.22 13:38:59.252,1.10178,1.10181,4.87,2.66
2016.07.22 13:38:59.303,1.10178,1.10181,3.37,7.16
2016.07.22 13:38:59.354,1.10178,1.10179,2.62,1.00
2016.07.22 13:38:59.404,1.10178,1.10179,2.62,1.12
2016.07.22 13:38:59.455,1.10178,1.10179,3.37,1.12
2016.07.22 13:38:59.507,1.10178,1.10179,3.37,1.87
2016.07.22 13:38:59.640,1.10178,1.10179,2.62,1.87
2016.07.22 13:38:59.691,1.10177,1.10179,4.20,3.22
2016.07.22 13:38:59.742,1.10177,1.10179,1.57,3.60
2016.07.22 13:38:59.793,1.10177,1.10179,1.57,2.62
2016.07.22 13:38:59.845,1.10177,1.10179,1.57,2.81
2016.07.22 13:38:59.897,1.10177,1.10178,1.50,1.12
2016.07.22 13:38:59.948,1.10175,1.10177,3.75,1.00
2016.07.22 13:38:59.999,1.10175,1.10177,3.00,1.00
2016.07.22 13:39:00.050,1.10175,1.10178,3.00,3.22
2016.07.22 13:39:00.253,1.10175,1.10178,3.00,1.87
2016.07.22 13:39:00.456,1.10176,1.10178,1.00,1.87
2016.07.22 13:39:01.244,1.10176,1.10178,1.50,1.87
2016.07.22 13:39:01.295,1.10177,1.10178,1.00,1.00
2016.07.22 13:39:01.346,1.10177,1.10179,1.00,1.95
2016.07.22 13:39:01.398,1.10176,1.1018,1.87,6.75
2016.07.22 13:39:01.450,1.10176,1.1018,1.87,7.16
2016.07.22 13:39:01.500,1.10176,1.1018,2.62,7.16
2016.07.22 13:39:01.551,1.10176,1.1018,2.62,7.35
2016.07.22 13:39:01.749,1.10177,1.1018,1.00,6.60
2016.07.22 13:39:01.851,1.10177,1.1018,1.00,7.54
2016.07.22 13:39:01.902,1.10177,1.10179,1.00,1.20
2016.07.22 13:39:01.954,1.10177,1.10179,1.50,1.20
2016.07.22 13:39:02.005,1.10177,1.10179,1.50,1.10
2016.07.22 13:39:02.107,1.10177,1.1018,2.25,7.31
2016.07.22 13:39:02.158,1.10177,1.1018,2.25,5.81
2016.07.22 13:39:02.209,1.10177,1.1018,2.25,5.62
2016.07.22 13:39:02.260,1.10177,1.1018,3.00,4.12
2016.07.22 13:39:02.311,1.10177,1.1018,3.00,2.25
2016.07.22 13:39:02.362,1.10177,1.10179,2.25,1.00
2016.07.22 13:39:02.465,1.10177,1.1018,2.25,3.00
2016.07.22 13:39:02.516,1.10177,1.1018,3.00,1.00
2016.07.22 13:39:03.165,1.10177,1.1018,3.37,1.00
2016.07.22 13:39:03.572,1.10177,1.10181,3.37,8.55
2016.07.22 13:39:03.674,1.10177,1.10181,3.00,6.86
2016.07.22 13:39:03.725,1.10177,1.1018,3.00,1.50
2016.07.22 13:39:03.776,1.10177,1.10179,3.00,1.00
2016.07.22 13:39:04.297,1.10177,1.1018,3.00,1.00
2016.07.22 13:39:04.655,1.10177,1.1018,3.00,1.50
2016.07.22 13:39:04.757,1.10177,1.10179,3.00,1.00
2016.07.22 13:39:04.960,1.10177,1.1018,3.00,1.50
2016.07.22 13:39:05.062,1.10177,1.10179,3.00,1.00
2016.07.22 13:39:05.751,1.10177,1.1018,3.00,2.25
2016.07.22 13:39:05.853,1.10177,1.10179,3.00,1.00
2016.07.22 13:39:05.955,1.10177,1.1018,4.87,3.37
2016.07.22 13:39:06.260,1.10177,1.1018,3.75,3.37
2016.07.22 13:39:06.311,1.10177,1.1018,3.75,4.12
2016.07.22 13:39:06.447,1.10177,1.1018,3.75,3.37
2016.07.22 13:39:07.018,1.10177,1.1018,4.12,1.50
2016.07.22 13:39:07.069,1.10178,1.1018,1.00,1.87
2016.07.22 13:39:07.119,1.10178,1.1018,1.00,1.12
2016.07.22 13:39:07.170,1.10178,1.1018,1.00,1.00
2016.07.22 13:39:07.272,1.10177,1.1018,6.00,1.00
2016.07.22 13:39:07.696,1.10177,1.1018,5.25,1.50
2016.07.22 13:39:07.799,1.10177,1.1018,4.12,3.97
2016.07.22 13:39:07.850,1.10177,1.1018,2.62,5.47
2016.07.22 13:39:07.901,1.10177,1.1018,2.62,3.97
2016.07.22 13:39:07.952,1.10177,1.1018,2.62,5.47
2016.07.22 13:39:08.003,1.10177,1.1018,2.62,6.97
2016.07.22 13:39:08.258,1.10177,1.1018,2.62,5.47
2016.07.22 13:39:08.361,1.10177,1.1018,2.62,6.97
2016.07.22 13:39:08.791,1.10177,1.1018,2.62,5.47
2016.07.22 13:39:08.893,1.10177,1.1018,2.62,6.97
2016.07.22 13:39:09.146,1.10177,1.10179,1.87,1.00
2016.07.22 13:39:09.198,1.10177,1.10179,1.12,4.72
2016.07.22 13:39:09.249,1.10176,1.10178,1.01,1.35
2016.07.22 13:39:09.300,1.10176,1.10178,1.01,2.25
2016.07.22 13:39:09.351,1.10176,1.10178,1.25,3.00
2016.07.22 13:39:09.403,1.10176,1.10178,1.69,3.60
2016.07.22 13:39:09.454,1.10176,1.10178,1.69,2.25
2016.07.22 13:39:09.505,1.10176,1.10178,1.25,1.50
2016.07.22 13:39:09.642,1.10176,1.10178,1.25,1.00
2016.07.22 13:39:09.696,1.10177,1.10178,1.00,2.25
2016.07.22 13:39:09.799,1.10176,1.10178,1.69,1.00
2016.07.22 13:39:09.850,1.10176,1.10179,1.69,2.89
2016.07.22 13:39:10.003,1.10176,1.10178,1.69,1.00
2016.07.22 13:39:10.105,1.10175,1.10177,1.87,2.25
2016.07.22 13:39:10.157,1.10175,1.10177,1.00,5.47
2016.07.22 13:39:10.208,1.10175,1.10176,1.00,1.00
2016.07.22 13:39:10.311,1.10175,1.10177,1.00,4.87
2016.07.22 13:39:10.362,1.10175,1.10177,1.00,5.47
2016.07.22 13:39:10.491,1.10173,1.10176,4.20,1.00
2016.07.22 13:39:10.593,1.10173,1.10176,4.20,1.50
2016.07.22 13:39:10.644,1.10173,1.10176,4.20,2.25
2016.07.22 13:39:11.485,1.10173,1.10176,3.82,3.97
2016.07.22 13:39:11.536,1.10173,1.10175,2.62,1.00
2016.07.22 13:39:12.009,1.10174,1.10176,1.00,6.41
2016.07.22 13:39:12.060,1.10174,1.10176,1.00,5.06
2016.07.22 13:39:12.314,1.10174,1.10176,1.00,3.37
2016.07.22 13:39:12.415,1.10174,1.10176,1.00,5.06
2016.07.22 13:39:12.466,1.10174,1.10176,1.00,5.66
2016.07.22 13:39:12.792,1.10175,1.10176,2.25,1.50
2016.07.22 13:39:12.845,1.10176,1.10177,3.75,1.69
2016.07.22 13:39:12.897,1.10177,1.10178,1.20,1.50
2016.07.22 13:39:12.949,1.10177,1.10179,1.57,1.00
2016.07.22 13:39:13.000,1.10177,1.1018,2.62,3.75
2016.07.22 13:39:13.051,1.10177,1.1018,4.35,3.75
2016.07.22 13:39:13.103,1.10179,1.1018,1.00,2.62
2016.07.22 13:39:13.154,1.10179,1.10181,1.12,4.12
2016.07.22 13:39:13.205,1.10179,1.10181,1.50,2.06
2016.07.22 13:39:13.257,1.10179,1.10181,1.50,1.31
2016.07.22 13:39:13.308,1.10179,1.10181,1.50,1.12
2016.07.22 13:39:13.435,1.10179,1.10182,1.50,5.25
2016.07.22 13:39:13.487,1.10179,1.10182,1.12,6.04
2016.07.22 13:39:13.538,1.10179,1.10182,1.50,5.29
2016.07.22 13:39:13.590,1.10179,1.10182,1.50,5.10
2016.07.22 13:39:13.692,1.10179,1.10182,1.50,4.35
2016.07.22 13:39:13.794,1.10179,1.10182,1.50,5.10
2016.07.22 13:39:13.845,1.10179,1.10182,1.42,5.85
2016.07.22 13:39:13.897,1.10179,1.10182,1.42,6.79
2016.07.22 13:39:13.948,1.10179,1.10182,1.00,3.56
2016.07.22 13:39:14.000,1.1018,1.10182,1.00,1.87
2016.07.22 13:39:14.052,1.1018,1.10182,1.00,2.62
2016.07.22 13:39:14.103,1.1018,1.10182,1.00,3.37
2016.07.22 13:39:14.246,1.1018,1.10182,1.00,3.75
2016.07.22 13:39:14.297,1.1018,1.10182,2.25,2.25
2016.07.22 13:39:14.349,1.1018,1.10183,3.00,4.69
2016.07.22 13:39:14.400,1.10181,1.10183,1.00,5.44
2016.07.22 13:39:14.502,1.10181,1.10183,1.05,4.69
2016.07.22 13:39:14.554,1.10181,1.10183,1.05,3.94
2016.07.22 13:39:14.656,1.10181,1.10183,1.05,1.69
2016.07.22 13:39:14.708,1.10181,1.10183,1.05,1.25
2016.07.22 13:39:14.760,1.10181,1.10183,1.05,1.00
2016.07.22 13:39:14.812,1.10181,1.10184,1.05,3.37
2016.07.22 13:39:14.907,1.10181,1.10184,1.12,4.12
2016.07.22 13:39:14.961,1.10181,1.10184,1.12,3.37
2016.07.22 13:39:15.012,1.10181,1.10184,1.12,1.12
2016.07.22 13:39:15.115,1.10181,1.10184,1.12,3.37
2016.07.22 13:39:15.473,1.10181,1.10184,1.87,3.37
2016.07.22 13:39:15.524,1.10181,1.10184,2.25,3.37
2016.07.22 13:39:15.627,1.10181,1.10184,7.12,3.37
2016.07.22 13:39:15.678,1.10182,1.10184,1.57,1.87
2016.07.22 13:39:15.757,1.10183,1.10184,1.00,1.12
2016.07.22 13:39:15.809,1.10184,1.10186,2.62,1.00
2016.07.22 13:39:15.863,1.10184,1.10187,5.32,3.19
2016.07.22 13:39:15.917,1.10186,1.10187,1.00,1.50
2016.07.22 13:39:15.969,1.10184,1.10187,6.37,1.00
2016.07.22 13:39:16.021,1.10184,1.10187,6.00,1.00
2016.07.22 13:39:16.072,1.10184,1.10187,6.37,1.00
2016.07.22 13:39:16.123,1.10184,1.10188,5.62,6.97
2016.07.22 13:39:16.175,1.10185,1.10188,1.10,7.72
2016.07.22 13:39:16.226,1.10185,1.10187,1.10,1.00
2016.07.22 13:39:16.277,1.10185,1.10187,1.57,1.00
2016.07.22 13:39:16.329,1.10185,1.10187,2.70,1.50
2016.07.22 13:39:16.380,1.10185,1.10187,2.32,2.25
2016.07.22 13:39:16.490,1.10185,1.10187,1.10,3.00
2016.07.22 13:39:17.260,1.10185,1.10187,1.10,4.35
2016.07.22 13:39:17.372,1.10185,1.10187,1.10,3.22
2016.07.22 13:39:17.423,1.10185,1.10186,1.10,1.00
2016.07.22 13:39:17.474,1.10185,1.10186,1.10,1.50
2016.07.22 13:39:17.526,1.10184,1.10186,3.00,3.00
2016.07.22 13:39:17.577,1.10183,1.10186,4.50,4.87
2016.07.22 13:39:17.629,1.10183,1.10186,2.25,8.47
2016.07.22 13:39:17.681,1.10182,1.10185,9.00,1.00
2016.07.22 13:39:17.732,1.10182,1.10184,4.87,2.10
2016.07.22 13:39:17.784,1.10182,1.10184,1.50,2.85
2016.07.22 13:39:17.835,1.10181,1.10182,3.00,1.50
2016.07.22 13:39:17.886,1.10181,1.10182,1.12,2.25
2016.07.22 13:39:17.937,1.10179,1.10182,3.00,3.00
2016.07.22 13:39:18.019,1.10179,1.10182,3.00,3.37
2016.07.22 13:39:18.070,1.10179,1.10182,1.50,5.81
2016.07.22 13:39:18.121,1.10179,1.10182,2.25,4.69
2016.07.22 13:39:18.173,1.10179,1.10182,1.87,3.94
2016.07.22 13:39:18.325,1.10179,1.10182,1.87,5.44
2016.07.22 13:39:18.376,1.10179,1.10182,1.57,5.81
2016.07.22 13:39:18.427,1.10179,1.10181,1.10,1.12
2016.07.22 13:39:18.478,1.10179,1.10181,1.10,3.22
2016.07.22 13:39:18.529,1.10179,1.10181,1.10,3.04
2016.07.22 13:39:18.579,1.10179,1.10181,1.10,3.22
2016.07.22 13:39:18.630,1.10179,1.10181,1.10,5.10
2016.07.22 13:39:18.681,1.10179,1.10181,1.00,6.60
2016.07.22 13:39:19.001,1.10179,1.10181,1.00,5.66
2016.07.22 13:39:19.103,1.10179,1.10181,1.00,6.60
2016.07.22 13:39:19.307,1.10179,1.10181,1.00,5.66
2016.07.22 13:39:19.358,1.10179,1.10181,1.00,4.91
2016.07.22 13:39:19.409,1.10179,1.10181,1.00,5.85
2016.07.22 13:39:19.562,1.10179,1.10181,1.00,3.79
2016.07.22 13:39:19.817,1.10179,1.10181,1.00,2.85
2016.07.22 13:39:19.868,1.10179,1.10181,1.00,2.10
2016.07.22 13:39:19.919,1.10179,1.10181,1.00,3.04
2016.07.22 13:39:20.010,1.10179,1.10181,1.00,3.79
2016.07.22 13:39:20.316,1.10179,1.10181,1.00,3.60
2016.07.22 13:39:20.367,1.10179,1.10181,1.00,2.10
2016.07.22 13:39:20.520,1.10179,1.10181,1.00,2.10
2016.07.22 13:39:20.621,1.10179,1.10181,1.50,1.35
2016.07.22 13:39:20.673,1.10179,1.10182,1.50,9.86
2016.07.22 13:39:20.724,1.10179,1.10182,1.50,10.24
2016.07.22 13:39:20.876,1.10179,1.10182,1.50,10.61
2016.07.22 13:39:20.979,1.10179,1.10182,1.50,9.86
2016.07.22 13:39:21.144,1.10179,1.10182,1.50,9.11
2016.07.22 13:39:21.246,1.10179,1.10182,1.50,9.04
2016.07.22 13:39:21.297,1.10179,1.10182,1.50,8.85
2016.07.22 13:39:21.704,1.10179,1.10182,1.50,5.85
2016.07.22 13:39:22.029,1.10179,1.10182,1.50,7.35
2016.07.22 13:39:22.437,1.10179,1.10182,1.50,7.72
2016.07.22 13:39:22.540,1.10179,1.10182,1.50,8.47
2016.07.22 13:39:22.591,1.10179,1.10182,1.50,6.97
2016.07.22 13:39:22.744,1.10179,1.10182,1.50,7.35
2016.07.22 13:39:22.864,1.10179,1.10182,1.50,9.60
2016.07.22 13:39:22.915,1.10179,1.10181,1.00,1.69
2016.07.22 13:39:22.967,1.10179,1.10181,1.00,3.19
2016.07.22 13:39:23.069,1.10179,1.10181,1.00,5.29
2016.07.22 13:39:23.804,1.10179,1.10181,1.00,5.66
2016.07.22 13:39:24.314,1.10179,1.10181,1.00,4.72
2016.07.22 13:39:24.415,1.10179,1.10181,1.00,5.66
2016.07.22 13:39:24.466,1.10179,1.10181,1.00,4.91
2016.07.22 13:39:24.517,1.10179,1.10181,1.00,5.66
2016.07.22 13:39:24.569,1.10179,1.10181,1.00,6.41
2016.07.22 13:39:24.858,1.10179,1.10181,1.00,5.66
2016.07.22 13:39:24.909,1.10179,1.10181,1.00,4.72
2016.07.22 13:39:24.961,1.10179,1.10181,1.00,5.47
2016.07.22 13:39:25.012,1.10179,1.10181,1.00,6.41
2016.07.22 13:39:25.268,1.10177,1.10179,5.06,2.47
2016.07.22 13:39:25.323,1.10177,1.10178,1.10,1.12
2016.07.22 13:39:25.374,1.10177,1.10178,1.10,2.25
2016.07.22 13:39:25.425,1.10177,1.10178,1.00,3.75
2016.07.22 13:39:25.477,1.10176,1.10178,1.00,3.75
2016.07.22 13:39:25.591,1.10176,1.10177,1.00,2.25
2016.07.22 13:39:25.642,1.10176,1.10177,1.00,3.00
2016.07.22 13:39:25.796,1.10176,1.10177,1.00,2.25
2016.07.22 13:39:25.948,1.10174,1.10177,3.37,2.25
2016.07.22 13:39:26.552,1.10175,1.10177,1.95,2.25
2016.07.22 13:39:26.603,1.10176,1.10177,1.00,2.25
2016.07.22 13:39:26.706,1.10176,1.10177,1.00,1.50
2016.07.22 13:39:26.810,1.10176,1.10177,1.00,1.00
2016.07.22 13:39:26.861,1.10176,1.10178,1.00,2.62
2016.07.22 13:39:26.913,1.10176,1.10178,1.00,1.87
2016.07.22 13:39:27.016,1.10176,1.10178,1.50,1.87
2016.07.22 13:39:27.205,1.10175,1.10178,2.32,3.00
2016.07.22 13:39:27.256,1.10175,1.10178,4.95,1.12
2016.07.22 13:39:27.307,1.10175,1.10179,6.82,7.54
2016.07.22 13:39:27.359,1.10176,1.10179,1.12,3.75
2016.07.22 13:39:27.412,1.10176,1.10179,1.12,5.85
2016.07.22 13:39:27.514,1.10176,1.10179,1.87,5.85
2016.07.22 13:39:27.565,1.10176,1.10178,1.87,1.00
2016.07.22 13:39:27.616,1.10176,1.10178,1.87,1.50
2016.07.22 13:39:27.668,1.10176,1.10178,1.12,1.50
2016.07.22 13:39:27.720,1.10175,1.10178,4.57,1.87
2016.07.22 13:39:27.771,1.10175,1.10178,5.32,1.87
2016.07.22 13:39:27.866,1.10175,1.10178,4.57,1.87
2016.07.22 13:39:27.918,1.10175,1.10178,3.82,2.25
2016.07.22 13:39:27.969,1.10175,1.10178,5.70,2.25
2016.07.22 13:39:28.020,1.10175,1.10178,6.07,2.25
2016.07.22 13:39:28.121,1.10175,1.10178,5.70,2.25
2016.07.22 13:39:28.223,1.10175,1.10178,5.70,1.50
2016.07.22 13:39:28.325,1.10176,1.10178,1.12,1.50
2016.07.22 13:39:28.580,1.10176,1.10178,1.12,1.87
2016.07.22 13:39:28.665,1.10176,1.10178,1.00,2.62
2016.07.22 13:39:28.718,1.10175,1.10177,1.57,1.00
2016.07.22 13:39:28.769,1.10175,1.10177,1.10,1.00
2016.07.22 13:39:28.821,1.10174,1.10177,3.75,1.50
2016.07.22 13:39:28.974,1.10174,1.10177,4.12,1.50
2016.07.22 13:39:29.026,1.10174,1.10177,4.87,2.25
2016.07.22 13:39:29.078,1.10174,1.10177,4.12,2.25
2016.07.22 13:39:29.130,1.10174,1.10177,4.50,2.25
2016.07.22 13:39:29.181,1.10175,1.10177,1.10,2.25
2016.07.22 13:39:29.385,1.10175,1.10177,1.57,2.25
2016.07.22 13:39:29.436,1.10175,1.10177,1.10,2.25
2016.07.22 13:39:29.571,1.10174,1.10177,7.12,1.50
2016.07.22 13:39:29.622,1.10174,1.10177,7.50,1.50
2016.07.22 13:39:29.674,1.10174,1.10177,6.75,2.25
2016.07.22 13:39:29.725,1.10174,1.10177,5.62,1.50
2016.07.22 13:39:29.778,1.10174,1.10177,3.75,1.50
2016.07.22 13:39:29.829,1.10174,1.10177,3.75,3.19
2016.07.22 13:39:29.985,1.10174,1.10177,4.50,3.19
2016.07.22 13:39:30.036,1.10174,1.10177,4.20,3.60
2016.07.22 13:39:30.089,1.10175,1.10176,1.00,1.35
2016.07.22 13:39:30.141,1.10175,1.10176,1.00,2.85
2016.07.22 13:39:30.275,1.10174,1.10176,1.00,3.60
2016.07.22 13:39:30.327,1.10173,1.10176,3.45,3.60
2016.07.22 13:39:30.430,1.10174,1.10176,1.00,3.60
2016.07.22 13:39:30.481,1.10174,1.10176,1.00,6.60
2016.07.22 13:39:30.533,1.10173,1.10176,1.10,5.85
2016.07.22 13:39:30.584,1.10172,1.10176,7.57,6.22
2016.07.22 13:39:30.635,1.10173,1.10176,1.12,6.41
2016.07.22 13:39:30.686,1.10173,1.10175,1.00,1.00
2016.07.22 13:39:30.737,1.10172,1.10175,3.82,2.25
2016.07.22 13:39:30.788,1.10172,1.10175,5.70,3.00
2016.07.22 13:39:30.890,1.10172,1.10175,6.45,3.00
2016.07.22 13:39:31.051,1.10172,1.10175,4.95,4.50
2016.07.22 13:39:31.103,1.10172,1.10175,3.82,4.87
2016.07.22 13:39:31.154,1.10172,1.10175,5.70,4.87
2016.07.22 13:39:31.204,1.10173,1.10175,1.87,3.75
2016.07.22 13:39:31.256,1.10173,1.10175,3.75,1.50
2016.07.22 13:39:31.307,1.10173,1.10175,3.75,1.00
2016.07.22 13:39:31.358,1.10173,1.10175,2.25,1.50
2016.07.22 13:39:31.460,1.10173,1.10175,1.50,2.25
2016.07.22 13:39:31.511,1.10173,1.10175,1.12,2.25
2016.07.22 13:39:31.562,1.10173,1.10175,1.00,2.25
2016.07.22 13:39:31.613,1.10173,1.10175,1.00,3.00
2016.07.22 13:39:31.800,1.10173,1.10175,1.00,3.37
2016.07.22 13:39:31.902,1.10172,1.10175,4.20,3.00
2016.07.22 13:39:32.055,1.10172,1.10175,3.45,2.25
2016.07.22 13:39:32.106,1.10172,1.10175,3.82,1.50
2016.07.22 13:39:32.158,1.10172,1.10175,5.32,3.75
2016.07.22 13:39:32.209,1.10173,1.10175,1.37,4.50
2016.07.22 13:39:32.260,1.10174,1.10175,1.00,3.00
2016.07.22 13:39:32.311,1.10174,1.10175,1.00,2.25
2016.07.22 13:39:32.516,1.10174,1.10175,1.00,1.50
2016.07.22 13:39:32.567,1.10174,1.10175,1.00,1.00
2016.07.22 13:39:32.669,1.10173,1.10175,2.25,1.72
2016.07.22 13:39:32.808,1.10173,1.10175,2.25,2.59
2016.07.22 13:39:32.961,1.10173,1.10175,2.25,1.11
2016.07.22 13:39:33.012,1.10173,1.10176,2.25,10.46
2016.07.22 13:39:33.063,1.10173,1.10175,2.25,1.11
2016.07.22 13:39:33.114,1.10173,1.10175,2.25,1.61
2016.07.22 13:39:33.166,1.10173,1.10175,2.25,1.11
2016.07.22 13:39:33.219,1.10173,1.10176,2.25,8.21
2016.07.22 13:39:33.270,1.10173,1.10176,2.25,6.71
2016.07.22 13:39:33.372,1.10173,1.10176,2.62,3.86
2016.07.22 13:39:33.423,1.10174,1.10176,1.00,3.60
2016.07.22 13:39:33.474,1.10174,1.10176,1.00,2.10
2016.07.22 13:39:33.525,1.10174,1.10176,1.00,1.50
2016.07.22 13:39:33.577,1.10174,1.10176,1.50,1.00
2016.07.22 13:39:33.813,1.10174,1.10176,1.50,2.85
2016.07.22 13:39:33.865,1.10174,1.10176,1.00,3.60
2016.07.22 13:39:33.917,1.10174,1.10176,1.00,5.47
2016.07.22 13:39:33.971,1.10174,1.10175,1.00,1.00
2016.07.22 13:39:34.022,1.10173,1.10175,1.37,1.12
2016.07.22 13:39:34.073,1.10172,1.10176,3.45,8.10
2016.07.22 13:39:34.124,1.10172,1.10176,4.20,7.35
2016.07.22 13:39:34.175,1.10172,1.10176,4.20,5.25
2016.07.22 13:39:34.341,1.10172,1.10175,6.07,1.00
2016.07.22 13:39:34.393,1.10173,1.10176,1.12,3.94
2016.07.22 13:39:34.444,1.10173,1.10176,1.12,6.04
2016.07.22 13:39:34.496,1.10173,1.10176,1.00,6.41
2016.07.22 13:39:34.700,1.10173,1.10176,1.00,5.29
2016.07.22 13:39:34.751,1.10173,1.10176,1.50,3.04
2016.07.22 13:39:34.955,1.10173,1.10175,1.50,1.00
2016.07.22 13:39:35.006,1.10173,1.10175,1.87,1.00
2016.07.22 13:39:35.108,1.10173,1.10175,1.50,1.00
2016.07.22 13:39:35.347,1.10173,1.10176,1.50,3.04
2016.07.22 13:39:35.398,1.10173,1.10176,2.25,2.29
2016.07.22 13:39:35.449,1.10173,1.10176,2.25,1.54
2016.07.22 13:39:35.603,1.10173,1.10176,4.12,1.54
2016.07.22 13:39:35.654,1.10173,1.10177,4.12,2.32
2016.07.22 13:39:35.756,1.10173,1.10177,5.62,4.01
2016.07.22 13:39:35.909,1.10173,1.10177,5.62,4.61
2016.07.22 13:39:36.292,1.10173,1.10177,5.70,3.79
2016.07.22 13:39:36.343,1.10173,1.10177,4.20,2.10
2016.07.22 13:39:36.445,1.10173,1.10177,5.70,3.79
2016.07.22 13:39:36.547,1.10174,1.10177,1.00,3.04
2016.07.22 13:39:36.598,1.10174,1.10177,4.50,2.06
2016.07.22 13:39:36.649,1.10176,1.10178,3.37,1.47
2016.07.22 13:39:36.700,1.10177,1.10178,1.12,1.10
2016.07.22 13:39:36.751,1.10177,1.10179,4.50,1.00
2016.07.22 13:39:36.802,1.10179,1.1018,1.00,1.50
2016.07.22 13:39:36.853,1.10179,1.1018,1.00,1.00
2016.07.22 13:39:36.964,1.10179,1.10182,3.07,1.50
2016.07.22 13:39:37.016,1.10179,1.10182,2.70,1.12
2016.07.22 13:39:37.067,1.10179,1.10182,3.82,1.00
2016.07.22 13:39:37.169,1.10179,1.10183,4.57,4.54
2016.07.22 13:39:37.220,1.10179,1.10183,4.57,4.72
2016.07.22 13:39:37.271,1.10179,1.10183,4.57,3.22
2016.07.22 13:39:37.322,1.10179,1.10183,4.57,3.59
2016.07.22 13:39:37.373,1.10179,1.10183,3.82,3.40
2016.07.22 13:39:37.477,1.10179,1.10183,4.57,3.59
2016.07.22 13:39:37.579,1.10179,1.10183,3.82,3.40
2016.07.22 13:39:37.682,1.10179,1.10182,4.57,2.28
2016.07.22 13:39:37.784,1.10179,1.10182,4.57,2.65
2016.07.22 13:39:37.836,1.10179,1.10181,2.32,1.03
2016.07.22 13:39:37.887,1.10179,1.1018,1.57,1.87
2016.07.22 13:39:37.938,1.10178,1.10179,4.57,2.10
2016.07.22 13:39:37.990,1.10178,1.10179,2.70,2.10
2016.07.22 13:39:38.042,1.10178,1.10179,1.12,2.85
2016.07.22 13:39:38.095,1.10177,1.10178,2.70,1.00
2016.07.22 13:39:38.147,1.10175,1.10178,4.87,2.25
2016.07.22 13:39:38.199,1.10175,1.10178,1.00,3.00
2016.07.22 13:39:38.250,1.10175,1.10178,1.50,2.44
2016.07.22 13:39:38.301,1.10176,1.10178,1.00,3.79
2016.07.22 13:39:38.352,1.10176,1.10179,1.50,4.99
2016.07.22 13:39:38.403,1.10176,1.10179,1.00,4.61
2016.07.22 13:39:38.486,1.10176,1.10179,1.50,4.61
2016.07.22 13:39:38.537,1.10176,1.10178,1.00,1.25
2016.07.22 13:39:38.588,1.10176,1.10179,1.00,4.42
2016.07.22 13:39:38.639,1.10176,1.10178,1.00,2.85
2016.07.22 13:39:38.690,1.10176,1.10177,1.00,1.35
2016.07.22 13:39:38.741,1.10175,1.10177,1.12,1.12
2016.07.22 13:39:38.792,1.10175,1.10177,1.00,1.50
2016.07.22 13:39:38.843,1.10175,1.10177,1.12,1.24
2016.07.22 13:39:38.996,1.10177,1.10178,1.00,2.32
2016.07.22 13:39:39.047,1.10177,1.10178,1.50,1.87
2016.07.22 13:39:39.098,1.10177,1.10179,1.87,1.00
2016.07.22 13:39:39.190,1.10178,1.1018,1.00,2.25
2016.07.22 13:39:39.242,1.10178,1.10181,1.87,2.29
2016.07.22 13:39:39.293,1.10178,1.1018,1.12,1.00
2016.07.22 13:39:39.345,1.10178,1.10181,1.12,2.85
2016.07.22 13:39:39.396,1.10178,1.10181,1.12,2.10
2016.07.22 13:39:39.447,1.10178,1.10181,1.12,3.41
2016.07.22 13:39:39.498,1.10178,1.1018,1.87,2.10
2016.07.22 13:39:39.550,1.10178,1.10181,3.37,6.04
2016.07.22 13:39:39.601,1.10178,1.1018,2.62,1.91
2016.07.22 13:39:39.652,1.10178,1.10179,1.12,2.85
2016.07.22 13:39:39.806,1.10178,1.10179,1.12,3.22
2016.07.22 13:39:39.895,1.10176,1.10179,4.39,3.60
2016.07.22 13:39:39.946,1.10176,1.10179,5.14,2.10
2016.07.22 13:39:39.997,1.10176,1.10179,5.14,1.35
2016.07.22 13:39:40.099,1.10176,1.10179,4.76,1.35
2016.07.22 13:39:40.150,1.10176,1.10179,4.57,3.97
2016.07.22 13:39:40.252,1.10176,1.10179,4.57,4.72
2016.07.22 13:39:40.353,1.10176,1.10179,4.57,4.35
2016.07.22 13:39:40.455,1.10176,1.10179,4.57,3.60
2016.07.22 13:39:40.557,1.10176,1.10179,3.07,3.60
2016.07.22 13:39:40.608,1.10176,1.10179,3.07,4.35
2016.07.22 13:39:40.659,1.10176,1.10179,3.07,6.79
2016.07.22 13:39:40.710,1.10176,1.10178,2.32,1.00
2016.07.22 13:39:40.833,1.10177,1.10179,1.37,6.79
2016.07.22 13:39:40.884,1.10177,1.10179,1.87,1.50
2016.07.22 13:39:40.935,1.10177,1.1018,4.87,5.25
2016.07.22 13:39:40.986,1.10179,1.1018,1.00,2.62
2016.07.22 13:39:41.046,1.10179,1.1018,1.50,1.69
2016.07.22 13:39:41.098,1.10179,1.1018,2.25,1.25
2016.07.22 13:39:41.149,1.10179,1.1018,3.00,1.25
2016.07.22 13:39:41.696,1.10179,1.1018,2.25,1.25
2016.07.22 13:39:41.798,1.10179,1.1018,3.00,1.25
2016.07.22 13:39:41.950,1.10179,1.1018,2.25,1.25
2016.07.22 13:39:42.051,1.10179,1.1018,3.00,1.25
2016.07.22 13:39:42.407,1.10179,1.1018,2.25,1.25
2016.07.22 13:39:42.458,1.10178,1.1018,5.70,1.25
2016.07.22 13:39:42.510,1.10178,1.1018,4.20,1.25
2016.07.22 13:39:42.615,1.10178,1.1018,4.20,1.69
2016.07.22 13:39:42.667,1.10178,1.10179,1.00,3.22
2016.07.22 13:39:42.718,1.10177,1.10179,1.57,3.22
2016.07.22 13:39:42.770,1.10177,1.10179,1.00,1.87
2016.07.22 13:39:42.823,1.10177,1.10179,1.50,1.87
2016.07.22 13:39:42.874,1.10177,1.10179,3.00,2.87
2016.07.22 13:39:42.926,1.10178,1.1018,3.00,3.49
2016.07.22 13:39:42.979,1.10179,1.10181,3.00,2.06
2016.07.22 13:39:43.030,1.1018,1.10181,1.00,1.05
2016.07.22 13:39:43.082,1.1018,1.10182,1.00,2.47
2016.07.22 13:39:43.134,1.1018,1.10182,1.00,2.92
2016.07.22 13:39:43.186,1.10179,1.10182,3.75,4.24
2016.07.22 13:39:43.237,1.10179,1.10182,3.00,4.42
2016.07.22 13:39:43.320,1.10179,1.10182,1.50,4.80
2016.07.22 13:39:43.371,1.10177,1.1018,9.64,2.10
2016.07.22 13:39:43.423,1.10177,1.1018,6.26,3.22
2016.07.22 13:39:43.474,1.10177,1.10179,2.81,3.60
2016.07.22 13:39:43.526,1.10176,1.10179,4.69,4.35
2016.07.22 13:39:43.577,1.10176,1.10179,3.37,4.35
2016.07.22 13:39:43.629,1.10176,1.10179,3.00,3.97
2016.07.22 13:39:43.781,1.10176,1.10179,3.00,2.06
2016.07.22 13:39:43.934,1.10176,1.10179,3.00,4.16
2016.07.22 13:39:44.391,1.10176,1.10179,3.00,3.60
2016.07.22 13:39:44.495,1.10176,1.10179,1.50,2.85
2016.07.22 13:39:44.598,1.10176,1.10179,2.25,3.60
2016.07.22 13:39:44.802,1.10176,1.10179,1.50,2.85
2016.07.22 13:39:44.904,1.10176,1.10179,2.25,3.60
2016.07.22 13:39:45.219,1.10176,1.10179,3.00,3.60
2016.07.22 13:39:45.531,1.10176,1.10179,2.25,3.60
2016.07.22 13:39:45.736,1.10176,1.10179,1.50,4.35
2016.07.22 13:39:45.787,1.10176,1.10178,1.50,1.50
2016.07.22 13:39:45.839,1.10176,1.10177,1.50,1.72
2016.07.22 13:39:45.890,1.10174,1.10176,4.87,1.30
2016.07.22 13:39:46.031,1.10174,1.10176,4.50,1.30
2016.07.22 13:39:46.083,1.10174,1.10177,5.25,4.16
2016.07.22 13:39:46.134,1.10174,1.10177,7.12,2.06
2016.07.22 13:39:46.186,1.10175,1.10177,1.00,1.00
2016.07.22 13:39:46.237,1.10175,1.10178,1.00,2.32
2016.07.22 13:39:46.340,1.10175,1.10178,1.00,2.32
2016.07.22 13:39:46.391,1.10175,1.10177,1.50,2.47
2016.07.22 13:39:46.443,1.10175,1.10177,1.87,1.31
2016.07.22 13:39:46.494,1.10175,1.10177,1.00,1.25
2016.07.22 13:39:46.545,1.10175,1.10178,1.87,1.80
2016.07.22 13:39:46.672,1.10175,1.10178,4.12,1.80
2016.07.22 13:39:46.723,1.10176,1.10179,1.50,2.66
2016.07.22 13:39:46.775,1.10177,1.1018,1.00,9.04
2016.07.22 13:39:46.876,1.10176,1.1018,3.37,8.10
2016.07.22 13:39:46.928,1.10176,1.1018,4.12,7.35
2016.07.22 13:39:46.979,1.10176,1.1018,4.50,9.04
2016.07.22 13:39:47.030,1.10176,1.1018,4.50,9.41
2016.07.22 13:39:47.436,1.10176,1.1018,4.50,9.04
2016.07.22 13:39:47.487,1.10177,1.1018,1.00,6.97
2016.07.22 13:39:47.619,1.10177,1.1018,1.00,4.54
2016.07.22 13:39:47.670,1.10177,1.1018,1.00,5.47
2016.07.22 13:39:47.721,1.10177,1.1018,1.00,8.85
2016.07.22 13:39:47.773,1.10177,1.1018,1.00,6.41
2016.07.22 13:39:47.875,1.10177,1.1018,1.00,8.10
2016.07.22 13:39:48.180,1.10177,1.1018,1.00,8.66
2016.07.22 13:39:48.244,1.10177,1.1018,1.00,8.47
2016.07.22 13:39:48.295,1.10177,1.1018,1.00,7.54
2016.07.22 13:39:48.448,1.10177,1.1018,1.00,8.29
2016.07.22 13:39:48.499,1.10177,1.1018,1.00,6.04
2016.07.22 13:39:48.781,1.10177,1.1018,2.62,3.79
2016.07.22 13:39:48.832,1.10177,1.1018,3.37,1.50
2016.07.22 13:39:48.885,1.10178,1.10181,1.50,2.06
2016.07.22 13:39:48.937,1.10178,1.10181,1.50,1.31
2016.07.22 13:39:48.988,1.10179,1.10181,1.00,1.12
2016.07.22 13:39:49.039,1.10179,1.10182,1.12,4.57
2016.07.22 13:39:49.091,1.10179,1.10182,1.50,1.57
2016.07.22 13:39:49.142,1.10179,1.10182,2.25,1.10
2016.07.22 13:39:49.193,1.10179,1.10182,2.25,2.32
2016.07.22 13:39:49.244,1.10179,1.10182,2.25,3.07
2016.07.22 13:39:49.347,1.10179,1.10182,1.50,3.07
2016.07.22 13:39:49.478,1.10179,1.10182,1.50,3.26
2016.07.22 13:39:49.834,1.10179,1.10182,1.50,3.64
2016.07.22 13:39:49.986,1.10179,1.10182,1.50,6.49
2016.07.22 13:39:50.089,1.10179,1.10182,1.50,6.86
2016.07.22 13:39:50.612,1.10179,1.10182,2.25,4.35
2016.07.22 13:39:50.664,1.1018,1.10182,1.00,1.50
2016.07.22 13:39:50.717,1.1018,1.10183,3.37,2.17
2016.07.22 13:39:50.768,1.1018,1.10183,5.62,2.17
2016.07.22 13:39:50.820,1.1018,1.10183,7.12,2.10
2016.07.22 13:39:50.922,1.1018,1.10183,7.87,2.10
2016.07.22 13:39:50.974,1.1018,1.10183,7.87,2.47
2016.07.22 13:39:51.126,1.1018,1.10183,8.62,2.47
2016.07.22 13:39:51.178,1.1018,1.10183,10.12,1.50
2016.07.22 13:39:51.229,1.10181,1.10183,1.00,1.72
2016.07.22 13:39:51.832,1.10181,1.10183,1.00,1.30
2016.07.22 13:39:51.934,1.10181,1.10183,1.00,1.72
2016.07.22 13:39:52.638,1.10181,1.10183,1.00,1.30
2016.07.22 13:39:52.690,1.10181,1.10183,1.00,1.72
2016.07.22 13:39:52.792,1.10181,1.10183,1.12,1.30
2016.07.22 13:39:52.843,1.10181,1.10183,1.87,1.30
2016.07.22 13:39:52.894,1.10181,1.10183,1.50,1.72
2016.07.22 13:39:52.996,1.10181,1.10183,1.50,3.22
2016.07.22 13:39:53.729,1.10181,1.10183,1.50,3.60
2016.07.22 13:39:53.780,1.10181,1.10183,1.50,4.35
2016.07.22 13:39:53.831,1.10181,1.10183,1.50,5.10
2016.07.22 13:39:53.933,1.10181,1.10183,1.50,4.35
2016.07.22 13:39:53.984,1.10181,1.10183,1.50,3.97
2016.07.22 13:39:54.035,1.10181,1.10183,1.50,4.72
2016.07.22 13:39:54.187,1.10181,1.10183,1.50,5.10
2016.07.22 13:39:54.238,1.1018,1.10182,2.25,2.47
2016.07.22 13:39:54.289,1.1018,1.10182,1.12,3.22
2016.07.22 13:39:54.341,1.1018,1.10181,1.00,2.10
2016.07.22 13:39:54.392,1.10178,1.1018,5.89,2.10
2016.07.22 13:39:54.443,1.10178,1.1018,2.25,2.10
2016.07.22 13:39:54.571,1.10177,1.10179,3.94,2.10
2016.07.22 13:39:54.623,1.10177,1.10179,2.44,2.10
2016.07.22 13:39:54.674,1.10177,1.10179,1.69,3.60
2016.07.22 13:39:54.776,1.10177,1.10179,1.69,2.85
2016.07.22 13:39:54.827,1.10177,1.10179,2.44,2.85
2016.07.22 13:39:54.878,1.10177,1.1018,3.00,3.67
2016.07.22 13:39:54.929,1.10177,1.1018,6.00,1.10
2016.07.22 13:39:54.980,1.10178,1.10181,1.00,3.49
2016.07.22 13:39:55.032,1.10178,1.10181,1.50,3.30
2016.07.22 13:39:55.083,1.10178,1.10181,2.25,2.55
2016.07.22 13:39:55.134,1.1018,1.10181,1.00,1.95
2016.07.22 13:39:55.185,1.1018,1.10181,1.00,1.57
2016.07.22 13:39:55.236,1.1018,1.10182,1.00,1.12
2016.07.22 13:39:55.340,1.10181,1.10182,1.12,1.00
2016.07.22 13:39:55.391,1.10181,1.10182,1.50,1.00
2016.07.22 13:39:55.444,1.10181,1.10183,1.50,1.76
2016.07.22 13:39:55.546,1.10181,1.10183,1.50,1.69
2016.07.22 13:39:56.257,1.10181,1.10183,1.50,3.79
2016.07.22 13:39:56.308,1.10181,1.10183,1.12,3.79
2016.07.22 13:39:56.435,1.1018,1.10182,1.00,2.47
2016.07.22 13:39:56.486,1.1018,1.10182,1.00,3.22
2016.07.22 13:39:56.537,1.10179,1.10182,3.00,4.16
2016.07.22 13:39:56.588,1.10179,1.10182,2.25,4.16
2016.07.22 13:39:56.639,1.10179,1.10182,1.50,3.79
2016.07.22 13:39:56.741,1.10179,1.10182,2.25,3.60
2016.07.22 13:39:56.843,1.10179,1.10182,1.12,3.60
2016.07.22 13:39:56.995,1.10179,1.10182,1.12,2.85
2016.07.22 13:39:57.392,1.10179,1.10182,2.62,2.10
2016.07.22 13:39:57.443,1.10179,1.10182,3.00,2.10
2016.07.22 13:39:57.545,1.10179,1.10182,3.75,2.10
2016.07.22 13:39:57.647,1.10179,1.10181,3.75,1.35
2016.07.22 13:39:57.850,1.10179,1.10182,3.75,2.85
2016.07.22 13:39:58.452,1.10179,1.10182,3.00,2.10
2016.07.22 13:39:58.504,1.10179,1.10182,3.75,2.85
2016.07.22 13:39:58.707,1.10179,1.10182,3.00,2.10
2016.07.22 13:39:58.905,1.10179,1.10182,3.75,2.85
2016.07.22 13:39:59.007,1.10179,1.10182,4.12,2.85
2016.07.22 13:39:59.415,1.10179,1.10182,3.75,2.94
2016.07.22 13:39:59.466,1.10179,1.10182,3.75,1.44
2016.07.22 13:39:59.612,1.10179,1.10182,4.12,1.44
2016.07.22 13:39:59.714,1.10179,1.10183,3.37,7.33
2016.07.22 13:39:59.816,1.10179,1.10182,4.12,1.44
2016.07.22 13:39:59.918,1.10179,1.10182,3.37,1.44
2016.07.22 13:40:00.173,1.10179,1.10182,2.62,5.94
2016.07.22 13:40:00.224,1.10179,1.10181,1.12,5.10
2016.07.22 13:40:00.277,1.10178,1.10179,1.50,2.10
2016.07.22 13:40:00.404,1.10178,1.10179,1.00,3.60
2016.07.22 13:40:00.455,1.10174,1.10178,6.64,1.87
2016.07.22 13:40:00.506,1.10175,1.10178,1.00,3.45
2016.07.22 13:40:00.557,1.10175,1.10178,1.00,4.01
2016.07.22 13:40:00.609,1.10174,1.10178,3.94,4.01
2016.07.22 13:40:00.660,1.10174,1.10178,3.94,4.39
2016.07.22 13:40:00.711,1.10174,1.10178,3.94,3.64
2016.07.22 13:40:00.762,1.10174,1.10178,3.94,7.99
2016.07.22 13:40:00.813,1.10174,1.10177,2.44,3.06
2016.07.22 13:40:00.864,1.10174,1.10177,2.81,3.06
2016.07.22 13:40:00.915,1.10174,1.10176,3.56,1.35
2016.07.22 13:40:01.045,1.10174,1.10177,3.56,3.06
2016.07.22 13:40:01.097,1.10174,1.10177,3.56,2.85
2016.07.22 13:40:01.149,1.10174,1.10177,3.56,1.00
2016.07.22 13:40:01.252,1.10175,1.10178,1.87,6.47
2016.07.22 13:40:01.304,1.10175,1.10178,2.62,4.97
2016.07.22 13:40:01.355,1.10175,1.10178,4.50,2.53
2016.07.22 13:40:01.406,1.10177,1.10178,1.00,2.32
2016.07.22 13:40:01.458,1.10177,1.10178,1.00,1.10
2016.07.22 13:40:01.509,1.10177,1.10179,1.00,1.72
2016.07.22 13:40:01.561,1.10177,1.10179,2.25,3.60
2016.07.22 13:40:01.684,1.10177,1.10179,2.25,3.22
2016.07.22 13:40:01.734,1.10177,1.10179,1.00,3.06
2016.07.22 13:40:01.785,1.10177,1.10179,1.00,1.56
2016.07.22 13:40:01.939,1.10177,1.10179,1.00,1.08
2016.07.22 13:40:02.041,1.10177,1.10179,1.00,3.06
2016.07.22 13:40:02.092,1.10177,1.10179,1.00,3.81
2016.07.22 13:40:02.144,1.10177,1.10178,1.00,1.00
2016.07.22 13:40:02.540,1.10177,1.10179,2.25,1.28
2016.07.22 13:40:02.591,1.10178,1.10181,2.25,4.45
2016.07.22 13:40:02.642,1.1018,1.10182,1.00,11.85
2016.07.22 13:40:02.693,1.1018,1.10181,1.00,2.25
2016.07.22 13:40:02.744,1.1018,1.10181,1.00,1.50
2016.07.22 13:40:02.796,1.10181,1.10182,1.00,1.25
2016.07.22 13:40:02.847,1.1018,1.10182,1.12,3.04
2016.07.22 13:40:02.948,1.1018,1.10182,1.00,3.04
2016.07.22 13:40:03.085,1.1018,1.10182,1.00,4.91
2016.07.22 13:40:03.136,1.1018,1.10182,1.00,5.66
2016.07.22 13:40:03.187,1.1018,1.10182,1.00,5.85
2016.07.22 13:40:03.340,1.1018,1.10182,1.00,5.10
2016.07.22 13:40:03.442,1.1018,1.10182,1.00,3.97
2016.07.22 13:40:03.493,1.1018,1.10182,1.00,2.47
2016.07.22 13:40:03.596,1.1018,1.10182,1.00,1.54
2016.07.22 13:40:03.648,1.1018,1.10182,1.12,1.54
2016.07.22 13:40:03.699,1.1018,1.10182,1.12,2.29
2016.07.22 13:40:03.750,1.1018,1.10182,1.50,1.91
2016.07.22 13:40:03.801,1.1018,1.10182,1.87,1.54
2016.07.22 13:40:03.982,1.1018,1.10182,1.87,1.05
2016.07.22 13:40:04.654,1.1018,1.10183,1.87,3.67
2016.07.22 13:40:04.705,1.1018,1.10183,1.87,1.10
2016.07.22 13:40:04.757,1.1018,1.10183,3.37,1.10
2016.07.22 13:40:04.808,1.1018,1.10183,3.75,1.10
2016.07.22 13:40:04.914,1.1018,1.10183,4.50,1.10
2016.07.22 13:40:04.965,1.1018,1.10183,8.25,2.17
2016.07.22 13:40:05.066,1.1018,1.10183,6.75,1.42
2016.07.22 13:40:05.168,1.10181,1.10183,1.12,1.42
2016.07.22 13:40:05.270,1.1018,1.10183,3.75,3.86
2016.07.22 13:40:05.321,1.1018,1.10183,3.00,5.74
2016.07.22 13:40:05.372,1.1018,1.10183,1.50,8.36
2016.07.22 13:40:05.423,1.1018,1.10182,2.25,2.10
2016.07.22 13:40:05.474,1.1018,1.10182,3.00,2.10
2016.07.22 13:40:06.071,1.1018,1.10183,2.25,2.92
2016.07.22 13:40:06.122,1.1018,1.10182,1.50,1.02
2016.07.22 13:40:06.173,1.1018,1.10181,1.00,1.00
2016.07.22 13:40:06.275,1.1018,1.10182,1.50,2.85
2016.07.22 13:40:06.377,1.1018,1.10182,2.62,2.10
2016.07.22 13:40:06.428,1.1018,1.10183,2.62,2.92
2016.07.22 13:40:06.479,1.1018,1.10183,2.62,3.67
2016.07.22 13:40:06.530,1.1018,1.10183,3.37,2.92
2016.07.22 13:40:06.581,1.1018,1.10183,5.62,2.92
2016.07.22 13:40:06.632,1.1018,1.10183,6.37,2.92
2016.07.22 13:40:06.753,1.1018,1.10183,7.87,2.92
2016.07.22 13:40:06.856,1.1018,1.10183,6.37,4.05
2016.07.22 13:40:06.908,1.1018,1.10183,4.87,4.80
2016.07.22 13:40:06.960,1.1018,1.10183,1.00,4.94
2016.07.22 13:40:07.012,1.1018,1.10183,1.50,6.44
2016.07.22 13:40:07.064,1.1018,1.10183,1.50,6.30
2016.07.22 13:40:07.116,1.1018,1.10181,1.50,1.00
2016.07.22 13:40:07.167,1.1018,1.10182,4.12,1.35
2016.07.22 13:40:07.218,1.1018,1.10182,3.37,1.35
2016.07.22 13:40:07.270,1.1018,1.10183,2.25,5.17
2016.07.22 13:40:07.321,1.1018,1.10182,2.25,1.00
2016.07.22 13:40:07.372,1.1018,1.10182,1.87,1.35
2016.07.22 13:40:07.423,1.1018,1.10183,1.87,5.17
2016.07.22 13:40:07.590,1.1018,1.10183,1.12,3.67
2016.07.22 13:40:07.693,1.1018,1.10183,1.00,3.67
2016.07.22 13:40:07.846,1.1018,1.10183,3.00,2.92
2016.07.22 13:40:07.897,1.1018,1.10183,3.37,2.92
2016.07.22 13:40:08.003,1.1018,1.10183,4.12,2.92
2016.07.22 13:40:08.110,1.1018,1.10183,5.62,3.67
2016.07.22 13:40:08.273,1.1018,1.10183,5.25,3.67
2016.07.22 13:40:08.375,1.1018,1.10183,3.75,3.86
2016.07.22 13:40:08.477,1.1018,1.10183,5.62,3.86
2016.07.22 13:40:08.528,1.1018,1.10183,7.12,3.86
2016.07.22 13:40:09.615,1.1018,1.10183,7.12,2.36
2016.07.22 13:40:09.666,1.10181,1.10183,1.00,2.36
2016.07.22 13:40:09.717,1.10182,1.10183,1.12,1.42
2016.07.22 13:40:09.768,1.10182,1.10183,1.00,1.05
2016.07.22 13:40:09.922,1.10181,1.10183,1.12,1.05
2016.07.22 13:40:10.127,1.10181,1.10183,1.50,1.05
2016.07.22 13:40:10.178,1.10181,1.10183,1.12,1.05
2016.07.22 13:40:10.315,1.1018,1.10182,1.87,2.10
2016.07.22 13:40:10.367,1.10179,1.10182,7.31,2.10
2016.07.22 13:40:10.418,1.10179,1.10182,6.94,2.10
2016.07.22 13:40:10.521,1.10179,1.10182,6.19,2.10
2016.07.22 13:40:10.623,1.10179,1.10182,6.94,2.10
2016.07.22 13:40:10.674,1.10179,1.10182,6.56,2.10
2016.07.22 13:40:10.725,1.10179,1.10183,5.81,4.24
2016.07.22 13:40:10.778,1.10179,1.10183,5.81,4.61
2016.07.22 13:40:10.830,1.10179,1.10183,5.06,3.07
2016.07.22 13:40:10.882,1.10179,1.10183,3.56,4.76
2016.07.22 13:40:11.020,1.10179,1.10181,1.12,1.00
2016.07.22 13:40:11.124,1.10179,1.10182,1.12,2.17
2016.07.22 13:40:11.227,1.10179,1.10182,1.12,3.11
2016.07.22 13:40:11.431,1.10179,1.10182,1.12,3.86
2016.07.22 13:40:11.584,1.10179,1.10182,1.12,2.92
2016.07.22 13:40:11.686,1.10179,1.10182,1.12,2.36
2016.07.22 13:40:12.226,1.10179,1.10182,1.12,1.76
2016.07.22 13:40:12.277,1.10179,1.10182,2.25,3.26
2016.07.22 13:40:12.328,1.1018,1.10182,1.00,2.32
2016.07.22 13:40:12.380,1.1018,1.10182,1.00,1.10
2016.07.22 13:40:12.430,1.10179,1.10182,3.75,1.10
2016.07.22 13:40:12.481,1.1018,1.10182,1.00,1.10
2016.07.22 13:40:12.583,1.10179,1.10182,3.75,1.10
2016.07.22 13:40:12.685,1.1018,1.10182,1.00,1.10
2016.07.22 13:40:13.527,1.10179,1.10182,2.25,1.10
2016.07.22 13:40:13.578,1.10179,1.10182,2.62,1.80
2016.07.22 13:40:13.629,1.10179,1.10182,3.37,2.55
2016.07.22 13:40:13.782,1.10179,1.10182,3.37,4.05
2016.07.22 13:40:13.833,1.10179,1.10182,3.37,4.99
2016.07.22 13:40:13.986,1.10179,1.10182,3.37,4.24
2016.07.22 13:40:14.312,1.10179,1.10182,1.87,4.80
2016.07.22 13:40:14.414,1.10179,1.10182,2.62,4.99
2016.07.22 13:40:14.629,1.10179,1.10182,1.87,4.80
2016.07.22 13:40:14.730,1.10179,1.10182,2.62,4.99
2016.07.22 13:40:14.934,1.10179,1.10182,1.87,4.99
2016.07.22 13:40:14.985,1.10179,1.10182,1.12,4.99
2016.07.22 13:40:15.138,1.10179,1.10182,1.00,5.36
2016.07.22 13:40:15.189,1.10179,1.10181,1.00,1.12
2016.07.22 13:40:15.359,1.10178,1.10181,3.00,1.12
2016.07.22 13:40:15.512,1.10178,1.10181,3.00,1.25
2016.07.22 13:40:15.562,1.10178,1.10181,2.25,1.69
2016.07.22 13:40:15.613,1.10178,1.10181,1.00,1.69
2016.07.22 13:40:15.665,1.10178,1.10181,1.00,1.25
2016.07.22 13:40:15.717,1.10178,1.10181,1.00,1.31
2016.07.22 13:40:15.769,1.10178,1.10181,1.00,2.06
2016.07.22 13:40:15.870,1.10178,1.10181,2.25,1.31
2016.07.22 13:40:15.921,1.10178,1.10181,2.25,2.06
2016.07.22 13:40:15.973,1.10178,1.10181,1.50,2.06
2016.07.22 13:40:16.025,1.10178,1.10181,2.25,2.06
2016.07.22 13:40:16.171,1.10177,1.1018,3.07,5.29
2016.07.22 13:40:16.222,1.10177,1.10179,3.00,3.97
2016.07.22 13:40:16.273,1.10177,1.10178,1.12,4.72
2016.07.22 13:40:16.324,1.10175,1.10177,1.50,3.04
2016.07.22 13:40:16.375,1.10175,1.10176,1.00,3.94
2016.07.22 13:40:16.426,1.10174,1.10176,1.00,8.06
2016.07.22 13:40:16.477,1.10172,1.10176,4.20,12.00
2016.07.22 13:40:16.529,1.10172,1.10175,3.07,2.81
2016.07.22 13:40:16.580,1.10172,1.10175,1.87,2.81
2016.07.22 13:40:16.712,1.10172,1.10175,2.62,2.81
2016.07.22 13:40:16.815,1.10172,1.10175,2.62,2.44
2016.07.22 13:40:16.866,1.10172,1.10175,2.62,2.25
2016.07.22 13:40:16.917,1.10172,1.10175,2.62,2.62
2016.07.22 13:40:17.071,1.10173,1.10175,1.00,2.62
2016.07.22 13:40:17.122,1.10173,1.10175,1.00,2.44
2016.07.22 13:40:17.173,1.10173,1.10174,1.00,1.00
2016.07.22 13:40:17.275,1.10171,1.10174,6.82,1.00
2016.07.22 13:40:17.327,1.10171,1.10173,5.70,1.00
2016.07.22 13:40:17.414,1.10171,1.10173,5.62,1.00
2016.07.22 13:40:17.466,1.10171,1.10173,2.62,1.00
2016.07.22 13:40:17.518,1.10171,1.10173,1.50,1.00
2016.07.22 13:40:17.569,1.10171,1.10173,3.00,2.62
2016.07.22 13:40:17.620,1.10171,1.10173,3.75,2.62
2016.07.22 13:40:17.722,1.10171,1.10174,3.75,1.69
2016.07.22 13:40:17.773,1.10171,1.10174,3.75,3.19
2016.07.22 13:40:17.824,1.10171,1.10174,3.75,2.25
2016.07.22 13:40:17.875,1.10171,1.10173,3.37,1.00
2016.07.22 13:40:17.926,1.10171,1.10173,1.00,1.50
2016.07.22 13:40:18.078,1.10171,1.10173,1.00,1.00
2016.07.22 13:40:18.232,1.10171,1.10173,1.50,4.12
2016.07.22 13:40:18.637,1.10171,1.10173,1.50,1.50
2016.07.22 13:40:18.688,1.10171,1.10173,2.62,1.00
2016.07.22 13:40:18.739,1.10171,1.10174,2.62,12.79
2016.07.22 13:40:18.790,1.10171,1.10173,2.70,1.00
2016.07.22 13:40:18.841,1.10171,1.10172,1.57,1.00
2016.07.22 13:40:18.892,1.10171,1.10172,1.00,1.00
2016.07.22 13:40:18.944,1.10171,1.10173,1.12,4.87
2016.07.22 13:40:19.045,1.10171,1.10173,1.12,4.12
2016.07.22 13:40:19.099,1.10171,1.10173,3.00,3.37
2016.07.22 13:40:19.152,1.10171,1.10174,3.75,6.45
2016.07.22 13:40:19.203,1.10172,1.10174,1.00,3.37
2016.07.22 13:40:19.254,1.10172,1.10174,1.00,1.00
2016.07.22 13:40:19.408,1.10171,1.10175,4.87,6.30
2016.07.22 13:40:19.459,1.10171,1.10174,4.87,1.35
2016.07.22 13:40:19.510,1.10171,1.10174,1.87,2.10
2016.07.22 13:40:19.562,1.10171,1.10173,1.12,1.00
2016.07.22 13:40:19.663,1.10171,1.10173,1.12,1.50
2016.07.22 13:40:19.715,1.10171,1.10173,1.12,1.87
2016.07.22 13:40:19.766,1.10171,1.10173,1.12,4.50
2016.07.22 13:40:19.817,1.10171,1.10173,1.00,6.19
2016.07.22 13:40:19.930,1.10171,1.10172,1.00,1.00
2016.07.22 13:40:19.981,1.10164,1.10166,9.56,1.00
2016.07.22 13:40:20.032,1.10164,1.10165,2.44,1.00
2016.07.22 13:40:20.083,1.10163,1.10164,3.75,1.35
2016.07.22 13:40:20.134,1.10163,1.10164,1.12,6.22
2016.07.22 13:40:20.186,1.10163,1.10164,1.00,8.47
2016.07.22 13:40:20.288,1.1016,1.10164,8.81,7.16
2016.07.22 13:40:20.340,1.1016,1.10164,8.81,4.91
2016.07.22 13:40:20.391,1.1016,1.10164,8.06,4.91
2016.07.22 13:40:20.443,1.10162,1.10164,1.00,3.94
2016.07.22 13:40:20.539,1.10162,1.10164,1.00,3.19
2016.07.22 13:40:20.590,1.10162,1.10164,1.50,2.44
2016.07.22 13:40:20.642,1.10162,1.10164,1.50,2.81
2016.07.22 13:40:20.745,1.10162,1.10164,1.00,2.81
2016.07.22 13:40:20.848,1.10162,1.10164,1.00,1.50
2016.07.22 13:40:21.053,1.10162,1.10164,1.00,1.00
2016.07.22 13:40:21.309,1.10161,1.10164,3.00,1.00
2016.07.22 13:40:21.496,1.10161,1.10164,2.62,1.50
2016.07.22 13:40:21.548,1.10162,1.10165,1.00,7.87
2016.07.22 13:40:21.599,1.10162,1.10165,1.12,6.00
2016.07.22 13:40:21.651,1.10162,1.10165,1.12,4.50
2016.07.22 13:40:21.753,1.10161,1.10165,4.12,8.25
2016.07.22 13:40:21.805,1.10161,1.10165,3.00,9.75
2016.07.22 13:40:21.856,1.10162,1.10165,1.12,7.31
2016.07.22 13:40:21.907,1.10162,1.10164,1.12,1.00
2016.07.22 13:40:22.009,1.10161,1.10164,3.75,1.00
2016.07.22 13:40:22.061,1.10161,1.10164,4.12,1.50
2016.07.22 13:40:22.230,1.10161,1.10164,3.75,1.50
2016.07.22 13:40:22.288,1.10161,1.10164,3.00,1.00
2016.07.22 13:40:22.339,1.10162,1.10164,1.12,1.50
2016.07.22 13:40:22.441,1.10161,1.10164,3.00,1.50
2016.07.22 13:40:22.492,1.10161,1.10164,2.25,1.50
2016.07.22 13:40:22.543,1.10161,1.10164,2.25,2.62
2016.07.22 13:40:22.595,1.10161,1.10164,2.25,4.12
2016.07.22 13:40:22.646,1.10161,1.10164,3.00,4.12
2016.07.22 13:40:22.849,1.10161,1.10164,2.25,4.50
2016.07.22 13:40:22.901,1.10161,1.10163,1.37,1.50
2016.07.22 13:40:22.952,1.10161,1.10163,1.37,2.25
2016.07.22 13:40:23.003,1.1016,1.10163,2.62,2.25
2016.07.22 13:40:23.057,1.1016,1.10163,3.37,6.04
2016.07.22 13:40:23.192,1.1016,1.10163,4.87,5.66
2016.07.22 13:40:23.245,1.1016,1.10163,4.87,6.97
2016.07.22 13:40:23.405,1.1016,1.10163,4.12,6.97
2016.07.22 13:40:23.456,1.1016,1.10163,3.37,6.79
2016.07.22 13:40:23.507,1.1016,1.10163,4.12,6.79
2016.07.22 13:40:23.659,1.1016,1.10163,5.62,6.97
2016.07.22 13:40:23.761,1.1016,1.10163,4.12,6.79
2016.07.22 13:40:23.863,1.1016,1.10163,5.25,6.97
2016.07.22 13:40:23.966,1.1016,1.10163,5.62,6.97
2016.07.22 13:40:24.017,1.1016,1.10163,4.87,6.97
2016.07.22 13:40:24.119,1.1016,1.10163,5.62,7.72
2016.07.22 13:40:24.170,1.1016,1.10163,5.25,7.72
2016.07.22 13:40:24.221,1.1016,1.10163,4.50,7.72
2016.07.22 13:40:24.272,1.1016,1.10163,4.87,7.12
2016.07.22 13:40:24.374,1.1016,1.10163,4.50,5.62
2016.07.22 13:40:24.427,1.1016,1.10163,4.50,4.50
2016.07.22 13:40:24.479,1.1016,1.10163,4.87,4.31
2016.07.22 13:40:24.582,1.1016,1.10163,5.62,5.06
2016.07.22 13:40:24.634,1.1016,1.10163,5.25,4.87
2016.07.22 13:40:24.685,1.10161,1.10163,1.00,4.12
2016.07.22 13:40:24.737,1.10161,1.10163,1.00,2.62
2016.07.22 13:40:24.788,1.1016,1.10163,7.50,2.62
2016.07.22 13:40:24.839,1.1016,1.10163,8.25,1.50
2016.07.22 13:40:24.941,1.1016,1.10163,7.50,1.50
2016.07.22 13:40:24.992,1.1016,1.10163,6.37,1.50
2016.07.22 13:40:25.043,1.1016,1.10163,8.25,2.62
2016.07.22 13:40:25.339,1.1016,1.10163,7.12,2.62
2016.07.22 13:40:25.390,1.1016,1.10163,6.37,2.62
2016.07.22 13:40:25.441,1.1016,1.10163,7.87,2.62
2016.07.22 13:40:25.543,1.1016,1.10163,7.87,1.87
2016.07.22 13:40:25.610,1.1016,1.10163,6.37,1.87
2016.07.22 13:40:25.726,1.1016,1.10163,5.62,1.87
2016.07.22 13:40:25.827,1.1016,1.10163,7.87,1.87
2016.07.22 13:40:26.133,1.10161,1.10164,1.00,13.61
2016.07.22 13:40:26.185,1.10161,1.10164,1.50,13.61
2016.07.22 13:40:26.818,1.10161,1.10164,1.50,14.36
2016.07.22 13:40:26.869,1.10161,1.10164,1.50,13.61
2016.07.22 13:40:26.970,1.10161,1.10164,1.50,12.49
2016.07.22 13:40:27.125,1.10161,1.10164,1.50,13.24
2016.07.22 13:40:27.176,1.10161,1.10164,1.50,13.01
2016.07.22 13:40:27.304,1.10162,1.10164,1.50,4.39
2016.07.22 13:40:27.356,1.10162,1.10164,3.75,1.00
2016.07.22 13:40:27.409,1.10162,1.10164,6.00,1.00
2016.07.22 13:40:27.514,1.10162,1.10164,5.62,1.00
2016.07.22 13:40:27.616,1.10162,1.10164,5.25,1.00
2016.07.22 13:40:27.667,1.10162,1.10164,3.75,1.00
2016.07.22 13:40:27.769,1.10162,1.10164,5.25,1.00
2016.07.22 13:40:27.870,1.10162,1.10164,4.12,1.00
2016.07.22 13:40:27.921,1.10162,1.10165,3.75,1.10
2016.07.22 13:40:28.333,1.10162,1.10165,2.25,1.10
2016.07.22 13:40:28.384,1.10162,1.10165,2.25,1.00
2016.07.22 13:40:28.435,1.10162,1.10165,2.25,1.50
2016.07.22 13:40:28.537,1.10162,1.10165,3.75,1.50
2016.07.22 13:40:29.179,1.10162,1.10165,2.25,1.50
2016.07.22 13:40:29.230,1.10162,1.10165,3.75,1.50
2016.07.22 13:40:29.383,1.10162,1.10165,3.75,1.00
2016.07.22 13:40:29.638,1.10162,1.10165,2.25,1.00
2016.07.22 13:40:29.740,1.10162,1.10165,3.75,1.00
2016.07.22 13:40:31.346,1.10162,1.10165,4.50,1.00
2016.07.22 13:40:32.888,1.10162,1.10165,3.00,1.00
2016.07.22 13:40:32.939,1.10162,1.10165,4.50,1.00
2016.07.22 13:40:34.892,1.10162,1.10165,3.00,1.00
2016.07.22 13:40:34.943,1.10162,1.10165,4.50,1.00
2016.07.22 13:40:35.738,1.10162,1.10165,3.75,5.62
2016.07.22 13:40:35.789,1.10163,1.10164,1.00,1.00
2016.07.22 13:40:35.840,1.10163,1.10164,1.12,1.00
2016.07.22 13:40:35.891,1.10163,1.10165,1.50,2.32
2016.07.22 13:40:35.942,1.10163,1.10165,3.37,1.50
2016.07.22 13:40:35.993,1.10163,1.10165,3.00,1.00
2016.07.22 13:40:36.044,1.10163,1.10165,3.75,1.00
2016.07.22 13:40:36.347,1.10163,1.10166,2.25,2.36
2016.07.22 13:40:36.500,1.10163,1.10166,3.00,3.11
2016.07.22 13:40:37.059,1.10163,1.10166,2.25,2.36
2016.07.22 13:40:37.110,1.10163,1.10166,2.25,1.76
2016.07.22 13:40:37.161,1.10163,1.10166,3.75,2.51
2016.07.22 13:40:37.254,1.10163,1.10166,3.75,3.11
2016.07.22 13:40:37.305,1.10164,1.10166,1.00,2.36
2016.07.22 13:40:37.356,1.10164,1.10166,1.50,1.01
2016.07.22 13:40:37.407,1.10164,1.10167,2.62,4.50
2016.07.22 13:40:37.459,1.10164,1.10167,5.25,2.25
2016.07.22 13:40:37.510,1.10164,1.10167,5.62,1.95
2016.07.22 13:40:37.561,1.10165,1.10167,1.00,1.20
2016.07.22 13:40:37.613,1.10165,1.10167,1.50,1.20
2016.07.22 13:40:37.716,1.10165,1.10167,1.50,1.12
2016.07.22 13:40:38.023,1.10165,1.10167,1.00,1.12
2016.07.22 13:40:38.565,1.10165,1.10168,1.12,2.85
2016.07.22 13:40:38.667,1.10165,1.10168,1.12,3.79
2016.07.22 13:40:39.258,1.10165,1.10168,1.00,3.79
2016.07.22 13:40:39.309,1.10165,1.10168,1.00,3.04
2016.07.22 13:40:41.522,1.10165,1.10168,1.50,3.04
2016.07.22 13:40:41.582,1.10165,1.10168,3.00,2.85
2016.07.22 13:40:41.684,1.10165,1.10168,2.25,2.85
2016.07.22 13:40:41.786,1.10165,1.10168,3.00,2.85
2016.07.22 13:40:42.051,1.10165,1.10168,2.25,2.85
2016.07.22 13:40:42.154,1.10165,1.10168,3.00,2.85
2016.07.22 13:40:42.205,1.10165,1.10168,3.00,3.04
2016.07.22 13:40:42.510,1.10165,1.10168,2.25,3.04
2016.07.22 13:40:42.612,1.10165,1.10168,3.37,3.04
2016.07.22 13:40:42.814,1.10165,1.10168,2.62,2.85
2016.07.22 13:40:42.866,1.10165,1.10168,1.87,2.85
2016.07.22 13:40:42.917,1.10165,1.10168,2.62,3.04
2016.07.22 13:40:42.968,1.10165,1.10168,3.37,3.04
2016.07.22 13:40:43.019,1.10165,1.10168,2.62,3.04
2016.07.22 13:40:43.121,1.10165,1.10168,3.37,3.04
2016.07.22 13:40:43.223,1.10165,1.10168,2.62,3.04
2016.07.22 13:40:43.274,1.10165,1.10168,2.62,2.44
2016.07.22 13:40:43.325,1.10165,1.10168,4.87,2.44
2016.07.22 13:40:43.376,1.10165,1.10168,5.76,2.44
2016.07.22 13:40:43.427,1.10165,1.10168,4.26,2.06
2016.07.22 13:40:43.478,1.10165,1.10168,3.51,2.06
2016.07.22 13:40:43.580,1.10165,1.10168,4.26,2.06
2016.07.22 13:40:44.686,1.10165,1.10168,4.26,1.31
2016.07.22 13:40:44.737,1.10165,1.10168,5.01,1.31
2016.07.22 13:40:44.863,1.10165,1.10168,6.37,1.31
2016.07.22 13:40:44.917,1.10165,1.10168,6.37,1.12
2016.07.22 13:40:45.019,1.10165,1.10168,4.87,1.12
2016.07.22 13:40:45.122,1.10165,1.10168,6.37,1.12
2016.07.22 13:40:45.226,1.10165,1.10168,5.62,1.12
2016.07.22 13:40:45.328,1.10165,1.10168,4.12,1.12
2016.07.22 13:40:45.430,1.10165,1.10168,5.62,1.12
2016.07.22 13:40:45.786,1.10165,1.10168,4.12,1.12
2016.07.22 13:40:46.014,1.10165,1.10168,5.62,1.12
2016.07.22 13:40:46.117,1.10165,1.10168,4.87,1.12
2016.07.22 13:40:46.227,1.10165,1.10168,5.62,1.12
2016.07.22 13:40:46.430,1.10165,1.10168,5.62,1.50
2016.07.22 13:40:46.633,1.10165,1.10168,4.12,1.50
2016.07.22 13:40:46.735,1.10165,1.10168,5.62,1.50
2016.07.22 13:40:46.837,1.10166,1.10168,1.00,1.50
2016.07.22 13:40:46.888,1.10166,1.10168,3.00,1.12
2016.07.22 13:40:46.940,1.10167,1.1017,1.00,12.45
2016.07.22 13:40:47.041,1.10166,1.1017,6.00,9.07
2016.07.22 13:40:47.097,1.10166,1.10169,2.62,1.50
2016.07.22 13:40:47.148,1.10166,1.10169,1.50,3.75
2016.07.22 13:40:47.200,1.10166,1.10168,1.00,1.12
2016.07.22 13:40:47.251,1.10165,1.10168,3.07,2.44
2016.07.22 13:40:47.302,1.10165,1.10168,3.00,2.44
2016.07.22 13:40:47.555,1.10165,1.10168,3.00,2.25
2016.07.22 13:40:47.607,1.10165,1.10168,2.62,1.50
2016.07.22 13:40:47.658,1.10165,1.10168,3.75,1.50
2016.07.22 13:40:47.709,1.10165,1.10168,4.50,1.50
2016.07.22 13:40:47.760,1.10165,1.10168,4.87,1.50
2016.07.22 13:40:47.862,1.10165,1.10168,3.37,1.50
2016.07.22 13:40:48.017,1.10165,1.10168,4.12,2.25
2016.07.22 13:40:49.039,1.10165,1.10168,2.62,1.50
2016.07.22 13:40:49.141,1.10165,1.10168,4.12,2.25
2016.07.22 13:40:49.334,1.10165,1.10168,4.12,1.50
2016.07.22 13:40:49.437,1.10165,1.10168,2.62,1.50
2016.07.22 13:40:49.641,1.10165,1.10168,4.12,1.50
2016.07.22 13:40:49.743,1.10165,1.10168,2.62,1.50
2016.07.22 13:40:49.845,1.10165,1.10168,4.12,1.50
2016.07.22 13:40:50.240,1.10165,1.10168,3.75,1.50
2016.07.22 13:40:50.698,1.10165,1.10168,3.00,1.50
2016.07.22 13:40:50.749,1.10165,1.10168,2.25,1.50
2016.07.22 13:40:50.901,1.10165,1.10168,3.00,1.50
2016.07.22 13:40:51.003,1.10165,1.10168,3.75,1.50
2016.07.22 13:40:51.053,1.10165,1.10168,4.50,1.50
2016.07.22 13:40:51.206,1.10165,1.10168,4.50,2.25
2016.07.22 13:40:51.320,1.10165,1.10168,3.75,1.50
2016.07.22 13:40:51.422,1.10165,1.10168,4.50,2.25
2016.07.22 13:40:51.626,1.10165,1.10168,4.87,2.25
2016.07.22 13:40:51.778,1.10165,1.10168,4.12,2.25
2016.07.22 13:40:51.880,1.10165,1.10168,4.87,2.25
2016.07.22 13:40:52.286,1.10165,1.10168,4.12,2.25
2016.07.22 13:40:52.338,1.10165,1.10168,4.12,1.50
2016.07.22 13:40:52.389,1.10165,1.10168,3.37,1.50
2016.07.22 13:40:52.742,1.10164,1.10165,6.07,1.65
2016.07.22 13:40:52.794,1.10163,1.10165,7.87,8.39
2016.07.22 13:40:52.846,1.10162,1.10163,4.87,1.12
2016.07.22 13:40:52.898,1.10162,1.10163,1.00,2.25
2016.07.22 13:40:52.950,1.10161,1.10164,2.25,4.99
2016.07.22 13:40:53.002,1.10161,1.10164,3.00,1.54
2016.07.22 13:40:53.054,1.10161,1.10164,3.75,1.16
2016.07.22 13:40:53.105,1.10162,1.10165,1.00,5.62
2016.07.22 13:40:53.156,1.10162,1.10165,1.00,4.50
2016.07.22 13:40:53.208,1.10162,1.10165,1.50,3.75
2016.07.22 13:40:53.341,1.10163,1.10165,2.25,1.87
2016.07.22 13:40:53.393,1.10164,1.10165,1.00,1.00
2016.07.22 13:40:53.444,1.10164,1.10166,2.25,1.30
2016.07.22 13:40:53.495,1.10164,1.10167,6.00,2.47
2016.07.22 13:40:53.546,1.10164,1.10167,5.62,2.47
2016.07.22 13:40:53.648,1.10164,1.10167,5.62,2.10
2016.07.22 13:40:53.700,1.10164,1.10167,5.25,2.10
2016.07.22 13:40:53.752,1.10164,1.10168,6.00,4.12
2016.07.22 13:40:53.804,1.10164,1.10167,6.00,1.12
2016.07.22 13:40:53.856,1.10164,1.10167,6.00,1.00
2016.07.22 13:40:53.907,1.10164,1.10167,5.25,1.00
2016.07.22 13:40:53.958,1.10164,1.10167,5.25,1.25
2016.07.22 13:40:54.010,1.10164,1.10168,5.25,6.41
2016.07.22 13:40:54.113,1.10164,1.10167,5.25,1.25
2016.07.22 13:40:54.384,1.10164,1.10168,5.25,6.79
2016.07.22 13:40:55.046,1.10164,1.10168,5.62,6.41
2016.07.22 13:40:55.097,1.10164,1.10168,4.26,6.41
2016.07.22 13:40:55.149,1.10165,1.10168,1.50,4.91
2016.07.22 13:40:55.200,1.10165,1.10168,3.00,4.16
2016.07.22 13:40:55.252,1.10165,1.10168,3.00,3.41
2016.07.22 13:40:55.304,1.10165,1.10168,3.00,4.16
2016.07.22 13:40:55.442,1.10165,1.10168,3.75,4.91
2016.07.22 13:40:55.595,1.10165,1.10168,3.00,4.91
2016.07.22 13:40:55.646,1.10165,1.10168,3.00,5.66
2016.07.22 13:40:55.798,1.10165,1.10168,3.88,4.91
2016.07.22 13:40:55.950,1.10165,1.10168,2.38,3.97
2016.07.22 13:40:56.001,1.10165,1.10168,2.38,4.72
2016.07.22 13:40:56.052,1.10165,1.10168,3.88,5.66
2016.07.22 13:40:56.103,1.10165,1.10168,3.88,3.56
2016.07.22 13:40:56.154,1.10165,1.10168,4.63,3.00
2016.07.22 13:40:56.205,1.10165,1.10168,6.13,3.00
2016.07.22 13:40:56.256,1.10165,1.10168,5.01,2.25
2016.07.22 13:40:56.307,1.10165,1.10168,4.26,2.25
2016.07.22 13:40:56.358,1.10165,1.10168,6.13,2.62
2016.07.22 13:40:56.409,1.10165,1.10168,6.13,2.25
2016.07.22 13:40:56.811,1.10165,1.10168,6.13,1.50
2016.07.22 13:40:56.964,1.10165,1.10168,4.63,1.00
2016.07.22 13:40:57.015,1.10165,1.10168,3.88,1.00
2016.07.22 13:40:57.066,1.10165,1.10168,5.38,1.50
2016.07.22 13:40:57.117,1.10165,1.10168,6.13,1.50
2016.07.22 13:40:57.219,1.10165,1.10166,5.38,1.50
2016.07.22 13:40:57.270,1.10164,1.10165,4.12,1.00
2016.07.22 13:40:57.321,1.10163,1.10165,3.75,1.35
2016.07.22 13:40:57.372,1.10163,1.10165,3.75,1.54
2016.07.22 13:40:57.424,1.10163,1.10165,1.50,1.61
2016.07.22 13:40:57.475,1.10163,1.10165,1.50,1.42
2016.07.22 13:40:57.526,1.10163,1.10165,3.00,1.42
2016.07.22 13:40:57.655,1.10163,1.10166,3.00,4.35
2016.07.22 13:40:57.710,1.10163,1.10166,1.50,3.41
2016.07.22 13:40:57.863,1.10163,1.10166,3.00,3.75
2016.07.22 13:40:57.965,1.10163,1.10166,3.00,3.45
2016.07.22 13:40:58.170,1.10163,1.10166,1.50,1.76
2016.07.22 13:40:58.220,1.10163,1.10166,3.00,2.70
2016.07.22 13:40:58.376,1.10163,1.10166,3.00,3.67
2016.07.22 13:40:58.427,1.10163,1.10166,3.00,4.42
2016.07.22 13:40:58.530,1.10163,1.10166,3.00,4.05
2016.07.22 13:40:58.582,1.10165,1.10167,3.37,8.06
2016.07.22 13:40:58.633,1.10166,1.10167,2.62,4.31
2016.07.22 13:40:58.736,1.10166,1.10167,2.62,2.81
2016.07.22 13:40:58.788,1.10166,1.10168,1.00,1.57
2016.07.22 13:40:58.942,1.10165,1.10168,4.50,1.20
2016.07.22 13:40:59.044,1.10165,1.10168,6.00,1.57
2016.07.22 13:40:59.146,1.10165,1.10168,6.00,1.10
2016.07.22 13:40:59.369,1.10165,1.10168,5.25,1.10
2016.07.22 13:40:59.765,1.10165,1.10168,4.50,1.10
2016.07.22 13:40:59.867,1.10165,1.10168,5.62,1.10
2016.07.22 13:40:59.969,1.10165,1.10168,6.37,1.10
2016.07.22 13:41:00.020,1.10165,1.10168,4.87,1.10
2016.07.22 13:41:00.122,1.10165,1.10168,6.37,1.10
2016.07.22 13:41:00.173,1.10165,1.10168,4.87,1.10
2016.07.22 13:41:00.225,1.10165,1.10168,4.12,1.10
2016.07.22 13:41:00.327,1.10165,1.10168,4.12,1.57
2016.07.22 13:41:00.378,1.10165,1.10168,4.87,1.57
2016.07.22 13:41:00.429,1.10165,1.10168,5.62,2.32
2016.07.22 13:41:00.480,1.10165,1.10168,4.87,2.32
2016.07.22 13:41:00.583,1.10165,1.10168,5.62,2.32
2016.07.22 13:41:00.815,1.10165,1.10168,6.19,2.32
2016.07.22 13:41:00.866,1.10165,1.10168,5.44,1.57
2016.07.22 13:41:00.917,1.10165,1.10168,6.19,1.57
2016.07.22 13:41:01.225,1.10165,1.10168,5.44,2.32
2016.07.22 13:41:01.327,1.10165,1.10168,6.94,2.32
2016.07.22 13:41:01.430,1.10165,1.10168,5.44,2.32
2016.07.22 13:41:01.532,1.10165,1.10168,6.94,2.32
2016.07.22 13:41:01.822,1.10165,1.10168,6.94,1.57
2016.07.22 13:41:02.332,1.10165,1.10168,6.37,1.57
2016.07.22 13:41:02.382,1.10165,1.10168,5.62,1.57
2016.07.22 13:41:02.433,1.10165,1.10168,4.87,1.57
2016.07.22 13:41:02.535,1.10165,1.10168,6.19,1.57
2016.07.22 13:41:02.587,1.10165,1.10168,7.31,1.57
2016.07.22 13:41:02.638,1.10165,1.10168,8.81,1.57
2016.07.22 13:41:02.689,1.10165,1.10168,9.94,1.57
2016.07.22 13:41:02.740,1.10165,1.10168,7.87,1.57
2016.07.22 13:41:02.842,1.10165,1.10168,9.94,1.57
2016.07.22 13:41:03.048,1.10165,1.10168,7.87,1.57
2016.07.22 13:41:03.150,1.10165,1.10168,7.69,1.57
2016.07.22 13:41:03.353,1.10165,1.10168,9.94,1.57
2016.07.22 13:41:03.658,1.10165,1.10168,10.31,1.57
2016.07.22 13:41:04.143,1.10165,1.10168,8.06,1.57
2016.07.22 13:41:04.195,1.10165,1.10168,7.31,1.57
2016.07.22 13:41:04.246,1.10165,1.10168,9.56,1.57
2016.07.22 13:41:04.296,1.10165,1.10168,10.31,1.57
2016.07.22 13:41:04.652,1.10165,1.10168,9.94,1.57
2016.07.22 13:41:04.703,1.10165,1.10168,9.19,1.57
2016.07.22 13:41:04.805,1.10165,1.10168,8.44,1.57
2016.07.22 13:41:04.856,1.10165,1.10168,8.06,1.57
2016.07.22 13:41:04.906,1.10165,1.10168,8.81,1.57
2016.07.22 13:41:04.958,1.10165,1.10168,6.75,1.57
2016.07.22 13:41:05.008,1.10165,1.10168,6.00,1.57
2016.07.22 13:41:05.059,1.10165,1.10168,8.06,1.57
2016.07.22 13:41:05.110,1.10165,1.10168,8.81,1.57
2016.07.22 13:41:05.212,1.10165,1.10168,8.06,1.57
2016.07.22 13:41:05.315,1.10165,1.10168,8.81,1.57
2016.07.22 13:41:05.583,1.10166,1.10168,1.00,1.57
2016.07.22 13:41:05.993,1.10165,1.10168,7.69,1.57
2016.07.22 13:41:06.097,1.10165,1.10168,6.94,1.57
2016.07.22 13:41:06.250,1.10165,1.10168,6.19,1.57
2016.07.22 13:41:06.300,1.10165,1.10168,6.94,1.57
2016.07.22 13:41:06.351,1.10165,1.10168,5.62,1.57
2016.07.22 13:41:06.453,1.10165,1.10168,7.31,1.57
2016.07.22 13:41:06.504,1.10165,1.10168,5.44,1.20
2016.07.22 13:41:06.636,1.10165,1.10168,5.25,2.32
2016.07.22 13:41:06.688,1.10165,1.10168,4.50,2.32
2016.07.22 13:41:06.739,1.10165,1.10168,3.75,2.32
2016.07.22 13:41:06.790,1.10165,1.10168,4.12,2.32
2016.07.22 13:41:06.841,1.10165,1.10168,4.12,1.57
2016.07.22 13:41:06.892,1.10165,1.10168,4.87,1.57
2016.07.22 13:41:06.994,1.10165,1.10168,4.50,1.57
2016.07.22 13:41:07.097,1.10165,1.10168,6.00,1.20
2016.07.22 13:41:07.148,1.10165,1.10168,5.62,1.10
2016.07.22 13:41:07.200,1.10165,1.10168,5.25,1.20
2016.07.22 13:41:07.251,1.10165,1.10168,6.37,1.57
2016.07.22 13:41:07.560,1.10165,1.10168,5.62,1.57
2016.07.22 13:41:07.865,1.10165,1.10168,4.87,1.57
2016.07.22 13:41:07.966,1.10165,1.10168,5.62,1.57
2016.07.22 13:41:08.017,1.10165,1.10168,6.00,1.57
2016.07.22 13:41:08.178,1.10165,1.10168,3.75,1.57
2016.07.22 13:41:08.289,1.10165,1.10168,5.25,1.57
2016.07.22 13:41:08.340,1.10165,1.10168,6.00,1.57
2016.07.22 13:41:08.442,1.10165,1.10168,5.25,1.57
2016.07.22 13:41:08.645,1.10165,1.10168,6.00,1.57
2016.07.22 13:41:09.491,1.10165,1.10168,4.50,1.57
2016.07.22 13:41:09.592,1.10165,1.10168,6.00,1.57
2016.07.22 13:41:09.694,1.10165,1.10168,4.50,1.57
2016.07.22 13:41:09.795,1.10165,1.10168,6.37,1.57
2016.07.22 13:41:10.100,1.10165,1.10168,4.50,1.57
2016.07.22 13:41:10.294,1.10165,1.10168,6.00,1.57
2016.07.22 13:41:10.345,1.10165,1.10168,6.75,1.57
2016.07.22 13:41:10.447,1.10165,1.10168,7.50,1.57
2016.07.22 13:41:10.599,1.10165,1.10168,6.75,1.57
2016.07.22 13:41:10.701,1.10165,1.10168,7.50,1.57
2016.07.22 13:41:10.956,1.10165,1.10168,7.50,1.95
2016.07.22 13:41:11.057,1.10165,1.10168,6.00,1.95
2016.07.22 13:41:11.159,1.10165,1.10168,7.50,1.95
2016.07.22 13:41:11.311,1.10165,1.10168,7.87,1.57
2016.07.22 13:41:11.362,1.10165,1.10168,8.25,1.10
2016.07.22 13:41:11.413,1.10165,1.10168,7.87,1.20
2016.07.22 13:41:11.543,1.10165,1.10168,8.62,1.10
2016.07.22 13:41:11.595,1.10165,1.10168,7.87,1.10
2016.07.22 13:41:11.697,1.10165,1.10168,7.12,1.10
2016.07.22 13:41:11.807,1.10165,1.10168,8.62,1.10
2016.07.22 13:41:12.130,1.10165,1.10168,9.37,1.10
2016.07.22 13:41:12.232,1.10165,1.10168,9.37,2.17
2016.07.22 13:41:12.283,1.10164,1.10166,10.12,1.37
2016.07.22 13:41:12.334,1.10165,1.10166,2.25,1.91
2016.07.22 13:41:12.385,1.10164,1.10167,1.50,6.04
2016.07.22 13:41:12.436,1.10164,1.10167,1.50,6.94
2016.07.22 13:41:12.558,1.10164,1.10166,3.75,1.62
2016.07.22 13:41:12.611,1.10164,1.10165,3.00,1.12
2016.07.22 13:41:12.666,1.10162,1.10164,8.32,2.80
2016.07.22 13:41:12.717,1.10162,1.10163,2.32,1.72
2016.07.22 13:41:12.769,1.10161,1.10163,5.62,3.22
2016.07.22 13:41:12.821,1.10162,1.10163,1.12,1.72
2016.07.22 13:41:12.873,1.10161,1.10163,1.50,1.35
2016.07.22 13:41:12.926,1.10161,1.10164,1.50,4.24
2016.07.22 13:41:12.978,1.10161,1.10164,3.00,3.67
2016.07.22 13:41:13.029,1.10161,1.10164,3.00,2.92
2016.07.22 13:41:13.080,1.10162,1.10164,1.00,2.92
2016.07.22 13:41:13.132,1.10162,1.10164,1.00,2.85
2016.07.22 13:41:13.249,1.10162,1.10165,1.12,1.76
2016.07.22 13:41:13.300,1.10162,1.10166,1.50,9.41
2016.07.22 13:41:13.403,1.10162,1.10166,1.50,10.35
2016.07.22 13:41:13.557,1.10162,1.10165,1.50,1.20
2016.07.22 13:41:13.608,1.10162,1.10165,1.50,1.95
2016.07.22 13:41:13.660,1.10162,1.10165,1.50,3.30
2016.07.22 13:41:13.711,1.10162,1.10165,1.00,6.49
2016.07.22 13:41:13.762,1.10162,1.10165,1.00,6.67
2016.07.22 13:41:13.814,1.10162,1.10165,1.00,7.61
2016.07.22 13:41:13.922,1.10162,1.10165,1.00,6.67
2016.07.22 13:41:14.025,1.10162,1.10165,1.00,7.61
2016.07.22 13:41:14.135,1.10162,1.10165,1.00,7.99
2016.07.22 13:41:14.187,1.10162,1.10165,1.00,7.24
2016.07.22 13:41:14.340,1.10162,1.10165,1.00,7.99
2016.07.22 13:41:14.391,1.10162,1.10165,1.00,8.74
2016.07.22 13:41:14.594,1.10162,1.10165,1.00,6.86
2016.07.22 13:41:14.645,1.10162,1.10165,1.00,6.49
2016.07.22 13:41:14.697,1.10162,1.10165,1.00,5.55
2016.07.22 13:41:14.748,1.10162,1.10165,1.00,4.80
2016.07.22 13:41:14.951,1.10162,1.10165,1.00,4.20
2016.07.22 13:41:15.002,1.10163,1.10165,1.00,3.45
2016.07.22 13:41:15.053,1.10165,1.10167,4.35,12.37
2016.07.22 13:41:15.158,1.10168,1.10169,3.00,11.06
2016.07.22 13:41:15.211,1.10172,1.10174,2.50,13.31
2016.07.22 13:41:15.263,1.10174,1.10176,5.25,7.31
2016.07.22 13:41:15.314,1.10177,1.10178,1.00,21.00
2016.07.22 13:41:15.366,1.10176,1.10177,2.25,2.62
2016.07.22 13:41:15.419,1.10178,1.1018,3.00,10.38
2016.07.22 13:41:15.471,1.10178,1.10179,3.00,1.50
2016.07.22 13:41:15.523,1.1018,1.10181,1.50,2.10
2016.07.22 13:41:15.574,1.1018,1.10181,1.00,1.12
2016.07.22 13:41:15.626,1.10179,1.1018,1.00,1.50
2016.07.22 13:41:15.677,1.10179,1.1018,1.50,1.87
2016.07.22 13:41:15.774,1.10178,1.1018,3.00,3.00
2016.07.22 13:41:15.826,1.10178,1.1018,1.00,2.62
2016.07.22 13:41:15.877,1.10178,1.1018,1.00,3.56
2016.07.22 13:41:16.081,1.10178,1.1018,1.00,4.31
2016.07.22 13:41:16.132,1.10178,1.1018,1.00,4.50
2016.07.22 13:41:16.183,1.10179,1.1018,1.50,4.50
2016.07.22 13:41:16.234,1.10179,1.1018,1.00,5.81
2016.07.22 13:41:16.285,1.10179,1.1018,1.00,4.69
2016.07.22 13:41:16.337,1.10178,1.10179,2.25,1.00
2016.07.22 13:41:16.388,1.10179,1.1018,1.00,6.00
2016.07.22 13:41:16.439,1.10178,1.1018,2.50,6.75
2016.07.22 13:41:16.490,1.10178,1.10179,2.25,1.00
2016.07.22 13:41:16.621,1.10177,1.10178,1.00,2.62
2016.07.22 13:41:16.673,1.10176,1.10178,2.25,3.37
2016.07.22 13:41:16.725,1.10176,1.10178,2.25,3.19
2016.07.22 13:41:16.827,1.10176,1.10178,2.25,3.94
2016.07.22 13:41:16.929,1.10176,1.10177,2.25,1.00
2016.07.22 13:41:16.980,1.10176,1.10177,2.25,1.31
2016.07.22 13:41:17.132,1.10176,1.10178,2.25,4.69
2016.07.22 13:41:17.601,1.10176,1.10178,2.25,5.06
2016.07.22 13:41:17.703,1.10176,1.10178,2.25,4.87
2016.07.22 13:41:17.755,1.10176,1.10178,2.25,3.37
2016.07.22 13:41:17.806,1.10176,1.10178,2.25,3.94
2016.07.22 13:41:17.857,1.10176,1.10178,1.50,3.19
2016.07.22 13:41:17.908,1.10176,1.10178,1.00,1.50
2016.07.22 13:41:18.010,1.10175,1.10177,3.75,1.00
2016.07.22 13:41:18.061,1.10176,1.10177,1.00,1.00
2016.07.22 13:41:18.113,1.10176,1.10177,1.50,1.50
2016.07.22 13:41:18.164,1.10176,1.10177,2.25,1.50
2016.07.22 13:41:18.266,1.10176,1.10177,2.25,1.12
2016.07.22 13:41:18.402,1.10176,1.10177,2.25,1.00
2016.07.22 13:41:19.013,1.10176,1.10177,2.25,1.12
2016.07.22 13:41:19.115,1.10176,1.10178,1.50,3.45
2016.07.22 13:41:19.217,1.10176,1.10177,2.25,1.00
2016.07.22 13:41:19.487,1.10176,1.10177,2.25,1.12
2016.07.22 13:41:19.690,1.10176,1.10178,1.50,4.57
2016.07.22 13:41:19.792,1.10176,1.10177,2.25,1.12
2016.07.22 13:41:20.198,1.10176,1.10177,2.25,1.00
2016.07.22 13:41:20.651,1.10176,1.10177,1.50,1.00
2016.07.22 13:41:20.703,1.10175,1.10176,4.50,1.12
2016.07.22 13:41:20.805,1.10174,1.10176,6.75,1.00
2016.07.22 13:41:20.857,1.10174,1.10175,7.50,1.00
2016.07.22 13:41:20.909,1.10173,1.10175,10.57,1.69
2016.07.22 13:41:20.961,1.10173,1.10175,9.07,3.56
2016.07.22 13:41:21.012,1.10173,1.10175,5.70,3.37
2016.07.22 13:41:21.064,1.10173,1.10175,6.37,2.25
2016.07.22 13:41:21.115,1.10174,1.10175,4.12,2.25
2016.07.22 13:41:21.166,1.10174,1.10175,4.12,1.50
2016.07.22 13:41:21.217,1.10174,1.10175,1.00,1.00
2016.07.22 13:41:21.301,1.10174,1.10176,1.50,5.29
2016.07.22 13:41:21.355,1.10174,1.10176,1.50,4.39
2016.07.22 13:41:21.715,1.10174,1.10176,1.00,3.82
2016.07.22 13:41:21.766,1.10174,1.10176,1.00,3.07
2016.07.22 13:41:21.818,1.10174,1.10176,1.50,2.06
2016.07.22 13:41:21.869,1.10175,1.10176,1.00,1.69
2016.07.22 13:41:21.920,1.10175,1.10176,1.50,1.12
2016.07.22 13:41:21.972,1.10175,1.10176,2.25,1.12
2016.07.22 13:41:22.023,1.10175,1.10176,2.25,1.00
2016.07.22 13:41:22.162,1.10175,1.10176,3.00,1.00
2016.07.22 13:41:22.213,1.10175,1.10176,2.25,1.00
2016.07.22 13:41:22.265,1.10175,1.10176,1.50,1.00
2016.07.22 13:41:22.316,1.10175,1.10176,1.00,1.00
2016.07.22 13:41:22.419,1.10175,1.10177,1.50,1.00
2016.07.22 13:41:22.521,1.10176,1.10178,1.50,1.10
2016.07.22 13:41:22.573,1.10176,1.10178,3.00,1.00
2016.07.22 13:41:22.625,1.10176,1.10179,3.75,2.89
2016.07.22 13:41:22.677,1.10177,1.10179,1.00,2.51
2016.07.22 13:41:22.728,1.10177,1.10179,4.12,1.10
2016.07.22 13:41:22.780,1.10178,1.1018,1.00,3.75
2016.07.22 13:41:22.832,1.10178,1.1018,2.25,2.25
2016.07.22 13:41:22.883,1.10178,1.10181,3.75,2.62
2016.07.22 13:41:23.027,1.10178,1.10181,4.50,1.50
2016.07.22 13:41:23.129,1.10178,1.10181,3.37,1.50
2016.07.22 13:41:23.180,1.10179,1.10181,1.00,1.50
2016.07.22 13:41:23.437,1.10179,1.10181,1.00,1.00
2016.07.22 13:41:23.539,1.10179,1.10181,1.00,1.50
2016.07.22 13:41:23.642,1.10179,1.10181,1.00,3.00
2016.07.22 13:41:23.694,1.10179,1.1018,1.00,1.00
2016.07.22 13:41:23.941,1.10178,1.1018,1.95,1.50
2016.07.22 13:41:23.994,1.10178,1.1018,1.87,2.25
2016.07.22 13:41:24.045,1.10178,1.10179,1.12,1.00
2016.07.22 13:41:24.097,1.10178,1.10179,1.00,1.00
2016.07.22 13:41:24.149,1.10177,1.10179,3.75,1.00
2016.07.22 13:41:24.201,1.10177,1.10179,3.00,1.00
2016.07.22 13:41:24.303,1.10177,1.1018,1.87,3.00
2016.07.22 13:41:24.405,1.10177,1.1018,3.37,3.00
2016.07.22 13:41:24.457,1.10177,1.10179,4.87,1.00
2016.07.22 13:41:24.560,1.10178,1.10179,1.00,1.00
2016.07.22 13:41:24.808,1.10177,1.10179,3.00,2.62
2016.07.22 13:41:24.860,1.10177,1.10179,2.25,4.36
2016.07.22 13:41:24.912,1.10176,1.10178,2.70,1.37
2016.07.22 13:41:24.963,1.10175,1.10178,8.06,2.49
2016.07.22 13:41:25.015,1.10175,1.10177,3.94,1.00
2016.07.22 13:41:25.067,1.10175,1.10177,2.44,1.00
2016.07.22 13:41:25.221,1.10175,1.10177,3.19,1.00
2016.07.22 13:41:25.272,1.10175,1.10177,3.94,1.00
2016.07.22 13:41:25.323,1.10177,1.10178,1.00,1.87
2016.07.22 13:41:25.375,1.10177,1.10178,1.00,1.50
2016.07.22 13:41:25.427,1.10178,1.10179,1.00,1.20
2016.07.22 13:41:25.478,1.10178,1.10179,1.50,1.10
2016.07.22 13:41:25.620,1.10178,1.10179,1.50,1.57
2016.07.22 13:41:25.673,1.10178,1.10179,1.50,1.00
2016.07.22 13:41:26.130,1.10178,1.10179,1.00,1.00
2016.07.22 13:41:26.232,1.10178,1.10179,1.50,1.50
2016.07.22 13:41:26.283,1.10178,1.10179,1.50,1.00
2016.07.22 13:41:26.334,1.10178,1.1018,1.50,1.12
2016.07.22 13:41:26.716,1.10178,1.1018,1.00,1.12
2016.07.22 13:41:26.820,1.10178,1.1018,1.50,1.12
2016.07.22 13:41:26.922,1.10178,1.1018,1.00,1.12
2016.07.22 13:41:27.024,1.10178,1.1018,1.50,1.12
2016.07.22 13:41:27.382,1.10178,1.1018,1.50,1.87
2016.07.22 13:41:27.434,1.10178,1.1018,1.00,1.87
2016.07.22 13:41:27.532,1.10178,1.1018,1.50,3.37
2016.07.22 13:41:27.634,1.10178,1.1018,1.50,4.31
2016.07.22 13:41:27.686,1.10177,1.10179,3.75,1.00
2016.07.22 13:41:27.737,1.10178,1.10179,1.50,1.12
2016.07.22 13:41:27.840,1.10178,1.10179,1.50,1.87
2016.07.22 13:41:28.045,1.10177,1.10179,3.00,1.00
2016.07.22 13:41:28.147,1.10178,1.10179,1.50,1.87
2016.07.22 13:41:28.199,1.10178,1.10179,1.50,1.50
2016.07.22 13:41:28.330,1.10178,1.10179,1.50,2.25
2016.07.22 13:41:28.382,1.10178,1.10179,1.00,2.62
2016.07.22 13:41:28.433,1.10177,1.10178,3.00,1.00
2016.07.22 13:41:28.636,1.10178,1.10179,1.00,1.87
2016.07.22 13:41:28.687,1.10178,1.10179,1.00,1.50
2016.07.22 13:41:29.519,1.10177,1.10178,3.75,1.00
2016.07.22 13:41:29.875,1.10178,1.10179,1.00,1.00
2016.07.22 13:41:29.926,1.10178,1.10179,2.25,1.00
2016.07.22 13:41:29.977,1.10179,1.1018,1.00,2.44
2016.07.22 13:41:30.078,1.10179,1.1018,1.00,1.25
2016.07.22 13:41:30.131,1.10179,1.10181,1.00,2.51
2016.07.22 13:41:30.233,1.10179,1.10181,2.25,3.26
2016.07.22 13:41:30.284,1.1018,1.10181,1.00,3.07
2016.07.22 13:41:30.335,1.10181,1.10182,1.50,4.05
2016.07.22 13:41:30.387,1.10181,1.10182,2.25,2.44
2016.07.22 13:41:30.439,1.10182,1.10183,1.50,1.57
2016.07.22 13:41:30.491,1.10182,1.10183,1.87,1.00
2016.07.22 13:41:30.542,1.10183,1.10184,1.00,2.44
2016.07.22 13:41:30.594,1.10183,1.10184,1.87,1.00
2016.07.22 13:41:30.695,1.10183,1.10185,1.87,1.87
2016.07.22 13:41:30.747,1.10184,1.10187,2.25,3.00
2016.07.22 13:41:30.798,1.10184,1.10187,2.25,2.25
2016.07.22 13:41:30.849,1.10184,1.10187,3.00,1.50
2016.07.22 13:41:30.900,1.10184,1.10187,3.37,1.12
2016.07.22 13:41:30.951,1.10184,1.10187,4.50,1.50
2016.07.22 13:41:31.002,1.10184,1.10187,4.12,1.87
2016.07.22 13:41:31.054,1.10184,1.10187,3.00,2.25
2016.07.22 13:41:31.156,1.10184,1.10187,2.25,2.25
2016.07.22 13:41:31.302,1.10184,1.10187,1.50,2.44
2016.07.22 13:41:31.407,1.10184,1.10187,2.25,2.44
2016.07.22 13:41:31.664,1.10184,1.10187,2.25,3.19
2016.07.22 13:41:31.767,1.10184,1.10187,4.87,2.25
2016.07.22 13:41:31.870,1.10184,1.10187,5.62,2.25
2016.07.22 13:41:31.922,1.10185,1.10187,1.00,1.25
2016.07.22 13:41:32.055,1.10185,1.10188,3.75,2.51
2016.07.22 13:41:32.106,1.10185,1.10188,4.50,2.51
2016.07.22 13:41:32.157,1.10185,1.10188,3.75,1.10
2016.07.22 13:41:32.259,1.10185,1.10188,5.25,2.32
2016.07.22 13:41:32.310,1.10185,1.10187,4.50,1.00
2016.07.22 13:41:32.566,1.10185,1.10187,5.25,1.00
2016.07.22 13:41:32.617,1.10186,1.10188,1.00,2.32
2016.07.22 13:41:32.669,1.10186,1.10188,3.37,1.10
2016.07.22 13:41:32.721,1.10187,1.10189,2.25,1.01
2016.07.22 13:41:32.772,1.10187,1.10189,3.75,1.10
2016.07.22 13:41:32.856,1.10187,1.10189,5.25,1.10
2016.07.22 13:41:32.909,1.10188,1.10189,1.00,1.00
2016.07.22 13:41:33.012,1.10188,1.1019,1.00,2.25
2016.07.22 13:41:33.063,1.10188,1.1019,1.50,1.50
2016.07.22 13:41:33.165,1.10189,1.1019,1.00,1.00
2016.07.22 13:41:33.217,1.10189,1.10191,1.00,1.95
2016.07.22 13:41:33.268,1.10189,1.10191,1.00,1.12
2016.07.22 13:41:33.319,1.10188,1.10191,2.44,1.87
2016.07.22 13:41:33.370,1.10188,1.1019,2.44,1.12
2016.07.22 13:41:33.422,1.10187,1.10188,3.17,1.00
2016.07.22 13:41:33.473,1.10187,1.10188,1.00,1.00
2016.07.22 13:41:33.524,1.10185,1.10187,2.62,1.00
2016.07.22 13:41:33.675,1.10185,1.10187,1.87,1.00
2016.07.22 13:41:33.727,1.10185,1.10188,2.62,1.50
2016.07.22 13:41:33.779,1.10185,1.10188,3.37,1.50
2016.07.22 13:41:33.831,1.10186,1.10188,1.50,1.50
2016.07.22 13:41:33.935,1.10186,1.10188,1.87,1.50
2016.07.22 13:41:33.987,1.10186,1.10188,2.62,1.50
2016.07.22 13:41:34.039,1.10186,1.10188,1.95,1.00
2016.07.22 13:41:34.090,1.10186,1.10188,2.32,1.00
2016.07.22 13:41:34.142,1.10186,1.10188,3.82,1.00
2016.07.22 13:41:34.193,1.10186,1.10189,3.82,1.00
2016.07.22 13:41:34.245,1.10187,1.10189,1.00,1.00
2016.07.22 13:41:35.538,1.10187,1.1019,1.00,4.50
2016.07.22 13:41:35.639,1.10187,1.10189,1.00,1.00
2016.07.22 13:41:36.333,1.10187,1.1019,1.00,5.62
2016.07.22 13:41:36.385,1.10188,1.10189,1.50,1.00
2016.07.22 13:41:36.437,1.10188,1.1019,4.35,2.50
2016.07.22 13:41:36.489,1.10188,1.1019,5.62,1.50
2016.07.22 13:41:36.540,1.10189,1.10191,1.12,1.00
2016.07.22 13:41:36.642,1.10189,1.10192,1.12,1.50
2016.07.22 13:41:36.693,1.10189,1.10192,1.00,1.50
2016.07.22 13:41:36.975,1.10189,1.10192,1.87,1.50
2016.07.22 13:41:37.077,1.10189,1.10192,2.06,1.50
2016.07.22 13:41:37.179,1.10189,1.10192,2.81,1.50
2016.07.22 13:41:37.230,1.10189,1.10192,3.00,1.50
2016.07.22 13:41:37.281,1.10189,1.10192,3.19,1.50
2016.07.22 13:41:37.332,1.10189,1.10192,3.94,1.50
2016.07.22 13:41:37.385,1.10189,1.10192,4.31,1.50
2016.07.22 13:41:37.436,1.10189,1.10192,4.50,1.50
2016.07.22 13:41:37.487,1.10189,1.10192,3.94,1.50
2016.07.22 13:41:37.665,1.10189,1.10192,3.56,1.50
2016.07.22 13:41:37.768,1.10189,1.10192,3.56,1.00
2016.07.22 13:41:37.921,1.10189,1.10192,2.81,1.00
2016.07.22 13:41:38.074,1.10189,1.10192,1.87,1.00
2016.07.22 13:41:38.379,1.10189,1.10192,4.50,1.00
2016.07.22 13:41:38.515,1.1019,1.10192,1.50,1.00
2016.07.22 13:41:38.668,1.1019,1.10192,1.69,1.00
2016.07.22 13:41:38.820,1.1019,1.10192,1.31,1.00
2016.07.22 13:41:38.922,1.1019,1.10192,1.50,1.00
2016.07.22 13:41:39.024,1.1019,1.10192,1.69,1.00
2016.07.22 13:41:39.075,1.1019,1.10192,1.50,1.00
2016.07.22 13:41:39.177,1.1019,1.10192,1.69,1.00
2016.07.22 13:41:39.704,1.1019,1.10192,1.50,1.00
2016.07.22 13:41:39.806,1.1019,1.10192,1.31,1.00
2016.07.22 13:41:39.857,1.10189,1.10191,2.81,1.00
2016.07.22 13:41:39.908,1.10189,1.10191,1.19,1.50
2016.07.22 13:41:39.959,1.10188,1.1019,3.64,1.00
2016.07.22 13:41:40.010,1.10188,1.1019,1.76,1.00
2016.07.22 13:41:40.062,1.10188,1.1019,1.50,1.50
2016.07.22 13:41:40.113,1.10188,1.1019,1.50,4.50
2016.07.22 13:41:40.164,1.10187,1.10189,1.25,1.12
2016.07.22 13:41:40.263,1.10187,1.10189,1.00,1.50
2016.07.22 13:41:40.315,1.10187,1.10189,1.00,2.25
2016.07.22 13:41:40.366,1.10186,1.10189,3.00,3.00
2016.07.22 13:41:40.418,1.10186,1.10188,3.00,1.00
2016.07.22 13:41:41.109,1.10186,1.10188,1.00,2.25
2016.07.22 13:41:41.160,1.10185,1.10187,2.44,1.00
2016.07.22 13:41:41.212,1.10184,1.10187,3.07,1.12
2016.07.22 13:41:41.263,1.10185,1.10187,1.00,1.87
2016.07.22 13:41:41.366,1.10184,1.10187,1.01,2.62
2016.07.22 13:41:41.418,1.10184,1.10187,1.25,2.25
2016.07.22 13:41:41.469,1.10183,1.10187,8.51,1.50
2016.07.22 13:41:42.071,1.10183,1.10187,8.89,1.50
2016.07.22 13:41:42.172,1.10184,1.10187,1.00,2.25
2016.07.22 13:41:42.478,1.10183,1.10187,10.57,1.50
2016.07.22 13:41:42.580,1.10184,1.10187,1.00,2.25
2016.07.22 13:41:42.775,1.10184,1.10187,1.50,2.25
2016.07.22 13:41:42.826,1.10184,1.10187,2.25,2.25
2016.07.22 13:41:42.979,1.10183,1.10187,8.70,1.50
2016.07.22 13:41:43.081,1.10183,1.10187,7.95,1.50
2016.07.22 13:41:43.183,1.10184,1.10187,1.00,2.25
2016.07.22 13:41:43.234,1.10184,1.10187,1.00,2.62
2016.07.22 13:41:43.387,1.10184,1.10187,1.12,2.62
2016.07.22 13:41:43.489,1.10184,1.10187,2.25,2.62
2016.07.22 13:41:43.540,1.10184,1.10187,2.25,2.25
2016.07.22 13:41:43.591,1.10184,1.10187,2.44,1.50
2016.07.22 13:41:43.778,1.10184,1.10187,3.19,1.50
2016.07.22 13:41:44.184,1.10184,1.10187,5.44,1.00
2016.07.22 13:41:44.235,1.10185,1.10188,1.50,3.82
2016.07.22 13:41:44.286,1.10185,1.10188,1.50,2.32
2016.07.22 13:41:44.338,1.10185,1.10188,2.44,1.10
2016.07.22 13:41:44.389,1.10185,1.10188,3.19,1.57
2016.07.22 13:41:44.441,1.10185,1.10187,1.69,1.00
2016.07.22 13:41:44.493,1.10184,1.10187,5.14,1.87
2016.07.22 13:41:44.544,1.10184,1.10187,4.39,1.87
2016.07.22 13:41:44.596,1.10184,1.10188,4.12,5.89
2016.07.22 13:41:44.685,1.10185,1.10187,1.25,1.12
2016.07.22 13:41:44.737,1.10185,1.10187,1.69,1.00
2016.07.22 13:41:44.890,1.10185,1.10187,2.25,1.00
2016.07.22 13:41:44.942,1.10185,1.10187,2.81,1.00
2016.07.22 13:41:44.993,1.10185,1.10188,5.06,2.32
2016.07.22 13:41:45.044,1.10185,1.10188,5.25,2.32
2016.07.22 13:41:45.096,1.10185,1.10188,5.44,2.32
2016.07.22 13:41:45.147,1.10185,1.10188,5.25,2.25
2016.07.22 13:41:45.249,1.10185,1.10188,6.19,2.25
2016.07.22 13:41:45.351,1.10185,1.10188,5.25,2.25
2016.07.22 13:41:45.401,1.10185,1.10188,3.75,2.25
2016.07.22 13:41:45.452,1.10185,1.10188,3.56,2.62
2016.07.22 13:41:45.625,1.10185,1.10188,1.25,3.37
2016.07.22 13:41:45.677,1.10184,1.10187,6.07,1.00
2016.07.22 13:41:45.728,1.10184,1.10187,3.07,1.00
2016.07.22 13:41:45.780,1.10184,1.10187,3.00,1.87
2016.07.22 13:41:45.831,1.10184,1.10187,2.25,1.87
2016.07.22 13:41:45.985,1.10184,1.10187,1.50,1.87
2016.07.22 13:41:46.036,1.10184,1.10187,2.25,1.87
2016.07.22 13:41:46.343,1.10184,1.10187,2.25,1.00
2016.07.22 13:41:46.427,1.10184,1.10187,2.76,1.00
2016.07.22 13:41:46.478,1.10186,1.10188,1.00,3.45
2016.07.22 13:41:47.088,1.10185,1.10188,3.56,3.82
2016.07.22 13:41:47.139,1.10185,1.10188,2.06,3.82
2016.07.22 13:41:47.190,1.10185,1.10188,2.06,3.45
2016.07.22 13:41:47.241,1.10185,1.10188,1.87,3.45
2016.07.22 13:41:47.449,1.10185,1.10188,2.06,3.45
2016.07.22 13:41:47.556,1.10185,1.10188,1.12,1.95
2016.07.22 13:41:47.607,1.10185,1.10188,2.06,3.45
2016.07.22 13:41:47.963,1.10185,1.10188,2.06,4.20
2016.07.22 13:41:48.128,1.10185,1.10188,2.06,4.57
2016.07.22 13:41:48.179,1.10185,1.10188,1.31,4.57
2016.07.22 13:41:48.230,1.10185,1.10187,1.12,1.12
2016.07.22 13:41:48.332,1.10185,1.10188,1.69,4.20
2016.07.22 13:41:48.384,1.10185,1.10188,1.50,2.32
2016.07.22 13:41:48.435,1.10185,1.10188,1.87,2.32
2016.07.22 13:41:48.567,1.10185,1.10188,1.87,3.07
2016.07.22 13:41:48.973,1.10185,1.10188,1.87,1.57
2016.07.22 13:41:49.025,1.10185,1.10188,1.87,2.32
2016.07.22 13:41:49.518,1.10185,1.10188,1.87,1.73
2016.07.22 13:41:49.569,1.10185,1.10187,1.50,1.21
2016.07.22 13:41:49.620,1.10186,1.10187,1.00,1.00
2016.07.22 13:41:49.672,1.10186,1.10188,1.00,2.32
2016.07.22 13:41:50.281,1.10185,1.10188,2.06,2.32
2016.07.22 13:41:50.406,1.10186,1.10187,1.00,1.00
2016.07.22 13:41:50.459,1.10186,1.10187,1.50,1.00
2016.07.22 13:41:50.510,1.10186,1.10188,1.50,2.25
2016.07.22 13:41:50.867,1.10186,1.10188,1.00,2.25
2016.07.22 13:41:51.071,1.10186,1.10188,1.12,2.25
2016.07.22 13:41:51.123,1.10185,1.10188,2.25,2.25
2016.07.22 13:41:51.272,1.10185,1.10188,1.87,2.25
2016.07.22 13:41:51.476,1.10185,1.10188,2.62,3.00
2016.07.22 13:41:51.679,1.10185,1.10188,1.87,2.25
2016.07.22 13:41:51.781,1.10185,1.10188,2.62,2.25
2016.07.22 13:41:51.832,1.10185,1.10188,1.87,2.25
2016.07.22 13:41:51.984,1.10185,1.10188,1.12,2.25
2016.07.22 13:41:52.035,1.10185,1.10188,1.87,2.25
2016.07.22 13:41:52.137,1.10185,1.10188,2.62,2.25
2016.07.22 13:41:52.253,1.10185,1.10188,5.62,2.25
2016.07.22 13:41:52.406,1.10185,1.10188,4.87,2.25
2016.07.22 13:41:52.508,1.10185,1.10188,5.62,2.25
2016.07.22 13:41:52.559,1.10185,1.10188,4.87,2.25
2016.07.22 13:41:52.712,1.10185,1.10188,4.12,2.25
2016.07.22 13:41:52.763,1.10185,1.10188,3.37,2.25
2016.07.22 13:41:52.872,1.10185,1.10188,4.12,2.25
2016.07.22 13:41:52.974,1.10185,1.10188,4.87,2.25
2016.07.22 13:41:53.242,1.10185,1.10188,5.62,2.25
2016.07.22 13:41:53.293,1.10185,1.10188,4.87,2.25
2016.07.22 13:41:53.428,1.10185,1.10188,5.62,1.50
2016.07.22 13:41:53.479,1.10185,1.10188,4.87,1.50
2016.07.22 13:41:53.581,1.10185,1.10188,5.62,1.50
2016.07.22 13:41:53.938,1.10185,1.10188,5.62,3.00
2016.07.22 13:41:53.989,1.10185,1.10187,3.00,1.00
2016.07.22 13:41:54.040,1.10184,1.10187,7.20,1.00
2016.07.22 13:41:54.091,1.10185,1.10188,1.00,4.87
2016.07.22 13:41:54.142,1.10185,1.10188,2.25,4.87
2016.07.22 13:41:54.244,1.10185,1.10188,1.50,4.87
2016.07.22 13:41:54.441,1.10185,1.10188,2.25,4.87
2016.07.22 13:41:54.492,1.10185,1.10188,2.62,4.87
2016.07.22 13:41:54.544,1.10186,1.10188,1.00,4.87
2016.07.22 13:41:54.595,1.10186,1.10188,1.00,4.35
2016.07.22 13:41:54.698,1.10186,1.10187,1.00,1.00
2016.07.22 13:41:54.750,1.10185,1.10187,2.06,1.00
2016.07.22 13:41:54.801,1.10185,1.10188,2.06,4.72
2016.07.22 13:41:54.853,1.10185,1.10188,1.87,4.72
2016.07.22 13:41:54.955,1.10185,1.10188,2.81,5.47
2016.07.22 13:41:55.006,1.10185,1.10188,3.19,5.10
2016.07.22 13:41:55.332,1.10185,1.10188,2.25,5.10
2016.07.22 13:41:55.535,1.10185,1.10188,3.19,5.10
2016.07.22 13:41:55.586,1.10185,1.10188,3.19,4.50
2016.07.22 13:41:55.738,1.10185,1.10188,3.19,3.75
2016.07.22 13:41:55.789,1.10185,1.10188,2.25,2.25
2016.07.22 13:41:55.891,1.10185,1.10188,2.62,3.75
2016.07.22 13:41:55.993,1.10185,1.10188,3.56,3.00
2016.07.22 13:41:56.044,1.10185,1.10188,4.31,3.00
2016.07.22 13:41:56.095,1.10185,1.10188,3.94,3.00
2016.07.22 13:41:56.396,1.10185,1.10188,4.69,2.25
2016.07.22 13:41:56.549,1.10185,1.10188,3.75,2.25
2016.07.22 13:41:56.651,1.10185,1.10188,4.69,2.25
2016.07.22 13:41:56.753,1.10185,1.10188,3.75,2.25
2016.07.22 13:41:56.855,1.10185,1.10188,4.69,2.25
2016.07.22 13:41:56.907,1.10185,1.10188,3.75,1.50
2016.07.22 13:41:57.009,1.10185,1.10188,5.44,2.25
2016.07.22 13:41:57.632,1.10185,1.10188,4.50,1.50
2016.07.22 13:41:57.683,1.10185,1.10188,3.56,1.50
2016.07.22 13:41:57.734,1.10185,1.10188,4.50,2.25
2016.07.22 13:41:57.785,1.10185,1.10188,5.44,2.25
2016.07.22 13:41:57.887,1.10185,1.10188,4.69,2.25
2016.07.22 13:41:58.039,1.10185,1.10188,6.19,2.25
2016.07.22 13:41:58.192,1.10185,1.10188,5.25,1.50
2016.07.22 13:41:58.433,1.10185,1.10188,6.19,2.25
2016.07.22 13:41:58.687,1.10185,1.10188,5.25,2.25
2016.07.22 13:41:58.738,1.10185,1.10188,4.31,2.25
2016.07.22 13:41:58.840,1.10185,1.10188,5.25,2.25
2016.07.22 13:41:58.891,1.10185,1.10188,6.19,2.25
2016.07.22 13:41:59.334,1.10185,1.10188,5.25,2.25
2016.07.22 13:41:59.525,1.10185,1.10188,4.31,1.50
2016.07.22 13:41:59.576,1.10185,1.10188,5.25,1.50
2016.07.22 13:41:59.689,1.10185,1.10188,5.25,2.25
2016.07.22 13:41:59.893,1.10185,1.10188,6.19,2.85
2016.07.22 13:41:59.944,1.10185,1.10188,4.69,2.85
2016.07.22 13:41:59.995,1.10186,1.10187,2.25,1.00
2016.07.22 13:42:00.046,1.10186,1.10187,3.00,1.00
2016.07.22 13:42:00.097,1.10186,1.10188,5.44,1.63
2016.07.22 13:42:00.148,1.10186,1.10188,6.04,1.18
2016.07.22 13:42:00.199,1.10186,1.10188,4.87,1.18
2016.07.22 13:42:00.251,1.10186,1.10188,5.62,1.18
2016.07.22 13:42:00.405,1.10186,1.10188,4.87,1.18
2016.07.22 13:42:00.455,1.10186,1.10188,4.12,1.18
2016.07.22 13:42:00.506,1.10186,1.10188,4.50,1.18
2016.07.22 13:42:00.558,1.10186,1.10188,3.75,1.18
2016.07.22 13:42:00.687,1.10186,1.10189,3.75,2.46
2016.07.22 13:42:01.201,1.10186,1.10189,2.81,1.23
2016.07.22 13:42:01.305,1.10186,1.10189,3.75,2.46
2016.07.22 13:42:02.022,1.10186,1.10189,3.37,2.46
2016.07.22 13:42:02.073,1.10186,1.10189,3.94,2.46
2016.07.22 13:42:02.124,1.10186,1.10189,4.31,2.46
2016.07.22 13:42:02.654,1.10186,1.10189,2.25,2.46
2016.07.22 13:42:02.705,1.10187,1.1019,1.00,6.88
2016.07.22 13:42:02.757,1.10187,1.1019,1.50,6.56
2016.07.22 13:42:02.808,1.10188,1.1019,1.00,1.87
2016.07.22 13:42:02.860,1.10188,1.1019,1.00,1.57
2016.07.22 13:42:02.911,1.10188,1.1019,1.00,1.10
2016.07.22 13:42:02.962,1.10188,1.10191,2.25,2.32
2016.07.22 13:42:03.014,1.10188,1.10191,2.25,2.70
2016.07.22 13:42:03.065,1.10188,1.10191,2.25,3.45
2016.07.22 13:42:03.117,1.10188,1.10191,2.25,2.92
2016.07.22 13:42:03.169,1.10188,1.10191,1.00,2.70
2016.07.22 13:42:03.220,1.10187,1.10191,4.50,4.20
2016.07.22 13:42:03.271,1.10187,1.10191,4.12,3.82
2016.07.22 13:42:03.410,1.10187,1.10191,4.12,5.55
2016.07.22 13:42:03.462,1.10187,1.1019,3.37,2.25
2016.07.22 13:42:03.513,1.10187,1.1019,3.37,5.62
2016.07.22 13:42:03.564,1.10187,1.1019,1.87,5.62
2016.07.22 13:42:03.615,1.10187,1.1019,1.87,3.75
2016.07.22 13:42:03.768,1.10187,1.1019,1.87,4.35
2016.07.22 13:42:03.819,1.10187,1.10189,1.87,1.50
2016.07.22 13:42:03.870,1.10187,1.10189,1.50,3.97
2016.07.22 13:42:03.921,1.10186,1.10188,1.10,1.12
2016.07.22 13:42:03.972,1.10186,1.10188,1.00,1.12
2016.07.22 13:42:04.023,1.10186,1.10188,1.00,1.00
2016.07.22 13:42:04.610,1.10186,1.10188,1.00,1.50
2016.07.22 13:42:05.019,1.10186,1.10188,1.00,1.00
2016.07.22 13:42:05.212,1.10186,1.10188,1.00,1.50
2016.07.22 13:42:05.419,1.10186,1.10189,1.00,4.95
2016.07.22 13:42:05.471,1.10186,1.10189,1.00,4.29
2016.07.22 13:42:05.625,1.10186,1.10189,1.00,3.84
2016.07.22 13:42:05.829,1.10186,1.10189,1.00,3.09
2016.07.22 13:42:06.649,1.10186,1.10189,1.00,4.12
2016.07.22 13:42:06.802,1.10186,1.10188,1.00,1.12
2016.07.22 13:42:06.853,1.10186,1.10189,1.00,4.22
2016.07.22 13:42:06.959,1.10186,1.10189,1.00,2.72
2016.07.22 13:42:07.013,1.10186,1.10189,1.00,2.34
2016.07.22 13:42:07.268,1.10186,1.10189,1.00,3.09
2016.07.22 13:42:07.320,1.10186,1.10188,1.00,1.12
2016.07.22 13:42:07.372,1.10186,1.10189,1.50,3.47
2016.07.22 13:42:07.423,1.10187,1.10188,1.00,1.12
2016.07.22 13:42:07.475,1.10187,1.10188,1.00,1.50
2016.07.22 13:42:07.526,1.10186,1.10189,1.25,2.47
2016.07.22 13:42:07.578,1.10186,1.10189,1.25,3.22
2016.07.22 13:42:07.629,1.10185,1.10187,1.29,1.00
2016.07.22 13:42:07.747,1.10185,1.10187,1.00,1.00
2016.07.22 13:42:08.102,1.10185,1.10187,1.00,1.50
2016.07.22 13:42:08.153,1.10185,1.10187,1.50,1.50
2016.07.22 13:42:08.307,1.10185,1.10187,3.75,1.50
2016.07.22 13:42:08.358,1.10186,1.10187,1.00,1.00
2016.07.22 13:42:08.409,1.10186,1.10188,1.50,2.25
2016.07.22 13:42:08.461,1.10186,1.10188,1.50,1.00
2016.07.22 13:42:08.512,1.10186,1.10189,1.50,2.32
2016.07.22 13:42:08.650,1.10186,1.10189,1.00,3.82
2016.07.22 13:42:08.752,1.10186,1.10189,1.00,4.01
2016.07.22 13:42:08.803,1.10186,1.10189,1.00,4.76
2016.07.22 13:42:11.326,1.10186,1.10189,1.00,5.51
2016.07.22 13:42:11.853,1.10186,1.10189,1.37,3.82
2016.07.22 13:42:11.904,1.10186,1.10188,1.50,1.00
2016.07.22 13:42:12.008,1.10186,1.10189,1.37,1.57
2016.07.22 13:42:12.060,1.10186,1.10189,1.12,1.57
2016.07.22 13:42:12.111,1.10186,1.10189,1.12,1.50
2016.07.22 13:42:12.366,1.10186,1.10189,1.12,1.00
2016.07.22 13:42:12.468,1.10186,1.10189,1.12,1.50
2016.07.22 13:42:13.842,1.10186,1.10189,1.12,2.25
2016.07.22 13:42:13.893,1.10186,1.10189,1.12,1.50
2016.07.22 13:42:13.944,1.10186,1.10189,1.12,1.00
2016.07.22 13:42:13.995,1.10186,1.10189,1.12,1.50
2016.07.22 13:42:14.325,1.10186,1.10189,1.00,2.47
2016.07.22 13:42:14.376,1.10186,1.10188,1.00,1.12
2016.07.22 13:42:14.427,1.10186,1.10188,1.00,2.85
2016.07.22 13:42:14.478,1.10186,1.10188,1.00,3.79
2016.07.22 13:42:14.530,1.10184,1.10188,3.07,6.04
2016.07.22 13:42:14.734,1.10184,1.10188,3.07,5.66
2016.07.22 13:42:14.784,1.10184,1.10188,2.32,3.97
2016.07.22 13:42:14.835,1.10184,1.10188,2.70,3.22
2016.07.22 13:42:14.887,1.10185,1.10188,1.00,4.72
2016.07.22 13:42:15.031,1.10184,1.10188,3.45,3.97
2016.07.22 13:42:15.082,1.10184,1.10188,3.45,4.72
2016.07.22 13:42:15.133,1.10184,1.10188,3.45,4.35
2016.07.22 13:42:15.338,1.10184,1.10188,3.45,5.10
2016.07.22 13:42:15.389,1.10184,1.10187,2.70,1.00
2016.07.22 13:42:16.456,1.10184,1.10187,2.70,1.50
2016.07.22 13:42:17.160,1.10184,1.10187,2.70,1.00
2016.07.22 13:42:18.321,1.10184,1.10188,2.70,5.47
2016.07.22 13:42:18.423,1.10184,1.10188,2.70,6.22
2016.07.22 13:42:18.475,1.10184,1.10188,1.10,6.22
2016.07.22 13:42:18.576,1.10184,1.10187,1.10,1.50
2016.07.22 13:42:18.627,1.10183,1.10187,7.87,1.87
2016.07.22 13:42:18.678,1.10183,1.10187,6.37,3.37
2016.07.22 13:42:18.729,1.10183,1.10187,6.37,4.12
2016.07.22 13:42:19.035,1.10183,1.10186,6.00,1.00
2016.07.22 13:42:19.162,1.10183,1.10186,5.25,1.69
2016.07.22 13:42:19.214,1.10183,1.10186,4.95,1.69
2016.07.22 13:42:19.680,1.10183,1.10186,5.32,1.69
2016.07.22 13:42:20.060,1.10183,1.10186,4.57,1.69
2016.07.22 13:42:20.314,1.10183,1.10186,4.57,2.44
2016.07.22 13:42:20.397,1.10183,1.10186,4.57,3.37
2016.07.22 13:42:20.448,1.10181,1.10183,18.45,2.10
2016.07.22 13:42:20.499,1.10182,1.10183,1.80,2.10
2016.07.22 13:42:20.550,1.10181,1.10182,2.25,1.00
2016.07.22 13:42:20.602,1.1018,1.10182,3.94,1.00
2016.07.22 13:42:20.654,1.1018,1.10182,1.25,1.50
2016.07.22 13:42:20.705,1.1018,1.10182,1.25,2.44
2016.07.22 13:42:20.959,1.1018,1.10182,1.25,1.69
2016.07.22 13:42:21.346,1.10179,1.10182,1.69,1.69
2016.07.22 13:42:21.499,1.10179,1.10182,1.69,1.00
2016.07.22 13:42:21.600,1.10179,1.10182,1.19,1.69
2016.07.22 13:42:22.006,1.10179,1.10182,1.69,1.25
2016.07.22 13:42:22.162,1.10181,1.10183,1.12,1.57
2016.07.22 13:42:22.214,1.10181,1.10183,3.97,1.00
2016.07.22 13:42:22.265,1.10182,1.10184,2.62,1.25
2016.07.22 13:42:22.317,1.10183,1.10185,2.25,3.94
2016.07.22 13:42:22.368,1.10183,1.10185,2.25,1.50
2016.07.22 13:42:22.419,1.10183,1.10185,2.25,1.00
2016.07.22 13:42:22.470,1.10183,1.10185,3.00,1.00
2016.07.22 13:42:22.521,1.10183,1.10185,3.00,1.87
2016.07.22 13:42:22.573,1.10183,1.10185,2.25,2.62
2016.07.22 13:42:22.624,1.10183,1.10185,2.25,3.19
2016.07.22 13:42:22.676,1.10183,1.10185,2.25,3.94
2016.07.22 13:42:22.727,1.10183,1.10185,2.25,3.00
2016.07.22 13:42:22.849,1.10182,1.10185,1.50,5.25
2016.07.22 13:42:22.901,1.10181,1.10184,4.80,1.00
2016.07.22 13:42:22.953,1.10181,1.10184,3.30,1.87
2016.07.22 13:42:23.005,1.10181,1.10184,1.20,2.62
2016.07.22 13:42:23.056,1.10181,1.10184,1.10,2.62
2016.07.22 13:42:23.107,1.10181,1.10183,1.10,1.00
2016.07.22 13:42:23.209,1.10181,1.10183,1.10,1.50
2016.07.22 13:42:23.260,1.10181,1.10183,1.10,2.25
2016.07.22 13:42:23.311,1.10181,1.10182,1.00,1.00
2016.07.22 13:42:23.785,1.1018,1.10183,3.64,2.25
2016.07.22 13:42:23.836,1.1018,1.10183,2.32,2.25
2016.07.22 13:42:23.887,1.1018,1.10182,2.32,1.00
2016.07.22 13:42:24.091,1.1018,1.10183,2.32,2.25
2016.07.22 13:42:24.194,1.1018,1.10182,2.32,1.00
2016.07.22 13:42:25.612,1.1018,1.10183,2.32,4.50
2016.07.22 13:42:25.663,1.1018,1.10183,2.32,5.25
2016.07.22 13:42:25.714,1.1018,1.10182,2.32,1.00
2016.07.22 13:42:26.713,1.1018,1.10183,2.32,6.19
2016.07.22 13:42:26.764,1.1018,1.10183,2.32,5.44
2016.07.22 13:42:26.968,1.1018,1.10183,2.70,5.44
2016.07.22 13:42:27.019,1.1018,1.10183,2.70,2.25
2016.07.22 13:42:27.069,1.1018,1.10183,2.32,2.25
2016.07.22 13:42:27.183,1.1018,1.10183,2.32,3.94
2016.07.22 13:42:27.540,1.1018,1.10183,2.32,4.69
2016.07.22 13:42:27.591,1.1018,1.10183,2.32,5.06
2016.07.22 13:42:27.744,1.10179,1.1018,3.75,1.00
2016.07.22 13:42:27.796,1.10178,1.1018,4.87,2.85
2016.07.22 13:42:27.848,1.10178,1.10179,1.12,1.30
2016.07.22 13:42:27.899,1.10176,1.10178,5.50,2.10
2016.07.22 13:42:27.950,1.10176,1.10178,1.10,3.60
2016.07.22 13:42:28.001,1.10175,1.10177,3.75,1.00
2016.07.22 13:42:28.053,1.10175,1.10177,1.50,1.00
2016.07.22 13:42:28.137,1.10175,1.10176,1.00,1.00
2016.07.22 13:42:28.188,1.10174,1.10177,2.32,1.25
2016.07.22 13:42:28.290,1.10174,1.10178,2.32,8.29
2016.07.22 13:42:28.342,1.10174,1.10178,2.32,7.91
2016.07.22 13:42:28.395,1.10174,1.10178,1.57,8.66
2016.07.22 13:42:28.549,1.10174,1.10178,2.32,7.91
2016.07.22 13:42:28.601,1.10174,1.10177,2.32,1.12
2016.07.22 13:42:29.635,1.10174,1.10177,1.57,1.12
2016.07.22 13:42:29.738,1.10174,1.10177,1.10,1.12
2016.07.22 13:42:30.246,1.10173,1.10177,6.75,1.87
2016.07.22 13:42:30.297,1.10173,1.10177,6.75,1.12
2016.07.22 13:42:30.433,1.10173,1.10177,6.45,2.47
2016.07.22 13:42:30.535,1.10173,1.10177,6.45,3.41
2016.07.22 13:42:31.043,1.10173,1.10177,6.45,2.47
2016.07.22 13:42:31.145,1.10173,1.10177,6.45,3.41
2016.07.22 13:42:31.786,1.10174,1.10177,1.00,3.41
2016.07.22 13:42:32.346,1.10174,1.10177,1.00,2.66
2016.07.22 13:42:33.001,1.10174,1.10177,1.00,1.91
2016.07.22 13:42:33.103,1.10174,1.10177,1.00,2.66
2016.07.22 13:42:33.611,1.10174,1.10177,1.00,1.72
2016.07.22 13:42:33.712,1.10174,1.10177,1.00,2.66
2016.07.22 13:42:34.119,1.10174,1.10177,1.00,3.04
2016.07.22 13:42:34.246,1.10174,1.10177,1.00,2.10
2016.07.22 13:42:34.297,1.10174,1.10177,1.00,1.72
2016.07.22 13:42:34.348,1.10174,1.10177,1.00,2.66
2016.07.22 13:42:35.263,1.10173,1.10177,7.57,3.04
2016.07.22 13:42:35.314,1.10173,1.10177,4.95,3.79
2016.07.22 13:42:35.365,1.10173,1.10176,4.95,1.50
2016.07.22 13:42:35.416,1.10173,1.10176,4.95,2.25
2016.07.22 13:42:35.530,1.10173,1.10175,4.95,1.00
2016.07.22 13:42:35.581,1.10173,1.10175,3.82,1.50
2016.07.22 13:42:36.355,1.10173,1.10175,3.82,1.00
2016.07.22 13:42:36.457,1.10173,1.10175,3.82,1.50
2016.07.22 13:42:36.703,1.10173,1.10175,3.75,1.50
2016.07.22 13:42:36.957,1.10173,1.10175,3.75,1.00
2016.07.22 13:42:37.211,1.10173,1.10175,3.75,1.50
2016.07.22 13:42:37.262,1.10173,1.10175,3.75,1.50
2016.07.22 13:42:37.364,1.10173,1.10175,3.75,1.00
2016.07.22 13:42:37.416,1.10173,1.10175,3.75,1.50
2016.07.22 13:42:37.467,1.10173,1.10175,3.00,1.50
2016.07.22 13:42:37.569,1.10173,1.10174,3.00,2.47
2016.07.22 13:42:37.620,1.10172,1.10173,6.45,1.35
2016.07.22 13:42:37.717,1.10172,1.10173,2.62,1.35
2016.07.22 13:42:37.770,1.10171,1.10173,1.00,1.35
2016.07.22 13:42:38.279,1.10171,1.10173,1.00,1.00
2016.07.22 13:42:38.432,1.10171,1.10174,1.00,7.57
2016.07.22 13:42:39.948,1.10171,1.10174,1.00,3.64
2016.07.22 13:42:40.051,1.10171,1.10173,1.00,1.50
2016.07.22 13:42:40.154,1.10171,1.10173,1.00,1.00
2016.07.22 13:42:41.122,1.10171,1.10174,1.00,6.64
2016.07.22 13:42:41.268,1.10171,1.10173,1.00,1.00
2016.07.22 13:42:41.929,1.10171,1.10174,1.00,6.64
2016.07.22 13:42:42.031,1.10171,1.10173,1.00,1.00
2016.07.22 13:42:42.437,1.10171,1.10174,1.00,3.64
2016.07.22 13:42:42.533,1.10171,1.10173,1.00,1.00
2016.07.22 13:42:43.455,1.10171,1.10174,1.00,3.26
2016.07.22 13:42:43.557,1.10171,1.10174,1.00,2.89
2016.07.22 13:42:43.765,1.10171,1.10173,1.00,1.00
2016.07.22 13:42:45.331,1.10171,1.10173,1.12,1.00
2016.07.22 13:42:45.434,1.10171,1.10174,2.62,2.51
2016.07.22 13:42:45.485,1.10171,1.10174,4.31,1.57
2016.07.22 13:42:45.536,1.10171,1.10174,4.31,1.10
2016.07.22 13:42:45.587,1.10171,1.10175,4.69,9.60
2016.07.22 13:42:45.692,1.10171,1.10174,2.81,1.10
2016.07.22 13:42:45.743,1.10171,1.10174,1.25,5.25
2016.07.22 13:42:45.998,1.10171,1.10174,1.25,5.62
2016.07.22 13:42:46.100,1.10171,1.10174,1.25,5.25
2016.07.22 13:42:46.926,1.10171,1.10174,1.25,5.85
2016.07.22 13:42:47.314,1.10171,1.10174,1.25,6.60
2016.07.22 13:42:47.924,1.10171,1.10174,1.25,7.35
2016.07.22 13:42:48.076,1.10171,1.10173,1.25,1.00
2016.07.22 13:42:48.279,1.10171,1.10173,1.25,1.50
2016.07.22 13:42:49.348,1.10171,1.10173,1.25,1.00
2016.07.22 13:42:49.449,1.10171,1.10173,1.25,1.50
2016.07.22 13:42:49.653,1.10171,1.10173,1.25,1.00
2016.07.22 13:42:49.856,1.10171,1.10173,1.25,1.50
2016.07.22 13:42:50.059,1.10171,1.10173,1.31,1.50
2016.07.22 13:42:50.254,1.10171,1.10173,1.31,1.00
2016.07.22 13:42:50.559,1.10172,1.10173,1.00,1.00
2016.07.22 13:42:50.660,1.10172,1.10173,1.50,1.00
2016.07.22 13:42:50.711,1.10172,1.10174,1.50,5.47
2016.07.22 13:42:50.916,1.10172,1.10174,1.50,4.87
2016.07.22 13:42:51.169,1.10172,1.10174,1.00,4.12
2016.07.22 13:42:51.271,1.10172,1.10174,1.50,4.87
2016.07.22 13:42:52.181,1.10172,1.10174,1.00,4.12
2016.07.22 13:42:52.385,1.10172,1.10174,1.50,4.87
2016.07.22 13:42:52.487,1.10172,1.10174,1.00,4.12
2016.07.22 13:42:52.588,1.10172,1.10174,1.50,4.87
2016.07.22 13:42:53.787,1.10172,1.10174,1.00,4.12
2016.07.22 13:42:53.889,1.10172,1.10174,1.50,4.87
2016.07.22 13:42:54.373,1.10171,1.10174,1.31,3.00
2016.07.22 13:42:54.424,1.10171,1.10173,1.31,1.00
2016.07.22 13:42:55.083,1.10171,1.10172,1.31,1.00
2016.07.22 13:42:55.185,1.10171,1.10172,1.25,2.25
2016.07.22 13:42:55.388,1.10171,1.10172,1.25,1.50
2016.07.22 13:42:55.517,1.10171,1.10172,1.69,1.50
2016.07.22 13:42:55.620,1.10171,1.10172,1.50,1.50
2016.07.22 13:42:56.503,1.10171,1.10172,1.50,2.25
2016.07.22 13:42:56.997,1.10171,1.10172,1.87,2.25
2016.07.22 13:42:57.546,1.10171,1.10172,1.50,2.25
2016.07.22 13:42:58.462,1.10171,1.10172,1.87,2.25
2016.07.22 13:42:58.975,1.10171,1.10172,1.50,2.25
2016.07.22 13:42:59.484,1.10171,1.10172,1.50,1.50
2016.07.22 13:42:59.585,1.10171,1.10172,1.50,2.25
2016.07.22 13:42:59.978,1.10171,1.10172,1.50,1.50
2016.07.22 13:43:00.080,1.10171,1.10172,1.50,2.25
2016.07.22 13:43:01.018,1.10171,1.10172,1.00,2.25
2016.07.22 13:43:01.145,1.10171,1.10172,1.00,1.50
2016.07.22 13:43:01.348,1.10171,1.10172,1.00,1.00
2016.07.22 13:43:01.399,1.10171,1.10173,1.00,2.25
2016.07.22 13:43:02.689,1.10171,1.10173,1.50,2.25
2016.07.22 13:43:02.909,1.10171,1.10173,1.50,1.50
2016.07.22 13:43:03.010,1.10171,1.10173,1.50,2.25
2016.07.22 13:43:04.303,1.10171,1.10173,1.50,1.50
2016.07.22 13:43:04.405,1.10171,1.10173,1.50,2.25
2016.07.22 13:43:04.709,1.10171,1.10173,2.25,2.25
2016.07.22 13:43:05.767,1.10171,1.10172,2.25,1.00
2016.07.22 13:43:05.921,1.10171,1.10172,2.25,1.50
2016.07.22 13:43:06.073,1.10171,1.10172,1.50,1.50
2016.07.22 13:43:06.124,1.10171,1.10172,1.00,1.50
2016.07.22 13:43:06.408,1.10171,1.10172,1.00,1.00
2016.07.22 13:43:06.510,1.10171,1.10172,1.00,1.50
2016.07.22 13:43:07.571,1.10171,1.10172,1.50,1.50
2016.07.22 13:43:07.622,1.10171,1.10172,1.50,1.00
2016.07.22 13:43:07.724,1.10171,1.10172,1.50,1.50
2016.07.22 13:43:07.775,1.10171,1.10172,2.25,1.50
2016.07.22 13:43:08.132,1.10171,1.10172,1.50,1.50
2016.07.22 13:43:08.183,1.10171,1.10172,1.12,1.50
2016.07.22 13:43:08.234,1.10171,1.10172,1.50,1.50
2016.07.22 13:43:08.325,1.10172,1.10173,1.50,2.62
2016.07.22 13:43:08.376,1.10172,1.10173,1.87,1.50
2016.07.22 13:43:08.430,1.10172,1.10174,2.50,3.37
2016.07.22 13:43:08.481,1.10172,1.10174,2.50,2.25
2016.07.22 13:43:08.532,1.10172,1.10173,1.87,2.25
2016.07.22 13:43:08.635,1.10172,1.10174,1.00,2.25
2016.07.22 13:43:08.687,1.10171,1.10174,2.62,2.25
2016.07.22 13:43:08.738,1.10172,1.10173,1.00,2.25
2016.07.22 13:43:09.136,1.10171,1.10173,1.87,5.85
2016.07.22 13:43:09.188,1.10171,1.10173,1.50,5.85
2016.07.22 13:43:09.239,1.10167,1.10169,15.75,2.85
2016.07.22 13:43:09.290,1.10169,1.1017,1.12,5.25
2016.07.22 13:43:09.342,1.10167,1.10169,2.57,6.60
2016.07.22 13:43:09.394,1.10167,1.10169,1.87,7.35
2016.07.22 13:43:09.446,1.10166,1.10167,1.25,1.50
2016.07.22 13:43:09.497,1.10165,1.10167,7.07,1.50
2016.07.22 13:43:09.548,1.10165,1.10166,7.95,1.50
2016.07.22 13:43:09.651,1.10165,1.10166,8.32,1.50
2016.07.22 13:43:09.784,1.10165,1.10166,9.07,1.50
2016.07.22 13:43:09.887,1.10165,1.10166,6.82,1.50
2016.07.22 13:43:09.938,1.10165,1.10166,6.45,1.50
2016.07.22 13:43:09.989,1.10165,1.10166,7.20,1.50
2016.07.22 13:43:10.040,1.10165,1.10166,6.45,1.00
2016.07.22 13:43:10.091,1.10165,1.10166,7.95,1.00
2016.07.22 13:43:10.142,1.10165,1.10166,8.70,1.50
2016.07.22 13:43:10.193,1.10165,1.10166,6.45,1.50
2016.07.22 13:43:10.295,1.10165,1.10166,8.70,1.50
2016.07.22 13:43:10.499,1.10165,1.10166,8.62,1.50
2016.07.22 13:43:10.550,1.10165,1.10166,7.87,1.00
2016.07.22 13:43:10.737,1.10165,1.10166,7.87,1.50
2016.07.22 13:43:10.788,1.10165,1.10166,6.37,1.50
2016.07.22 13:43:10.839,1.10165,1.10166,5.25,1.50
2016.07.22 13:43:11.002,1.10165,1.10167,7.69,1.50
2016.07.22 13:43:11.053,1.10167,1.10168,1.00,1.00
2016.07.22 13:43:11.104,1.10167,1.10168,1.87,1.00
2016.07.22 13:43:11.155,1.10168,1.1017,1.00,4.87
2016.07.22 13:43:11.206,1.10168,1.10169,1.50,1.00
2016.07.22 13:43:11.257,1.10168,1.10169,1.50,1.50
2016.07.22 13:43:11.308,1.10168,1.10169,1.50,1.00
2016.07.22 13:43:11.360,1.10167,1.10169,4.87,1.00
2016.07.22 13:43:11.412,1.10168,1.1017,1.00,6.19
2016.07.22 13:43:11.545,1.10168,1.10169,1.50,2.25
2016.07.22 13:43:11.598,1.10168,1.10169,1.00,1.50
2016.07.22 13:43:11.649,1.10168,1.10169,1.00,1.50
2016.07.22 13:43:11.752,1.10168,1.10169,1.00,2.25
2016.07.22 13:43:11.853,1.10168,1.10169,1.00,1.50
2016.07.22 13:43:11.955,1.10167,1.10168,1.12,1.50
2016.07.22 13:43:12.057,1.10167,1.10168,1.12,1.00
2016.07.22 13:43:12.556,1.10167,1.10168,1.12,1.50
2016.07.22 13:43:12.861,1.10167,1.10169,1.87,1.00
2016.07.22 13:43:12.912,1.10167,1.1017,1.87,5.44
2016.07.22 13:43:12.963,1.10167,1.1017,1.12,3.94
2016.07.22 13:43:13.014,1.10167,1.10169,1.87,1.00
2016.07.22 13:43:13.166,1.10167,1.10169,2.25,1.00
2016.07.22 13:43:13.658,1.10167,1.10169,1.87,1.00
2016.07.22 13:43:14.638,1.10167,1.1017,1.12,6.19
2016.07.22 13:43:14.689,1.10167,1.1017,1.12,4.69
2016.07.22 13:43:14.741,1.10167,1.1017,2.25,3.94
2016.07.22 13:43:14.793,1.10168,1.1017,1.00,3.94
2016.07.22 13:43:14.844,1.10168,1.1017,1.00,1.50
2016.07.22 13:43:14.895,1.10168,1.1017,1.00,1.12
2016.07.22 13:43:14.946,1.10168,1.1017,1.50,2.25
2016.07.22 13:43:15.152,1.10168,1.1017,2.25,1.50
2016.07.22 13:43:15.203,1.10168,1.1017,2.25,2.25
2016.07.22 13:43:15.254,1.10168,1.1017,1.00,1.50
2016.07.22 13:43:15.438,1.10168,1.1017,2.25,2.25
2016.07.22 13:43:15.541,1.10168,1.1017,2.25,1.50
2016.07.22 13:43:15.643,1.10168,1.1017,2.25,2.25
2016.07.22 13:43:15.745,1.10168,1.1017,2.25,1.50
2016.07.22 13:43:15.846,1.10168,1.1017,2.25,2.25
2016.07.22 13:43:15.948,1.10168,1.1017,2.62,1.50
2016.07.22 13:43:16.050,1.10169,1.1017,2.25,2.25
2016.07.22 13:43:16.102,1.10171,1.10173,1.00,18.07
2016.07.22 13:43:16.153,1.1017,1.10171,3.75,2.25
2016.07.22 13:43:16.204,1.1017,1.10171,1.50,1.00
2016.07.22 13:43:16.255,1.10171,1.10172,1.00,3.00
2016.07.22 13:43:16.350,1.10171,1.10172,1.50,1.50
2016.07.22 13:43:16.402,1.10171,1.10172,2.25,1.00
2016.07.22 13:43:16.454,1.10172,1.10173,1.00,2.25
2016.07.22 13:43:16.506,1.10171,1.10173,1.00,2.25
2016.07.22 13:43:16.709,1.10171,1.10173,1.00,2.25
2016.07.22 13:43:17.360,1.1017,1.10172,6.82,1.50
2016.07.22 13:43:17.411,1.1017,1.10172,6.07,1.50
2016.07.22 13:43:17.462,1.1017,1.10172,6.07,2.25
2016.07.22 13:43:17.565,1.1017,1.10172,5.32,1.50
2016.07.22 13:43:17.667,1.1017,1.10172,5.32,2.25
2016.07.22 13:43:17.770,1.1017,1.10172,6.07,2.25
2016.07.22 13:43:17.873,1.1017,1.10172,5.32,2.25
2016.07.22 13:43:17.974,1.1017,1.10172,5.32,1.50
2016.07.22 13:43:18.147,1.1017,1.10172,5.32,1.00
2016.07.22 13:43:18.198,1.1017,1.10173,5.32,3.00
2016.07.22 13:43:18.351,1.1017,1.10173,5.92,3.00
2016.07.22 13:43:18.402,1.1017,1.10173,6.67,2.25
2016.07.22 13:43:18.453,1.1017,1.10173,6.67,1.50
2016.07.22 13:43:18.606,1.1017,1.10173,6.07,1.50
2016.07.22 13:43:18.759,1.1017,1.10173,6.82,1.50
2016.07.22 13:43:18.861,1.1017,1.10173,7.57,1.50
2016.07.22 13:43:19.040,1.1017,1.10173,7.57,1.00
2016.07.22 13:43:19.091,1.1017,1.10173,6.82,1.00
2016.07.22 13:43:19.436,1.10172,1.10173,1.00,1.00
2016.07.22 13:43:19.487,1.10172,1.10174,3.48,1.50
2016.07.22 13:43:19.539,1.10172,1.10175,1.98,1.95
2016.07.22 13:43:19.590,1.10173,1.10174,1.00,1.00
2016.07.22 13:43:19.641,1.10174,1.10176,4.00,4.57
2016.07.22 13:43:19.692,1.10175,1.10176,1.00,2.32
2016.07.22 13:43:19.743,1.10175,1.10176,1.00,2.25
2016.07.22 13:43:19.862,1.10173,1.10176,4.12,1.00
2016.07.22 13:43:19.914,1.10173,1.10176,7.12,1.00
2016.07.22 13:43:19.965,1.10173,1.10176,6.00,1.00
2016.07.22 13:43:20.475,1.10173,1.10176,6.75,1.00
2016.07.22 13:43:20.648,1.10173,1.10176,6.00,1.50
2016.07.22 13:43:20.777,1.10173,1.10176,5.25,1.50
2016.07.22 13:43:20.931,1.10173,1.10176,4.87,2.62
2016.07.22 13:43:20.982,1.10173,1.10176,4.50,3.00
2016.07.22 13:43:21.491,1.10173,1.10176,3.00,3.00
2016.07.22 13:43:22.405,1.10173,1.10176,3.75,3.60
2016.07.22 13:43:22.507,1.10173,1.10175,3.00,1.00
2016.07.22 13:43:22.609,1.10173,1.10175,3.75,1.00
2016.07.22 13:43:22.712,1.10173,1.10175,3.00,1.00
2016.07.22 13:43:22.903,1.10172,1.10175,6.38,1.50
2016.07.22 13:43:22.954,1.10172,1.10175,2.63,3.75
2016.07.22 13:43:23.005,1.10172,1.10174,2.63,1.50
2016.07.22 13:43:23.056,1.10172,1.10173,1.00,1.12
2016.07.22 13:43:23.108,1.10171,1.10173,1.57,1.50
2016.07.22 13:43:23.159,1.10171,1.10173,1.50,1.12
2016.07.22 13:43:23.210,1.10171,1.10174,1.00,3.19
2016.07.22 13:43:23.261,1.10171,1.10174,1.50,2.25
2016.07.22 13:43:23.312,1.10171,1.10173,2.25,1.00
2016.07.22 13:43:23.363,1.10171,1.10173,1.50,1.00
2016.07.22 13:43:23.465,1.10171,1.10173,1.00,1.50
2016.07.22 13:43:23.567,1.10171,1.10173,1.00,2.25
2016.07.22 13:43:23.618,1.10171,1.10173,1.00,3.37
2016.07.22 13:43:23.717,1.10171,1.10172,1.00,1.12
2016.07.22 13:43:23.770,1.10168,1.1017,3.00,1.00
2016.07.22 13:43:23.822,1.10168,1.1017,2.32,1.00
2016.07.22 13:43:23.873,1.10169,1.1017,1.00,1.50
2016.07.22 13:43:23.976,1.10168,1.1017,1.00,1.00
2016.07.22 13:43:24.080,1.10169,1.10171,1.00,2.25
2016.07.22 13:43:24.132,1.1017,1.10171,1.00,1.50
2016.07.22 13:43:24.183,1.1017,1.10171,1.50,1.00
2016.07.22 13:43:24.235,1.1017,1.10171,1.12,1.00
2016.07.22 13:43:24.286,1.1017,1.10171,1.50,1.50
2016.07.22 13:43:24.337,1.1017,1.10171,1.50,2.25
2016.07.22 13:43:24.388,1.1017,1.10171,1.00,2.25
2016.07.22 13:43:24.524,1.10168,1.10171,7.35,2.25
2016.07.22 13:43:24.577,1.10169,1.1017,1.50,1.00
2016.07.22 13:43:24.629,1.10169,1.1017,1.50,1.50
2016.07.22 13:43:24.680,1.10169,1.1017,1.00,1.50
2016.07.22 13:43:24.731,1.10169,1.1017,1.00,2.25
2016.07.22 13:43:24.782,1.10169,1.1017,1.00,3.00
2016.07.22 13:43:24.986,1.10169,1.1017,1.00,2.25
2016.07.22 13:43:25.088,1.10169,1.1017,1.00,3.00
2016.07.22 13:43:25.190,1.10169,1.1017,1.00,2.25
2016.07.22 13:43:25.241,1.10169,1.1017,1.00,1.50
2016.07.22 13:43:25.292,1.10169,1.1017,1.00,1.00
2016.07.22 13:43:27.065,1.10169,1.1017,1.00,1.12
2016.07.22 13:43:27.116,1.10168,1.1017,2.25,1.50
2016.07.22 13:43:27.167,1.10168,1.1017,1.50,2.62
2016.07.22 13:43:27.218,1.10168,1.1017,1.50,3.00
2016.07.22 13:43:27.282,1.10168,1.1017,1.00,3.75
2016.07.22 13:43:27.333,1.10168,1.1017,1.00,4.50
2016.07.22 13:43:27.385,1.10168,1.10169,1.00,1.00
2016.07.22 13:43:27.487,1.10168,1.10169,1.50,1.00
2016.07.22 13:43:27.646,1.10168,1.1017,1.50,5.25
2016.07.22 13:43:27.697,1.10168,1.1017,1.50,4.50
2016.07.22 13:43:27.749,1.10168,1.1017,1.50,2.25
2016.07.22 13:43:27.801,1.10168,1.1017,1.50,2.25
2016.07.22 13:43:27.853,1.10168,1.1017,1.50,2.25
2016.07.22 13:43:27.904,1.10168,1.1017,1.00,3.75
2016.07.22 13:43:27.957,1.10168,1.1017,1.00,3.37
2016.07.22 13:43:28.009,1.10168,1.1017,1.00,2.25
2016.07.22 13:43:28.060,1.10167,1.1017,3.75,1.87
2016.07.22 13:43:28.114,1.10168,1.1017,1.00,2.25
2016.07.22 13:43:28.165,1.10168,1.10169,1.00,1.00
2016.07.22 13:43:28.217,1.10167,1.10169,5.06,1.00
2016.07.22 13:43:28.268,1.10167,1.10169,4.87,1.00
2016.07.22 13:43:28.319,1.10167,1.10169,2.62,1.00
2016.07.22 13:43:28.370,1.10167,1.10169,1.87,1.00
2016.07.22 13:43:28.421,1.10167,1.10169,1.50,1.00
2016.07.22 13:43:28.523,1.10166,1.10169,4.57,1.00
2016.07.22 13:43:29.223,1.10166,1.10169,5.32,1.12
2016.07.22 13:43:29.274,1.10167,1.10169,1.50,1.12
2016.07.22 13:43:29.376,1.10166,1.10169,3.26,1.87
2016.07.22 13:43:29.428,1.10166,1.10169,2.51,2.62
2016.07.22 13:43:29.479,1.10166,1.10169,1.57,4.12
2016.07.22 13:43:29.530,1.10166,1.10169,1.00,4.87
2016.07.22 13:43:30.407,1.10166,1.10169,1.00,3.37
2016.07.22 13:43:30.509,1.10166,1.10169,1.00,4.87
2016.07.22 13:43:30.610,1.10166,1.10168,1.00,1.00
2016.07.22 13:43:30.915,1.10165,1.10168,10.05,1.00
2016.07.22 13:43:31.075,1.10165,1.10168,9.30,1.00
2016.07.22 13:43:31.276,1.10165,1.10168,9.49,1.00
2016.07.22 13:43:31.327,1.10165,1.10168,9.67,1.00
2016.07.22 13:43:31.378,1.10165,1.10168,9.86,1.00
2016.07.22 13:43:31.429,1.10165,1.10168,9.11,1.00
2016.07.22 13:43:31.828,1.10165,1.10168,8.92,1.00
2016.07.22 13:43:31.879,1.10165,1.10168,7.99,1.00
2016.07.22 13:43:31.930,1.10165,1.10168,8.17,1.00
2016.07.22 13:43:31.981,1.10165,1.10168,9.11,1.00
2016.07.22 13:43:32.032,1.10165,1.10168,8.92,1.00
2016.07.22 13:43:32.134,1.10165,1.10168,9.11,1.00
2016.07.22 13:43:32.266,1.10165,1.10168,7.80,1.00
2016.07.22 13:43:32.317,1.10165,1.10168,11.17,1.12
2016.07.22 13:43:32.368,1.10165,1.10168,10.20,1.12
2016.07.22 13:43:32.419,1.10165,1.10168,9.45,1.12
2016.07.22 13:43:32.521,1.10165,1.10168,10.39,1.12
2016.07.22 13:43:32.573,1.10165,1.10168,9.45,1.12
2016.07.22 13:43:32.679,1.10165,1.10168,10.39,1.12
2016.07.22 13:43:33.034,1.10165,1.10168,10.20,1.87
2016.07.22 13:43:33.238,1.10165,1.10168,10.39,1.87
2016.07.22 13:43:33.339,1.10165,1.10168,10.20,1.87
2016.07.22 13:43:33.503,1.10165,1.10168,9.82,1.87
2016.07.22 13:43:34.706,1.10165,1.10168,9.82,1.50
2016.07.22 13:43:34.757,1.10165,1.10168,10.42,1.00
2016.07.22 13:43:34.808,1.10166,1.10168,1.30,1.00
2016.07.22 13:43:34.859,1.10166,1.10168,2.47,1.00
2016.07.22 13:43:34.910,1.10167,1.10169,1.00,2.25
2016.07.22 13:43:34.961,1.10168,1.10169,1.00,1.87
2016.07.22 13:43:35.012,1.10167,1.10169,2.25,2.25
2016.07.22 13:43:35.063,1.10167,1.10169,1.87,3.00
2016.07.22 13:43:35.115,1.10167,1.10168,1.50,1.00
2016.07.22 13:43:35.167,1.10167,1.10168,1.87,1.00
2016.07.22 13:43:35.218,1.10167,1.10168,1.50,1.00
2016.07.22 13:43:35.464,1.10167,1.10168,1.12,1.00
2016.07.22 13:43:35.515,1.10166,1.10168,1.25,3.94
2016.07.22 13:43:35.567,1.10165,1.10167,3.75,1.12
2016.07.22 13:43:35.618,1.10165,1.10166,2.62,1.50
2016.07.22 13:43:35.669,1.10165,1.10166,2.62,1.12
2016.07.22 13:43:35.721,1.10164,1.10166,1.57,2.25
2016.07.22 13:43:35.772,1.10164,1.10166,1.57,2.62
2016.07.22 13:43:35.823,1.10164,1.10166,1.00,3.75
2016.07.22 13:43:35.874,1.10163,1.10166,2.62,4.12
2016.07.22 13:43:35.926,1.10163,1.10166,2.25,4.50
2016.07.22 13:43:36.029,1.10165,1.10167,1.00,1.20
2016.07.22 13:43:36.081,1.10166,1.10168,1.00,3.19
2016.07.22 13:43:36.132,1.10166,1.10168,1.50,2.70
2016.07.22 13:43:36.187,1.10166,1.10168,1.50,3.07
2016.07.22 13:43:36.238,1.10166,1.10168,1.00,4.57
2016.07.22 13:43:36.290,1.10166,1.10168,1.00,4.20
2016.07.22 13:43:36.341,1.10166,1.10167,1.00,1.00
2016.07.22 13:43:37.877,1.10165,1.10167,1.50,1.00
2016.07.22 13:43:37.928,1.10165,1.10167,1.00,1.00
2016.07.22 13:43:38.233,1.10165,1.10167,1.12,1.00
2016.07.22 13:43:39.622,1.10165,1.10167,1.87,1.00
2016.07.22 13:43:40.554,1.10165,1.10167,1.50,1.00
2016.07.22 13:43:40.910,1.10165,1.10167,1.00,1.00
2016.07.22 13:43:41.041,1.10165,1.10167,1.87,1.00
2016.07.22 13:43:41.448,1.10165,1.10167,1.12,1.00
2016.07.22 13:43:41.702,1.10165,1.10167,1.87,1.00
2016.07.22 13:43:41.753,1.10165,1.10167,2.62,1.00
2016.07.22 13:43:41.804,1.10165,1.10167,1.87,1.00
2016.07.22 13:43:42.151,1.10165,1.10167,1.12,1.00
2016.07.22 13:43:42.253,1.10165,1.10167,1.87,1.00
2016.07.22 13:43:42.304,1.10165,1.10167,3.00,1.00
2016.07.22 13:43:42.355,1.10165,1.10167,3.37,1.00
2016.07.22 13:43:42.559,1.10165,1.10167,3.00,1.00
2016.07.22 13:43:43.339,1.10165,1.10168,3.00,5.32
2016.07.22 13:43:43.545,1.10165,1.10168,3.37,4.20
2016.07.22 13:43:43.596,1.10165,1.10168,3.75,3.07
2016.07.22 13:43:43.647,1.10165,1.10168,6.00,3.07
2016.07.22 13:43:43.699,1.10165,1.10168,6.75,3.07
2016.07.22 13:43:43.750,1.10165,1.10168,5.25,3.07
2016.07.22 13:43:43.852,1.10165,1.10168,5.25,1.57
2016.07.22 13:43:43.904,1.10165,1.10168,6.00,1.10
2016.07.22 13:43:43.955,1.10165,1.10168,6.00,1.00
2016.07.22 13:43:44.006,1.10166,1.10168,2.81,1.00
2016.07.22 13:43:44.057,1.10167,1.10168,1.00,1.00
2016.07.22 13:43:44.109,1.10166,1.10168,3.19,1.00
2016.07.22 13:43:44.160,1.10167,1.10169,1.00,3.00
2016.07.22 13:43:44.211,1.10167,1.10169,3.00,1.50
2016.07.22 13:43:44.334,1.10169,1.1017,1.00,2.32
2016.07.22 13:43:44.387,1.10169,1.1017,1.00,1.50
2016.07.22 13:43:44.438,1.10169,1.1017,1.00,1.00
2016.07.22 13:43:45.441,1.10169,1.10171,1.00,3.82
2016.07.22 13:43:45.492,1.10169,1.10171,1.00,4.20
2016.07.22 13:43:45.543,1.10169,1.1017,1.00,1.00
2016.07.22 13:43:45.594,1.10168,1.10169,3.75,1.00
2016.07.22 13:43:45.645,1.10168,1.10169,3.00,1.00
2016.07.22 13:43:45.747,1.10168,1.10169,3.00,2.25
2016.07.22 13:43:46.052,1.10168,1.10169,3.00,3.00
2016.07.22 13:43:46.154,1.10168,1.10169,2.25,3.00
2016.07.22 13:43:46.360,1.10167,1.10168,3.75,1.00
2016.07.22 13:43:46.411,1.10168,1.10169,2.25,3.00
2016.07.22 13:43:46.463,1.10168,1.10169,3.00,1.00
2016.07.22 13:43:46.565,1.10169,1.1017,1.00,4.69
2016.07.22 13:43:46.616,1.10169,1.10171,1.87,3.26
2016.07.22 13:43:46.667,1.10169,1.10172,2.25,4.72
2016.07.22 13:43:46.719,1.10169,1.10172,1.37,6.97
2016.07.22 13:43:46.770,1.10168,1.10171,4.50,2.32
2016.07.22 13:43:46.821,1.10168,1.10171,3.75,3.07
2016.07.22 13:43:46.872,1.10168,1.10171,3.75,2.32
2016.07.22 13:43:46.974,1.10168,1.1017,3.75,1.00
2016.07.22 13:43:47.076,1.10168,1.10171,3.75,3.82
2016.07.22 13:43:47.568,1.10168,1.10171,3.75,4.57
2016.07.22 13:43:47.771,1.10168,1.10171,3.75,3.07
2016.07.22 13:43:47.873,1.10168,1.10171,3.75,4.57
2016.07.22 13:43:48.470,1.10168,1.10171,4.50,4.57
2016.07.22 13:43:48.573,1.10168,1.10171,4.50,3.82
2016.07.22 13:43:48.674,1.10168,1.10171,3.75,3.82
2016.07.22 13:43:48.877,1.10168,1.10171,3.75,4.57
2016.07.22 13:43:50.006,1.10168,1.10171,4.12,4.57
2016.07.22 13:43:50.057,1.10168,1.10171,4.12,3.07
2016.07.22 13:43:50.261,1.10168,1.10171,4.12,4.57
2016.07.22 13:43:50.671,1.10168,1.10171,4.12,3.82
2016.07.22 13:43:50.774,1.10168,1.10171,4.12,4.57
2016.07.22 13:43:50.977,1.10168,1.10171,4.12,3.07
2016.07.22 13:43:51.078,1.10168,1.10171,4.12,4.57
2016.07.22 13:43:51.462,1.10168,1.10171,4.12,3.07
2016.07.22 13:43:51.643,1.10168,1.10171,4.12,4.57
2016.07.22 13:43:51.897,1.10168,1.10171,3.75,4.95
2016.07.22 13:43:51.949,1.10169,1.10171,1.00,4.20
2016.07.22 13:43:52.254,1.10169,1.10171,1.00,3.45
2016.07.22 13:43:52.455,1.10169,1.10171,1.00,4.20
2016.07.22 13:43:52.557,1.10169,1.10171,1.00,3.45
2016.07.22 13:43:52.659,1.10169,1.10171,1.00,4.20
2016.07.22 13:43:52.862,1.10169,1.10171,1.00,3.45
2016.07.22 13:43:53.065,1.10169,1.10171,1.00,4.20
2016.07.22 13:43:53.486,1.10169,1.10171,1.00,3.82
2016.07.22 13:43:53.708,1.10169,1.10171,1.37,3.07
2016.07.22 13:43:53.860,1.10169,1.10171,1.37,2.32
2016.07.22 13:43:53.962,1.10169,1.1017,1.12,1.00
2016.07.22 13:43:54.013,1.10169,1.1017,1.12,1.50
2016.07.22 13:43:54.064,1.10168,1.1017,1.00,5.25
2016.07.22 13:43:54.115,1.10168,1.1017,1.12,6.37
2016.07.22 13:43:54.166,1.10168,1.1017,1.50,6.60
2016.07.22 13:43:54.217,1.10168,1.10169,1.12,1.00
2016.07.22 13:43:54.268,1.10168,1.10169,1.00,1.50
2016.07.22 13:43:54.372,1.10167,1.10169,1.12,3.00
2016.07.22 13:43:54.524,1.10167,1.10169,1.12,2.25
2016.07.22 13:43:54.575,1.10167,1.10169,1.12,1.50
2016.07.22 13:43:54.674,1.10167,1.10169,1.12,2.06
2016.07.22 13:43:54.777,1.10167,1.10169,1.12,2.81
2016.07.22 13:43:54.828,1.10167,1.10169,1.12,3.19
2016.07.22 13:43:54.880,1.10167,1.10169,1.12,3.56
2016.07.22 13:43:54.932,1.10167,1.10169,1.12,2.81
2016.07.22 13:43:54.982,1.10167,1.10169,1.12,2.62
2016.07.22 13:43:55.034,1.10167,1.10169,1.12,3.00
2016.07.22 13:43:55.288,1.10167,1.10169,1.12,2.62
2016.07.22 13:43:55.339,1.10167,1.10169,1.12,2.25
2016.07.22 13:43:55.492,1.10167,1.10169,1.12,3.00
2016.07.22 13:43:55.646,1.10167,1.10169,1.12,3.75
2016.07.22 13:43:55.697,1.10167,1.10169,1.12,3.37
2016.07.22 13:43:55.747,1.10167,1.10169,1.12,3.00
2016.07.22 13:43:55.798,1.10167,1.10169,1.12,3.37
2016.07.22 13:43:55.849,1.10167,1.10169,1.12,3.00
2016.07.22 13:43:55.948,1.10167,1.10169,1.12,1.87
2016.07.22 13:43:55.999,1.10167,1.10169,1.12,2.25
2016.07.22 13:43:56.050,1.10167,1.10169,1.12,3.37
2016.07.22 13:43:56.101,1.10166,1.10169,2.44,3.00
2016.07.22 13:43:56.152,1.10166,1.10169,2.81,2.62
2016.07.22 13:43:56.203,1.10166,1.10169,2.81,3.37
2016.07.22 13:43:56.305,1.10166,1.10169,2.44,3.37
2016.07.22 13:43:56.357,1.10166,1.10169,5.51,3.75
2016.07.22 13:43:56.409,1.10167,1.10169,2.85,1.87
2016.07.22 13:43:56.460,1.10169,1.1017,1.87,1.10
2016.07.22 13:43:56.512,1.10169,1.10171,2.25,1.47
2016.07.22 13:43:56.563,1.10169,1.10172,2.25,3.97
2016.07.22 13:43:56.615,1.10169,1.10172,2.25,3.67
2016.07.22 13:43:56.739,1.10169,1.10172,1.87,3.67
2016.07.22 13:43:56.791,1.10169,1.10172,1.87,2.92
2016.07.22 13:43:56.892,1.10169,1.10172,1.87,4.42
2016.07.22 13:43:56.995,1.10169,1.10172,1.87,4.80
2016.07.22 13:43:57.148,1.10169,1.10172,1.87,5.55
2016.07.22 13:43:57.461,1.10169,1.10172,1.37,5.55
2016.07.22 13:43:57.614,1.10169,1.10172,1.50,5.55
2016.07.22 13:43:57.846,1.10169,1.10172,1.50,4.05
2016.07.22 13:43:57.897,1.10169,1.10172,1.37,5.55
2016.07.22 13:43:58.100,1.10169,1.10172,1.50,5.55
2016.07.22 13:43:58.258,1.10169,1.10172,1.50,4.05
2016.07.22 13:43:58.359,1.10169,1.10172,1.50,5.55
2016.07.22 13:43:58.410,1.10169,1.10172,1.50,5.17
2016.07.22 13:43:58.462,1.10169,1.10172,1.50,4.57
2016.07.22 13:43:58.513,1.10169,1.10172,1.37,4.57
2016.07.22 13:43:58.563,1.10169,1.10171,1.37,1.00
2016.07.22 13:43:58.900,1.10169,1.10171,1.37,1.50
2016.07.22 13:43:59.002,1.10169,1.10171,1.37,1.87
2016.07.22 13:43:59.104,1.10169,1.10171,1.37,1.50
2016.07.22 13:43:59.714,1.10169,1.10171,1.37,1.00
2016.07.22 13:43:59.816,1.10169,1.10171,1.50,1.00
2016.07.22 13:44:00.043,1.10169,1.10171,1.37,1.00
2016.07.22 13:44:00.450,1.10169,1.10171,1.87,1.00
2016.07.22 13:44:00.501,1.10169,1.10172,1.87,5.32
2016.07.22 13:44:00.552,1.10169,1.10172,2.25,5.32
2016.07.22 13:44:00.705,1.10169,1.10172,2.25,6.07
2016.07.22 13:44:00.756,1.10169,1.10172,2.25,4.57
2016.07.22 13:44:00.808,1.10169,1.10172,2.25,4.95
2016.07.22 13:44:00.891,1.10169,1.10172,2.25,4.57
2016.07.22 13:44:00.994,1.10169,1.10172,2.25,3.82
2016.07.22 13:44:01.045,1.1017,1.10172,1.00,3.82
2016.07.22 13:44:01.096,1.1017,1.10172,1.00,4.57
2016.07.22 13:44:01.147,1.10169,1.10172,3.00,4.57
2016.07.22 13:44:01.199,1.10169,1.10171,2.25,1.00
2016.07.22 13:44:01.505,1.10169,1.10171,2.62,1.00
2016.07.22 13:44:01.556,1.1017,1.10171,1.00,1.00
2016.07.22 13:44:01.715,1.10169,1.10171,2.25,1.00
2016.07.22 13:44:01.766,1.10169,1.10172,2.25,3.82
2016.07.22 13:44:01.868,1.10169,1.10172,2.25,3.07
2016.07.22 13:44:01.970,1.10169,1.10172,2.25,3.45
2016.07.22 13:44:02.124,1.10169,1.10172,2.25,3.07
2016.07.22 13:44:02.226,1.10169,1.10172,2.25,4.05
2016.07.22 13:44:02.277,1.1017,1.10171,1.00,2.06
2016.07.22 13:44:02.328,1.1017,1.10171,1.00,2.44
2016.07.22 13:44:02.379,1.1017,1.10171,1.00,3.56
2016.07.22 13:44:02.501,1.10168,1.1017,1.87,1.00
2016.07.22 13:44:02.552,1.10168,1.1017,1.87,2.50
2016.07.22 13:44:02.603,1.10168,1.1017,2.62,2.50
2016.07.22 13:44:02.705,1.10168,1.1017,3.00,2.50
2016.07.22 13:44:02.756,1.10168,1.1017,1.87,1.00
2016.07.22 13:44:02.807,1.10168,1.10169,1.65,1.00
2016.07.22 13:44:02.909,1.10168,1.10169,1.27,1.00
2016.07.22 13:44:03.013,1.10168,1.1017,1.27,3.75
2016.07.22 13:44:03.064,1.10168,1.1017,1.27,1.00
2016.07.22 13:44:03.116,1.10168,1.10171,1.65,5.89
2016.07.22 13:44:03.167,1.10168,1.10171,1.65,6.64
2016.07.22 13:44:03.269,1.10168,1.10171,1.65,5.89
2016.07.22 13:44:03.456,1.10168,1.10171,1.27,5.89
2016.07.22 13:44:03.507,1.10168,1.10171,1.65,5.89
2016.07.22 13:44:03.558,1.10168,1.10171,2.02,4.01
2016.07.22 13:44:03.610,1.10168,1.10171,2.25,1.01
2016.07.22 13:44:03.661,1.10169,1.10172,2.40,6.56
2016.07.22 13:44:03.713,1.10169,1.10172,2.62,3.37
2016.07.22 13:44:03.764,1.10169,1.10172,2.62,3.45
2016.07.22 13:44:03.866,1.10169,1.10172,2.62,3.07
2016.07.22 13:44:03.917,1.10169,1.10172,1.87,3.07
2016.07.22 13:44:03.968,1.10169,1.10172,2.62,3.07
2016.07.22 13:44:04.020,1.10169,1.10172,2.62,3.45
2016.07.22 13:44:04.072,1.1017,1.10172,1.12,1.20
2016.07.22 13:44:04.124,1.10171,1.10173,1.12,1.87
2016.07.22 13:44:04.216,1.10172,1.10173,1.35,1.87
2016.07.22 13:44:04.271,1.10175,1.10176,1.12,2.92
2016.07.22 13:44:04.324,1.10174,1.10175,6.00,1.12
2016.07.22 13:44:04.375,1.10175,1.10177,1.50,1.57
2016.07.22 13:44:04.427,1.10175,1.10177,1.50,1.50
2016.07.22 13:44:04.580,1.10175,1.10177,1.50,1.00
2016.07.22 13:44:04.886,1.10175,1.10178,3.00,1.57
2016.07.22 13:44:05.005,1.10175,1.10177,1.50,1.00
2016.07.22 13:44:05.411,1.10175,1.10177,1.50,1.12
2016.07.22 13:44:05.615,1.10175,1.10177,1.50,1.00
2016.07.22 13:44:06.457,1.10174,1.10177,8.18,1.00
2016.07.22 13:44:07.119,1.10174,1.10177,7.42,1.00
2016.07.22 13:44:07.254,1.10174,1.10178,7.43,3.37
2016.07.22 13:44:07.306,1.10174,1.10177,8.18,1.00
2016.07.22 13:44:07.474,1.10175,1.10178,3.75,3.37
2016.07.22 13:44:07.527,1.10175,1.10177,3.75,1.00
2016.07.22 13:44:08.142,1.10174,1.10177,6.08,1.00
2016.07.22 13:44:08.312,1.10174,1.10177,3.83,1.00
2016.07.22 13:44:08.363,1.10174,1.10177,3.08,1.12
2016.07.22 13:44:08.414,1.10174,1.10177,2.70,1.50
2016.07.22 13:44:08.465,1.10174,1.10177,2.62,1.50
2016.07.22 13:44:08.517,1.10174,1.10177,1.12,1.00
2016.07.22 13:44:08.619,1.10174,1.10177,2.62,1.50
2016.07.22 13:44:08.671,1.10174,1.10177,3.00,1.50
2016.07.22 13:44:08.722,1.10175,1.10177,1.00,1.87
2016.07.22 13:44:08.825,1.10175,1.10177,2.50,1.87
2016.07.22 13:44:08.877,1.10175,1.10177,1.00,1.87
2016.07.22 13:44:08.928,1.10175,1.10177,1.00,1.50
2016.07.22 13:44:08.980,1.10174,1.10177,1.87,1.50
2016.07.22 13:44:09.031,1.10174,1.10177,2.25,1.12
2016.07.22 13:44:09.377,1.10174,1.10177,2.62,1.12
2016.07.22 13:44:09.428,1.10174,1.10177,2.62,1.00
2016.07.22 13:44:09.530,1.10174,1.10178,3.37,3.37
2016.07.22 13:44:09.582,1.10174,1.10178,3.00,2.70
2016.07.22 13:44:09.634,1.10174,1.10178,2.25,3.07
2016.07.22 13:44:09.736,1.10174,1.10178,2.25,3.45
2016.07.22 13:44:09.787,1.10174,1.10178,1.50,3.45
2016.07.22 13:44:09.889,1.10174,1.10178,2.25,4.20
2016.07.22 13:44:09.992,1.10174,1.10178,1.50,3.45
2016.07.22 13:44:10.043,1.10174,1.10178,2.10,3.45
2016.07.22 13:44:10.094,1.10174,1.10178,2.85,4.20
2016.07.22 13:44:10.192,1.10174,1.10177,1.35,1.00
2016.07.22 13:44:10.243,1.10174,1.10177,2.10,1.12
2016.07.22 13:44:10.345,1.10174,1.10177,2.10,1.00
2016.07.22 13:44:10.859,1.10174,1.10177,2.47,1.00
2016.07.22 13:44:10.911,1.10174,1.10177,3.97,1.00
2016.07.22 13:44:10.962,1.10174,1.10177,3.60,1.00
2016.07.22 13:44:11.165,1.10174,1.10177,3.22,1.00
2016.07.22 13:44:11.394,1.10174,1.10177,3.97,1.00
2016.07.22 13:44:12.773,1.10174,1.10177,4.35,1.00
2016.07.22 13:44:15.012,1.10174,1.10177,3.97,1.00
2016.07.22 13:44:15.114,1.10174,1.10177,4.72,1.00
2016.07.22 13:44:15.683,1.10174,1.10177,3.97,1.00
2016.07.22 13:44:17.721,1.10174,1.10177,3.97,1.12
2016.07.22 13:44:17.935,1.10174,1.10177,5.10,1.00
2016.07.22 13:44:18.148,1.10174,1.10177,5.10,1.00
2016.07.22 13:44:19.011,1.10174,1.10177,4.72,1.00
2016.07.22 13:44:19.062,1.10174,1.10177,3.97,1.00
2016.07.22 13:44:19.235,1.10174,1.10177,3.97,1.12
2016.07.22 13:44:20.098,1.10174,1.10178,4.72,5.32
2016.07.22 13:44:20.199,1.10174,1.10178,5.10,5.32
2016.07.22 13:44:20.250,1.10174,1.10178,5.85,4.20
2016.07.22 13:44:20.640,1.10174,1.10177,5.85,1.00
2016.07.22 13:44:20.742,1.10174,1.10177,5.47,1.00
2016.07.22 13:44:20.844,1.10174,1.10178,4.72,5.32
2016.07.22 13:44:20.945,1.10174,1.10177,5.47,1.12
2016.07.22 13:44:21.250,1.10174,1.10178,4.72,5.32
2016.07.22 13:44:21.352,1.10174,1.10177,5.47,1.12
2016.07.22 13:44:22.719,1.10174,1.10177,3.37,1.12
2016.07.22 13:44:22.770,1.10174,1.10178,3.37,4.20
2016.07.22 13:44:22.822,1.10174,1.10178,3.97,3.82
2016.07.22 13:44:22.925,1.10174,1.10178,3.97,4.57
2016.07.22 13:44:23.078,1.10174,1.10178,3.97,4.95
2016.07.22 13:44:23.884,1.10174,1.10178,4.72,4.95
2016.07.22 13:44:24.088,1.10174,1.10178,3.97,4.57
2016.07.22 13:44:24.190,1.10174,1.10178,5.10,4.95
2016.07.22 13:44:24.241,1.10174,1.10178,5.85,4.20
2016.07.22 13:44:24.292,1.10174,1.10178,5.47,4.20
2016.07.22 13:44:24.343,1.10174,1.10178,6.22,4.20
2016.07.22 13:44:24.395,1.10174,1.10178,7.72,4.20
2016.07.22 13:44:24.446,1.10174,1.10178,6.97,4.20
2016.07.22 13:44:24.497,1.10174,1.10178,6.97,4.57
2016.07.22 13:44:25.396,1.10175,1.10178,1.00,4.57
2016.07.22 13:44:25.962,1.10175,1.10178,1.00,5.32
2016.07.22 13:44:26.013,1.10175,1.10178,1.00,4.95
2016.07.22 13:44:28.074,1.10175,1.10178,1.00,3.45
2016.07.22 13:44:28.177,1.10175,1.10178,1.00,4.95
2016.07.22 13:44:28.316,1.10175,1.10178,1.00,5.32
2016.07.22 13:44:29.585,1.10175,1.10178,1.00,3.82
2016.07.22 13:44:29.712,1.10175,1.10178,1.00,5.32
2016.07.22 13:44:30.117,1.10174,1.10178,4.87,4.95
2016.07.22 13:44:30.169,1.10174,1.10176,3.75,1.00
2016.07.22 13:44:30.220,1.10174,1.10176,3.00,1.00
2016.07.22 13:44:30.271,1.10174,1.10178,3.97,4.12
2016.07.22 13:44:30.373,1.10174,1.10178,4.72,3.37
2016.07.22 13:44:30.424,1.10174,1.10178,4.72,4.12
2016.07.22 13:44:30.524,1.10174,1.10178,4.72,4.50
2016.07.22 13:44:30.576,1.10174,1.10178,3.97,4.50
2016.07.22 13:44:30.884,1.10174,1.10178,3.97,3.75
2016.07.22 13:44:30.935,1.10174,1.10178,4.35,3.37
2016.07.22 13:44:30.986,1.10174,1.10178,5.10,3.37
2016.07.22 13:44:31.037,1.10174,1.10178,5.10,3.07
2016.07.22 13:44:31.089,1.10174,1.10178,5.10,3.45
2016.07.22 13:44:31.223,1.10174,1.10178,5.10,1.57
2016.07.22 13:44:31.274,1.10175,1.10178,1.00,2.32
2016.07.22 13:44:31.326,1.10175,1.10178,1.87,2.32
2016.07.22 13:44:31.377,1.10176,1.10178,1.12,1.10
2016.07.22 13:44:31.429,1.10176,1.10178,1.87,1.10
2016.07.22 13:44:31.480,1.10176,1.10178,3.00,1.00
2016.07.22 13:44:31.829,1.10176,1.10179,3.37,1.57
2016.07.22 13:44:31.881,1.10176,1.10179,3.75,1.57
2016.07.22 13:44:32.035,1.10176,1.10178,3.75,1.00
2016.07.22 13:44:32.086,1.10176,1.10178,3.00,1.00
2016.07.22 13:44:32.241,1.10176,1.10178,2.25,1.00
2016.07.22 13:44:32.293,1.10176,1.10178,1.50,1.00
2016.07.22 13:44:32.885,1.10176,1.10178,1.00,1.00
2016.07.22 13:44:33.241,1.10176,1.10178,1.00,1.00
2016.07.22 13:44:34.081,1.10176,1.10178,1.00,1.00
2016.07.22 13:44:34.619,1.10175,1.10178,3.75,2.25
2016.07.22 13:44:34.670,1.10175,1.10178,1.50,2.62
2016.07.22 13:44:34.721,1.10175,1.10178,1.50,1.87
2016.07.22 13:44:34.772,1.10175,1.10178,3.00,1.50
2016.07.22 13:44:34.823,1.10175,1.10178,3.00,3.00
2016.07.22 13:44:34.874,1.10175,1.10177,1.00,1.00
2016.07.22 13:44:34.953,1.10174,1.10177,4.05,1.00
2016.07.22 13:44:35.005,1.10174,1.10177,3.97,1.50
2016.07.22 13:44:35.158,1.10174,1.10177,3.22,1.00
2016.07.22 13:44:35.268,1.10174,1.10177,3.97,1.50
2016.07.22 13:44:35.421,1.10174,1.10177,3.97,1.00
2016.07.22 13:44:35.472,1.10174,1.10177,4.72,1.00
2016.07.22 13:44:35.640,1.10174,1.10177,4.72,1.12
2016.07.22 13:44:35.793,1.10174,1.10177,5.10,1.00
2016.07.22 13:44:35.894,1.10174,1.10177,3.97,1.12
2016.07.22 13:44:35.996,1.10174,1.10177,5.10,1.00
2016.07.22 13:44:36.300,1.10174,1.10177,4.35,1.00
2016.07.22 13:44:36.351,1.10174,1.10177,3.97,1.00
2016.07.22 13:44:36.402,1.10174,1.10177,2.47,1.00
2016.07.22 13:44:36.504,1.10174,1.10177,3.22,1.50
2016.07.22 13:44:37.289,1.10174,1.10177,2.47,1.50
2016.07.22 13:44:37.586,1.10174,1.10177,3.22,1.50
2016.07.22 13:44:38.501,1.10174,1.10177,2.47,1.50
2016.07.22 13:44:38.944,1.10174,1.10177,3.22,1.50
2016.07.22 13:44:38.996,1.10174,1.10177,2.85,1.00
2016.07.22 13:44:39.098,1.10174,1.10177,4.35,1.50
2016.07.22 13:44:39.149,1.10174,1.10177,4.35,2.25
2016.07.22 13:44:39.200,1.10174,1.10177,3.60,2.25
2016.07.22 13:44:39.303,1.10174,1.10177,2.85,2.25
2016.07.22 13:44:39.633,1.10174,1.10177,2.85,1.50
2016.07.22 13:44:39.737,1.10174,1.10177,3.60,1.50
2016.07.22 13:44:39.919,1.10174,1.10177,2.85,1.00
2016.07.22 13:44:39.970,1.10174,1.10177,3.60,1.50
2016.07.22 13:44:40.388,1.10174,1.10177,3.60,1.00
2016.07.22 13:44:40.490,1.10174,1.10177,2.85,1.50
2016.07.22 13:44:40.541,1.10174,1.10177,2.85,2.25
2016.07.22 13:44:40.592,1.10174,1.10177,2.10,2.62
2016.07.22 13:44:40.643,1.10174,1.10177,1.35,2.62
2016.07.22 13:44:40.984,1.10174,1.10177,2.10,2.62
2016.07.22 13:44:41.189,1.10174,1.10177,2.47,2.25
2016.07.22 13:44:41.292,1.10174,1.10177,1.35,2.62
2016.07.22 13:44:41.649,1.10174,1.10177,1.35,1.87
2016.07.22 13:44:41.751,1.10174,1.10177,1.35,2.62
2016.07.22 13:44:41.902,1.10173,1.10177,8.92,2.62
2016.07.22 13:44:42.004,1.10174,1.10177,1.35,2.62
2016.07.22 13:44:42.106,1.10174,1.10177,2.10,2.62
2016.07.22 13:44:42.412,1.10174,1.10177,5.10,1.50
2016.07.22 13:44:42.463,1.10174,1.10177,5.10,1.00
2016.07.22 13:44:42.515,1.10174,1.10177,3.00,1.12
2016.07.22 13:44:42.617,1.10174,1.10177,3.37,1.00
2016.07.22 13:44:42.668,1.10174,1.10177,3.37,1.50
2016.07.22 13:44:42.719,1.10174,1.10177,1.87,1.50
2016.07.22 13:44:42.892,1.10174,1.10177,2.47,1.00
2016.07.22 13:44:43.401,1.10174,1.10177,2.10,1.00
2016.07.22 13:44:43.605,1.10174,1.10177,3.60,1.00
2016.07.22 13:44:43.880,1.10174,1.10177,2.85,1.00
2016.07.22 13:44:43.982,1.10174,1.10177,3.60,1.00
2016.07.22 13:44:44.395,1.10174,1.10177,2.85,1.00
2016.07.22 13:44:44.497,1.10174,1.10177,3.60,1.00
2016.07.22 13:44:45.805,1.10174,1.10177,2.85,1.00
2016.07.22 13:44:46.319,1.10174,1.10177,2.10,1.00
2016.07.22 13:44:46.421,1.10174,1.10177,2.85,1.00
2016.07.22 13:44:48.618,1.10174,1.10177,4.35,1.00
2016.07.22 13:44:48.669,1.10174,1.10177,5.10,1.00
2016.07.22 13:44:48.720,1.10175,1.10178,1.50,1.19
2016.07.22 13:44:48.822,1.10175,1.10178,1.50,1.09
2016.07.22 13:44:49.025,1.10175,1.10178,3.00,1.09
2016.07.22 13:44:49.321,1.10175,1.10178,2.25,1.09
2016.07.22 13:44:49.423,1.10175,1.10178,3.00,1.09
2016.07.22 13:44:49.729,1.10175,1.10178,3.00,1.00
2016.07.22 13:44:49.832,1.10175,1.10178,1.50,1.12
2016.07.22 13:44:49.935,1.10175,1.10178,1.12,1.00
2016.07.22 13:44:49.986,1.10175,1.10178,1.87,1.00
2016.07.22 13:44:50.210,1.10175,1.10179,4.12,1.50
2016.07.22 13:44:50.265,1.10176,1.10179,3.22,1.00
2016.07.22 13:44:50.317,1.10177,1.10179,2.10,1.00
2016.07.22 13:44:50.421,1.10177,1.10179,2.85,1.00
2016.07.22 13:44:50.473,1.10177,1.10179,3.60,1.00
2016.07.22 13:44:50.524,1.10177,1.10179,3.97,1.00
2016.07.22 13:44:50.627,1.10177,1.10179,3.60,1.00
2016.07.22 13:44:50.678,1.10177,1.10179,2.85,1.00
2016.07.22 13:44:50.729,1.10177,1.10179,3.22,1.00
2016.07.22 13:44:50.780,1.10177,1.10179,3.97,1.00
2016.07.22 13:44:50.832,1.10177,1.10181,3.97,2.62
2016.07.22 13:44:50.883,1.1018,1.10182,2.10,5.32
2016.07.22 13:44:50.977,1.1018,1.10182,2.85,4.95
2016.07.22 13:44:51.029,1.10179,1.10184,3.97,2.62
2016.07.22 13:44:51.081,1.10179,1.10184,4.35,1.87
2016.07.22 13:44:51.132,1.10179,1.10183,3.00,1.00
2016.07.22 13:44:51.183,1.1018,1.10183,2.10,1.00
2016.07.22 13:44:51.641,1.1018,1.10184,4.35,1.00
2016.07.22 13:44:51.973,1.1018,1.10184,5.10,1.00
2016.07.22 13:44:52.075,1.1018,1.10184,4.35,1.00
2016.07.22 13:44:52.278,1.1018,1.10184,5.10,1.00
2016.07.22 13:44:52.380,1.1018,1.10184,4.35,1.00
2016.07.22 13:44:52.583,1.1018,1.10184,5.10,1.00
2016.07.22 13:44:52.853,1.1018,1.10184,4.35,1.00
2016.07.22 13:44:52.955,1.1018,1.10184,5.10,1.00
2016.07.22 13:44:53.057,1.1018,1.10184,4.35,1.00
2016.07.22 13:44:53.925,1.1018,1.10184,3.60,1.00
2016.07.22 13:44:54.027,1.1018,1.10184,4.35,1.00
2016.07.22 13:44:54.078,1.1018,1.10184,3.60,1.00
2016.07.22 13:44:54.129,1.1018,1.10184,3.60,1.00
2016.07.22 13:44:54.180,1.1018,1.10184,4.35,1.00
2016.07.22 13:44:54.477,1.1018,1.10184,5.10,1.00
2016.07.22 13:44:54.579,1.1018,1.10184,4.35,1.00
2016.07.22 13:44:54.742,1.1018,1.10184,5.10,1.00
2016.07.22 13:44:54.844,1.1018,1.10184,4.35,1.00
2016.07.22 13:44:55.114,1.10181,1.10184,2.10,1.00
2016.07.22 13:44:55.216,1.10181,1.10186,2.85,1.20
2016.07.22 13:44:55.422,1.10181,1.10186,2.10,1.20
2016.07.22 13:44:55.578,1.1018,1.10186,3.00,2.55
2016.07.22 13:44:55.630,1.1018,1.10186,2.25,2.55
2016.07.22 13:44:55.681,1.1018,1.10185,1.00,1.35
2016.07.22 13:44:55.771,1.1018,1.10184,1.00,1.00
2016.07.22 13:44:55.825,1.10178,1.10184,2.92,1.00
2016.07.22 13:44:55.878,1.10178,1.10184,2.10,1.00
2016.07.22 13:44:56.032,1.10177,1.10184,6.07,1.37
2016.07.22 13:44:56.084,1.10177,1.10183,3.07,1.72
2016.07.22 13:44:56.135,1.10177,1.10182,1.57,1.30
2016.07.22 13:44:56.187,1.10177,1.10182,1.57,1.12
2016.07.22 13:44:56.238,1.10177,1.10182,1.00,1.37
2016.07.22 13:44:56.289,1.10176,1.10182,4.80,1.87
2016.07.22 13:44:56.340,1.10176,1.10182,4.80,2.25
2016.07.22 13:44:56.391,1.10176,1.10182,4.80,3.00
2016.07.22 13:44:56.443,1.10176,1.10182,2.92,3.37
2016.07.22 13:44:56.576,1.10176,1.10181,2.92,2.25
2016.07.22 13:44:56.627,1.10175,1.10181,6.41,2.25
2016.07.22 13:44:56.678,1.10175,1.10181,5.36,1.50
2016.07.22 13:44:56.729,1.10176,1.10181,2.85,1.50
2016.07.22 13:44:56.781,1.10176,1.10181,2.85,3.00
2016.07.22 13:44:56.883,1.10176,1.10181,2.85,2.25
2016.07.22 13:44:56.985,1.10176,1.10181,2.10,1.50
2016.07.22 13:44:57.188,1.10176,1.10181,2.85,2.25
2016.07.22 13:44:57.370,1.10176,1.10181,2.10,1.50
2016.07.22 13:44:57.421,1.10176,1.10181,3.22,1.50
2016.07.22 13:44:57.473,1.10176,1.10181,3.97,1.50
2016.07.22 13:44:57.524,1.10176,1.10181,2.85,1.12
2016.07.22 13:44:57.575,1.10177,1.10181,1.00,1.12
2016.07.22 13:44:57.677,1.10177,1.10182,1.00,1.50
2016.07.22 13:44:57.779,1.10176,1.10182,3.60,1.50
2016.07.22 13:44:57.938,1.10176,1.10182,3.60,1.75
2016.07.22 13:44:58.142,1.10176,1.10182,3.60,1.75
2016.07.22 13:44:58.194,1.10176,1.10181,2.85,1.50
2016.07.22 13:44:59.398,1.10176,1.10181,3.60,1.50
2016.07.22 13:44:59.449,1.10176,1.10181,3.60,1.12
2016.07.22 13:44:59.500,1.10176,1.10181,2.85,1.12
2016.07.22 13:45:00.289,1.10176,1.1018,2.10,1.00
2016.07.22 13:45:00.493,1.10176,1.10181,2.85,1.12
2016.07.22 13:45:00.595,1.10176,1.10181,3.60,1.12
2016.07.22 13:45:00.697,1.10176,1.10181,2.10,1.37
2016.07.22 13:45:00.748,1.10178,1.10181,1.00,1.50
2016.07.22 13:45:00.799,1.10178,1.1018,1.00,1.12
2016.07.22 13:45:00.850,1.10177,1.1018,1.00,1.12
2016.07.22 13:45:00.902,1.10177,1.10181,1.00,1.50
2016.07.22 13:45:01.044,1.10177,1.10181,1.50,1.50
2016.07.22 13:45:01.148,1.10177,1.10181,1.00,1.37
2016.07.22 13:45:01.199,1.10177,1.10182,1.50,2.10
2016.07.22 13:45:01.301,1.10177,1.10183,2.25,2.92
2016.07.22 13:45:01.353,1.10178,1.10183,1.00,2.92
2016.07.22 13:45:01.405,1.10178,1.10183,1.00,2.17
2016.07.22 13:45:01.457,1.10178,1.10182,1.00,1.00
2016.07.22 13:45:01.508,1.10178,1.10183,1.00,2.17
2016.07.22 13:45:01.726,1.10177,1.10183,3.00,2.17
2016.07.22 13:45:01.778,1.10178,1.10183,1.00,2.17
2016.07.22 13:45:01.829,1.10178,1.10183,1.50,1.80
2016.07.22 13:45:01.983,1.10178,1.10182,1.50,1.00
2016.07.22 13:45:02.188,1.10178,1.10182,1.00,1.00
2016.07.22 13:45:02.239,1.10178,1.10181,1.00,3.41
2016.07.22 13:45:02.291,1.10175,1.10178,3.75,1.00
2016.07.22 13:45:02.408,1.10176,1.10179,1.50,1.10
2016.07.22 13:45:02.460,1.10176,1.10178,1.50,1.00
2016.07.22 13:45:02.562,1.10176,1.1018,1.00,1.05
2016.07.22 13:45:02.614,1.10174,1.1018,4.35,1.50
2016.07.22 13:45:02.665,1.10175,1.1018,2.85,1.87
2016.07.22 13:45:02.717,1.10175,1.1018,4.35,1.57
2016.07.22 13:45:02.768,1.10176,1.1018,1.35,1.57
2016.07.22 13:45:02.820,1.10176,1.1018,1.50,1.20
2016.07.22 13:45:02.872,1.10176,1.1018,1.50,1.10
2016.07.22 13:45:02.924,1.10176,1.1018,1.00,1.10
2016.07.22 13:45:02.975,1.10175,1.1018,2.25,1.10
2016.07.22 13:45:03.158,1.10176,1.10178,1.50,1.00
2016.07.22 13:45:03.209,1.10176,1.10177,1.00,1.00
2016.07.22 13:45:03.261,1.10172,1.10174,3.82,1.00
2016.07.22 13:45:03.312,1.10172,1.10173,1.95,1.12
2016.07.22 13:45:03.363,1.1017,1.10174,1.37,10.69
2016.07.22 13:45:03.416,1.10169,1.10172,2.85,1.00
2016.07.22 13:45:03.467,1.1017,1.10172,1.60,1.00
2016.07.22 13:45:03.569,1.10169,1.10173,1.00,1.50
2016.07.22 13:45:03.620,1.10168,1.10171,2.70,1.12
2016.07.22 13:45:03.755,1.10169,1.10172,2.10,2.25
2016.07.22 13:45:03.808,1.10169,1.10173,1.30,1.50
2016.07.22 13:45:03.911,1.10169,1.10173,1.72,1.00
2016.07.22 13:45:03.963,1.1017,1.10173,1.12,1.00
2016.07.22 13:45:04.014,1.10171,1.10173,1.12,1.00
2016.07.22 13:45:04.067,1.10171,1.10175,1.12,4.12
2016.07.22 13:45:04.118,1.10172,1.10174,1.12,1.00
2016.07.22 13:45:04.221,1.10173,1.10174,2.10,1.00
2016.07.22 13:45:04.273,1.10171,1.10173,3.22,1.37
2016.07.22 13:45:04.324,1.10172,1.10174,2.47,1.50
2016.07.22 13:45:04.766,1.10172,1.10173,1.30,1.50
2016.07.22 13:45:04.869,1.10171,1.10173,1.72,1.50
2016.07.22 13:45:04.920,1.1017,1.10173,8.10,1.50
2016.07.22 13:45:04.972,1.1017,1.10173,8.85,1.50
2016.07.22 13:45:05.023,1.10172,1.10173,1.12,1.50
2016.07.22 13:45:05.075,1.10172,1.10175,1.12,1.50
2016.07.22 13:45:05.126,1.10172,1.10175,2.47,1.12
2016.07.22 13:45:05.301,1.10171,1.10175,5.10,1.00
2016.07.22 13:45:05.510,1.10171,1.10176,4.35,3.37
2016.07.22 13:45:05.561,1.10171,1.10175,4.35,2.25
2016.07.22 13:45:05.613,1.10171,1.10175,3.75,3.00
2016.07.22 13:45:05.664,1.10171,1.10175,3.37,4.12
2016.07.22 13:45:05.716,1.1017,1.10175,2.47,4.87
2016.07.22 13:45:05.767,1.1017,1.10174,2.47,1.12
2016.07.22 13:45:05.818,1.1017,1.10174,2.10,1.50
2016.07.22 13:45:05.971,1.1017,1.10175,1.72,5.25
2016.07.22 13:45:06.081,1.1017,1.10174,2.62,1.50
2016.07.22 13:45:06.133,1.1017,1.10174,3.97,1.50
2016.07.22 13:45:06.184,1.1017,1.10174,3.97,2.25
2016.07.22 13:45:06.235,1.1017,1.10174,2.47,3.00
2016.07.22 13:45:06.287,1.1017,1.10174,1.12,3.75
2016.07.22 13:45:06.338,1.10169,1.10174,5.85,3.75
2016.07.22 13:45:06.390,1.10169,1.10174,6.60,3.75
2016.07.22 13:45:06.442,1.1017,1.10174,1.72,3.75
2016.07.22 13:45:06.493,1.1017,1.10173,1.72,1.87
2016.07.22 13:45:06.544,1.1017,1.10173,1.30,1.87
2016.07.22 13:45:06.596,1.1017,1.10174,1.30,4.50
2016.07.22 13:45:07.038,1.1017,1.10174,1.30,5.62
2016.07.22 13:45:07.140,1.10169,1.10174,8.85,6.37
2016.07.22 13:45:07.192,1.10169,1.10174,10.35,6.37
2016.07.22 13:45:07.243,1.10169,1.10173,8.85,1.00
2016.07.22 13:45:07.294,1.10169,1.10173,7.72,1.00
2016.07.22 13:45:07.345,1.10169,1.10173,8.47,1.00
2016.07.22 13:45:07.396,1.10169,1.10173,8.47,2.25
2016.07.22 13:45:07.447,1.1017,1.10173,1.30,1.87
2016.07.22 13:45:07.704,1.10169,1.10171,3.75,1.00
2016.07.22 13:45:07.755,1.10169,1.1017,3.75,1.12
2016.07.22 13:45:07.807,1.10168,1.1017,1.12,2.02
2016.07.22 13:45:07.858,1.10166,1.10169,2.25,1.12
2016.07.22 13:45:07.909,1.10166,1.10169,1.00,3.75
2016.07.22 13:45:07.961,1.10166,1.10169,1.00,4.50
2016.07.22 13:45:08.013,1.10165,1.10169,1.12,4.57
2016.07.22 13:45:08.064,1.10165,1.10168,1.12,1.12
2016.07.22 13:45:08.116,1.10164,1.10168,5.10,1.00
2016.07.22 13:45:08.167,1.10164,1.10168,4.35,2.25
2016.07.22 13:45:08.311,1.10164,1.10168,2.25,2.62
2016.07.22 13:45:08.362,1.10164,1.10167,1.00,1.00
2016.07.22 13:45:08.413,1.10165,1.10168,1.37,2.25
2016.07.22 13:45:08.464,1.10165,1.10168,2.62,1.50
2016.07.22 13:45:08.516,1.10166,1.10168,1.12,1.20
2016.07.22 13:45:08.567,1.10166,1.10169,1.12,7.12
2016.07.22 13:45:08.669,1.10166,1.10169,1.87,7.12
2016.07.22 13:45:08.722,1.10166,1.10169,2.47,7.12
2016.07.22 13:45:08.824,1.10166,1.10169,1.72,7.12
2016.07.22 13:45:08.875,1.10166,1.10169,1.72,5.32
2016.07.22 13:45:08.927,1.10166,1.10169,2.10,4.57
2016.07.22 13:45:09.057,1.10166,1.10169,2.85,3.07
2016.07.22 13:45:09.108,1.10166,1.10169,2.85,1.10
2016.07.22 13:45:09.261,1.10166,1.10169,1.00,2.32
2016.07.22 13:45:09.312,1.10165,1.10169,2.25,3.82
2016.07.22 13:45:09.363,1.10165,1.10169,1.00,3.82
2016.07.22 13:45:09.414,1.10165,1.10169,1.00,5.32
2016.07.22 13:45:09.465,1.10165,1.10168,1.00,1.50
2016.07.22 13:45:09.517,1.10164,1.10168,4.72,1.87
2016.07.22 13:45:09.568,1.10164,1.10168,2.85,2.25
2016.07.22 13:45:09.620,1.10164,1.10168,3.22,2.32
2016.07.22 13:45:09.671,1.10164,1.10168,3.60,2.32
2016.07.22 13:45:09.722,1.10164,1.10168,2.85,2.32
2016.07.22 13:45:09.903,1.10164,1.10168,3.60,2.32
2016.07.22 13:45:10.107,1.10164,1.10168,2.85,2.32
2016.07.22 13:45:10.361,1.10164,1.10168,3.60,2.32
2016.07.22 13:45:10.615,1.10164,1.10168,4.35,2.32
2016.07.22 13:45:10.746,1.10164,1.10168,3.60,2.32
2016.07.22 13:45:10.797,1.10164,1.10168,4.35,2.32
2016.07.22 13:45:10.899,1.10164,1.10168,3.60,2.32
2016.07.22 13:45:11.001,1.10164,1.10168,4.35,2.32
2016.07.22 13:45:11.155,1.10162,1.10164,9.45,2.50
2016.07.22 13:45:11.206,1.10162,1.10163,3.45,2.25
2016.07.22 13:45:11.257,1.1016,1.10161,8.62,1.00
2016.07.22 13:45:11.309,1.1016,1.10162,3.22,1.00
2016.07.22 13:45:11.360,1.1016,1.10163,3.00,2.62
2016.07.22 13:45:11.412,1.10159,1.10163,3.07,3.37
2016.07.22 13:45:11.514,1.10159,1.10163,2.62,3.37
2016.07.22 13:45:11.565,1.10159,1.10163,2.25,6.37
2016.07.22 13:45:11.668,1.10159,1.10163,4.35,4.50
2016.07.22 13:45:11.719,1.10159,1.10163,5.10,4.50
2016.07.22 13:45:11.821,1.10159,1.10163,5.10,3.75
2016.07.22 13:45:11.872,1.10159,1.10163,5.85,3.75
2016.07.22 13:45:11.923,1.10159,1.10163,6.60,3.75
2016.07.22 13:45:11.975,1.10159,1.10163,7.35,3.75
2016.07.22 13:45:12.269,1.10162,1.10163,2.25,2.25
2016.07.22 13:45:12.320,1.10162,1.10164,4.75,1.20
2016.07.22 13:45:12.371,1.10163,1.10165,1.50,1.57
2016.07.22 13:45:12.422,1.10163,1.10165,1.87,1.20
2016.07.22 13:45:12.473,1.10163,1.10165,2.25,1.00
2016.07.22 13:45:12.576,1.10163,1.10164,1.50,1.00
2016.07.22 13:45:12.628,1.10163,1.10164,1.12,2.25
2016.07.22 13:45:12.679,1.10161,1.10164,4.59,3.00
2016.07.22 13:45:12.730,1.10161,1.10164,4.14,3.37
2016.07.22 13:45:12.781,1.10161,1.10164,3.01,5.62
2016.07.22 13:45:12.832,1.10161,1.10164,3.01,7.50
2016.07.22 13:45:13.071,1.10161,1.10164,3.01,7.87
2016.07.22 13:45:13.122,1.10161,1.10164,3.01,6.37
2016.07.22 13:45:13.173,1.10161,1.10164,3.01,5.62
2016.07.22 13:45:13.224,1.10161,1.10164,3.01,7.12
2016.07.22 13:45:13.377,1.10161,1.10164,3.76,7.12
2016.07.22 13:45:13.479,1.10161,1.10164,3.01,6.37
2016.07.22 13:45:13.581,1.10161,1.10164,3.60,4.87
2016.07.22 13:45:13.632,1.10162,1.10164,5.85,4.87
2016.07.22 13:45:13.683,1.10163,1.10165,4.00,8.32
2016.07.22 13:45:13.734,1.10164,1.10165,1.00,3.45
2016.07.22 13:45:13.785,1.10164,1.10165,1.50,2.32
2016.07.22 13:45:13.837,1.10164,1.10165,1.50,1.00
2016.07.22 13:45:13.950,1.10164,1.10167,2.10,3.82
2016.07.22 13:45:14.002,1.10164,1.10167,2.10,3.07
2016.07.22 13:45:14.056,1.10164,1.10167,2.85,2.32
2016.07.22 13:45:14.160,1.10164,1.10168,2.85,5.62
2016.07.22 13:45:14.212,1.10164,1.10168,3.60,4.87
2016.07.22 13:45:14.314,1.10164,1.10168,2.85,4.87
2016.07.22 13:45:14.416,1.10164,1.10168,3.60,2.62
2016.07.22 13:45:14.518,1.10164,1.10168,2.85,3.37
2016.07.22 13:45:14.569,1.10164,1.10168,2.85,4.87
2016.07.22 13:45:14.722,1.10164,1.10168,2.85,3.37
2016.07.22 13:45:14.773,1.10164,1.10168,4.35,1.87
2016.07.22 13:45:14.824,1.10164,1.10168,5.10,2.62
2016.07.22 13:45:14.929,1.10164,1.10168,6.97,3.07
2016.07.22 13:45:14.981,1.10164,1.10168,4.87,3.07
2016.07.22 13:45:15.033,1.10164,1.10168,5.62,1.95
2016.07.22 13:45:15.084,1.10165,1.10168,1.00,1.57
2016.07.22 13:45:15.135,1.10165,1.10168,1.00,2.32
2016.07.22 13:45:15.186,1.10165,1.10168,1.00,3.82
2016.07.22 13:45:15.238,1.10164,1.10168,3.00,4.95
2016.07.22 13:45:15.289,1.10164,1.10168,3.00,3.82
2016.07.22 13:45:15.340,1.10164,1.10168,2.25,3.82
2016.07.22 13:45:15.392,1.10164,1.10168,1.00,4.57
2016.07.22 13:45:15.494,1.10164,1.10168,1.00,3.07
2016.07.22 13:45:15.601,1.10164,1.10168,1.00,4.57
2016.07.22 13:45:15.652,1.10164,1.10168,1.50,4.57
2016.07.22 13:45:15.870,1.10164,1.10168,2.25,4.57
2016.07.22 13:45:15.921,1.10164,1.10168,2.25,3.07
2016.07.22 13:45:15.973,1.10164,1.10168,4.87,3.45
2016.07.22 13:45:16.024,1.10164,1.10167,3.75,1.00
2016.07.22 13:45:16.076,1.10164,1.10167,1.87,2.25
2016.07.22 13:45:16.127,1.10164,1.10167,1.00,2.25
2016.07.22 13:45:16.231,1.10164,1.10167,1.50,2.25
2016.07.22 13:45:16.283,1.10164,1.10167,1.50,1.87
2016.07.22 13:45:16.335,1.10164,1.10167,1.50,1.12
2016.07.22 13:45:16.389,1.10164,1.10166,1.87,1.15
2016.07.22 13:45:16.441,1.10164,1.10166,1.12,1.25
2016.07.22 13:45:16.493,1.10164,1.10166,1.00,1.57
2016.07.22 13:45:16.546,1.10164,1.10166,1.00,1.31
2016.07.22 13:45:16.675,1.10162,1.10163,9.00,2.25
2016.07.22 13:45:16.727,1.10162,1.10163,1.87,4.12
2016.07.22 13:45:16.782,1.10161,1.10163,1.00,5.62
2016.07.22 13:45:16.834,1.10161,1.10162,2.14,1.00
2016.07.22 13:45:16.886,1.1016,1.10162,2.06,1.00
2016.07.22 13:45:16.937,1.10159,1.10161,1.12,1.00
2016.07.22 13:45:16.988,1.10159,1.10161,1.00,1.00
2016.07.22 13:45:17.092,1.10159,1.10162,1.87,1.00
2016.07.22 13:45:17.144,1.10159,1.10162,7.12,1.00
2016.07.22 13:45:17.246,1.10159,1.10162,7.87,1.00
2016.07.22 13:45:17.298,1.10159,1.10162,8.25,1.00
2016.07.22 13:45:17.350,1.1016,1.10162,1.00,1.00
2016.07.22 13:45:17.402,1.10159,1.10162,7.69,1.00
2016.07.22 13:45:17.505,1.10159,1.10162,9.19,1.00
2016.07.22 13:45:17.912,1.10159,1.10162,9.56,1.00
2016.07.22 13:45:18.014,1.10159,1.10162,8.06,1.00
2016.07.22 13:45:18.115,1.10159,1.10162,9.56,1.00
2016.07.22 13:45:18.220,1.10159,1.10162,9.19,1.00
2016.07.22 13:45:18.322,1.10159,1.10162,8.44,1.00
2016.07.22 13:45:18.578,1.10159,1.10162,6.19,1.87
2016.07.22 13:45:18.629,1.10159,1.10162,1.50,1.87
2016.07.22 13:45:18.731,1.10159,1.10162,1.00,1.87
2016.07.22 13:45:18.782,1.10159,1.10162,1.00,4.12
2016.07.22 13:45:18.833,1.10159,1.10162,1.00,5.25
2016.07.22 13:45:18.977,1.10159,1.10162,1.00,4.87
2016.07.22 13:45:19.028,1.10159,1.10162,1.00,3.37
2016.07.22 13:45:19.079,1.10159,1.10162,1.00,4.12
2016.07.22 13:45:19.181,1.10159,1.10162,1.00,4.87
2016.07.22 13:45:19.283,1.10159,1.10162,1.00,3.37
2016.07.22 13:45:19.335,1.10159,1.10162,1.00,2.62
2016.07.22 13:45:19.386,1.10159,1.10162,1.00,1.50
2016.07.22 13:45:19.437,1.10158,1.10162,10.12,1.87
2016.07.22 13:45:19.488,1.10158,1.10162,9.75,1.50
2016.07.22 13:45:19.621,1.10158,1.10162,10.50,1.00
2016.07.22 13:45:19.723,1.10158,1.10161,10.50,1.00
2016.07.22 13:45:19.826,1.10158,1.10162,10.50,1.50
2016.07.22 13:45:19.979,1.10158,1.10162,10.12,1.87
2016.07.22 13:45:20.030,1.10158,1.10162,9.37,1.12
2016.07.22 13:45:20.082,1.10158,1.10162,8.62,1.87
2016.07.22 13:45:20.133,1.10158,1.10162,8.62,3.00
2016.07.22 13:45:20.184,1.10158,1.10162,8.62,4.12
2016.07.22 13:45:20.235,1.10158,1.10162,8.62,3.75
2016.07.22 13:45:20.325,1.10158,1.1016,7.87,1.00
2016.07.22 13:45:20.376,1.10158,1.1016,8.25,1.00
2016.07.22 13:45:20.478,1.10158,1.1016,7.87,1.00
2016.07.22 13:45:20.530,1.10158,1.10162,9.37,4.50
2016.07.22 13:45:20.581,1.10158,1.10162,9.37,4.12
2016.07.22 13:45:20.633,1.10158,1.10162,8.62,4.12
2016.07.22 13:45:20.685,1.10158,1.10162,8.62,3.37
2016.07.22 13:45:20.788,1.10158,1.10162,8.62,3.75
2016.07.22 13:45:20.890,1.10158,1.10162,8.62,4.50
2016.07.22 13:45:20.941,1.10158,1.10162,9.37,4.50
2016.07.22 13:45:21.081,1.10158,1.10159,8.25,1.12
2016.07.22 13:45:21.133,1.10157,1.10159,12.22,1.50
2016.07.22 13:45:21.184,1.10157,1.10158,9.00,1.72
2016.07.22 13:45:21.235,1.10156,1.10158,6.00,1.72
2016.07.22 13:45:21.287,1.10156,1.10157,5.25,1.00
2016.07.22 13:45:21.338,1.10156,1.10157,1.12,1.12
2016.07.22 13:45:21.389,1.10156,1.10157,1.00,1.12
2016.07.22 13:45:21.441,1.10156,1.10157,1.00,1.50
2016.07.22 13:45:21.544,1.10156,1.10158,1.00,3.00
2016.07.22 13:45:21.596,1.10154,1.10158,4.20,3.00
2016.07.22 13:45:21.700,1.10154,1.10157,6.45,1.12
2016.07.22 13:45:21.804,1.10154,1.10157,6.45,1.00
2016.07.22 13:45:21.855,1.10154,1.10157,5.70,1.00
2016.07.22 13:45:21.906,1.10155,1.10157,1.05,1.00
2016.07.22 13:45:21.957,1.10155,1.10157,1.05,1.00
2016.07.22 13:45:22.008,1.10155,1.10157,2.55,1.00
2016.07.22 13:45:22.059,1.10155,1.10158,3.30,1.00
2016.07.22 13:45:22.110,1.10155,1.10158,1.80,1.00
2016.07.22 13:45:22.212,1.10155,1.10159,2.40,4.57
2016.07.22 13:45:22.263,1.10155,1.10159,2.40,4.20
2016.07.22 13:45:22.357,1.10155,1.10159,2.40,4.95
2016.07.22 13:45:22.411,1.10157,1.10159,1.72,4.95
2016.07.22 13:45:22.464,1.10158,1.1016,3.22,12.75
2016.07.22 13:45:22.515,1.1016,1.10161,4.12,5.62
2016.07.22 13:45:22.567,1.1016,1.10161,4.12,4.87
2016.07.22 13:45:22.618,1.1016,1.10161,3.75,1.00
2016.07.22 13:45:22.771,1.1016,1.10163,3.75,1.50
2016.07.22 13:45:22.822,1.10159,1.10163,3.00,1.87
2016.07.22 13:45:22.873,1.10159,1.10163,3.00,2.62
2016.07.22 13:45:23.044,1.10159,1.10163,2.25,2.62
2016.07.22 13:45:23.096,1.10159,1.10163,2.85,2.62
2016.07.22 13:45:23.198,1.10159,1.10163,2.85,1.87
2016.07.22 13:45:23.302,1.10159,1.10163,2.85,2.25
2016.07.22 13:45:23.404,1.10159,1.10163,3.22,2.25
2016.07.22 13:45:23.507,1.10159,1.10163,3.60,2.62
2016.07.22 13:45:23.558,1.10159,1.10163,3.60,3.37
2016.07.22 13:45:23.609,1.10159,1.10163,3.97,3.00
2016.07.22 13:45:23.712,1.10159,1.10163,3.97,2.62
2016.07.22 13:45:23.763,1.10159,1.10163,3.37,1.87
2016.07.22 13:45:24.015,1.10159,1.10163,3.37,2.25
2016.07.22 13:45:24.097,1.10159,1.10163,2.25,2.62
2016.07.22 13:45:24.149,1.10159,1.10163,1.87,4.12
2016.07.22 13:45:24.201,1.10159,1.10163,1.87,4.87
2016.07.22 13:45:24.252,1.10159,1.10163,1.50,4.87
2016.07.22 13:45:24.303,1.10159,1.10163,1.50,4.50
2016.07.22 13:45:24.355,1.10159,1.10163,1.50,3.75
2016.07.22 13:45:24.406,1.10159,1.10163,1.50,3.37
2016.07.22 13:45:24.458,1.10159,1.10163,2.25,3.37
2016.07.22 13:45:24.560,1.1016,1.10163,1.00,3.37
2016.07.22 13:45:24.662,1.1016,1.10163,1.00,2.62
2016.07.22 13:45:24.766,1.1016,1.10163,1.00,3.37
2016.07.22 13:45:25.743,1.10159,1.10163,1.50,2.62
2016.07.22 13:45:25.846,1.10159,1.10161,2.25,1.00
2016.07.22 13:45:25.979,1.10159,1.10162,2.62,1.00
2016.07.22 13:45:26.132,1.10159,1.10162,2.25,1.00
2016.07.22 13:45:26.337,1.1016,1.10162,1.00,1.00
2016.07.22 13:45:26.775,1.1016,1.10163,1.00,3.75
2016.07.22 13:45:26.877,1.1016,1.10162,1.00,1.00
2016.07.22 13:45:27.247,1.10159,1.10163,4.35,2.62
2016.07.22 13:45:27.349,1.10159,1.10163,2.25,4.12
2016.07.22 13:45:27.451,1.10159,1.10163,2.25,3.37
2016.07.22 13:45:27.502,1.10159,1.10163,2.25,3.75
2016.07.22 13:45:27.756,1.10159,1.10163,2.25,3.37
2016.07.22 13:45:27.858,1.10159,1.10163,3.00,3.75
2016.07.22 13:45:27.909,1.10159,1.10163,3.00,5.25
2016.07.22 13:45:27.960,1.10159,1.10163,2.62,4.50
2016.07.22 13:45:28.011,1.10159,1.10163,3.22,4.50
2016.07.22 13:45:28.147,1.10159,1.10163,4.35,3.00
2016.07.22 13:45:28.198,1.10159,1.10163,4.35,3.75
2016.07.22 13:45:28.249,1.10159,1.10163,3.97,6.00
2016.07.22 13:45:28.352,1.10159,1.10163,3.60,6.00
2016.07.22 13:45:28.453,1.10159,1.10163,2.85,5.62
2016.07.22 13:45:28.555,1.10159,1.10163,3.60,6.37
2016.07.22 13:45:28.606,1.10159,1.10163,5.10,4.87
2016.07.22 13:45:28.657,1.10159,1.10163,4.35,4.87
2016.07.22 13:45:28.810,1.10159,1.10163,4.35,4.12
2016.07.22 13:45:28.963,1.10159,1.10163,4.35,3.00
2016.07.22 13:45:29.014,1.10159,1.10163,2.85,3.37
2016.07.22 13:45:29.309,1.10159,1.10163,2.85,5.25
2016.07.22 13:45:29.463,1.10159,1.10162,2.85,1.12
2016.07.22 13:45:29.514,1.10159,1.10162,2.85,1.50
2016.07.22 13:45:29.564,1.10159,1.10162,3.22,1.12
2016.07.22 13:45:29.666,1.10159,1.10162,3.60,1.12
2016.07.22 13:45:29.768,1.10159,1.10162,3.97,1.12
2016.07.22 13:45:29.819,1.10159,1.10162,3.97,1.00
2016.07.22 13:45:29.871,1.10159,1.10162,4.72,1.00
2016.07.22 13:45:29.922,1.10159,1.10162,6.97,1.00
2016.07.22 13:45:29.973,1.10159,1.10162,6.37,1.00
2016.07.22 13:45:30.024,1.1016,1.10162,1.00,1.00
2016.07.22 13:45:30.075,1.1016,1.10162,1.12,1.00
2016.07.22 13:45:30.207,1.10161,1.10163,1.00,1.87
2016.07.22 13:45:30.258,1.10163,1.10164,1.12,2.25
2016.07.22 13:45:30.310,1.10164,1.10165,1.35,1.00
2016.07.22 13:45:30.361,1.10165,1.10166,1.12,2.62
2016.07.22 13:45:30.412,1.10166,1.10167,1.00,2.25
2016.07.22 13:45:30.464,1.10166,1.10167,4.42,1.00
2016.07.22 13:45:30.516,1.10168,1.10169,1.35,2.81
2016.07.22 13:45:30.568,1.10169,1.1017,1.00,3.00
2016.07.22 13:45:30.620,1.10169,1.1017,1.50,1.12
2016.07.22 13:45:30.672,1.10169,1.10171,1.50,1.00
2016.07.22 13:45:30.723,1.10169,1.10173,1.87,4.57
2016.07.22 13:45:30.861,1.10169,1.10173,3.19,5.51
2016.07.22 13:45:30.912,1.10169,1.10173,4.69,3.26
2016.07.22 13:45:30.964,1.10169,1.10173,4.31,3.26
2016.07.22 13:45:31.015,1.10169,1.10173,2.81,5.51
2016.07.22 13:45:31.116,1.10169,1.10173,4.69,4.01
2016.07.22 13:45:31.167,1.10169,1.10173,4.50,4.20
2016.07.22 13:45:31.320,1.10169,1.10173,2.62,5.70
2016.07.22 13:45:31.371,1.10169,1.10173,1.87,5.32
2016.07.22 13:45:31.472,1.10169,1.10171,2.62,1.00
2016.07.22 13:45:32.023,1.10169,1.10171,3.00,1.00
2016.07.22 13:45:32.228,1.10169,1.10171,2.25,1.00
2016.07.22 13:45:32.281,1.10169,1.10172,1.50,2.44
2016.07.22 13:45:32.332,1.10168,1.10172,12.04,2.06
2016.07.22 13:45:32.415,1.10168,1.10172,11.36,2.06
2016.07.22 13:45:32.466,1.10168,1.10172,10.61,2.44
2016.07.22 13:45:32.772,1.10168,1.10171,8.92,1.12
2016.07.22 13:45:32.823,1.10168,1.10171,8.17,1.12
2016.07.22 13:45:32.874,1.10169,1.1017,1.00,1.00
2016.07.22 13:45:33.383,1.10169,1.1017,1.00,1.50
2016.07.22 13:45:33.556,1.10169,1.1017,1.00,3.00
2016.07.22 13:45:33.862,1.10169,1.1017,1.00,2.25
2016.07.22 13:45:34.065,1.10169,1.1017,1.00,3.00
2016.07.22 13:45:34.372,1.10169,1.1017,1.12,3.00
2016.07.22 13:45:34.423,1.10169,1.1017,1.12,2.25
2016.07.22 13:45:34.475,1.10169,1.1017,1.00,2.25
2016.07.22 13:45:34.655,1.10169,1.1017,1.00,1.50
2016.07.22 13:45:34.758,1.10168,1.1017,3.82,2.25
2016.07.22 13:45:34.809,1.10168,1.1017,4.57,1.50
2016.07.22 13:45:34.860,1.10168,1.1017,3.82,1.50
2016.07.22 13:45:34.911,1.10168,1.1017,3.75,2.25
2016.07.22 13:45:35.484,1.10168,1.1017,3.37,2.25
2016.07.22 13:45:35.536,1.10168,1.1017,3.00,2.25
2016.07.22 13:45:35.587,1.10168,1.1017,2.81,2.25
2016.07.22 13:45:35.689,1.10168,1.1017,2.81,3.00
2016.07.22 13:45:36.048,1.10168,1.1017,2.81,2.25
2016.07.22 13:45:36.151,1.10168,1.1017,2.81,3.00
2016.07.22 13:45:36.203,1.10168,1.1017,2.81,3.75
2016.07.22 13:45:36.315,1.10168,1.10169,1.12,1.00
2016.07.22 13:45:36.368,1.10168,1.10169,1.00,1.00
2016.07.22 13:45:36.575,1.10168,1.10169,1.00,1.00
2016.07.22 13:45:36.679,1.10166,1.10169,3.94,1.50
2016.07.22 13:45:36.731,1.10166,1.10169,2.06,1.50
2016.07.22 13:45:36.782,1.10166,1.10168,1.57,1.00
2016.07.22 13:45:36.834,1.10166,1.10168,1.20,1.50
2016.07.22 13:45:36.886,1.10165,1.10168,3.26,3.00
2016.07.22 13:45:37.017,1.10165,1.10168,4.39,1.00
2016.07.22 13:45:37.069,1.10167,1.10169,1.87,1.87
2016.07.22 13:45:37.120,1.10167,1.10169,2.85,1.00
2016.07.22 13:45:37.171,1.10168,1.10171,1.12,1.87
2016.07.22 13:45:37.222,1.10168,1.10171,1.87,1.57
2016.07.22 13:45:37.273,1.10169,1.10171,1.00,1.57
2016.07.22 13:45:37.325,1.10169,1.10171,1.00,1.50
2016.07.22 13:45:37.376,1.10169,1.10171,1.00,1.00
2016.07.22 13:45:37.759,1.10169,1.10171,1.00,1.12
2016.07.22 13:45:37.810,1.10169,1.10171,1.00,2.62
2016.07.22 13:45:37.862,1.10169,1.10171,1.00,3.37
2016.07.22 13:45:37.966,1.10169,1.1017,1.00,1.00
2016.07.22 13:45:38.068,1.10169,1.1017,1.00,2.25
2016.07.22 13:45:38.120,1.10167,1.10169,4.76,1.00
2016.07.22 13:45:38.171,1.10167,1.10168,1.57,1.00
2016.07.22 13:45:38.223,1.10167,1.10168,1.57,1.50
2016.07.22 13:45:38.274,1.10167,1.10168,1.57,2.25
2016.07.22 13:45:38.326,1.10166,1.10168,7.12,2.50
2016.07.22 13:45:38.378,1.10166,1.10168,5.06,1.50
2016.07.22 13:45:38.430,1.10166,1.10168,4.69,1.50
2016.07.22 13:45:38.615,1.10166,1.10167,3.94,1.50
2016.07.22 13:45:38.666,1.10166,1.10167,3.19,1.50
2016.07.22 13:45:38.717,1.10166,1.10167,3.56,1.50
2016.07.22 13:45:39.225,1.10166,1.10167,2.81,1.50
2016.07.22 13:45:39.277,1.10165,1.10167,5.51,3.00
2016.07.22 13:45:39.328,1.10165,1.10167,3.37,3.00
2016.07.22 13:45:39.453,1.10165,1.10166,1.35,2.25
2016.07.22 13:45:39.606,1.10165,1.10166,1.35,1.50
2016.07.22 13:45:39.657,1.10165,1.10166,1.35,1.00
2016.07.22 13:45:39.709,1.10165,1.10167,1.35,2.25
2016.07.22 13:45:40.016,1.10165,1.10167,1.35,1.50
2016.07.22 13:45:40.068,1.10165,1.10166,1.00,1.00
2016.07.22 13:45:40.119,1.10165,1.10166,1.00,1.50
2016.07.22 13:45:40.170,1.10162,1.10163,3.56,1.00
2016.07.22 13:45:40.269,1.10162,1.10163,2.70,1.50
2016.07.22 13:45:40.321,1.10161,1.10163,1.31,2.25
2016.07.22 13:45:40.582,1.10161,1.10163,1.31,1.50
2016.07.22 13:45:40.684,1.10161,1.10163,1.31,2.25
2016.07.22 13:45:40.786,1.10161,1.10163,1.31,2.62
2016.07.22 13:45:40.837,1.10161,1.10163,1.00,2.62
2016.07.22 13:45:40.889,1.1016,1.10163,6.07,2.25
2016.07.22 13:45:41.021,1.1016,1.10163,4.57,2.25
2016.07.22 13:45:41.072,1.1016,1.10162,3.37,1.00
2016.07.22 13:45:41.174,1.1016,1.10163,3.37,3.00
2016.07.22 13:45:41.275,1.1016,1.10163,4.12,3.00
2016.07.22 13:45:41.326,1.1016,1.10163,4.31,1.50
2016.07.22 13:45:41.377,1.10162,1.10164,1.00,1.95
2016.07.22 13:45:41.428,1.10163,1.10164,1.00,1.57
2016.07.22 13:45:41.479,1.10164,1.10165,2.62,1.50
2016.07.22 13:45:41.531,1.10165,1.10166,1.00,1.20
2016.07.22 13:45:41.582,1.10165,1.10168,2.25,4.87
2016.07.22 13:45:41.636,1.10165,1.10168,2.81,3.00
2016.07.22 13:45:41.717,1.10165,1.10168,3.56,3.00
2016.07.22 13:45:41.769,1.10165,1.10168,2.44,3.75
2016.07.22 13:45:41.821,1.10165,1.10168,2.44,3.75
2016.07.22 13:45:41.873,1.10165,1.10168,1.69,3.75
2016.07.22 13:45:41.924,1.10165,1.10168,1.25,3.84
2016.07.22 13:45:41.976,1.10164,1.10168,6.56,4.78
2016.07.22 13:45:42.027,1.10164,1.10166,6.19,1.50
2016.07.22 13:45:42.079,1.10164,1.10166,1.87,3.00
2016.07.22 13:45:42.131,1.10164,1.10165,1.00,1.00
2016.07.22 13:45:42.183,1.10163,1.10165,1.31,1.00
2016.07.22 13:45:42.873,1.10163,1.10165,1.91,1.00
2016.07.22 13:45:42.975,1.10163,1.10165,1.30,1.00
2016.07.22 13:45:43.077,1.10163,1.10165,1.91,1.00
2016.07.22 13:45:43.180,1.10163,1.10165,1.31,1.00
2016.07.22 13:45:43.231,1.10163,1.10165,1.69,1.00
2016.07.22 13:45:43.282,1.10163,1.10165,1.31,1.00
2016.07.22 13:45:43.510,1.10162,1.10165,8.51,1.00
2016.07.22 13:45:43.563,1.10162,1.10165,8.89,1.00
2016.07.22 13:45:43.717,1.10163,1.10165,1.31,1.00
2016.07.22 13:45:43.878,1.10162,1.10165,8.51,1.00
2016.07.22 13:45:43.980,1.10163,1.10165,1.31,1.00
2016.07.22 13:45:44.031,1.10163,1.10165,1.31,1.00
2016.07.22 13:45:44.290,1.10162,1.10165,6.04,1.00
2016.07.22 13:45:44.409,1.10163,1.10165,1.31,1.00
2016.07.22 13:45:44.460,1.10163,1.10166,1.31,3.00
2016.07.22 13:45:44.918,1.10162,1.10166,6.64,1.50
2016.07.22 13:45:44.969,1.10163,1.10166,1.54,3.00
2016.07.22 13:45:45.020,1.10163,1.10166,3.41,4.50
2016.07.22 13:45:45.071,1.10163,1.10166,4.91,3.00
2016.07.22 13:45:45.122,1.10163,1.10166,4.91,3.00
2016.07.22 13:45:45.173,1.10163,1.10166,4.54,3.09
2016.07.22 13:45:45.316,1.10163,1.10166,5.29,3.09
2016.07.22 13:45:46.983,1.10164,1.10166,1.05,2.34
2016.07.22 13:45:47.034,1.10164,1.10166,1.16,2.34
2016.07.22 13:45:47.086,1.10164,1.10166,2.29,2.34
2016.07.22 13:45:47.137,1.10164,1.10167,2.29,2.79
2016.07.22 13:45:47.222,1.10164,1.10167,2.66,2.79
2016.07.22 13:45:47.325,1.10165,1.10167,1.25,2.79
2016.07.22 13:45:47.376,1.10166,1.10167,1.50,1.95
2016.07.22 13:45:47.429,1.10166,1.10168,1.87,4.97
2016.07.22 13:45:47.481,1.10165,1.10168,5.25,4.12
2016.07.22 13:45:47.533,1.10166,1.10168,1.00,3.37
2016.07.22 13:45:47.584,1.10167,1.10168,1.00,1.12
2016.07.22 13:45:47.635,1.10167,1.10168,1.00,1.00
2016.07.22 13:45:47.737,1.10166,1.10168,2.81,1.00
2016.07.22 13:45:47.839,1.10166,1.10168,2.06,1.00
2016.07.22 13:45:47.993,1.10165,1.10167,7.57,3.22
2016.07.22 13:45:48.082,1.10165,1.10166,3.64,3.71
2016.07.22 13:45:48.135,1.10164,1.10166,1.87,8.77
2016.07.22 13:45:48.188,1.10162,1.10163,2.25,1.00
2016.07.22 13:45:48.240,1.10163,1.10165,1.12,5.70
2016.07.22 13:45:48.291,1.10163,1.10165,1.12,4.01
2016.07.22 13:45:48.342,1.10162,1.10163,1.00,1.00
2016.07.22 13:45:49.186,1.10162,1.10163,1.50,1.00
2016.07.22 13:45:49.237,1.10163,1.10164,1.00,1.00
2016.07.22 13:45:49.288,1.10163,1.10165,1.12,1.57
2016.07.22 13:45:49.339,1.10163,1.10165,1.82,1.10
2016.07.22 13:45:49.390,1.10163,1.10166,2.20,3.37
2016.07.22 13:45:49.481,1.10163,1.10166,2.20,2.62
2016.07.22 13:45:49.534,1.10163,1.10166,2.80,2.32
2016.07.22 13:45:49.585,1.10163,1.10166,2.42,2.32
2016.07.22 13:45:50.690,1.10163,1.10166,3.17,2.32
2016.07.22 13:45:51.149,1.10163,1.10166,3.04,2.32
2016.07.22 13:45:51.251,1.10163,1.10166,3.17,2.32
2016.07.22 13:45:51.302,1.10163,1.10166,3.25,2.25
2016.07.22 13:45:51.863,1.10163,1.10166,4.00,2.25
2016.07.22 13:45:52.068,1.10163,1.10166,4.13,2.25
2016.07.22 13:45:52.324,1.10163,1.10166,3.38,1.50
2016.07.22 13:45:52.428,1.10163,1.10166,4.13,2.25
2016.07.22 13:45:52.705,1.10163,1.10166,6.11,2.25
2016.07.22 13:45:53.009,1.10163,1.10166,6.11,1.50
2016.07.22 13:45:53.111,1.10164,1.10166,1.16,1.50
2016.07.22 13:45:53.212,1.10164,1.10166,1.30,1.00
2016.07.22 13:45:53.314,1.10164,1.10166,1.16,1.00
2016.07.22 13:45:53.466,1.10164,1.10167,1.16,3.75
2016.07.22 13:45:54.160,1.10164,1.10167,1.91,3.75
2016.07.22 13:45:54.920,1.10165,1.10167,1.31,3.00
2016.07.22 13:45:54.971,1.10166,1.10168,4.34,4.20
2016.07.22 13:45:55.022,1.10167,1.10168,2.62,1.10
2016.07.22 13:45:55.074,1.10168,1.1017,1.37,7.76
2016.07.22 13:45:55.127,1.10168,1.1017,2.85,3.07
2016.07.22 13:45:55.178,1.10168,1.1017,1.50,1.87
2016.07.22 13:45:55.230,1.10168,1.10171,2.44,3.07
2016.07.22 13:45:55.282,1.10168,1.1017,2.06,1.00
2016.07.22 13:45:55.333,1.10168,1.1017,1.50,4.50
2016.07.22 13:45:55.384,1.10168,1.1017,1.50,5.25
2016.07.22 13:45:55.436,1.10168,1.1017,1.50,3.75
2016.07.22 13:45:55.623,1.10168,1.1017,1.50,5.25
2016.07.22 13:45:55.827,1.10168,1.1017,1.50,3.75
2016.07.22 13:45:55.879,1.10168,1.1017,1.50,3.00
2016.07.22 13:45:55.931,1.10168,1.1017,1.50,4.50
2016.07.22 13:45:56.084,1.10168,1.1017,1.50,5.25
2016.07.22 13:45:56.517,1.10168,1.1017,1.25,3.75
2016.07.22 13:45:56.568,1.10168,1.1017,1.25,3.00
2016.07.22 13:45:56.619,1.10168,1.10171,1.25,3.00
2016.07.22 13:45:56.670,1.10168,1.10171,1.91,2.25
2016.07.22 13:45:56.721,1.10169,1.10171,1.00,1.50
2016.07.22 13:45:56.772,1.1017,1.10171,1.50,1.00
2016.07.22 13:45:56.823,1.1017,1.10172,1.50,3.07
2016.07.22 13:45:56.874,1.10169,1.10172,4.69,2.32
2016.07.22 13:45:56.925,1.10169,1.10172,3.82,2.25
2016.07.22 13:45:57.027,1.10169,1.10172,4.12,2.25
2016.07.22 13:45:57.279,1.10169,1.10172,3.94,2.25
2016.07.22 13:45:57.331,1.10169,1.10172,3.75,2.25
2016.07.22 13:45:57.637,1.10169,1.10172,2.81,1.50
2016.07.22 13:45:57.740,1.10169,1.10172,3.75,2.25
2016.07.22 13:45:57.791,1.1017,1.10172,1.10,2.25
2016.07.22 13:45:57.893,1.10169,1.10172,3.60,2.25
2016.07.22 13:45:58.098,1.10169,1.10172,2.25,2.62
2016.07.22 13:45:58.248,1.10168,1.10171,3.64,1.50
2016.07.22 13:45:58.299,1.10168,1.10171,2.51,2.62
2016.07.22 13:45:58.351,1.10168,1.10171,2.51,3.37
2016.07.22 13:45:58.402,1.10168,1.10171,2.14,2.25
2016.07.22 13:45:58.453,1.10168,1.10171,1.95,1.00
2016.07.22 13:45:58.504,1.10168,1.10171,1.95,1.50
2016.07.22 13:45:58.657,1.10168,1.10171,2.14,3.00
2016.07.22 13:45:59.287,1.10168,1.1017,1.39,1.00
2016.07.22 13:45:59.338,1.10168,1.1017,1.39,2.25
2016.07.22 13:45:59.391,1.10167,1.10169,2.44,2.25
2016.07.22 13:45:59.443,1.10166,1.10167,2.77,1.00
2016.07.22 13:45:59.495,1.10164,1.10166,6.94,1.37
2016.07.22 13:45:59.547,1.10164,1.10165,1.87,1.12
2016.07.22 13:45:59.599,1.10164,1.10165,1.12,2.25
2016.07.22 13:45:59.650,1.10164,1.10165,1.12,3.00
2016.07.22 13:45:59.702,1.10164,1.10165,1.00,2.25
2016.07.22 13:45:59.755,1.10163,1.10165,1.76,2.25
2016.07.22 13:45:59.888,1.10163,1.10164,1.57,2.62
2016.07.22 13:45:59.940,1.10161,1.10164,5.76,2.62
2016.07.22 13:45:59.991,1.10161,1.10164,5.27,1.00
2016.07.22 13:46:00.042,1.10162,1.10164,1.50,1.50
2016.07.22 13:46:00.094,1.10162,1.10164,1.50,1.00
2016.07.22 13:46:00.145,1.10162,1.10165,1.69,4.12
2016.07.22 13:46:00.247,1.10162,1.10165,1.69,3.75
2016.07.22 13:46:00.299,1.10162,1.10165,1.78,3.75
2016.07.22 13:46:00.350,1.10162,1.10165,1.78,3.00
2016.07.22 13:46:00.452,1.10162,1.10165,1.86,3.00
2016.07.22 13:46:00.503,1.10162,1.10165,1.86,2.25
2016.07.22 13:46:00.554,1.10162,1.10165,1.11,1.50
2016.07.22 13:46:00.712,1.10162,1.10165,1.86,2.25
2016.07.22 13:46:01.425,1.10162,1.10165,2.61,2.25
2016.07.22 13:46:01.624,1.10162,1.10165,1.86,2.62
2016.07.22 13:46:01.726,1.10162,1.10165,1.86,1.50
2016.07.22 13:46:01.777,1.10162,1.10165,2.23,1.50
2016.07.22 13:46:01.880,1.10162,1.10165,2.23,1.00
2016.07.22 13:46:01.931,1.10162,1.10166,2.23,6.56
2016.07.22 13:46:01.983,1.10163,1.10166,1.03,5.81
2016.07.22 13:46:02.034,1.10164,1.10166,1.00,5.81
2016.07.22 13:46:02.086,1.10164,1.10166,1.00,5.44
2016.07.22 13:46:02.137,1.10164,1.10166,1.00,3.94
2016.07.22 13:46:02.240,1.10163,1.10166,1.67,2.44
2016.07.22 13:46:02.342,1.10164,1.10166,1.00,3.94
2016.07.22 13:46:02.518,1.10163,1.10166,1.67,2.44
2016.07.22 13:46:02.569,1.10164,1.10166,1.00,3.94
2016.07.22 13:46:02.722,1.10164,1.10166,1.00,3.19
2016.07.22 13:46:02.773,1.10164,1.10166,1.00,1.69
2016.07.22 13:46:02.824,1.10164,1.10166,1.12,1.25
2016.07.22 13:46:03.556,1.10163,1.10166,1.29,1.25
2016.07.22 13:46:03.609,1.10163,1.10166,1.29,1.69
2016.07.22 13:46:03.660,1.10164,1.10166,1.12,2.81
2016.07.22 13:46:03.711,1.10164,1.10166,1.12,3.56
2016.07.22 13:46:03.762,1.10162,1.10166,5.91,4.31
2016.07.22 13:46:03.814,1.10162,1.10166,5.81,4.31
2016.07.22 13:46:03.916,1.10162,1.10166,6.19,4.31
2016.07.22 13:46:03.967,1.10162,1.10166,5.92,5.06
2016.07.22 13:46:04.018,1.10162,1.10166,5.55,5.06
2016.07.22 13:46:04.069,1.10162,1.10166,5.55,4.31
2016.07.22 13:46:04.120,1.10162,1.10166,3.30,4.31
2016.07.22 13:46:04.171,1.10162,1.10166,4.42,2.81
2016.07.22 13:46:04.222,1.10162,1.10166,4.42,2.44
2016.07.22 13:46:04.324,1.10162,1.10166,6.30,2.06
2016.07.22 13:46:04.375,1.10162,1.10166,5.06,1.31
2016.07.22 13:46:04.519,1.10162,1.10166,5.92,2.06
2016.07.22 13:46:04.774,1.10162,1.10166,6.67,2.06
2016.07.22 13:46:04.883,1.10162,1.10166,7.42,2.06
2016.07.22 13:46:05.189,1.10162,1.10166,7.05,2.06
2016.07.22 13:46:05.392,1.10162,1.10166,7.05,2.44
2016.07.22 13:46:05.779,1.10162,1.10166,5.06,1.69
2016.07.22 13:46:05.881,1.10162,1.10166,7.05,2.44
2016.07.22 13:46:06.290,1.10162,1.10166,7.05,2.06
2016.07.22 13:46:06.342,1.10162,1.10166,5.06,1.31
2016.07.22 13:46:06.445,1.10162,1.10166,7.42,1.31
2016.07.22 13:46:06.579,1.10162,1.10166,7.42,1.31
2016.07.22 13:46:06.681,1.10162,1.10165,7.42,1.00
2016.07.22 13:46:06.732,1.10162,1.10165,7.05,1.00
2016.07.22 13:46:06.783,1.10162,1.10166,4.87,2.06
2016.07.22 13:46:06.885,1.10162,1.10166,7.42,2.06
2016.07.22 13:46:06.987,1.10162,1.10166,5.44,1.31
2016.07.22 13:46:07.089,1.10162,1.10166,7.42,2.06
2016.07.22 13:46:07.483,1.10162,1.10166,8.17,2.06
2016.07.22 13:46:07.534,1.10162,1.10166,6.67,2.06
2016.07.22 13:46:07.693,1.10164,1.10166,1.12,1.69
2016.07.22 13:46:07.744,1.10164,1.10166,3.68,1.31
2016.07.22 13:46:07.795,1.10165,1.10168,1.10,1.80
2016.07.22 13:46:07.847,1.10165,1.10168,1.85,1.50
2016.07.22 13:46:07.898,1.10165,1.10168,1.85,2.25
2016.07.22 13:46:08.017,1.10165,1.10168,1.47,1.87
2016.07.22 13:46:08.071,1.10165,1.10168,1.29,1.87
2016.07.22 13:46:08.122,1.10165,1.10168,1.18,2.62
2016.07.22 13:46:08.173,1.10165,1.10168,1.33,2.62
2016.07.22 13:46:08.326,1.10164,1.10168,4.75,2.62
2016.07.22 13:46:08.377,1.10164,1.10168,4.07,2.25
2016.07.22 13:46:08.479,1.10164,1.10168,4.75,3.00
2016.07.22 13:46:08.531,1.10165,1.10168,1.22,3.00
2016.07.22 13:46:08.634,1.10166,1.10168,1.00,1.87
2016.07.22 13:46:08.736,1.10166,1.10168,1.32,1.00
2016.07.22 13:46:08.787,1.10167,1.10168,1.00,1.00
2016.07.22 13:46:08.839,1.10167,1.10168,1.00,1.00
2016.07.22 13:46:08.891,1.10165,1.10168,6.43,1.12
2016.07.22 13:46:08.942,1.10165,1.10168,7.00,1.12
2016.07.22 13:46:08.994,1.10165,1.10169,6.81,9.19
2016.07.22 13:46:09.045,1.10165,1.10169,6.81,9.94
2016.07.22 13:46:09.097,1.10165,1.10169,6.06,9.94
2016.07.22 13:46:09.148,1.10166,1.10169,1.11,8.44
2016.07.22 13:46:09.199,1.10166,1.10169,1.58,5.62
2016.07.22 13:46:09.250,1.10166,1.10169,2.82,3.00
2016.07.22 13:46:09.491,1.10166,1.10169,3.57,3.75
2016.07.22 13:46:09.899,1.10166,1.10169,3.57,3.00
2016.07.22 13:46:10.535,1.10166,1.10169,3.57,4.50
2016.07.22 13:46:10.892,1.10167,1.10169,1.32,4.69
2016.07.22 13:46:10.943,1.10167,1.10169,1.32,3.19
2016.07.22 13:46:10.994,1.10167,1.10168,1.11,1.50
2016.07.22 13:46:11.096,1.10167,1.10168,1.00,1.50
2016.07.22 13:46:11.281,1.10166,1.10168,1.99,1.50
2016.07.22 13:46:11.333,1.10166,1.10167,1.24,1.12
2016.07.22 13:46:11.385,1.10165,1.10167,4.40,1.00
2016.07.22 13:46:11.437,1.10165,1.10167,3.65,1.31
2016.07.22 13:46:11.489,1.10165,1.10167,3.65,1.87
2016.07.22 13:46:11.540,1.10165,1.10167,1.32,4.12
2016.07.22 13:46:11.592,1.10164,1.10167,2.90,4.12
2016.07.22 13:46:11.645,1.10164,1.10167,2.90,2.62
2016.07.22 13:46:11.697,1.10164,1.10167,2.90,3.37
2016.07.22 13:46:11.952,1.10164,1.10167,2.90,3.19
2016.07.22 13:46:12.051,1.10164,1.10167,1.19,3.00
2016.07.22 13:46:12.103,1.10164,1.10167,2.90,2.81
2016.07.22 13:46:12.566,1.10164,1.10167,2.90,3.19
2016.07.22 13:46:12.617,1.10164,1.10167,2.90,3.37
2016.07.22 13:46:13.303,1.10164,1.10167,1.40,3.37
2016.07.22 13:46:13.404,1.10164,1.10167,2.90,3.37
2016.07.22 13:46:13.659,1.10164,1.10167,4.40,2.62
2016.07.22 13:46:13.812,1.10164,1.10167,4.40,2.06
2016.07.22 13:46:14.152,1.10164,1.10167,2.90,3.56
2016.07.22 13:46:14.204,1.10164,1.10167,2.41,3.94
2016.07.22 13:46:14.306,1.10164,1.10167,1.19,3.94
2016.07.22 13:46:14.357,1.10164,1.10167,1.66,3.56
2016.07.22 13:46:14.408,1.10164,1.10167,3.65,3.19
2016.07.22 13:46:14.459,1.10165,1.10167,1.59,3.19
2016.07.22 13:46:14.511,1.10165,1.10167,2.07,3.19
2016.07.22 13:46:14.664,1.10165,1.10167,1.60,3.19
2016.07.22 13:46:14.766,1.10165,1.10167,2.07,3.19
2016.07.22 13:46:15.151,1.10165,1.10167,2.07,1.69
2016.07.22 13:46:15.354,1.10165,1.10167,1.32,1.69
2016.07.22 13:46:15.456,1.10165,1.10167,2.07,1.69
2016.07.22 13:46:15.659,1.10165,1.10167,1.32,1.69
2016.07.22 13:46:15.817,1.10165,1.10167,2.07,1.69
2016.07.22 13:46:15.868,1.10165,1.10167,2.07,2.06
2016.07.22 13:46:16.071,1.10165,1.10167,1.32,2.06
2016.07.22 13:46:16.172,1.10165,1.10167,2.07,2.44
2016.07.22 13:46:16.361,1.10165,1.10167,1.59,2.25
2016.07.22 13:46:16.412,1.10165,1.10167,2.07,2.44
2016.07.22 13:46:16.616,1.10165,1.10167,2.07,3.19
2016.07.22 13:46:16.667,1.10164,1.10167,2.90,3.19
2016.07.22 13:46:16.769,1.10164,1.10167,2.90,2.81
2016.07.22 13:46:16.827,1.10164,1.10167,2.90,2.06
2016.07.22 13:46:16.878,1.10165,1.10167,1.32,4.31
2016.07.22 13:46:16.930,1.10166,1.10167,1.50,1.69
2016.07.22 13:46:16.981,1.10167,1.10168,1.24,1.00
2016.07.22 13:46:17.032,1.10166,1.1017,7.05,6.64
2016.07.22 13:46:17.083,1.10167,1.1017,1.24,3.64
2016.07.22 13:46:17.171,1.10167,1.1017,2.36,3.26
2016.07.22 13:46:17.224,1.10169,1.10171,1.00,3.37
2016.07.22 13:46:17.276,1.1017,1.10172,1.50,4.39
2016.07.22 13:46:17.327,1.1017,1.10172,1.50,2.70
2016.07.22 13:46:17.378,1.1017,1.10172,1.50,2.62
2016.07.22 13:46:17.430,1.1017,1.10172,2.62,2.62
2016.07.22 13:46:17.480,1.1017,1.10172,2.81,2.25
2016.07.22 13:46:17.531,1.1017,1.10172,2.06,1.00
2016.07.22 13:46:17.582,1.1017,1.10172,1.69,1.50
2016.07.22 13:46:17.633,1.1017,1.10172,1.00,1.50
2016.07.22 13:46:17.898,1.1017,1.10172,1.00,1.69
2016.07.22 13:46:18.106,1.1017,1.10172,1.00,1.00
2016.07.22 13:46:18.208,1.1017,1.10172,1.00,1.69
2016.07.22 13:46:18.310,1.1017,1.10172,1.00,2.06
2016.07.22 13:46:18.463,1.1017,1.10172,1.00,3.19
2016.07.22 13:46:18.515,1.1017,1.10172,1.00,3.94
2016.07.22 13:46:18.617,1.1017,1.10172,1.00,4.69
2016.07.22 13:46:18.699,1.1017,1.10171,1.00,1.00
2016.07.22 13:46:18.750,1.1017,1.10171,1.00,1.31
2016.07.22 13:46:19.922,1.1017,1.10171,1.00,4.16
2016.07.22 13:46:19.974,1.10168,1.10169,3.56,1.30
2016.07.22 13:46:20.025,1.10166,1.10168,5.44,1.50
2016.07.22 13:46:20.076,1.10166,1.10168,3.56,3.37
2016.07.22 13:46:20.128,1.10166,1.10167,1.00,1.12
2016.07.22 13:46:20.179,1.10164,1.10167,2.41,2.62
2016.07.22 13:46:20.231,1.10164,1.10167,2.34,1.31
2016.07.22 13:46:20.283,1.10164,1.10167,2.34,1.19
2016.07.22 13:46:20.334,1.10164,1.10167,3.09,1.00
2016.07.22 13:46:20.514,1.10164,1.10167,2.34,1.00
2016.07.22 13:46:20.667,1.10164,1.10167,1.96,1.00
2016.07.22 13:46:21.023,1.10164,1.10167,2.71,1.50
2016.07.22 13:46:21.074,1.10164,1.10166,1.96,1.95
2016.07.22 13:46:21.125,1.10164,1.10166,1.21,2.03
2016.07.22 13:46:21.209,1.10163,1.10167,6.27,3.64
2016.07.22 13:46:21.261,1.10165,1.10167,2.94,2.81
2016.07.22 13:46:21.313,1.10168,1.1017,1.00,29.81
2016.07.22 13:46:21.365,1.10168,1.10169,4.69,1.10
2016.07.22 13:46:21.416,1.10168,1.1017,4.12,1.50
2016.07.22 13:46:21.468,1.10168,1.10171,2.06,3.82
2016.07.22 13:46:21.519,1.10168,1.10171,1.12,4.39
2016.07.22 13:46:21.622,1.10168,1.10171,1.12,5.14
2016.07.22 13:46:21.723,1.10168,1.10171,1.12,4.01
2016.07.22 13:46:21.825,1.10168,1.10171,1.12,5.14
2016.07.22 13:46:22.470,1.10168,1.10171,1.12,4.39
2016.07.22 13:46:22.634,1.10168,1.10171,1.12,5.89
2016.07.22 13:46:22.686,1.10168,1.10171,1.12,5.51
2016.07.22 13:46:23.179,1.10168,1.10171,1.12,4.01
2016.07.22 13:46:23.637,1.10168,1.10171,1.12,3.94
2016.07.22 13:46:23.841,1.10168,1.10171,1.12,4.31
2016.07.22 13:46:24.044,1.10168,1.10171,1.12,3.94
2016.07.22 13:46:24.417,1.10168,1.10171,1.12,3.19
2016.07.22 13:46:24.519,1.10167,1.10171,5.70,2.44
2016.07.22 13:46:24.621,1.10168,1.10171,1.12,3.19
2016.07.22 13:46:24.723,1.10167,1.10171,6.45,2.44
2016.07.22 13:46:24.825,1.10167,1.10171,5.70,2.44
2016.07.22 13:46:24.926,1.10168,1.10171,1.12,3.19
2016.07.22 13:46:25.305,1.10167,1.10171,5.70,2.44
2016.07.22 13:46:25.356,1.10167,1.10171,6.45,1.69
2016.07.22 13:46:25.407,1.10168,1.10171,1.12,2.44
2016.07.22 13:46:25.510,1.10168,1.1017,1.12,1.37
2016.07.22 13:46:25.561,1.10168,1.10169,1.12,1.87
2016.07.22 13:46:25.612,1.10166,1.10168,1.87,1.37
2016.07.22 13:46:25.714,1.10166,1.10167,1.00,1.12
2016.07.22 13:46:25.765,1.10165,1.10167,1.11,1.12
2016.07.22 13:46:25.816,1.10165,1.10168,1.11,2.62
2016.07.22 13:46:25.868,1.10165,1.10168,1.11,3.37
2016.07.22 13:46:25.987,1.10165,1.10168,1.11,2.62
2016.07.22 13:46:26.089,1.10165,1.10168,1.00,2.62
2016.07.22 13:46:26.798,1.10165,1.10168,1.59,2.62
2016.07.22 13:46:26.950,1.10166,1.10168,1.00,1.87
2016.07.22 13:46:27.153,1.10165,1.10168,2.34,1.87
2016.07.22 13:46:27.256,1.10165,1.10168,1.59,1.87
2016.07.22 13:46:27.735,1.10165,1.10168,1.59,2.62
2016.07.22 13:46:27.939,1.10165,1.10168,1.59,2.70
2016.07.22 13:46:28.042,1.10165,1.10168,1.11,1.95
2016.07.22 13:46:28.144,1.10165,1.10168,1.59,2.70
2016.07.22 13:46:28.247,1.10165,1.10168,1.59,1.95
2016.07.22 13:46:28.885,1.10165,1.10168,1.59,2.70
2016.07.22 13:46:28.936,1.10165,1.10168,1.59,3.07
2016.07.22 13:46:29.949,1.10165,1.10168,1.11,3.07
2016.07.22 13:46:30.051,1.10165,1.10168,1.59,3.07
2016.07.22 13:46:30.152,1.10165,1.10168,1.59,4.57
2016.07.22 13:46:30.690,1.10165,1.10168,1.11,4.57
2016.07.22 13:46:30.741,1.10165,1.10168,1.59,4.57
2016.07.22 13:46:31.047,1.10165,1.10168,1.11,4.57
2016.07.22 13:46:31.150,1.10165,1.10168,1.59,4.57
2016.07.22 13:46:31.252,1.10165,1.10168,1.11,4.57
2016.07.22 13:46:31.452,1.10164,1.10167,2.34,1.87
2016.07.22 13:46:31.504,1.10164,1.10167,1.87,1.87
2016.07.22 13:46:31.556,1.10164,1.10167,1.00,4.31
2016.07.22 13:46:31.660,1.10164,1.10167,1.00,5.06
2016.07.22 13:46:31.711,1.10164,1.10167,1.00,5.44
2016.07.22 13:46:31.813,1.10164,1.10167,1.00,6.19
2016.07.22 13:46:31.864,1.10163,1.10167,3.26,6.19
2016.07.22 13:46:32.017,1.10163,1.10167,3.26,5.81
2016.07.22 13:46:32.208,1.10163,1.10167,4.01,7.31
2016.07.22 13:46:33.072,1.10163,1.10167,2.51,6.56
2016.07.22 13:46:33.174,1.10163,1.10167,4.01,7.31
2016.07.22 13:46:33.326,1.10163,1.10167,4.01,7.69
2016.07.22 13:46:33.569,1.10163,1.10167,4.39,8.44
2016.07.22 13:46:33.670,1.10163,1.10167,4.01,8.06
2016.07.22 13:46:33.721,1.10163,1.10167,4.39,8.06
2016.07.22 13:46:33.772,1.10163,1.10167,4.39,8.81
2016.07.22 13:46:33.823,1.10163,1.10167,4.01,8.81
2016.07.22 13:46:33.874,1.10163,1.10167,3.82,8.06
2016.07.22 13:46:34.285,1.10163,1.10167,3.82,7.69
2016.07.22 13:46:34.336,1.10163,1.10167,2.32,6.94
2016.07.22 13:46:34.437,1.10163,1.10167,3.82,7.69
2016.07.22 13:46:34.677,1.10163,1.10165,3.82,1.20
2016.07.22 13:46:34.728,1.10162,1.10165,6.56,5.10
2016.07.22 13:46:34.780,1.10162,1.10164,1.50,2.10
2016.07.22 13:46:34.831,1.10162,1.10164,1.00,3.41
2016.07.22 13:46:34.882,1.10161,1.10164,2.25,3.79
2016.07.22 13:46:34.933,1.10161,1.10164,2.25,3.19
2016.07.22 13:46:35.035,1.10161,1.10164,2.25,3.79
2016.07.22 13:46:35.086,1.10161,1.10164,1.50,3.79
2016.07.22 13:46:35.138,1.10161,1.10164,1.00,3.94
2016.07.22 13:46:35.239,1.10161,1.10164,1.00,3.19
2016.07.22 13:46:35.886,1.1016,1.10164,13.16,3.19
2016.07.22 13:46:35.987,1.10161,1.10164,1.00,5.06
2016.07.22 13:46:36.089,1.10162,1.10164,1.00,4.69
2016.07.22 13:46:36.140,1.10162,1.10164,1.00,4.31
2016.07.22 13:46:36.242,1.10162,1.10164,1.00,4.69
2016.07.22 13:46:36.949,1.10162,1.10164,1.00,4.31
2016.07.22 13:46:37.883,1.10162,1.10164,1.00,4.69
2016.07.22 13:46:37.985,1.10162,1.10164,1.00,4.31
2016.07.22 13:46:38.743,1.10162,1.10164,1.00,4.00
2016.07.22 13:46:39.048,1.10162,1.10164,1.00,3.84
2016.07.22 13:46:39.150,1.10162,1.10164,1.00,3.56
2016.07.22 13:46:39.252,1.10161,1.10164,2.25,3.56
2016.07.22 13:46:39.455,1.10162,1.10164,1.00,3.56
2016.07.22 13:46:39.557,1.10161,1.10164,2.25,3.56
2016.07.22 13:46:39.725,1.10161,1.10164,3.75,2.81
2016.07.22 13:46:39.776,1.10162,1.10164,1.00,1.31
2016.07.22 13:46:41.557,1.10161,1.10164,3.75,1.31
2016.07.22 13:46:41.659,1.10162,1.10164,1.00,1.31
2016.07.22 13:46:43.591,1.10161,1.10164,3.75,1.31
2016.07.22 13:46:43.693,1.10162,1.10164,1.00,1.31
2016.07.22 13:46:43.997,1.10161,1.10164,5.25,1.31
2016.07.22 13:46:44.099,1.10162,1.10164,1.00,1.31
2016.07.22 13:46:45.482,1.10162,1.10164,1.12,1.69
2016.07.22 13:46:45.533,1.10162,1.10164,1.50,2.47
2016.07.22 13:46:45.585,1.10161,1.10162,1.25,1.00
2016.07.22 13:46:45.636,1.1016,1.10163,1.87,4.31
2016.07.22 13:46:45.687,1.1016,1.10161,4.50,1.25
2016.07.22 13:46:45.738,1.10161,1.10162,1.69,1.12
2016.07.22 13:46:45.790,1.10161,1.10163,4.31,1.12
2016.07.22 13:46:45.841,1.10161,1.10164,7.01,1.00
2016.07.22 13:46:45.892,1.10162,1.10165,1.00,4.12
2016.07.22 13:46:45.944,1.10162,1.10165,1.00,3.00
2016.07.22 13:46:45.995,1.10162,1.10165,1.25,1.87
2016.07.22 13:46:46.076,1.10162,1.10165,1.31,1.50
2016.07.22 13:46:46.127,1.10163,1.10165,1.12,1.00
2016.07.22 13:46:46.179,1.10163,1.10166,2.25,2.70
2016.07.22 13:46:46.231,1.10163,1.10166,2.25,2.32
2016.07.22 13:46:46.283,1.10164,1.10166,1.00,2.32
2016.07.22 13:46:46.690,1.10164,1.10166,1.00,1.57
2016.07.22 13:46:46.792,1.10164,1.10166,1.00,2.32
2016.07.22 13:46:46.933,1.10164,1.10166,1.00,1.10
2016.07.22 13:46:46.986,1.10164,1.10166,1.00,1.57
2016.07.22 13:46:47.497,1.10164,1.10166,1.00,2.32
2016.07.22 13:46:47.599,1.10164,1.10166,1.00,3.07
2016.07.22 13:46:47.650,1.10164,1.10166,1.00,3.82
2016.07.22 13:46:47.835,1.10164,1.10166,1.00,4.01
2016.07.22 13:46:47.887,1.10163,1.10166,2.25,4.39
2016.07.22 13:46:47.990,1.10164,1.10166,1.00,4.39
2016.07.22 13:46:48.093,1.10164,1.10166,1.00,4.01
2016.07.22 13:46:48.348,1.10163,1.10166,1.69,4.01
2016.07.22 13:46:48.399,1.10163,1.10165,1.50,1.00
2016.07.22 13:46:48.580,1.10163,1.10165,1.00,1.87
2016.07.22 13:46:48.686,1.10163,1.10165,1.50,1.87
2016.07.22 13:46:48.739,1.10163,1.10165,1.50,2.62
2016.07.22 13:46:48.894,1.10163,1.10165,1.00,2.62
2016.07.22 13:46:48.997,1.10163,1.10165,1.50,3.37
2016.07.22 13:46:49.099,1.10163,1.10165,1.50,2.62
2016.07.22 13:46:49.355,1.10163,1.10165,1.50,1.87
2016.07.22 13:46:49.486,1.10163,1.10165,1.50,1.12
2016.07.22 13:46:49.588,1.10163,1.10165,1.12,1.12
2016.07.22 13:46:49.639,1.10163,1.10165,1.00,1.12
2016.07.22 13:46:49.996,1.10163,1.10166,1.00,5.51
2016.07.22 13:46:50.149,1.10164,1.10166,1.00,5.51
2016.07.22 13:46:50.201,1.10165,1.10166,1.00,2.14
2016.07.22 13:46:50.253,1.10165,1.10167,1.00,3.94
2016.07.22 13:46:50.354,1.10166,1.10167,1.00,1.12
2016.07.22 13:46:50.406,1.10166,1.10168,1.00,3.08
2016.07.22 13:46:50.559,1.10166,1.10168,1.00,2.33
2016.07.22 13:46:50.610,1.10166,1.10168,1.00,2.70
2016.07.22 13:46:50.661,1.10166,1.10168,1.50,1.95
2016.07.22 13:46:50.713,1.10166,1.10168,1.50,1.50
2016.07.22 13:46:50.816,1.10166,1.10168,1.50,1.00
2016.07.22 13:46:50.970,1.10166,1.10168,1.00,1.00
2016.07.22 13:46:52.041,1.10165,1.10168,4.50,1.12
2016.07.22 13:46:52.144,1.10165,1.10168,3.75,1.00
2016.07.22 13:46:52.195,1.10165,1.10168,5.25,1.00
2016.07.22 13:46:52.246,1.10165,1.10168,6.19,1.00
2016.07.22 13:46:52.348,1.10165,1.10168,4.31,1.00
2016.07.22 13:46:52.450,1.10165,1.10168,6.19,1.00
2016.07.22 13:46:52.501,1.10165,1.10168,5.81,1.00
2016.07.22 13:46:53.192,1.10165,1.10169,5.81,4.39
2016.07.22 13:46:53.243,1.10165,1.10169,4.87,3.26
2016.07.22 13:46:53.294,1.10165,1.10169,3.37,4.76
2016.07.22 13:46:53.344,1.10165,1.10169,4.31,7.01
2016.07.22 13:46:53.497,1.10165,1.10169,3.37,7.01
2016.07.22 13:46:53.599,1.10165,1.10169,4.31,7.01
2016.07.22 13:46:53.650,1.10165,1.10168,3.37,1.12
2016.07.22 13:46:53.701,1.10165,1.10168,2.44,1.12
2016.07.22 13:46:53.752,1.10165,1.10168,4.31,1.12
2016.07.22 13:46:53.914,1.10165,1.10168,3.37,1.12
2016.07.22 13:46:54.016,1.10165,1.10168,4.31,1.12
2016.07.22 13:46:54.067,1.10165,1.10168,3.37,1.12
2016.07.22 13:46:54.170,1.10165,1.10168,4.31,1.12
2016.07.22 13:46:54.324,1.10165,1.10168,2.81,1.12
2016.07.22 13:46:54.375,1.10165,1.10168,2.06,1.12
2016.07.22 13:46:54.426,1.10165,1.10168,3.00,1.12
2016.07.22 13:46:54.477,1.10165,1.10168,3.75,1.12
2016.07.22 13:46:54.528,1.10165,1.10168,4.31,1.00
2016.07.22 13:46:54.579,1.10165,1.10168,4.69,1.00
2016.07.22 13:46:54.630,1.10165,1.10168,3.75,1.00
2016.07.22 13:46:54.834,1.10165,1.10168,5.06,1.00
2016.07.22 13:46:54.966,1.10165,1.10168,4.69,1.00
2016.07.22 13:46:55.017,1.10165,1.10168,1.31,1.00
2016.07.22 13:46:55.172,1.10165,1.10168,2.06,1.00
2016.07.22 13:46:55.328,1.10165,1.10168,3.00,1.00
2016.07.22 13:46:55.431,1.10165,1.10168,2.25,1.00
2016.07.22 13:46:55.482,1.10165,1.10169,3.75,5.14
2016.07.22 13:46:55.534,1.10166,1.10169,1.00,7.19
2016.07.22 13:46:56.031,1.10166,1.10169,1.00,5.69
2016.07.22 13:46:56.234,1.10165,1.10169,8.25,3.64
2016.07.22 13:46:56.438,1.10166,1.10169,1.00,5.31
2016.07.22 13:46:57.132,1.10165,1.10169,6.56,4.76
2016.07.22 13:46:57.184,1.10165,1.10169,5.81,4.76
2016.07.22 13:46:57.387,1.10165,1.10169,6.56,4.76
2016.07.22 13:46:57.719,1.10165,1.10169,6.94,4.76
2016.07.22 13:46:57.771,1.10165,1.10169,7.69,5.31
2016.07.22 13:46:57.822,1.10165,1.10169,7.31,5.31
2016.07.22 13:46:57.873,1.10166,1.10169,1.00,5.31
2016.07.22 13:46:58.076,1.10166,1.10169,1.00,3.26
2016.07.22 13:46:58.127,1.10166,1.10169,1.00,5.31
2016.07.22 13:46:58.178,1.10165,1.10169,7.31,5.31
2016.07.22 13:46:58.332,1.10165,1.10169,6.37,3.26
2016.07.22 13:46:58.383,1.10165,1.10169,5.44,3.26
2016.07.22 13:46:58.434,1.10165,1.10169,6.56,5.31
2016.07.22 13:46:58.536,1.10165,1.10169,6.19,4.94
2016.07.22 13:46:58.587,1.10165,1.10169,6.00,4.94
2016.07.22 13:46:58.688,1.10165,1.10168,5.44,1.12
2016.07.22 13:46:58.739,1.10165,1.10168,3.94,1.12
2016.07.22 13:46:58.790,1.10165,1.10168,3.19,1.12
2016.07.22 13:46:59.467,1.10165,1.10168,2.25,1.12
2016.07.22 13:46:59.569,1.10165,1.10168,3.19,1.12
2016.07.22 13:46:59.934,1.10165,1.10168,3.56,1.12
2016.07.22 13:46:59.985,1.10165,1.10168,4.31,1.12
2016.07.22 13:47:00.036,1.10165,1.10168,3.37,1.12
2016.07.22 13:47:00.138,1.10165,1.10168,4.12,1.12
2016.07.22 13:47:00.305,1.10165,1.10169,4.87,6.81
2016.07.22 13:47:00.356,1.10166,1.10169,1.00,6.81
2016.07.22 13:47:00.407,1.10166,1.10169,1.87,6.44
2016.07.22 13:47:00.459,1.10167,1.10169,1.00,5.69
2016.07.22 13:47:00.510,1.10167,1.10169,1.00,4.56
2016.07.22 13:47:00.561,1.10166,1.10169,1.00,5.69
2016.07.22 13:47:00.612,1.10166,1.10167,1.00,1.00
2016.07.22 13:47:00.663,1.10165,1.10167,3.56,1.30
2016.07.22 13:47:00.714,1.10165,1.10167,1.87,1.30
2016.07.22 13:47:00.817,1.10165,1.10167,1.50,1.30
2016.07.22 13:47:00.972,1.10165,1.10167,1.00,1.30
2016.07.22 13:47:01.757,1.10165,1.10167,1.00,1.00
2016.07.22 13:47:01.858,1.10165,1.10167,1.00,1.30
2016.07.22 13:47:02.564,1.10165,1.10167,1.00,1.00
2016.07.22 13:47:02.666,1.10165,1.10167,1.00,1.30
2016.07.22 13:47:03.022,1.10165,1.10167,1.00,1.67
2016.07.22 13:47:03.144,1.10164,1.10166,2.51,1.00
2016.07.22 13:47:03.195,1.10164,1.10166,1.10,1.67
2016.07.22 13:47:03.248,1.10163,1.10166,4.76,1.67
2016.07.22 13:47:03.299,1.10163,1.10166,3.26,2.42
2016.07.22 13:47:03.860,1.10163,1.10166,1.76,1.87
2016.07.22 13:47:03.962,1.10163,1.10166,3.26,2.42
2016.07.22 13:47:04.078,1.10163,1.10166,3.26,1.12
2016.07.22 13:47:04.344,1.10163,1.10166,1.76,1.12
2016.07.22 13:47:04.446,1.10164,1.10166,1.35,1.00
2016.07.22 13:47:04.497,1.10164,1.10166,2.10,1.00
2016.07.22 13:47:04.548,1.10164,1.10167,2.10,2.44
2016.07.22 13:47:04.600,1.10164,1.10167,2.10,1.25
2016.07.22 13:47:04.652,1.10165,1.10167,1.00,1.30
2016.07.22 13:47:05.098,1.10165,1.10166,1.00,1.00
2016.07.22 13:47:05.149,1.10164,1.10166,1.00,1.12
2016.07.22 13:47:05.200,1.10164,1.10166,1.00,1.87
2016.07.22 13:47:05.251,1.10163,1.10166,2.32,1.87
2016.07.22 13:47:05.302,1.10163,1.10166,2.32,3.37
2016.07.22 13:47:05.353,1.10163,1.10165,2.32,1.00
2016.07.22 13:47:05.455,1.10163,1.10165,2.32,1.12
2016.07.22 13:47:05.557,1.10163,1.10165,2.32,1.67
2016.07.22 13:47:05.609,1.10163,1.10165,2.32,2.42
2016.07.22 13:47:05.660,1.10163,1.10165,2.32,1.87
2016.07.22 13:47:05.711,1.10163,1.10165,2.32,2.62
2016.07.22 13:47:05.838,1.10162,1.10163,2.25,2.62
2016.07.22 13:47:05.889,1.10161,1.10163,1.50,10.22
2016.07.22 13:47:05.940,1.10161,1.10162,1.50,1.23
2016.07.22 13:47:05.992,1.10161,1.10162,1.00,1.23
2016.07.22 13:47:06.043,1.10161,1.10163,1.00,5.72
2016.07.22 13:47:06.094,1.10161,1.10163,1.00,6.10
2016.07.22 13:47:06.145,1.10161,1.10163,1.00,4.60
2016.07.22 13:47:06.196,1.10161,1.10163,1.50,4.75
2016.07.22 13:47:06.248,1.10161,1.10163,1.50,6.25
2016.07.22 13:47:06.350,1.10161,1.10163,1.00,2.70
2016.07.22 13:47:06.451,1.10161,1.10163,1.50,4.20
2016.07.22 13:47:06.760,1.10161,1.10163,1.00,2.70
2016.07.22 13:47:06.811,1.10161,1.10163,1.00,4.80
2016.07.22 13:47:06.863,1.10161,1.10163,1.50,5.55
2016.07.22 13:47:06.914,1.10161,1.10163,1.50,4.80
2016.07.22 13:47:07.016,1.10161,1.10163,1.50,4.05
2016.07.22 13:47:07.119,1.10161,1.10163,1.50,3.30
2016.07.22 13:47:07.253,1.10156,1.10158,10.31,2.42
2016.07.22 13:47:07.305,1.10157,1.10158,1.00,3.17
2016.07.22 13:47:07.356,1.10155,1.10158,7.05,3.17
2016.07.22 13:47:07.407,1.10155,1.10158,4.80,2.42
2016.07.22 13:47:07.459,1.10155,1.10158,5.47,9.92
2016.07.22 13:47:07.510,1.10155,1.10158,6.41,9.92
2016.07.22 13:47:07.562,1.10155,1.10158,4.54,1.00
2016.07.22 13:47:07.613,1.10155,1.10158,4.50,1.00
2016.07.22 13:47:07.664,1.10156,1.10158,1.00,1.00
2016.07.22 13:47:07.767,1.10157,1.10158,1.00,1.00
2016.07.22 13:47:07.998,1.10156,1.10159,3.00,1.00
2016.07.22 13:47:08.049,1.10156,1.10159,2.25,1.00
2016.07.22 13:47:08.100,1.10156,1.10159,1.50,1.50
2016.07.22 13:47:08.151,1.10156,1.10159,1.50,2.25
2016.07.22 13:47:08.202,1.10156,1.10159,1.00,3.30
2016.07.22 13:47:08.354,1.10156,1.10158,1.00,1.05
2016.07.22 13:47:08.743,1.10156,1.10158,1.00,2.55
2016.07.22 13:47:08.794,1.10156,1.10158,1.00,4.05
2016.07.22 13:47:08.845,1.10156,1.10158,1.00,3.30
2016.07.22 13:47:08.896,1.10156,1.10158,1.00,2.55
2016.07.22 13:47:08.947,1.10156,1.10158,1.00,2.18
2016.07.22 13:47:08.999,1.10156,1.10158,1.00,2.93
2016.07.22 13:47:09.316,1.10156,1.10158,1.00,4.05
2016.07.22 13:47:09.423,1.10156,1.10158,1.00,2.55
2016.07.22 13:47:09.476,1.10156,1.10158,1.00,2.18
2016.07.22 13:47:09.680,1.10155,1.10158,4.05,2.18
2016.07.22 13:47:09.731,1.10155,1.10158,3.30,2.18
2016.07.22 13:47:09.833,1.10155,1.10158,4.05,2.18
2016.07.22 13:47:09.884,1.10155,1.10158,4.65,2.55
2016.07.22 13:47:09.935,1.10155,1.10158,5.40,2.55
2016.07.22 13:47:09.989,1.10155,1.10158,5.40,2.18
2016.07.22 13:47:10.091,1.10155,1.10158,4.65,1.43
2016.07.22 13:47:10.192,1.10155,1.10158,5.40,2.18
2016.07.22 13:47:10.871,1.10155,1.10158,4.65,1.43
2016.07.22 13:47:10.922,1.10155,1.10158,3.90,1.43
2016.07.22 13:47:11.024,1.10155,1.10159,3.90,8.25
2016.07.22 13:47:11.076,1.10155,1.10158,5.40,1.43
2016.07.22 13:47:11.127,1.10155,1.10158,6.15,1.43
2016.07.22 13:47:11.280,1.10155,1.10159,3.90,7.88
2016.07.22 13:47:11.381,1.10155,1.10158,6.15,1.05
2016.07.22 13:47:12.178,1.10157,1.10159,1.00,4.88
2016.07.22 13:47:12.229,1.10158,1.10159,1.00,1.20
2016.07.22 13:47:12.280,1.10158,1.1016,1.12,2.70
2016.07.22 13:47:12.332,1.10158,1.1016,3.22,1.00
2016.07.22 13:47:12.383,1.10158,1.10162,5.29,5.14
2016.07.22 13:47:12.513,1.10159,1.10161,1.35,1.18
2016.07.22 13:47:12.869,1.10159,1.10161,1.35,2.68
2016.07.22 13:47:12.920,1.10159,1.10161,1.35,1.93
2016.07.22 13:47:12.973,1.10159,1.10161,1.35,2.68
2016.07.22 13:47:13.075,1.10159,1.10161,1.00,3.05
2016.07.22 13:47:13.126,1.10158,1.10161,2.25,4.18
2016.07.22 13:47:13.177,1.10158,1.10161,1.50,3.80
2016.07.22 13:47:13.331,1.10158,1.1016,1.00,1.69
2016.07.22 13:47:13.437,1.10158,1.1016,1.00,5.44
2016.07.22 13:47:13.491,1.10156,1.10159,3.26,1.31
2016.07.22 13:47:13.596,1.10156,1.1016,2.32,9.56
2016.07.22 13:47:13.647,1.10156,1.1016,1.57,8.44
2016.07.22 13:47:13.800,1.10156,1.1016,1.76,11.06
2016.07.22 13:47:13.902,1.10156,1.1016,2.51,11.81
2016.07.22 13:47:13.953,1.10156,1.1016,2.51,14.17
2016.07.22 13:47:14.005,1.10156,1.10158,1.10,1.12
2016.07.22 13:47:14.158,1.10156,1.10158,1.00,1.12
2016.07.22 13:47:14.582,1.10156,1.10159,1.50,2.81
2016.07.22 13:47:14.633,1.10156,1.10159,1.50,2.06
2016.07.22 13:47:14.685,1.10156,1.10158,1.50,1.00
2016.07.22 13:47:15.684,1.10156,1.10159,1.50,1.25
2016.07.22 13:47:15.786,1.10156,1.10158,1.50,1.00
2016.07.22 13:47:15.990,1.10156,1.10159,1.50,1.31
2016.07.22 13:47:16.092,1.10156,1.10159,1.50,1.25
2016.07.22 13:47:16.194,1.10156,1.10158,1.50,1.00
2016.07.22 13:47:17.039,1.10156,1.10158,1.00,1.00
2016.07.22 13:47:17.766,1.10156,1.10158,1.35,1.00
2016.07.22 13:47:17.820,1.10156,1.10158,1.35,1.12
2016.07.22 13:47:18.024,1.10156,1.10158,1.35,1.00
2016.07.22 13:47:18.227,1.10156,1.10158,1.35,1.12
2016.07.22 13:47:18.364,1.10156,1.10158,1.35,1.00
2016.07.22 13:47:18.415,1.10156,1.10159,1.35,2.30
2016.07.22 13:47:18.518,1.10156,1.10158,1.35,1.12
2016.07.22 13:47:18.940,1.10156,1.10158,1.00,1.12
2016.07.22 13:47:18.991,1.10156,1.10159,1.00,4.03
2016.07.22 13:47:19.093,1.10156,1.10158,1.00,1.12
2016.07.22 13:47:19.446,1.10156,1.10158,1.50,1.12
2016.07.22 13:47:19.599,1.10156,1.10159,1.50,2.91
2016.07.22 13:47:19.650,1.10156,1.10159,1.50,2.53
2016.07.22 13:47:19.701,1.10156,1.10158,1.50,1.12
2016.07.22 13:47:19.753,1.10156,1.10158,1.00,1.12
2016.07.22 13:47:19.804,1.10156,1.10159,1.00,2.53
2016.07.22 13:47:19.856,1.10156,1.10159,1.35,3.05
2016.07.22 13:47:20.149,1.10156,1.10159,2.10,1.93
2016.07.22 13:47:20.403,1.10156,1.10159,2.10,1.74
2016.07.22 13:47:20.861,1.10156,1.10159,2.10,2.12
2016.07.22 13:47:20.912,1.10156,1.10159,1.50,2.49
2016.07.22 13:47:20.963,1.10156,1.10159,1.00,2.49
2016.07.22 13:47:21.096,1.10156,1.10157,1.00,1.00
2016.07.22 13:47:21.299,1.10156,1.10158,1.00,1.07
2016.07.22 13:47:21.914,1.10156,1.10158,1.50,1.55
2016.07.22 13:47:22.221,1.10156,1.10158,1.00,1.55
2016.07.22 13:47:23.002,1.10156,1.10158,1.00,1.93
2016.07.22 13:47:23.807,1.10156,1.10158,1.00,1.55
2016.07.22 13:47:23.909,1.10156,1.10158,1.50,1.93
2016.07.22 13:47:24.011,1.10156,1.10158,1.00,1.07
2016.07.22 13:47:24.062,1.10156,1.10159,1.00,7.93
2016.07.22 13:47:24.113,1.10156,1.10158,1.00,1.18
2016.07.22 13:47:24.836,1.10156,1.10159,1.00,8.30
2016.07.22 13:47:24.989,1.10156,1.10159,1.00,9.28
2016.07.22 13:47:25.040,1.10156,1.10158,1.00,1.39
2016.07.22 13:47:25.142,1.10156,1.10158,1.00,1.77
2016.07.22 13:47:25.706,1.10156,1.10158,1.00,1.02
2016.07.22 13:47:25.808,1.10156,1.10158,1.00,1.77
2016.07.22 13:47:27.519,1.10156,1.10158,1.00,1.02
2016.07.22 13:47:27.610,1.10156,1.10158,1.00,1.77
2016.07.22 13:47:27.813,1.10156,1.10158,1.00,1.00
2016.07.22 13:47:27.864,1.10155,1.10159,4.20,8.34
2016.07.22 13:47:27.915,1.10155,1.10158,4.39,2.49
2016.07.22 13:47:28.164,1.10155,1.10158,4.20,2.49
2016.07.22 13:47:28.273,1.10155,1.10158,4.39,2.49
2016.07.22 13:47:28.477,1.10156,1.10158,1.00,1.74
2016.07.22 13:47:29.469,1.10156,1.10158,1.00,1.38
2016.07.22 13:47:29.521,1.10156,1.10159,1.50,7.38
2016.07.22 13:47:29.929,1.10156,1.10159,1.50,7.74
2016.07.22 13:47:30.032,1.10156,1.10159,1.00,5.88
2016.07.22 13:47:30.083,1.10156,1.10159,1.50,5.88
2016.07.22 13:47:30.213,1.10156,1.10159,1.50,8.41
2016.07.22 13:47:31.023,1.10156,1.10159,1.50,6.91
2016.07.22 13:47:31.126,1.10156,1.10159,1.50,6.16
2016.07.22 13:47:31.231,1.10156,1.10159,1.50,7.66
2016.07.22 13:47:31.361,1.10156,1.10159,1.50,6.16
2016.07.22 13:47:31.463,1.10156,1.10159,1.50,12.16
2016.07.22 13:47:31.927,1.10156,1.10159,1.50,7.66
2016.07.22 13:47:32.029,1.10156,1.10159,1.50,12.16
2016.07.22 13:47:32.233,1.10156,1.10159,1.50,12.91
2016.07.22 13:47:32.628,1.10156,1.10159,1.50,13.30
2016.07.22 13:47:32.679,1.10156,1.10159,1.50,13.31
2016.07.22 13:47:32.730,1.10156,1.10159,1.50,12.94
2016.07.22 13:47:32.921,1.10156,1.10159,1.50,12.19
2016.07.22 13:47:33.734,1.10156,1.10159,1.50,7.69
2016.07.22 13:47:33.836,1.10156,1.10159,1.50,12.19
2016.07.22 13:47:34.500,1.10157,1.10159,1.00,8.81
2016.07.22 13:47:34.552,1.10158,1.10159,1.50,3.19
2016.07.22 13:47:34.604,1.10158,1.10161,1.00,1.76
2016.07.22 13:47:34.655,1.10157,1.10161,7.69,1.39
2016.07.22 13:47:34.706,1.10158,1.10161,1.00,1.01
2016.07.22 13:47:34.810,1.10158,1.1016,1.00,1.25
2016.07.22 13:47:34.912,1.10158,1.1016,1.00,2.06
2016.07.22 13:47:34.963,1.10158,1.1016,1.00,3.19
2016.07.22 13:47:35.153,1.10158,1.1016,1.00,2.44
2016.07.22 13:47:35.204,1.10158,1.1016,1.00,1.25
2016.07.22 13:47:35.256,1.10158,1.1016,1.00,1.69
2016.07.22 13:47:35.307,1.10158,1.1016,1.00,2.06
2016.07.22 13:47:35.408,1.10158,1.1016,1.00,1.31
2016.07.22 13:47:35.510,1.10158,1.1016,1.00,1.25
2016.07.22 13:47:35.931,1.10158,1.10159,1.00,1.35
2016.07.22 13:47:35.982,1.10157,1.10158,2.25,1.00
2016.07.22 13:47:36.033,1.10156,1.10158,1.87,1.12
2016.07.22 13:47:36.085,1.10156,1.10158,1.37,1.50
2016.07.22 13:47:36.136,1.10155,1.10159,4.39,12.97
2016.07.22 13:47:36.340,1.10155,1.10159,5.89,10.50
2016.07.22 13:47:36.391,1.10155,1.10159,6.64,5.62
2016.07.22 13:47:36.442,1.10155,1.10159,7.01,4.87
2016.07.22 13:47:36.582,1.10155,1.10159,5.89,6.37
2016.07.22 13:47:36.634,1.10155,1.10159,5.14,7.12
2016.07.22 13:47:36.688,1.10156,1.10159,1.00,10.12
2016.07.22 13:47:36.739,1.10155,1.10159,4.01,7.50
2016.07.22 13:47:36.790,1.10155,1.10159,5.51,7.50
2016.07.22 13:47:36.943,1.10156,1.10159,1.00,11.10
2016.07.22 13:47:37.045,1.10156,1.10159,1.00,9.97
2016.07.22 13:47:37.096,1.10156,1.10159,1.00,10.72
2016.07.22 13:47:37.198,1.10156,1.10159,1.00,9.97
2016.07.22 13:47:37.384,1.10156,1.10159,1.00,10.72
2016.07.22 13:47:37.435,1.10156,1.10158,1.00,1.12
2016.07.22 13:47:38.148,1.10156,1.10158,1.00,1.72
2016.07.22 13:47:38.250,1.10155,1.10158,5.51,2.85
2016.07.22 13:47:38.526,1.10155,1.10157,5.51,1.12
2016.07.22 13:47:38.679,1.10155,1.10157,4.76,1.12
2016.07.22 13:47:38.731,1.10155,1.10157,3.26,1.12
2016.07.22 13:47:38.782,1.10155,1.10157,3.19,1.12
2016.07.22 13:47:38.884,1.10155,1.10157,3.94,1.12
2016.07.22 13:47:39.037,1.10155,1.10157,4.69,1.12
2016.07.22 13:47:39.088,1.10155,1.10157,3.19,1.12
2016.07.22 13:47:39.278,1.10155,1.10157,3.94,1.72
2016.07.22 13:47:39.330,1.10155,1.10157,2.44,3.04
2016.07.22 13:47:39.381,1.10154,1.10156,2.17,1.30
2016.07.22 13:47:39.432,1.10154,1.10156,1.80,1.72
2016.07.22 13:47:39.635,1.10154,1.10156,1.80,1.30
2016.07.22 13:47:39.686,1.10154,1.10157,1.80,5.92
2016.07.22 13:47:39.788,1.10153,1.10157,3.64,5.17
2016.07.22 13:47:39.839,1.10153,1.10157,4.39,4.42
2016.07.22 13:47:39.890,1.10154,1.10157,1.05,5.17
2016.07.22 13:47:40.320,1.10154,1.10157,1.05,4.80
2016.07.22 13:47:40.371,1.10154,1.10157,1.05,5.17
2016.07.22 13:47:40.983,1.10153,1.10157,4.39,3.67
2016.07.22 13:47:41.085,1.10154,1.10157,1.05,5.17
2016.07.22 13:47:41.295,1.10154,1.10157,1.05,4.95
2016.07.22 13:47:41.397,1.10154,1.10157,1.80,4.80
2016.07.22 13:47:41.448,1.10154,1.10157,1.80,3.82
2016.07.22 13:47:41.499,1.10153,1.10157,5.14,3.07
2016.07.22 13:47:41.601,1.10154,1.10157,1.05,3.82
2016.07.22 13:47:41.979,1.10154,1.10156,1.05,1.12
2016.07.22 13:47:42.030,1.10154,1.10156,1.20,1.12
2016.07.22 13:47:42.181,1.10154,1.10156,1.00,1.12
2016.07.22 13:47:43.287,1.10153,1.10156,2.44,1.12
2016.07.22 13:47:43.338,1.10153,1.10156,3.19,1.12
2016.07.22 13:47:43.389,1.10154,1.10156,1.00,1.12
2016.07.22 13:47:43.491,1.10153,1.10156,3.37,1.12
2016.07.22 13:47:43.797,1.10153,1.10156,2.44,1.12
2016.07.22 13:47:43.899,1.10153,1.10156,3.37,1.12
2016.07.22 13:47:44.001,1.10153,1.10156,2.44,1.12
2016.07.22 13:47:44.057,1.10153,1.10156,3.37,1.12
2016.07.22 13:47:44.397,1.10153,1.10156,2.44,1.12
2016.07.22 13:47:44.500,1.10154,1.10156,1.00,1.00
2016.07.22 13:47:44.603,1.10154,1.10156,1.00,1.12
2016.07.22 13:47:44.654,1.10154,1.10157,1.00,2.32
2016.07.22 13:47:44.705,1.10154,1.10157,1.25,3.82
2016.07.22 13:47:44.808,1.10154,1.10157,1.69,3.07
2016.07.22 13:47:44.860,1.10154,1.10157,1.50,2.70
2016.07.22 13:47:44.962,1.10154,1.10157,1.69,2.70
2016.07.22 13:47:45.166,1.10154,1.10157,1.00,1.95
2016.07.22 13:47:45.350,1.10155,1.10157,1.50,1.57
2016.07.22 13:47:45.402,1.10155,1.10157,2.25,1.10
2016.07.22 13:47:45.554,1.10155,1.10157,3.00,1.10
2016.07.22 13:47:45.707,1.10155,1.10157,3.00,1.20
2016.07.22 13:47:45.759,1.10155,1.10157,1.50,1.20
2016.07.22 13:47:45.810,1.10155,1.10156,1.00,1.26
2016.07.22 13:47:45.861,1.10155,1.10157,1.00,2.89
2016.07.22 13:47:45.912,1.10155,1.10156,1.00,1.32
2016.07.22 13:47:45.963,1.10154,1.10156,1.00,1.69
2016.07.22 13:47:46.269,1.10154,1.10156,1.00,2.07
2016.07.22 13:47:46.421,1.10154,1.10156,1.00,1.69
2016.07.22 13:47:46.523,1.10154,1.10156,1.50,1.26
2016.07.22 13:47:46.574,1.10154,1.10156,2.25,1.26
2016.07.22 13:47:46.625,1.10154,1.10156,3.00,1.23
2016.07.22 13:47:46.677,1.10155,1.10157,1.00,2.13
2016.07.22 13:47:46.803,1.10156,1.10158,1.00,2.06
2016.07.22 13:47:46.857,1.10155,1.10158,8.25,1.31
2016.07.22 13:47:46.908,1.10155,1.10158,8.44,1.31
2016.07.22 13:47:46.959,1.10156,1.10158,1.00,1.31
2016.07.22 13:47:47.011,1.10157,1.10158,1.00,2.06
2016.07.22 13:47:47.063,1.10157,1.10158,1.00,2.44
2016.07.22 13:47:47.115,1.10155,1.10158,3.75,2.44
2016.07.22 13:47:47.167,1.10155,1.10158,1.50,2.44
2016.07.22 13:47:47.219,1.10155,1.10158,1.50,3.19
2016.07.22 13:47:47.270,1.10154,1.10158,5.32,2.44
2016.07.22 13:47:47.373,1.10155,1.10158,1.00,3.19
2016.07.22 13:47:47.754,1.10155,1.10158,1.00,3.56
2016.07.22 13:47:47.917,1.10154,1.10158,4.57,3.56
2016.07.22 13:47:47.968,1.10154,1.10158,4.20,3.56
2016.07.22 13:47:48.071,1.10154,1.10158,4.57,3.56
2016.07.22 13:47:48.914,1.10154,1.10158,3.82,2.81
2016.07.22 13:47:49.169,1.10154,1.10158,3.45,2.81
2016.07.22 13:47:49.220,1.10154,1.10158,4.20,3.56
2016.07.22 13:47:49.673,1.10154,1.10158,4.20,3.94
2016.07.22 13:47:49.724,1.10154,1.10158,3.45,3.19
2016.07.22 13:47:49.781,1.10154,1.10158,4.20,3.94
2016.07.22 13:47:50.036,1.10154,1.10158,3.45,4.69
2016.07.22 13:47:51.196,1.10154,1.10158,2.70,3.94
2016.07.22 13:47:51.298,1.10154,1.10158,3.45,4.69
2016.07.22 13:47:51.917,1.10154,1.10158,4.20,3.94
2016.07.22 13:47:51.968,1.10154,1.10158,3.45,3.19
2016.07.22 13:47:52.019,1.10154,1.10158,4.20,3.19
2016.07.22 13:47:52.274,1.10154,1.10158,3.45,3.19
2016.07.22 13:47:52.528,1.10154,1.10158,4.20,3.19
2016.07.22 13:47:52.629,1.10154,1.10158,2.70,2.44
2016.07.22 13:47:52.680,1.10154,1.10158,2.70,2.06
2016.07.22 13:47:52.731,1.10154,1.10158,2.70,5.29
2016.07.22 13:47:52.783,1.10154,1.10158,3.45,5.29
2016.07.22 13:47:53.094,1.10154,1.10158,1.95,4.54
2016.07.22 13:47:53.145,1.10154,1.10158,1.95,4.16
2016.07.22 13:47:53.196,1.10154,1.10158,3.45,4.91
2016.07.22 13:47:53.247,1.10155,1.10158,1.00,4.91
2016.07.22 13:47:53.349,1.10154,1.10158,4.01,4.91
2016.07.22 13:47:53.400,1.10154,1.10158,3.64,4.91
2016.07.22 13:47:53.451,1.10155,1.10158,1.50,4.91
2016.07.22 13:47:53.502,1.10156,1.10158,1.00,2.66
2016.07.22 13:47:53.553,1.10156,1.10158,2.25,2.06
2016.07.22 13:47:53.604,1.10157,1.10158,1.00,1.31
2016.07.22 13:47:53.655,1.10157,1.10158,1.00,1.25
2016.07.22 13:47:53.706,1.10157,1.10158,1.50,1.12
2016.07.22 13:47:53.834,1.10157,1.10158,1.00,1.00
2016.07.22 13:47:53.888,1.10157,1.10159,1.00,6.30
2016.07.22 13:47:53.939,1.10155,1.10158,1.95,1.12
2016.07.22 13:47:53.990,1.10155,1.10157,1.10,1.00
2016.07.22 13:47:54.092,1.10155,1.10157,1.00,1.00
2016.07.22 13:47:54.194,1.10155,1.10158,1.00,3.37
2016.07.22 13:47:54.398,1.10155,1.10158,1.50,3.37
2016.07.22 13:47:54.449,1.10155,1.10158,2.25,3.37
2016.07.22 13:47:54.551,1.10155,1.10157,2.25,1.00
2016.07.22 13:47:54.736,1.10153,1.10156,8.25,1.00
2016.07.22 13:47:54.789,1.10153,1.10156,4.12,1.12
2016.07.22 13:47:54.841,1.10153,1.10156,1.12,1.12
2016.07.22 13:47:54.943,1.10153,1.10156,1.12,2.62
2016.07.22 13:47:55.045,1.10153,1.10156,1.12,2.70
2016.07.22 13:47:55.350,1.10153,1.10155,1.12,1.00
2016.07.22 13:47:55.402,1.10152,1.10154,3.21,4.12
2016.07.22 13:47:55.453,1.10152,1.10153,1.69,1.00
2016.07.22 13:47:55.504,1.10151,1.10153,1.50,1.00
2016.07.22 13:47:55.628,1.10151,1.10154,1.69,13.61
2016.07.22 13:47:55.680,1.1015,1.10153,5.25,2.85
2016.07.22 13:47:55.884,1.1015,1.10153,5.25,2.25
2016.07.22 13:47:55.935,1.1015,1.10153,4.87,2.25
2016.07.22 13:47:56.037,1.1015,1.10153,5.25,2.25
2016.07.22 13:47:56.138,1.1015,1.10153,4.50,2.25
2016.07.22 13:47:56.342,1.1015,1.10153,3.00,1.50
2016.07.22 13:47:56.393,1.1015,1.10153,3.37,1.00
2016.07.22 13:47:56.444,1.1015,1.10154,3.75,13.24
2016.07.22 13:47:56.500,1.1015,1.10153,5.25,1.12
2016.07.22 13:47:56.551,1.1015,1.10153,4.87,1.12
2016.07.22 13:47:56.684,1.1015,1.10153,4.50,1.12
2016.07.22 13:47:56.736,1.1015,1.10153,4.50,1.87
2016.07.22 13:47:56.838,1.1015,1.10153,4.12,1.87
2016.07.22 13:47:56.889,1.1015,1.10153,4.87,1.87
2016.07.22 13:47:56.940,1.1015,1.10153,5.25,1.87
2016.07.22 13:47:56.991,1.1015,1.10153,4.50,1.87
2016.07.22 13:47:57.042,1.1015,1.10153,5.25,1.87
2016.07.22 13:47:57.555,1.1015,1.10153,4.50,1.87
2016.07.22 13:47:57.740,1.1015,1.10153,5.25,1.87
2016.07.22 13:47:57.895,1.1015,1.10153,5.25,2.62
2016.07.22 13:47:58.054,1.1015,1.10153,4.50,2.62
2016.07.22 13:47:58.156,1.1015,1.10153,5.25,2.62
2016.07.22 13:47:58.439,1.1015,1.10153,3.75,1.87
2016.07.22 13:47:58.628,1.1015,1.10153,5.25,2.62
2016.07.22 13:47:58.932,1.1015,1.10153,5.25,3.22
2016.07.22 13:47:59.034,1.10149,1.10151,6.64,3.00
2016.07.22 13:47:59.086,1.10149,1.1015,3.64,2.10
2016.07.22 13:47:59.137,1.10147,1.10149,1.87,3.37
2016.07.22 13:47:59.188,1.10147,1.10149,1.50,4.35
2016.07.22 13:47:59.239,1.10146,1.10147,1.50,1.00
2016.07.22 13:47:59.353,1.10145,1.10147,1.95,1.00
2016.07.22 13:47:59.457,1.10145,1.10148,5.32,1.00
2016.07.22 13:47:59.509,1.10145,1.10148,6.45,1.00
2016.07.22 13:47:59.562,1.10145,1.10148,6.07,2.25
2016.07.22 13:47:59.613,1.10145,1.10148,5.92,1.50
2016.07.22 13:47:59.664,1.10146,1.10149,1.00,1.50
2016.07.22 13:47:59.716,1.10146,1.10149,1.50,1.00
2016.07.22 13:47:59.768,1.10146,1.10149,2.25,1.00
2016.07.22 13:47:59.820,1.10146,1.10149,4.87,1.00
2016.07.22 13:47:59.974,1.10146,1.10149,4.91,1.00
2016.07.22 13:48:00.025,1.10148,1.10149,1.00,1.00
2016.07.22 13:48:00.153,1.10149,1.1015,1.00,1.10
2016.07.22 13:48:00.209,1.10149,1.10151,1.00,1.69
2016.07.22 13:48:00.260,1.10149,1.10151,1.00,3.94
2016.07.22 13:48:00.312,1.10149,1.1015,1.00,1.00
2016.07.22 13:48:00.415,1.10149,1.10151,1.50,1.25
2016.07.22 13:48:00.517,1.10149,1.10151,3.75,1.69
2016.07.22 13:48:00.570,1.10149,1.10151,4.72,1.31
2016.07.22 13:48:00.622,1.10149,1.10151,4.72,1.25
2016.07.22 13:48:00.673,1.1015,1.10151,1.50,1.00
2016.07.22 13:48:00.724,1.1015,1.10152,2.25,7.00
2016.07.22 13:48:00.775,1.1015,1.10152,2.44,7.00
2016.07.22 13:48:00.826,1.1015,1.10152,2.62,7.00
2016.07.22 13:48:00.953,1.1015,1.10152,2.44,7.00
2016.07.22 13:48:01.005,1.1015,1.10151,1.50,1.00
2016.07.22 13:48:01.417,1.1015,1.10151,1.00,1.00
2016.07.22 13:48:01.841,1.1015,1.10152,1.87,7.00
2016.07.22 13:48:01.995,1.1015,1.10152,2.81,7.00
2016.07.22 13:48:02.096,1.1015,1.10152,3.56,7.00
2016.07.22 13:48:02.149,1.1015,1.10152,3.37,7.00
2016.07.22 13:48:02.200,1.1015,1.10152,3.19,7.00
2016.07.22 13:48:02.251,1.1015,1.10152,3.00,7.00
2016.07.22 13:48:02.404,1.1015,1.10152,2.25,7.00
2016.07.22 13:48:02.557,1.1015,1.10152,3.00,7.00
2016.07.22 13:48:02.743,1.1015,1.10152,2.25,7.00
2016.07.22 13:48:02.794,1.1015,1.10152,3.00,7.00
2016.07.22 13:48:02.947,1.1015,1.10152,3.75,7.00
2016.07.22 13:48:03.117,1.1015,1.10152,3.00,7.00
2016.07.22 13:48:03.268,1.1015,1.10152,3.75,7.00
2016.07.22 13:48:03.319,1.1015,1.10152,3.00,7.00
2016.07.22 13:48:03.522,1.1015,1.10152,3.75,1.00
2016.07.22 13:48:03.742,1.1015,1.10152,3.00,1.00
2016.07.22 13:48:03.793,1.1015,1.10152,2.25,1.00
2016.07.22 13:48:03.844,1.1015,1.10152,3.00,1.00
2016.07.22 13:48:04.149,1.1015,1.10152,2.25,1.00
2016.07.22 13:48:04.353,1.1015,1.10152,3.00,1.00
2016.07.22 13:48:04.941,1.1015,1.10152,2.25,1.00
2016.07.22 13:48:05.143,1.1015,1.10152,3.00,1.00
2016.07.22 13:48:05.195,1.1015,1.10152,2.25,1.00
2016.07.22 13:48:05.399,1.1015,1.10152,3.00,1.00
2016.07.22 13:48:05.653,1.1015,1.10152,3.75,1.00
2016.07.22 13:48:06.047,1.1015,1.10152,5.25,1.00
2016.07.22 13:48:06.099,1.1015,1.10152,6.00,1.00
2016.07.22 13:48:06.151,1.1015,1.10152,8.25,1.00
2016.07.22 13:48:06.254,1.1015,1.10152,5.25,1.00
2016.07.22 13:48:06.305,1.1015,1.10152,3.75,1.00
2016.07.22 13:48:06.356,1.1015,1.10152,3.00,1.00
2016.07.22 13:48:06.611,1.1015,1.10152,2.25,1.00
2016.07.22 13:48:06.712,1.1015,1.10152,3.37,1.00
2016.07.22 13:48:07.097,1.1015,1.10152,1.87,1.00
2016.07.22 13:48:07.148,1.1015,1.10151,1.00,1.00
2016.07.22 13:48:07.354,1.10149,1.10151,3.75,1.00
2016.07.22 13:48:07.456,1.1015,1.10151,1.00,1.00
2016.07.22 13:48:08.200,1.1015,1.10151,1.12,1.00
2016.07.22 13:48:08.302,1.1015,1.10151,1.00,1.00
2016.07.22 13:48:08.555,1.1015,1.10151,1.50,1.00
2016.07.22 13:48:08.606,1.1015,1.10152,3.00,1.00
2016.07.22 13:48:08.657,1.1015,1.10152,3.75,1.00
2016.07.22 13:48:08.708,1.1015,1.10152,3.00,1.00
2016.07.22 13:48:08.807,1.1015,1.10152,2.25,1.00
2016.07.22 13:48:08.858,1.1015,1.10152,3.75,1.00
2016.07.22 13:48:08.909,1.1015,1.10152,3.00,1.00
2016.07.22 13:48:08.960,1.1015,1.10151,4.12,1.00
2016.07.22 13:48:09.011,1.1015,1.10151,4.87,1.00
2016.07.22 13:48:09.063,1.1015,1.10152,3.00,1.00
2016.07.22 13:48:09.165,1.1015,1.10151,2.25,1.00
2016.07.22 13:48:09.268,1.1015,1.10151,1.00,1.00
2016.07.22 13:48:09.319,1.10149,1.10151,6.60,1.00
2016.07.22 13:48:09.370,1.10149,1.10151,4.35,1.00
2016.07.22 13:48:09.472,1.1015,1.10151,1.00,1.00
2016.07.22 13:48:10.071,1.10149,1.10151,3.60,1.00
2016.07.22 13:48:10.174,1.10149,1.10151,6.60,1.00
2016.07.22 13:48:10.275,1.1015,1.10151,1.00,1.00
2016.07.22 13:48:12.606,1.10149,1.10151,3.75,1.00
2016.07.22 13:48:12.749,1.10148,1.10151,3.97,1.69
2016.07.22 13:48:12.800,1.10148,1.10151,4.72,1.69
2016.07.22 13:48:12.851,1.10149,1.10151,1.00,1.00
2016.07.22 13:48:12.902,1.10149,1.10151,2.25,1.00
2016.07.22 13:48:12.954,1.10149,1.10151,4.12,1.00
2016.07.22 13:48:13.006,1.10149,1.10151,4.50,1.00
2016.07.22 13:48:13.160,1.1015,1.10151,1.00,1.00
2016.07.22 13:48:13.263,1.1015,1.10152,1.00,2.51
2016.07.22 13:48:13.397,1.1015,1.10152,2.25,1.57
2016.07.22 13:48:13.448,1.1015,1.10152,3.00,1.57
2016.07.22 13:48:13.602,1.1015,1.10152,3.75,1.57
2016.07.22 13:48:13.706,1.1015,1.10152,3.00,1.57
2016.07.22 13:48:13.758,1.1015,1.10152,1.50,1.50
2016.07.22 13:48:13.860,1.1015,1.10152,2.25,1.50
2016.07.22 13:48:14.368,1.1015,1.10152,1.50,1.50
2016.07.22 13:48:14.492,1.1015,1.10152,1.00,1.50
2016.07.22 13:48:14.544,1.1015,1.10152,1.50,1.50
2016.07.22 13:48:14.595,1.1015,1.10152,2.25,1.50
2016.07.22 13:48:14.855,1.1015,1.10152,1.50,1.50
2016.07.22 13:48:14.957,1.1015,1.10152,2.25,1.50
2016.07.22 13:48:15.110,1.1015,1.10152,2.25,1.00
2016.07.22 13:48:15.364,1.1015,1.10153,2.25,3.64
2016.07.22 13:48:15.685,1.1015,1.10153,2.25,3.45
2016.07.22 13:48:15.737,1.1015,1.10153,3.00,3.07
2016.07.22 13:48:15.788,1.1015,1.10153,2.25,2.32
2016.07.22 13:48:15.889,1.1015,1.10153,3.00,2.32
2016.07.22 13:48:16.093,1.1015,1.10153,2.62,2.32
2016.07.22 13:48:16.196,1.1015,1.10153,2.62,1.57
2016.07.22 13:48:16.298,1.1015,1.10153,3.37,2.32
2016.07.22 13:48:16.402,1.1015,1.10153,3.37,1.95
2016.07.22 13:48:16.453,1.1015,1.10153,3.75,1.57
2016.07.22 13:48:16.837,1.1015,1.10153,3.75,2.32
2016.07.22 13:48:16.888,1.1015,1.10153,4.50,2.32
2016.07.22 13:48:16.939,1.1015,1.10153,4.50,2.51
2016.07.22 13:48:16.990,1.1015,1.10151,3.00,1.00
2016.07.22 13:48:17.041,1.1015,1.10151,2.25,1.00
2016.07.22 13:48:17.092,1.1015,1.10152,1.12,1.69
2016.07.22 13:48:17.144,1.1015,1.10152,1.00,1.87
2016.07.22 13:48:17.195,1.10149,1.10152,7.72,1.20
2016.07.22 13:48:17.246,1.1015,1.10152,1.00,1.10
2016.07.22 13:48:17.684,1.1015,1.10153,1.00,2.81
2016.07.22 13:48:17.786,1.10149,1.10153,3.60,6.00
2016.07.22 13:48:17.838,1.10149,1.10152,2.47,1.10
2016.07.22 13:48:17.890,1.10149,1.10152,3.97,1.20
2016.07.22 13:48:18.092,1.10149,1.10152,3.22,1.20
2016.07.22 13:48:18.195,1.10149,1.10152,3.22,1.10
2016.07.22 13:48:18.248,1.10149,1.10152,3.22,1.42
2016.07.22 13:48:18.299,1.10149,1.10152,3.97,1.42
2016.07.22 13:48:18.401,1.10149,1.10152,3.22,1.42
2016.07.22 13:48:18.607,1.10149,1.10152,3.97,2.17
2016.07.22 13:48:18.709,1.10149,1.10152,2.47,1.42
2016.07.22 13:48:18.811,1.10149,1.10152,3.22,2.17
2016.07.22 13:48:19.197,1.10149,1.10152,2.47,1.42
2016.07.22 13:48:19.400,1.10149,1.10152,3.22,2.17
2016.07.22 13:48:20.580,1.10149,1.10152,2.47,1.42
2016.07.22 13:48:20.682,1.10149,1.10152,3.22,2.17
2016.07.22 13:48:21.632,1.10149,1.10152,3.29,2.17
2016.07.22 13:48:21.683,1.10149,1.10152,3.67,2.17
2016.07.22 13:48:21.784,1.10149,1.10152,2.92,1.42
2016.07.22 13:48:21.835,1.10149,1.10152,2.92,2.17
2016.07.22 13:48:21.886,1.10149,1.10152,2.54,2.17
2016.07.22 13:48:21.937,1.10149,1.10152,2.54,1.80
2016.07.22 13:48:21.988,1.10149,1.10152,3.29,2.55
2016.07.22 13:48:22.171,1.10149,1.10152,4.42,2.55
2016.07.22 13:48:22.222,1.10149,1.10152,4.42,2.17
2016.07.22 13:48:23.509,1.10149,1.10152,3.67,1.42
2016.07.22 13:48:23.610,1.10149,1.10152,4.42,2.17
2016.07.22 13:48:23.953,1.10151,1.10152,1.00,1.10
2016.07.22 13:48:24.005,1.10151,1.10153,3.33,2.44
2016.07.22 13:48:24.056,1.10151,1.10154,3.70,15.94
2016.07.22 13:48:24.107,1.10151,1.10154,3.33,14.14
2016.07.22 13:48:24.158,1.10151,1.10154,3.33,13.54
2016.07.22 13:48:24.260,1.10151,1.10154,3.33,15.04
2016.07.22 13:48:24.311,1.10151,1.10154,3.33,17.51
2016.07.22 13:48:24.363,1.10151,1.10154,3.33,16.01
2016.07.22 13:48:24.516,1.10151,1.10154,3.33,15.64
2016.07.22 13:48:24.776,1.10151,1.10154,2.58,16.39
2016.07.22 13:48:24.827,1.10151,1.10152,1.00,1.12
2016.07.22 13:48:24.922,1.10151,1.10152,1.00,1.00
2016.07.22 13:48:24.974,1.1015,1.10152,1.00,1.25
2016.07.22 13:48:26.051,1.1015,1.10152,1.00,1.00
2016.07.22 13:48:26.330,1.10149,1.10152,3.75,1.50
2016.07.22 13:48:26.432,1.10149,1.10153,2.25,7.54
2016.07.22 13:48:26.483,1.10149,1.10153,2.25,8.66
2016.07.22 13:48:26.534,1.10149,1.10153,2.25,8.29
2016.07.22 13:48:26.641,1.10149,1.10151,1.50,1.00
2016.07.22 13:48:26.692,1.10149,1.10151,1.12,2.10
2016.07.22 13:48:26.743,1.10147,1.1015,7.20,2.44
2016.07.22 13:48:26.794,1.10147,1.1015,7.57,2.44
2016.07.22 13:48:26.845,1.10148,1.1015,1.50,3.19
2016.07.22 13:48:26.896,1.10148,1.1015,1.12,3.56
2016.07.22 13:48:27.037,1.10148,1.1015,1.50,2.81
2016.07.22 13:48:27.351,1.10148,1.10149,1.50,2.06
2016.07.22 13:48:27.402,1.10147,1.10148,1.00,1.91
2016.07.22 13:48:27.454,1.10146,1.10148,1.10,1.31
2016.07.22 13:48:27.505,1.10146,1.10148,1.00,3.19
2016.07.22 13:48:27.557,1.10145,1.10148,1.50,5.44
2016.07.22 13:48:27.608,1.10145,1.10148,1.12,7.57
2016.07.22 13:48:27.739,1.10145,1.10147,1.00,1.00
2016.07.22 13:48:28.047,1.10144,1.10147,3.75,1.00
2016.07.22 13:48:28.150,1.10144,1.10147,3.75,1.25
2016.07.22 13:48:28.405,1.10144,1.10147,3.75,1.00
2016.07.22 13:48:28.456,1.10144,1.10147,3.00,1.00
2016.07.22 13:48:28.652,1.10144,1.10147,3.75,1.00
2016.07.22 13:48:28.703,1.10144,1.10147,4.87,1.00
2016.07.22 13:48:28.755,1.10144,1.10147,6.37,1.00
2016.07.22 13:48:28.806,1.10144,1.10147,5.62,1.00
2016.07.22 13:48:28.858,1.10144,1.10147,4.12,1.50
2016.07.22 13:48:28.910,1.10143,1.10146,5.70,2.47
2016.07.22 13:48:28.962,1.10143,1.10144,5.32,2.25
2016.07.22 13:48:29.014,1.1014,1.10141,18.00,5.44
2016.07.22 13:48:29.067,1.10138,1.10139,3.75,1.00
2016.07.22 13:48:29.118,1.10139,1.1014,1.00,3.41
2016.07.22 13:48:29.169,1.10137,1.10139,1.00,10.72
2016.07.22 13:48:29.315,1.10136,1.10137,1.00,1.00
2016.07.22 13:48:29.366,1.10136,1.10137,1.50,1.00
2016.07.22 13:48:29.519,1.10136,1.10139,4.12,4.76
2016.07.22 13:48:29.570,1.10136,1.10139,4.87,3.26
2016.07.22 13:48:29.723,1.10137,1.10139,1.12,3.26
2016.07.22 13:48:29.824,1.10137,1.10139,1.87,3.19
2016.07.22 13:48:29.875,1.10137,1.10139,2.62,3.19
2016.07.22 13:48:29.960,1.10138,1.1014,1.00,2.89
2016.07.22 13:48:30.011,1.10139,1.1014,1.00,1.20
2016.07.22 13:48:30.063,1.10139,1.1014,1.00,1.12
2016.07.22 13:48:30.166,1.10138,1.1014,4.50,1.12
2016.07.22 13:48:30.269,1.10139,1.1014,1.00,1.12
2016.07.22 13:48:30.371,1.10139,1.1014,1.50,2.62
2016.07.22 13:48:30.676,1.10139,1.1014,1.50,1.87
2016.07.22 13:48:30.864,1.1014,1.10141,1.87,1.12
2016.07.22 13:48:30.916,1.1014,1.10141,2.62,1.12
2016.07.22 13:48:30.967,1.10141,1.10142,1.00,1.76
2016.07.22 13:48:31.018,1.10141,1.10142,1.00,1.39
2016.07.22 13:48:31.375,1.1014,1.10141,1.00,1.12
2016.07.22 13:48:31.427,1.10139,1.10143,6.00,7.31
2016.07.22 13:48:31.479,1.10139,1.10143,6.00,7.69
2016.07.22 13:48:31.564,1.10139,1.10143,7.12,7.69
2016.07.22 13:48:31.616,1.10139,1.10143,7.12,7.31
2016.07.22 13:48:32.415,1.10139,1.10143,6.37,7.50
2016.07.22 13:48:32.518,1.10139,1.10143,7.12,7.50
2016.07.22 13:48:32.600,1.10139,1.10143,7.12,9.00
2016.07.22 13:48:32.651,1.10139,1.10143,5.25,9.00
2016.07.22 13:48:32.857,1.10139,1.10143,4.50,9.00
2016.07.22 13:48:32.965,1.10139,1.10142,4.50,1.01
2016.07.22 13:48:33.068,1.10139,1.10142,4.87,1.01
2016.07.22 13:48:33.170,1.10139,1.10142,4.50,1.01
2016.07.22 13:48:33.474,1.10139,1.10142,3.75,1.01
2016.07.22 13:48:33.525,1.10139,1.10141,3.00,1.50
2016.07.22 13:48:33.646,1.10139,1.10141,1.87,1.50
2016.07.22 13:48:33.697,1.10139,1.10141,1.87,1.00
2016.07.22 13:48:33.952,1.10139,1.10141,1.12,1.00
2016.07.22 13:48:34.054,1.10139,1.10141,1.87,1.00
2016.07.22 13:48:34.473,1.1014,1.10142,1.12,2.14
2016.07.22 13:48:34.807,1.1014,1.10142,1.87,2.14
2016.07.22 13:48:35.011,1.1014,1.10142,1.12,2.89
2016.07.22 13:48:35.062,1.1014,1.10141,1.00,1.50
2016.07.22 13:48:35.164,1.1014,1.10141,1.00,1.00
2016.07.22 13:48:35.769,1.1014,1.10142,1.00,2.14
2016.07.22 13:48:35.821,1.1014,1.10142,1.50,2.14
2016.07.22 13:48:37.170,1.1014,1.10142,1.50,1.39
2016.07.22 13:48:37.225,1.1014,1.10142,1.50,2.14
2016.07.22 13:48:37.429,1.1014,1.10142,1.50,1.39
2016.07.22 13:48:37.530,1.1014,1.10142,1.50,2.14
2016.07.22 13:48:37.694,1.10141,1.10142,1.00,2.14
2016.07.22 13:48:37.796,1.10141,1.10142,1.50,1.76
2016.07.22 13:48:37.847,1.10141,1.10142,1.50,1.69
2016.07.22 13:48:37.898,1.10141,1.10142,1.00,1.69
2016.07.22 13:48:38.153,1.10143,1.10144,1.87,14.81
2016.07.22 13:48:38.204,1.10143,1.10145,2.87,28.95
2016.07.22 13:48:38.256,1.10145,1.10147,1.15,14.81
2016.07.22 13:48:38.307,1.10146,1.10147,1.20,4.87
2016.07.22 13:48:38.359,1.10146,1.10147,1.87,1.00
2016.07.22 13:48:38.410,1.10145,1.10147,3.49,1.00
2016.07.22 13:48:38.462,1.10145,1.10147,8.32,1.00
2016.07.22 13:48:38.513,1.10148,1.10149,1.00,1.12
2016.07.22 13:48:38.565,1.10148,1.1015,1.12,1.12
2016.07.22 13:48:38.617,1.10149,1.1015,1.00,2.25
2016.07.22 13:48:38.701,1.10148,1.1015,1.00,2.06
2016.07.22 13:48:38.753,1.10148,1.10149,2.25,1.12
2016.07.22 13:48:38.804,1.10148,1.10149,1.00,1.12
2016.07.22 13:48:38.855,1.10148,1.1015,1.00,1.57
2016.07.22 13:48:38.907,1.10148,1.10151,1.50,2.51
2016.07.22 13:48:39.162,1.10148,1.10151,1.87,3.26
2016.07.22 13:48:39.315,1.10148,1.10151,2.62,3.26
2016.07.22 13:48:39.487,1.10148,1.10151,2.62,2.51
2016.07.22 13:48:39.539,1.10148,1.1015,2.81,1.00
2016.07.22 13:48:39.591,1.10148,1.10149,3.56,1.00
2016.07.22 13:48:39.642,1.10148,1.10151,3.37,2.51
2016.07.22 13:48:39.745,1.10148,1.10151,2.62,1.32
2016.07.22 13:48:39.797,1.10149,1.10151,1.00,1.32
2016.07.22 13:48:39.848,1.10149,1.1015,1.00,1.10
2016.07.22 13:48:40.636,1.10149,1.1015,1.00,1.57
2016.07.22 13:48:40.688,1.10148,1.1015,1.12,2.32
2016.07.22 13:48:40.739,1.10147,1.10148,1.50,1.00
2016.07.22 13:48:40.841,1.10147,1.10149,2.62,1.00
2016.07.22 13:48:40.892,1.10148,1.10149,1.00,1.00
2016.07.22 13:48:40.943,1.10148,1.1015,1.00,2.32
2016.07.22 13:48:40.994,1.10148,1.1015,1.00,1.10
2016.07.22 13:48:41.826,1.10148,1.1015,1.50,1.10
2016.07.22 13:48:41.979,1.10148,1.10151,1.50,3.26
2016.07.22 13:48:42.038,1.10148,1.1015,1.50,1.10
2016.07.22 13:48:42.370,1.10148,1.1015,1.87,1.10
2016.07.22 13:48:42.574,1.10148,1.10151,1.87,3.26
2016.07.22 13:48:42.777,1.10148,1.1015,1.87,1.10
2016.07.22 13:48:42.879,1.10148,1.1015,1.87,1.00
2016.07.22 13:48:42.981,1.10148,1.1015,2.62,1.00
2016.07.22 13:48:43.083,1.10148,1.1015,2.25,1.00
2016.07.22 13:48:43.536,1.10148,1.10149,1.00,2.06
2016.07.22 13:48:43.588,1.10145,1.10147,3.82,1.87
2016.07.22 13:48:43.643,1.10145,1.10147,3.07,1.87
2016.07.22 13:48:43.695,1.10144,1.10146,3.00,1.00
2016.07.22 13:48:43.747,1.10145,1.10147,1.00,1.10
2016.07.22 13:48:43.798,1.10145,1.10147,1.00,1.27
2016.07.22 13:48:43.849,1.10145,1.10146,1.00,1.00
2016.07.22 13:48:44.155,1.10145,1.10147,1.87,1.95
2016.07.22 13:48:44.206,1.10145,1.10147,2.62,1.57
2016.07.22 13:48:44.344,1.10146,1.10147,1.00,1.57
2016.07.22 13:48:44.955,1.10146,1.10147,1.00,1.10
2016.07.22 13:48:45.057,1.10146,1.10147,1.00,1.57
2016.07.22 13:48:45.159,1.10146,1.10147,1.00,1.10
2016.07.22 13:48:45.260,1.10146,1.10147,1.00,1.57
2016.07.22 13:48:46.257,1.10146,1.10147,1.00,1.10
2016.07.22 13:48:46.713,1.10145,1.10147,4.87,1.10
2016.07.22 13:48:46.764,1.10145,1.10147,4.50,1.10
2016.07.22 13:48:46.968,1.10145,1.10147,3.75,1.10
2016.07.22 13:48:47.070,1.10145,1.10147,2.25,1.10
2016.07.22 13:48:47.125,1.10145,1.10147,2.25,1.20
2016.07.22 13:48:47.177,1.10145,1.10146,2.25,1.00
2016.07.22 13:48:47.229,1.10145,1.10146,3.00,1.00
2016.07.22 13:48:47.366,1.10145,1.10146,3.37,1.00
2016.07.22 13:48:47.420,1.10145,1.10146,1.87,1.00
2016.07.22 13:48:47.471,1.10145,1.10146,1.50,1.00
2016.07.22 13:48:47.523,1.10145,1.10146,1.00,1.10
2016.07.22 13:48:47.625,1.10145,1.10146,1.00,1.00
2016.07.22 13:48:47.677,1.10145,1.10147,1.00,2.40
2016.07.22 13:48:47.728,1.10145,1.10147,1.00,2.32
2016.07.22 13:48:47.779,1.10144,1.10147,3.37,2.32
2016.07.22 13:48:47.881,1.10144,1.10147,2.62,1.57
2016.07.22 13:48:47.983,1.10144,1.10147,1.87,1.10
2016.07.22 13:48:48.084,1.10144,1.10147,2.62,1.57
2016.07.22 13:48:48.590,1.10144,1.10147,1.87,1.10
2016.07.22 13:48:48.692,1.10144,1.10147,2.25,1.57
2016.07.22 13:48:49.056,1.10144,1.10147,3.00,1.57
2016.07.22 13:48:49.497,1.10144,1.10147,3.37,1.57
2016.07.22 13:48:49.548,1.10144,1.10147,4.12,1.57
2016.07.22 13:48:49.599,1.10144,1.10147,3.37,1.10
2016.07.22 13:48:49.651,1.10145,1.10147,1.50,1.10
2016.07.22 13:48:49.702,1.10145,1.10147,2.62,1.57
2016.07.22 13:48:49.753,1.10145,1.10147,3.37,1.57
2016.07.22 13:48:49.804,1.10145,1.10147,4.12,1.57
2016.07.22 13:48:50.596,1.10145,1.10147,3.75,1.57
2016.07.22 13:48:50.647,1.10145,1.10147,3.00,1.65
2016.07.22 13:48:50.699,1.10145,1.10147,2.81,1.65
2016.07.22 13:48:50.750,1.10145,1.10147,2.81,1.57
2016.07.22 13:48:50.801,1.10145,1.10147,3.94,1.57
2016.07.22 13:48:50.852,1.10145,1.10147,4.69,1.57
2016.07.22 13:48:50.903,1.10145,1.10147,4.31,1.57
2016.07.22 13:48:51.004,1.10145,1.10147,3.00,1.57
2016.07.22 13:48:51.055,1.10145,1.10147,2.25,1.65
2016.07.22 13:48:51.106,1.10145,1.10147,1.50,1.65
2016.07.22 13:48:51.157,1.10145,1.10147,1.50,1.57
2016.07.22 13:48:51.309,1.10145,1.10147,1.50,1.10
2016.07.22 13:48:51.360,1.10145,1.10147,1.50,1.57
2016.07.22 13:48:51.412,1.10145,1.10147,1.50,1.65
2016.07.22 13:48:51.836,1.10145,1.10147,1.00,1.65
2016.07.22 13:48:52.090,1.10145,1.10147,1.00,1.20
2016.07.22 13:48:52.447,1.10145,1.10147,1.00,1.10
2016.07.22 13:48:52.627,1.10145,1.10147,1.00,1.20
2016.07.22 13:48:52.932,1.10145,1.10147,1.00,1.10
2016.07.22 13:48:53.033,1.10145,1.10147,1.00,1.20
2016.07.22 13:48:53.084,1.10145,1.10147,1.12,1.65
2016.07.22 13:48:53.338,1.10146,1.10147,1.00,1.65
2016.07.22 13:48:53.433,1.10146,1.10147,1.00,1.57
2016.07.22 13:48:54.199,1.10146,1.10147,1.00,1.10
2016.07.22 13:48:54.299,1.10145,1.10147,4.87,1.10
2016.07.22 13:48:54.351,1.10145,1.10147,4.12,1.10
2016.07.22 13:48:54.453,1.10145,1.10147,4.87,1.10
2016.07.22 13:48:54.656,1.10145,1.10147,4.12,1.10
2016.07.22 13:48:54.707,1.10145,1.10147,4.50,1.10
2016.07.22 13:48:54.759,1.10145,1.10147,5.25,1.10
2016.07.22 13:48:55.125,1.10145,1.10147,3.75,1.10
2016.07.22 13:48:55.176,1.10145,1.10147,3.37,1.57
2016.07.22 13:48:56.181,1.10145,1.10147,4.12,1.10
2016.07.22 13:48:56.306,1.10145,1.10147,3.37,1.10
2016.07.22 13:48:56.360,1.10145,1.10148,2.62,4.20
2016.07.22 13:48:56.411,1.10145,1.10146,2.62,1.00
2016.07.22 13:48:56.515,1.10145,1.10146,3.37,1.00
2016.07.22 13:48:56.620,1.10145,1.10147,2.62,1.10
2016.07.22 13:48:56.722,1.10145,1.10148,2.62,3.07
2016.07.22 13:48:56.773,1.10145,1.10148,1.87,2.70
2016.07.22 13:48:56.824,1.10145,1.10147,1.12,1.20
2016.07.22 13:48:57.534,1.10145,1.10147,1.00,1.20
2016.07.22 13:48:57.636,1.10145,1.10148,1.12,2.70
2016.07.22 13:48:57.789,1.10145,1.10147,1.12,1.20
2016.07.22 13:48:57.839,1.10145,1.10147,1.87,1.10
2016.07.22 13:48:57.890,1.10145,1.10147,1.50,1.10
2016.07.22 13:48:58.229,1.10145,1.10147,2.25,1.10
2016.07.22 13:48:58.969,1.10145,1.10147,1.50,1.20
2016.07.22 13:48:59.020,1.10145,1.10146,1.50,1.00
2016.07.22 13:48:59.122,1.10145,1.10147,1.50,1.57
2016.07.22 13:48:59.173,1.10145,1.10147,1.00,1.65
2016.07.22 13:48:59.224,1.10145,1.10147,1.50,1.65
2016.07.22 13:48:59.326,1.10145,1.10147,1.00,1.65
2016.07.22 13:48:59.377,1.10145,1.10147,1.50,1.65
2016.07.22 13:48:59.429,1.10145,1.10147,1.50,1.20
2016.07.22 13:48:59.972,1.10145,1.10147,1.00,1.20
2016.07.22 13:49:00.135,1.10145,1.10148,1.00,2.70
2016.07.22 13:49:00.595,1.10145,1.10147,1.00,1.20
2016.07.22 13:49:01.004,1.10144,1.10145,3.37,1.50
2016.07.22 13:49:01.056,1.10144,1.10145,1.12,1.50
2016.07.22 13:49:01.107,1.10144,1.10146,1.87,3.00
2016.07.22 13:49:01.158,1.10144,1.10146,1.12,3.07
2016.07.22 13:49:01.209,1.10143,1.10146,5.62,1.57
2016.07.22 13:49:01.260,1.10144,1.10146,1.12,1.50
2016.07.22 13:49:01.413,1.10144,1.10146,1.00,1.50
2016.07.22 13:49:01.691,1.10144,1.10146,1.00,1.00
2016.07.22 13:49:01.742,1.10144,1.10146,1.50,1.00
2016.07.22 13:49:02.931,1.10144,1.10146,1.00,1.00
2016.07.22 13:49:03.340,1.10144,1.10146,1.00,1.25
2016.07.22 13:49:03.597,1.10144,1.10146,1.50,1.25
2016.07.22 13:49:03.794,1.10144,1.10146,1.50,1.69
2016.07.22 13:49:04.198,1.10144,1.10146,1.50,1.25
2016.07.22 13:49:04.300,1.10144,1.10146,1.50,1.69
2016.07.22 13:49:04.505,1.10144,1.10146,1.00,1.69
2016.07.22 13:49:05.858,1.10143,1.10146,2.62,4.69
2016.07.22 13:49:05.987,1.10142,1.10145,4.87,1.01
2016.07.22 13:49:06.038,1.10142,1.10145,5.62,1.76
2016.07.22 13:49:06.089,1.10142,1.10145,6.37,1.76
2016.07.22 13:49:06.140,1.10142,1.10145,4.87,1.01
2016.07.22 13:49:06.191,1.10142,1.10145,4.50,1.25
2016.07.22 13:49:06.242,1.10144,1.10145,1.00,1.25
2016.07.22 13:49:06.344,1.10143,1.10145,4.35,1.25
2016.07.22 13:49:06.395,1.10143,1.10146,5.85,2.51
2016.07.22 13:49:06.446,1.10144,1.10146,1.12,2.51
2016.07.22 13:49:06.549,1.10144,1.10146,1.00,2.51
2016.07.22 13:49:06.788,1.10144,1.10146,1.00,1.76
2016.07.22 13:49:06.840,1.10144,1.10146,1.12,1.76
2016.07.22 13:49:07.249,1.10144,1.10146,1.72,1.76
2016.07.22 13:49:07.300,1.10144,1.10146,2.47,1.76
2016.07.22 13:49:07.951,1.10144,1.10146,2.10,1.76
2016.07.22 13:49:08.002,1.10144,1.10146,1.50,4.39
2016.07.22 13:49:08.054,1.10144,1.10145,1.12,3.15
2016.07.22 13:49:08.105,1.10144,1.10145,1.12,2.06
2016.07.22 13:49:08.157,1.10144,1.10145,1.87,1.69
2016.07.22 13:49:08.208,1.10144,1.10146,2.62,2.89
2016.07.22 13:49:08.259,1.10144,1.10146,3.37,2.89
2016.07.22 13:49:08.310,1.10144,1.10146,4.37,2.06
2016.07.22 13:49:08.640,1.10145,1.10146,2.62,2.06
2016.07.22 13:49:08.691,1.10145,1.10146,2.62,1.25
2016.07.22 13:49:08.743,1.10145,1.10147,5.10,1.10
2016.07.22 13:49:08.794,1.10145,1.10147,6.22,1.10
2016.07.22 13:49:08.845,1.10146,1.10147,1.50,1.10
2016.07.22 13:49:08.896,1.10146,1.10148,1.50,1.57
2016.07.22 13:49:08.948,1.10146,1.10148,1.50,1.10
2016.07.22 13:49:09.051,1.10146,1.10148,1.50,1.57
2016.07.22 13:49:09.693,1.10146,1.10148,2.25,1.57
2016.07.22 13:49:10.203,1.10146,1.10148,1.50,1.57
2016.07.22 13:49:10.467,1.10146,1.10148,1.00,1.57
2016.07.22 13:49:11.266,1.10146,1.10148,1.50,1.57
2016.07.22 13:49:11.317,1.10146,1.10148,3.22,1.50
2016.07.22 13:49:11.368,1.10147,1.10148,2.85,1.50
2016.07.22 13:49:11.488,1.10147,1.10148,3.67,1.55
2016.07.22 13:49:11.540,1.10149,1.10151,1.50,3.19
2016.07.22 13:49:11.592,1.10149,1.10151,1.50,2.44
2016.07.22 13:49:11.643,1.10149,1.10151,1.00,1.69
2016.07.22 13:49:11.745,1.10149,1.10151,1.50,1.69
2016.07.22 13:49:11.847,1.10148,1.10151,4.31,1.69
2016.07.22 13:49:11.898,1.10148,1.10151,7.54,1.25
2016.07.22 13:49:11.949,1.1015,1.10152,1.00,6.45
2016.07.22 13:49:12.000,1.1015,1.10152,1.12,5.70
2016.07.22 13:49:12.052,1.1015,1.10152,1.87,3.94
2016.07.22 13:49:12.103,1.1015,1.10152,3.00,3.94
2016.07.22 13:49:12.208,1.1015,1.10152,3.75,3.94
2016.07.22 13:49:12.259,1.1015,1.10152,3.00,3.19
2016.07.22 13:49:12.311,1.1015,1.10152,1.50,3.19
2016.07.22 13:49:12.362,1.1015,1.10152,1.50,4.12
2016.07.22 13:49:12.413,1.1015,1.10152,1.00,4.12
2016.07.22 13:49:12.464,1.1015,1.10152,1.00,4.87
2016.07.22 13:49:12.515,1.1015,1.10151,1.00,1.00
2016.07.22 13:49:12.566,1.10148,1.10151,3.82,2.25
2016.07.22 13:49:12.618,1.10148,1.10151,3.75,2.25
2016.07.22 13:49:12.720,1.10148,1.10151,2.62,2.25
2016.07.22 13:49:12.873,1.10148,1.10151,2.25,2.25
2016.07.22 13:49:12.924,1.10148,1.10151,2.25,2.44
2016.07.22 13:49:12.975,1.10148,1.10151,1.87,3.19
2016.07.22 13:49:13.153,1.10148,1.10151,1.87,3.00
2016.07.22 13:49:13.357,1.10148,1.10151,1.87,1.50
2016.07.22 13:49:13.459,1.10148,1.10151,1.12,3.00
2016.07.22 13:49:13.869,1.10148,1.10151,1.00,3.00
2016.07.22 13:49:14.068,1.10148,1.10151,1.00,1.50
2016.07.22 13:49:14.250,1.10148,1.10151,1.00,3.00
2016.07.22 13:49:15.235,1.10149,1.10151,1.00,3.00
2016.07.22 13:49:15.286,1.10149,1.10151,1.50,3.00
2016.07.22 13:49:15.390,1.10149,1.10151,1.00,3.00
2016.07.22 13:49:15.492,1.10149,1.10151,1.50,3.00
2016.07.22 13:49:15.645,1.10149,1.10151,1.00,3.00
2016.07.22 13:49:16.827,1.10149,1.10151,1.00,1.50
2016.07.22 13:49:16.928,1.10149,1.10151,1.00,3.00
2016.07.22 13:49:17.129,1.10149,1.10151,1.00,1.00
2016.07.22 13:49:17.379,1.10149,1.10151,1.12,1.00
2016.07.22 13:49:17.481,1.10148,1.10151,3.97,1.50
2016.07.22 13:49:17.532,1.10148,1.10151,2.85,2.25
2016.07.22 13:49:17.735,1.10148,1.10151,2.85,3.00
2016.07.22 13:49:17.988,1.10148,1.10151,2.25,3.00
2016.07.22 13:49:18.289,1.10148,1.10151,2.25,3.37
2016.07.22 13:49:18.492,1.10148,1.10151,2.25,3.00
2016.07.22 13:49:18.543,1.10148,1.10151,1.50,2.25
2016.07.22 13:49:18.645,1.10148,1.10151,2.25,3.00
2016.07.22 13:49:19.051,1.10148,1.10151,1.50,3.00
2016.07.22 13:49:19.343,1.10148,1.10151,1.50,2.25
2016.07.22 13:49:19.446,1.10148,1.10151,1.50,3.00
2016.07.22 13:49:19.497,1.10148,1.10151,1.00,3.00
2016.07.22 13:49:19.548,1.10148,1.10151,1.00,3.60
2016.07.22 13:49:19.600,1.10147,1.10148,1.95,1.00
2016.07.22 13:49:19.652,1.10147,1.10149,1.87,6.41
2016.07.22 13:49:19.703,1.10147,1.10149,1.00,13.91
2016.07.22 13:49:19.754,1.10146,1.10148,2.62,4.72
2016.07.22 13:49:19.805,1.10146,1.10148,2.62,9.22
2016.07.22 13:49:19.857,1.10146,1.10147,2.62,1.12
2016.07.22 13:49:20.039,1.10145,1.10147,1.00,1.12
2016.07.22 13:49:20.141,1.10145,1.10147,1.00,1.00
2016.07.22 13:49:20.243,1.10145,1.10147,1.00,1.87
2016.07.22 13:49:20.295,1.10145,1.10147,1.00,2.81
2016.07.22 13:49:20.373,1.10145,1.10147,1.00,3.19
2016.07.22 13:49:20.425,1.10145,1.10147,1.00,3.37
2016.07.22 13:49:21.145,1.10145,1.10147,1.00,3.00
2016.07.22 13:49:21.196,1.10145,1.10147,1.00,2.62
2016.07.22 13:49:21.451,1.10145,1.10147,1.00,1.87
2016.07.22 13:49:21.502,1.10145,1.10147,1.00,1.12
2016.07.22 13:49:22.934,1.10145,1.10147,1.00,2.06
2016.07.22 13:49:23.036,1.10145,1.10147,1.00,2.44
2016.07.22 13:49:23.087,1.10145,1.10146,1.00,1.25
2016.07.22 13:49:23.190,1.10145,1.10147,1.00,2.81
2016.07.22 13:49:23.241,1.10145,1.10147,1.00,1.87
2016.07.22 13:49:23.292,1.10145,1.10147,1.00,3.37
2016.07.22 13:49:24.050,1.10145,1.10147,1.00,1.87
2016.07.22 13:49:24.152,1.10145,1.10147,1.00,3.37
2016.07.22 13:49:24.255,1.10145,1.10147,1.00,1.87
2016.07.22 13:49:24.381,1.10145,1.10147,1.00,3.37
2016.07.22 13:49:24.584,1.10145,1.10147,1.00,1.87
2016.07.22 13:49:24.685,1.10145,1.10147,1.00,3.37
2016.07.22 13:49:26.085,1.10145,1.10147,1.00,1.87
2016.07.22 13:49:26.136,1.10144,1.10145,1.50,1.00
2016.07.22 13:49:26.187,1.10144,1.10145,1.00,1.50
2016.07.22 13:49:26.313,1.10142,1.10145,3.07,3.00
2016.07.22 13:49:26.365,1.10143,1.10145,1.00,3.75
2016.07.22 13:49:26.470,1.10143,1.10145,1.00,3.00
2016.07.22 13:49:26.572,1.10143,1.10145,1.50,3.00
2016.07.22 13:49:26.828,1.10143,1.10145,1.50,2.25
2016.07.22 13:49:26.931,1.10143,1.10145,1.87,2.25
2016.07.22 13:49:26.982,1.10143,1.10145,2.62,1.50
2016.07.22 13:49:27.033,1.10143,1.10146,2.62,6.19
2016.07.22 13:49:27.570,1.10143,1.10146,1.12,4.69
2016.07.22 13:49:27.672,1.10143,1.10146,2.62,6.19
2016.07.22 13:49:28.170,1.10143,1.10146,3.37,6.19
2016.07.22 13:49:28.221,1.10143,1.10146,4.12,6.19
2016.07.22 13:49:28.401,1.10143,1.10146,5.25,5.81
2016.07.22 13:49:28.452,1.10144,1.10146,1.00,1.50
2016.07.22 13:49:28.910,1.10144,1.10146,1.87,1.00
2016.07.22 13:49:28.961,1.10144,1.10146,2.62,1.00
2016.07.22 13:49:29.013,1.10144,1.10146,1.50,3.00
2016.07.22 13:49:29.064,1.10143,1.10146,5.25,4.12
2016.07.22 13:49:29.115,1.10143,1.10146,4.12,3.00
2016.07.22 13:49:29.166,1.10144,1.10146,1.00,3.37
2016.07.22 13:49:29.217,1.10144,1.10146,1.00,3.00
2016.07.22 13:49:29.268,1.10144,1.10146,1.00,2.25
2016.07.22 13:49:29.471,1.10144,1.10146,1.12,2.25
2016.07.22 13:49:29.522,1.10144,1.10146,2.25,2.81
2016.07.22 13:49:29.625,1.10144,1.10146,2.62,2.81
2016.07.22 13:49:29.676,1.10144,1.10146,3.37,1.31
2016.07.22 13:49:29.727,1.10144,1.10147,3.37,2.89
2016.07.22 13:49:29.778,1.10145,1.10147,1.00,2.14
2016.07.22 13:49:29.881,1.10145,1.10147,1.00,2.89
2016.07.22 13:49:29.982,1.10144,1.10147,4.12,2.14
2016.07.22 13:49:30.033,1.10144,1.10147,3.37,2.14
2016.07.22 13:49:30.084,1.10144,1.10147,4.87,2.14
2016.07.22 13:49:30.135,1.10144,1.10147,5.62,2.14
2016.07.22 13:49:30.412,1.10145,1.10147,1.00,2.14
2016.07.22 13:49:30.463,1.10145,1.10147,1.00,1.39
2016.07.22 13:49:30.662,1.10145,1.10147,1.00,2.14
2016.07.22 13:49:31.018,1.10144,1.10147,4.50,2.14
2016.07.22 13:49:31.069,1.10144,1.10147,3.75,2.14
2016.07.22 13:49:31.273,1.10144,1.10147,2.25,1.39
2016.07.22 13:49:31.375,1.10144,1.10147,3.00,2.14
2016.07.22 13:49:31.427,1.10144,1.10147,3.00,2.89
2016.07.22 13:49:31.478,1.10144,1.10147,1.50,2.89
2016.07.22 13:49:31.613,1.10144,1.10147,1.00,4.01
2016.07.22 13:49:31.664,1.10144,1.10147,1.00,2.51
2016.07.22 13:49:31.867,1.10144,1.10147,1.00,4.01
2016.07.22 13:49:31.973,1.10144,1.10147,1.00,2.51
2016.07.22 13:49:32.075,1.10144,1.10147,1.00,4.01
2016.07.22 13:49:32.613,1.10144,1.10146,1.00,1.00
2016.07.22 13:49:34.048,1.10144,1.10146,1.00,2.25
2016.07.22 13:49:34.099,1.10144,1.10145,1.00,1.00
2016.07.22 13:49:34.303,1.10144,1.10146,1.00,3.75
2016.07.22 13:49:34.988,1.10144,1.10146,1.00,3.00
2016.07.22 13:49:35.971,1.10143,1.10146,1.87,3.00
2016.07.22 13:49:36.328,1.10143,1.10146,1.50,3.00
2016.07.22 13:49:36.381,1.10142,1.10146,4.99,3.37
2016.07.22 13:49:36.433,1.10142,1.10146,4.99,3.75
2016.07.22 13:49:36.689,1.10142,1.10146,4.80,3.00
2016.07.22 13:49:36.792,1.10142,1.10146,4.99,3.75
2016.07.22 13:49:37.028,1.10142,1.10146,5.74,3.75
2016.07.22 13:49:37.079,1.10142,1.10145,6.49,1.23
2016.07.22 13:49:37.130,1.10142,1.10145,6.49,2.42
2016.07.22 13:49:37.182,1.10142,1.10145,5.74,3.17
2016.07.22 13:49:37.388,1.10142,1.10145,4.99,3.17
2016.07.22 13:49:37.439,1.10142,1.10145,4.24,3.17
2016.07.22 13:49:37.643,1.10142,1.10145,4.99,3.17
2016.07.22 13:49:37.694,1.10142,1.10145,5.74,3.17
2016.07.22 13:49:37.745,1.10142,1.10145,4.99,3.17
2016.07.22 13:49:37.796,1.10142,1.10145,3.30,2.42
2016.07.22 13:49:37.847,1.10142,1.10145,4.05,2.42
2016.07.22 13:49:37.898,1.10142,1.10145,5.74,3.17
2016.07.22 13:49:37.949,1.10142,1.10145,4.99,3.17
2016.07.22 13:49:38.181,1.10142,1.10145,4.24,2.25
2016.07.22 13:49:38.283,1.10142,1.10145,5.74,3.17
2016.07.22 13:49:38.334,1.10142,1.10145,4.80,2.42
2016.07.22 13:49:38.385,1.10142,1.10145,3.30,2.42
2016.07.22 13:49:38.436,1.10142,1.10145,4.24,3.17
2016.07.22 13:49:38.487,1.10142,1.10145,4.99,3.17
2016.07.22 13:49:38.589,1.10142,1.10145,3.64,3.17
2016.07.22 13:49:38.640,1.10142,1.10144,2.51,2.10
2016.07.22 13:49:38.691,1.10142,1.10144,1.69,2.10
2016.07.22 13:49:38.743,1.10142,1.10143,1.00,1.35
2016.07.22 13:49:38.897,1.10142,1.10143,1.00,2.10
2016.07.22 13:49:39.355,1.10142,1.10143,1.00,1.50
2016.07.22 13:49:39.457,1.10142,1.10143,1.12,1.00
2016.07.22 13:49:39.610,1.10142,1.10144,1.31,1.86
2016.07.22 13:49:39.660,1.10142,1.10144,1.31,1.23
2016.07.22 13:49:39.799,1.10142,1.10144,1.25,1.23
2016.07.22 13:49:39.903,1.10142,1.10145,1.00,3.92
2016.07.22 13:49:40.005,1.10142,1.10144,1.25,1.23
2016.07.22 13:49:40.443,1.10142,1.10145,1.00,3.92
2016.07.22 13:49:40.545,1.10142,1.10144,1.25,1.23
2016.07.22 13:49:42.066,1.10142,1.10144,2.06,1.00
2016.07.22 13:49:42.117,1.10143,1.10145,1.00,3.00
2016.07.22 13:49:42.169,1.10143,1.10145,1.12,1.50
2016.07.22 13:49:42.220,1.10143,1.10145,1.12,1.00
2016.07.22 13:49:42.272,1.10143,1.10146,1.00,6.30
2016.07.22 13:49:42.323,1.10142,1.10145,3.37,1.00
2016.07.22 13:49:42.377,1.10142,1.10145,3.37,2.25
2016.07.22 13:49:42.429,1.10142,1.10145,2.62,2.25
2016.07.22 13:49:42.481,1.10142,1.10145,1.50,2.25
2016.07.22 13:49:42.532,1.10143,1.10145,1.00,3.00
2016.07.22 13:49:42.584,1.10143,1.10145,1.00,3.52
2016.07.22 13:49:42.636,1.10142,1.10145,1.50,5.02
2016.07.22 13:49:42.761,1.10142,1.10144,2.44,2.25
2016.07.22 13:49:42.812,1.10142,1.10144,2.25,2.25
2016.07.22 13:49:42.863,1.10142,1.10144,1.50,2.25
2016.07.22 13:49:43.587,1.10142,1.10144,1.50,3.00
2016.07.22 13:49:43.638,1.10142,1.10144,1.00,3.00
2016.07.22 13:49:43.689,1.10142,1.10144,1.00,2.25
2016.07.22 13:49:43.834,1.10142,1.10144,1.50,2.25
2016.07.22 13:49:44.038,1.10142,1.10144,1.00,1.50
2016.07.22 13:49:44.342,1.10142,1.10144,1.50,2.25
2016.07.22 13:49:45.336,1.10142,1.10144,1.00,1.50
2016.07.22 13:49:45.539,1.10142,1.10144,1.50,2.25
2016.07.22 13:49:45.945,1.10142,1.10144,1.00,1.50
2016.07.22 13:49:45.996,1.10142,1.10144,1.00,1.87
2016.07.22 13:49:46.047,1.10142,1.10144,1.50,2.62
2016.07.22 13:49:46.216,1.10142,1.10143,1.00,1.00
2016.07.22 13:49:46.268,1.10142,1.10143,1.00,1.87
2016.07.22 13:49:46.320,1.1014,1.10142,4.20,2.50
2016.07.22 13:49:46.372,1.10138,1.1014,11.51,4.87
2016.07.22 13:49:46.423,1.10139,1.1014,6.37,12.97
2016.07.22 13:49:46.474,1.10135,1.10137,8.51,1.50
2016.07.22 13:49:46.526,1.10135,1.10136,3.07,4.12
2016.07.22 13:49:46.578,1.10134,1.10136,3.75,9.94
2016.07.22 13:49:46.629,1.10131,1.10134,2.47,6.00
2016.07.22 13:49:46.680,1.10131,1.10134,2.25,10.50
2016.07.22 13:49:46.731,1.10131,1.10134,1.87,12.38
2016.07.22 13:49:46.832,1.10132,1.10134,1.00,5.62
2016.07.22 13:49:46.885,1.10133,1.10134,1.50,1.00
2016.07.22 13:49:46.937,1.10133,1.10135,1.50,1.37
2016.07.22 13:49:46.988,1.10134,1.10135,1.00,1.12
2016.07.22 13:49:47.040,1.10134,1.10135,2.25,1.12
2016.07.22 13:49:47.092,1.10134,1.10136,2.25,2.50
2016.07.22 13:49:47.300,1.10134,1.10135,1.50,1.00
2016.07.22 13:49:47.352,1.10134,1.10136,1.00,1.00
2016.07.22 13:49:47.455,1.10133,1.10136,4.50,1.00
2016.07.22 13:49:47.586,1.10133,1.10137,3.75,7.20
2016.07.22 13:49:47.637,1.10133,1.10137,2.81,8.70
2016.07.22 13:49:47.688,1.10133,1.10137,2.44,8.70
2016.07.22 13:49:47.841,1.10133,1.10137,1.00,7.95
2016.07.22 13:49:47.943,1.10133,1.10137,2.25,8.70
2016.07.22 13:49:48.248,1.10133,1.10137,2.25,9.45
2016.07.22 13:49:48.299,1.10133,1.10137,2.25,9.82
2016.07.22 13:49:48.350,1.10133,1.10137,1.50,9.82
2016.07.22 13:49:48.402,1.10133,1.10137,1.87,9.82
2016.07.22 13:49:48.453,1.10133,1.10137,2.06,9.82
2016.07.22 13:49:48.846,1.10133,1.10137,1.12,9.07
2016.07.22 13:49:48.948,1.10133,1.10137,2.81,9.82
2016.07.22 13:49:48.999,1.10133,1.10137,2.44,9.82
2016.07.22 13:49:49.202,1.10133,1.10136,2.44,1.31
2016.07.22 13:49:49.254,1.10133,1.10136,2.44,1.62
2016.07.22 13:49:49.305,1.10133,1.10135,2.44,1.00
2016.07.22 13:49:49.509,1.10133,1.10135,3.56,1.00
2016.07.22 13:49:49.611,1.10133,1.10135,4.31,1.00
2016.07.22 13:49:49.699,1.10133,1.10135,3.94,1.00
2016.07.22 13:49:50.158,1.10133,1.10135,2.25,1.00
2016.07.22 13:49:50.260,1.10133,1.10135,3.94,1.00
2016.07.22 13:49:50.361,1.10133,1.10135,2.25,1.00
2016.07.22 13:49:50.463,1.10133,1.10135,3.94,1.00
2016.07.22 13:49:51.012,1.10133,1.10135,2.25,1.00
2016.07.22 13:49:51.166,1.10133,1.10135,3.94,1.00
2016.07.22 13:49:51.217,1.10133,1.10135,3.19,1.00
2016.07.22 13:49:51.370,1.10133,1.10135,2.44,2.62
2016.07.22 13:49:51.421,1.10133,1.10135,1.69,2.77
2016.07.22 13:49:51.472,1.10132,1.10135,4.69,5.77
2016.07.22 13:49:51.523,1.10132,1.10135,3.94,6.22
2016.07.22 13:49:51.574,1.10132,1.10135,3.75,5.47
2016.07.22 13:49:51.625,1.10132,1.10135,4.69,5.47
2016.07.22 13:49:51.676,1.10133,1.10135,1.00,2.70
2016.07.22 13:49:51.728,1.10134,1.10135,2.25,1.95
2016.07.22 13:49:51.779,1.10134,1.10136,2.25,3.82
2016.07.22 13:49:52.167,1.10134,1.10136,2.25,3.07
2016.07.22 13:49:52.270,1.10134,1.10136,2.44,2.32
2016.07.22 13:49:52.321,1.10134,1.10136,3.19,2.32
2016.07.22 13:49:52.372,1.10134,1.10136,3.19,1.10
2016.07.22 13:49:53.521,1.10134,1.10136,3.19,2.70
2016.07.22 13:49:53.572,1.10134,1.10136,1.50,3.45
2016.07.22 13:49:53.624,1.10134,1.10136,1.00,2.32
2016.07.22 13:49:53.727,1.10134,1.10136,1.00,1.57
2016.07.22 13:49:53.778,1.10135,1.10136,1.00,1.57
2016.07.22 13:49:53.880,1.10135,1.10136,1.50,1.00
2016.07.22 13:49:54.052,1.10135,1.10136,1.00,1.00
2016.07.22 13:49:54.104,1.10134,1.10136,2.25,1.00
2016.07.22 13:49:54.155,1.10135,1.10136,1.00,1.50
2016.07.22 13:49:54.382,1.10135,1.10136,1.50,1.50
2016.07.22 13:49:54.535,1.10135,1.10136,2.25,1.50
2016.07.22 13:49:54.586,1.10135,1.10136,2.62,1.50
2016.07.22 13:49:54.688,1.10135,1.10136,2.25,1.50
2016.07.22 13:49:54.739,1.10135,1.10136,2.25,1.00
2016.07.22 13:49:55.107,1.10135,1.10136,2.62,1.00
2016.07.22 13:49:55.209,1.10135,1.10136,1.50,1.00
2016.07.22 13:49:55.260,1.10135,1.10138,1.50,5.62
2016.07.22 13:49:55.311,1.10135,1.10137,2.25,1.10
2016.07.22 13:49:55.718,1.10135,1.10137,3.00,1.10
2016.07.22 13:49:55.769,1.10135,1.10137,2.25,1.10
2016.07.22 13:49:55.820,1.10135,1.10137,2.25,1.00
2016.07.22 13:49:55.871,1.10136,1.10138,1.00,1.95
2016.07.22 13:49:55.995,1.10135,1.10138,6.56,1.20
2016.07.22 13:49:56.047,1.10135,1.10138,7.31,1.20
2016.07.22 13:49:56.098,1.10136,1.10138,1.00,1.20
2016.07.22 13:49:56.149,1.10136,1.10139,1.00,8.06
2016.07.22 13:49:56.201,1.10137,1.10139,1.00,3.19
2016.07.22 13:49:56.252,1.10137,1.10139,2.62,2.06
2016.07.22 13:49:56.303,1.10137,1.10139,3.75,1.25
2016.07.22 13:49:56.558,1.10138,1.10139,1.00,1.25
2016.07.22 13:49:56.660,1.10138,1.10139,1.50,1.25
2016.07.22 13:49:56.819,1.10138,1.10139,2.25,1.25
2016.07.22 13:49:57.076,1.10138,1.10139,1.50,1.25
2016.07.22 13:49:57.229,1.10138,1.10139,1.00,1.25
2016.07.22 13:49:57.280,1.10137,1.10139,3.37,1.25
2016.07.22 13:49:57.655,1.10137,1.10139,3.00,1.25
2016.07.22 13:49:58.054,1.10137,1.10139,1.50,1.25
2016.07.22 13:49:58.156,1.10137,1.10138,2.25,1.00
2016.07.22 13:49:58.207,1.10137,1.10138,1.50,1.12
2016.07.22 13:49:58.258,1.10136,1.10138,2.25,1.12
2016.07.22 13:49:58.310,1.10136,1.10138,1.50,4.50
2016.07.22 13:49:58.361,1.10135,1.10137,2.25,1.12
2016.07.22 13:49:58.413,1.10135,1.10137,1.50,1.50
2016.07.22 13:49:58.515,1.10135,1.10137,1.00,1.87
2016.07.22 13:49:58.616,1.10135,1.10137,1.00,1.50
2016.07.22 13:49:58.668,1.10134,1.10137,3.00,1.50
2016.07.22 13:49:58.769,1.10134,1.10137,3.00,2.25
2016.07.22 13:49:59.279,1.10134,1.10137,1.50,1.50
2016.07.22 13:49:59.380,1.10134,1.10137,3.00,2.25
2016.07.22 13:49:59.875,1.10134,1.10137,3.00,1.50
2016.07.22 13:50:00.136,1.10134,1.10137,3.00,1.87
2016.07.22 13:50:00.288,1.10134,1.10137,3.00,2.62
2016.07.22 13:50:00.390,1.10134,1.10137,3.00,4.87
2016.07.22 13:50:00.441,1.10134,1.10137,2.25,5.70
2016.07.22 13:50:00.543,1.10134,1.10137,1.50,7.20
2016.07.22 13:50:00.596,1.10134,1.10136,1.50,1.50
2016.07.22 13:50:00.699,1.10134,1.10137,1.50,6.07
2016.07.22 13:50:00.786,1.10134,1.10136,1.00,1.50
2016.07.22 13:50:00.941,1.10134,1.10136,1.00,1.87
2016.07.22 13:50:00.993,1.10133,1.10136,3.94,1.87
2016.07.22 13:50:01.199,1.10133,1.10136,3.94,2.62
2016.07.22 13:50:01.402,1.10133,1.10136,4.31,2.62
2016.07.22 13:50:01.454,1.10134,1.10136,1.00,2.25
2016.07.22 13:50:01.505,1.10134,1.10136,1.50,1.00
2016.07.22 13:50:01.749,1.10134,1.10136,1.50,1.12
2016.07.22 13:50:01.800,1.10134,1.10136,1.50,1.87
2016.07.22 13:50:01.903,1.10134,1.10136,1.50,1.50
2016.07.22 13:50:02.005,1.10134,1.10136,1.00,3.00
2016.07.22 13:50:02.056,1.10134,1.10135,1.00,2.10
2016.07.22 13:50:02.108,1.10133,1.10134,2.25,2.25
2016.07.22 13:50:02.159,1.10133,1.10134,1.50,4.87
2016.07.22 13:50:02.210,1.10133,1.10135,1.00,10.80
2016.07.22 13:50:02.261,1.10133,1.10135,1.00,10.57
2016.07.22 13:50:02.447,1.10133,1.10135,1.00,6.07
2016.07.22 13:50:02.498,1.10133,1.10135,1.00,4.20
2016.07.22 13:50:02.600,1.10133,1.10135,1.00,5.70
2016.07.22 13:50:02.803,1.10133,1.10135,1.00,3.45
2016.07.22 13:50:02.957,1.10133,1.10135,1.00,3.82
2016.07.22 13:50:03.059,1.10132,1.10135,1.50,6.07
2016.07.22 13:50:03.111,1.10132,1.10135,1.12,6.07
2016.07.22 13:50:03.162,1.10132,1.10133,1.25,1.00
2016.07.22 13:50:03.315,1.10132,1.10135,1.69,4.57
2016.07.22 13:50:03.429,1.10132,1.10135,1.69,3.82
2016.07.22 13:50:03.481,1.10132,1.10134,1.69,1.00
2016.07.22 13:50:03.584,1.10132,1.10135,1.69,3.82
2016.07.22 13:50:03.635,1.10132,1.10135,1.25,3.82
2016.07.22 13:50:03.839,1.10132,1.10135,1.69,2.70
2016.07.22 13:50:03.890,1.10132,1.10135,1.69,1.20
2016.07.22 13:50:03.993,1.10132,1.10135,2.44,2.62
2016.07.22 13:50:04.044,1.10132,1.10135,1.69,2.62
2016.07.22 13:50:04.095,1.10132,1.10135,1.69,1.87
2016.07.22 13:50:04.146,1.10132,1.10135,3.19,1.87
2016.07.22 13:50:04.487,1.10132,1.10135,3.19,2.62
2016.07.22 13:50:04.539,1.10132,1.10135,3.19,3.00
2016.07.22 13:50:04.590,1.10132,1.10135,2.44,3.00
2016.07.22 13:50:04.642,1.10132,1.10135,1.69,3.00
2016.07.22 13:50:04.744,1.10132,1.10135,1.25,3.00
2016.07.22 13:50:04.796,1.10132,1.10135,1.31,3.00
2016.07.22 13:50:04.847,1.10132,1.10135,2.06,3.75
2016.07.22 13:50:04.898,1.10132,1.10135,1.69,3.75
2016.07.22 13:50:05.575,1.10132,1.10135,1.69,4.87
2016.07.22 13:50:05.729,1.10132,1.10135,1.25,5.62
2016.07.22 13:50:05.780,1.10132,1.10135,1.69,6.75
2016.07.22 13:50:05.832,1.10132,1.10134,1.69,1.12
2016.07.22 13:50:05.883,1.10132,1.10134,1.25,1.50
2016.07.22 13:50:05.936,1.10132,1.10134,1.25,1.00
2016.07.22 13:50:05.988,1.10132,1.10135,1.25,10.95
2016.07.22 13:50:06.040,1.10132,1.10135,1.25,11.55
2016.07.22 13:50:06.091,1.10132,1.10134,1.69,1.00
2016.07.22 13:50:06.361,1.10132,1.10134,1.25,1.00
2016.07.22 13:50:06.412,1.10132,1.10134,1.69,1.00
2016.07.22 13:50:06.565,1.10132,1.10134,2.44,1.00
2016.07.22 13:50:06.967,1.10132,1.10134,1.69,1.00
2016.07.22 13:50:07.122,1.10132,1.10134,1.25,1.00
2016.07.22 13:50:07.172,1.10132,1.10134,1.69,1.00
2016.07.22 13:50:07.548,1.10132,1.10134,1.19,1.00
2016.07.22 13:50:07.752,1.10132,1.10134,1.19,1.12
2016.07.22 13:50:07.803,1.10132,1.10133,1.25,1.00
2016.07.22 13:50:07.854,1.10132,1.10133,1.25,1.50
2016.07.22 13:50:08.008,1.10132,1.10133,1.25,1.00
2016.07.22 13:50:08.064,1.10132,1.10134,1.19,3.75
2016.07.22 13:50:08.168,1.10132,1.10134,1.69,1.00
2016.07.22 13:50:08.220,1.10133,1.10134,1.25,1.00
2016.07.22 13:50:08.553,1.10133,1.10134,1.25,1.12
2016.07.22 13:50:08.604,1.10133,1.10135,1.25,5.70
2016.07.22 13:50:08.656,1.10133,1.10135,1.25,6.82
2016.07.22 13:50:08.707,1.10133,1.10135,1.25,6.07
2016.07.22 13:50:08.759,1.10133,1.10135,1.25,4.57
2016.07.22 13:50:08.810,1.10133,1.10135,1.25,5.32
2016.07.22 13:50:08.861,1.10133,1.10135,1.25,5.70
2016.07.22 13:50:08.912,1.10133,1.10135,1.25,4.95
2016.07.22 13:50:09.167,1.10133,1.10135,1.25,4.20
2016.07.22 13:50:09.289,1.10133,1.10135,1.25,2.70
2016.07.22 13:50:10.537,1.10133,1.10135,1.25,1.95
2016.07.22 13:50:11.148,1.10133,1.10135,1.69,1.95
2016.07.22 13:50:11.199,1.10133,1.10135,2.06,1.95
2016.07.22 13:50:11.301,1.10133,1.10135,1.69,1.95
2016.07.22 13:50:11.747,1.10133,1.10135,2.44,1.95
2016.07.22 13:50:11.798,1.10134,1.10135,1.00,1.87
2016.07.22 13:50:11.849,1.10134,1.10135,2.25,1.87
2016.07.22 13:50:11.900,1.10134,1.10135,3.75,1.12
2016.07.22 13:50:12.002,1.10134,1.10135,2.44,1.00
2016.07.22 13:50:12.053,1.10134,1.10136,1.69,2.50
2016.07.22 13:50:12.386,1.10134,1.10136,2.44,2.50
2016.07.22 13:50:12.691,1.10134,1.10136,3.60,2.50
2016.07.22 13:50:12.792,1.10134,1.10136,4.35,2.50
2016.07.22 13:50:12.843,1.10135,1.10136,1.50,2.25
2016.07.22 13:50:12.894,1.10135,1.10136,6.37,2.25
2016.07.22 13:50:12.945,1.10136,1.10137,1.00,3.00
2016.07.22 13:50:13.090,1.10136,1.10138,1.00,2.62
2016.07.22 13:50:13.144,1.10136,1.10137,1.00,1.12
2016.07.22 13:50:13.195,1.10136,1.10137,1.00,1.50
2016.07.22 13:50:13.246,1.10136,1.10137,1.00,1.87
2016.07.22 13:50:13.451,1.10136,1.10137,1.00,1.12
2016.07.22 13:50:13.553,1.10136,1.10137,1.00,1.87
2016.07.22 13:50:13.809,1.10135,1.10137,2.25,1.87
2016.07.22 13:50:13.860,1.10135,1.10137,1.00,1.87
2016.07.22 13:50:14.241,1.10135,1.10137,1.00,2.62
2016.07.22 13:50:14.292,1.10134,1.10137,2.55,4.50
2016.07.22 13:50:14.343,1.10134,1.10137,1.30,5.25
2016.07.22 13:50:14.395,1.10134,1.10137,1.30,6.37
2016.07.22 13:50:14.497,1.10134,1.10137,1.30,5.62
2016.07.22 13:50:14.599,1.10134,1.10137,1.30,5.25
2016.07.22 13:50:14.786,1.10134,1.10137,1.30,4.87
2016.07.22 13:50:14.837,1.10134,1.10137,1.30,4.12
2016.07.22 13:50:14.989,1.10135,1.10137,1.00,4.12
2016.07.22 13:50:15.142,1.10135,1.10137,1.00,3.37
2016.07.22 13:50:15.244,1.10135,1.10137,1.50,2.62
2016.07.22 13:50:15.296,1.10135,1.10137,1.50,1.87
2016.07.22 13:50:15.348,1.10135,1.10137,2.25,1.12
2016.07.22 13:50:15.400,1.10135,1.10137,3.37,1.12
2016.07.22 13:50:15.525,1.10135,1.10137,2.62,1.12
2016.07.22 13:50:15.577,1.10135,1.10137,3.37,1.12
2016.07.22 13:50:15.628,1.10135,1.10137,3.37,1.12
2016.07.22 13:50:15.679,1.10135,1.10137,1.50,1.12
2016.07.22 13:50:15.731,1.10135,1.10137,1.00,2.70
2016.07.22 13:50:15.782,1.10134,1.10137,2.47,2.70
2016.07.22 13:50:15.834,1.10134,1.10137,2.47,3.45
2016.07.22 13:50:16.088,1.10134,1.10137,1.30,3.45
2016.07.22 13:50:16.190,1.10134,1.10137,1.72,3.45
2016.07.22 13:50:16.343,1.10134,1.10137,1.72,4.20
2016.07.22 13:50:16.478,1.10134,1.10137,1.30,4.95
2016.07.22 13:50:16.531,1.10134,1.10137,1.30,5.70
2016.07.22 13:50:16.582,1.10134,1.10136,1.30,1.00
2016.07.22 13:50:17.468,1.10134,1.10137,1.30,6.07
2016.07.22 13:50:17.570,1.10134,1.10136,1.30,1.00
2016.07.22 13:50:17.976,1.10134,1.10137,1.30,6.07
2016.07.22 13:50:18.078,1.10134,1.10136,1.30,1.00
2016.07.22 13:50:18.230,1.10133,1.10136,5.66,1.00
2016.07.22 13:50:18.281,1.10133,1.10136,4.91,1.00
2016.07.22 13:50:18.333,1.10133,1.10136,4.16,1.22
2016.07.22 13:50:18.512,1.10134,1.10136,2.47,1.12
2016.07.22 13:50:18.563,1.10135,1.10137,1.12,2.04
2016.07.22 13:50:18.614,1.10135,1.10137,3.00,1.87
2016.07.22 13:50:18.666,1.10135,1.10137,6.00,1.12
2016.07.22 13:50:18.717,1.10135,1.10137,4.12,1.12
2016.07.22 13:50:18.769,1.10135,1.10137,1.87,1.12
2016.07.22 13:50:18.822,1.10135,1.10137,1.00,1.12
2016.07.22 13:50:18.925,1.10135,1.10137,1.00,2.25
2016.07.22 13:50:18.977,1.10134,1.10137,1.30,3.75
2016.07.22 13:50:19.161,1.10134,1.10136,1.30,1.00
2016.07.22 13:50:19.212,1.10133,1.10136,3.30,3.75
2016.07.22 13:50:19.264,1.10133,1.10135,1.28,1.50
2016.07.22 13:50:19.315,1.10133,1.10135,1.28,6.37
2016.07.22 13:50:19.366,1.10131,1.10134,6.30,6.37
2016.07.22 13:50:19.417,1.10131,1.10134,4.39,6.75
2016.07.22 13:50:19.468,1.10131,1.10133,2.51,1.00
2016.07.22 13:50:19.519,1.10132,1.10133,1.00,1.00
2016.07.22 13:50:19.672,1.10132,1.10133,1.50,1.00
2016.07.22 13:50:19.723,1.10132,1.10133,1.00,1.00
2016.07.22 13:50:20.271,1.10131,1.10133,2.51,1.00
2016.07.22 13:50:20.324,1.10131,1.10133,2.14,1.00
2016.07.22 13:50:20.376,1.1013,1.10133,12.56,1.00
2016.07.22 13:50:20.429,1.1013,1.10133,9.19,1.00
2016.07.22 13:50:20.480,1.10131,1.10133,1.39,1.00
2016.07.22 13:50:20.532,1.10131,1.10133,1.01,1.00
2016.07.22 13:50:20.736,1.10131,1.10133,1.39,1.00
2016.07.22 13:50:22.089,1.1013,1.10133,8.44,1.00
2016.07.22 13:50:22.140,1.1013,1.10133,8.06,1.00
2016.07.22 13:50:22.192,1.10131,1.10133,1.01,1.00
2016.07.22 13:50:22.346,1.10131,1.10133,1.39,1.00
2016.07.22 13:50:22.594,1.10131,1.10133,1.76,1.00
2016.07.22 13:50:22.645,1.10131,1.10133,2.14,1.00
2016.07.22 13:50:22.697,1.10131,1.10133,1.39,1.00
2016.07.22 13:50:22.748,1.10131,1.10133,1.01,1.00
2016.07.22 13:50:22.799,1.10131,1.10133,1.39,1.00
2016.07.22 13:50:23.003,1.1013,1.10133,8.63,1.00
2016.07.22 13:50:23.054,1.1013,1.10133,9.56,1.00
2016.07.22 13:50:23.105,1.10131,1.10133,1.39,1.00
2016.07.22 13:50:23.440,1.10131,1.10133,2.74,1.00
2016.07.22 13:50:23.492,1.10132,1.10134,1.00,6.37
2016.07.22 13:50:23.543,1.10133,1.10134,1.00,3.00
2016.07.22 13:50:23.595,1.10132,1.10133,3.00,1.00
2016.07.22 13:50:23.646,1.10132,1.10134,4.12,2.25
2016.07.22 13:50:23.697,1.10133,1.10134,1.12,2.25
2016.07.22 13:50:23.749,1.10133,1.10134,1.50,2.25
2016.07.22 13:50:23.801,1.10133,1.10134,2.25,2.25
2016.07.22 13:50:23.852,1.10133,1.10134,1.87,2.25
2016.07.22 13:50:23.903,1.10133,1.10134,1.12,2.25
2016.07.22 13:50:24.006,1.10132,1.10134,3.45,2.25
2016.07.22 13:50:24.058,1.10132,1.10133,3.07,1.00
2016.07.22 13:50:24.175,1.10132,1.10133,3.82,1.00
2016.07.22 13:50:24.226,1.10132,1.10133,6.45,1.00
2016.07.22 13:50:24.277,1.10132,1.10133,5.70,1.00
2016.07.22 13:50:24.328,1.10132,1.10133,4.57,1.00
2016.07.22 13:50:24.481,1.10132,1.10133,3.82,1.00
2016.07.22 13:50:24.532,1.10132,1.10133,3.45,1.00
2016.07.22 13:50:24.686,1.10132,1.10133,1.95,1.00
2016.07.22 13:50:24.840,1.10132,1.10133,2.70,1.00
2016.07.22 13:50:24.920,1.10132,1.10133,3.07,1.00
2016.07.22 13:50:24.971,1.10132,1.10133,4.42,1.00
2016.07.22 13:50:25.022,1.10132,1.10133,4.05,1.00
2016.07.22 13:50:25.124,1.10133,1.10134,1.00,1.50
2016.07.22 13:50:25.227,1.10132,1.10133,4.05,1.00
2016.07.22 13:50:25.329,1.10133,1.10134,1.00,1.50
2016.07.22 13:50:25.533,1.10132,1.10133,4.42,1.00
2016.07.22 13:50:26.019,1.10132,1.10133,3.67,1.00
2016.07.22 13:50:26.070,1.10132,1.10133,4.05,1.00
2016.07.22 13:50:26.223,1.10132,1.10133,3.30,1.00
2016.07.22 13:50:26.325,1.10133,1.10134,1.00,2.25
2016.07.22 13:50:26.427,1.10132,1.10133,3.30,1.00
2016.07.22 13:50:26.621,1.10132,1.10133,2.55,1.00
2016.07.22 13:50:26.672,1.10132,1.10133,2.17,1.00
2016.07.22 13:50:26.723,1.10132,1.10133,2.92,1.00
2016.07.22 13:50:26.928,1.10133,1.10134,1.00,2.25
2016.07.22 13:50:27.587,1.10133,1.10134,1.69,2.25
2016.07.22 13:50:27.639,1.10133,1.10134,2.66,1.00
2016.07.22 13:50:27.691,1.10133,1.10135,3.79,1.50
2016.07.22 13:50:27.742,1.10134,1.10135,1.35,1.50
2016.07.22 13:50:27.793,1.10135,1.10136,1.87,1.00
2016.07.22 13:50:27.845,1.10135,1.10136,2.25,1.00
2016.07.22 13:50:27.896,1.10135,1.10137,3.00,1.12
2016.07.22 13:50:27.947,1.10135,1.10137,3.37,1.12
2016.07.22 13:50:28.101,1.10135,1.10137,2.25,1.12
2016.07.22 13:50:28.332,1.10135,1.10137,2.62,1.12
2016.07.22 13:50:28.383,1.10135,1.10137,3.37,1.12
2016.07.22 13:50:28.434,1.10135,1.10137,3.00,1.12
2016.07.22 13:50:28.485,1.10135,1.10137,1.50,1.12
2016.07.22 13:50:28.536,1.10135,1.10137,1.00,1.50
2016.07.22 13:50:28.587,1.10135,1.10137,1.00,1.12
2016.07.22 13:50:28.638,1.10134,1.10137,1.69,3.75
2016.07.22 13:50:28.689,1.10134,1.10136,1.69,1.00
2016.07.22 13:50:28.741,1.10134,1.10136,2.29,1.50
2016.07.22 13:50:28.792,1.10135,1.10136,1.87,1.00
2016.07.22 13:50:28.843,1.10136,1.10137,1.00,1.50
2016.07.22 13:50:28.945,1.10136,1.10137,1.25,1.00
2016.07.22 13:50:28.996,1.10136,1.10138,1.25,3.82
2016.07.22 13:50:29.633,1.10136,1.10138,1.25,3.07
2016.07.22 13:50:29.735,1.10136,1.10138,1.25,3.82
2016.07.22 13:50:30.104,1.10136,1.10138,1.25,3.07
2016.07.22 13:50:30.156,1.10137,1.10139,1.00,17.25
2016.07.22 13:50:30.208,1.10136,1.10138,3.41,3.07
2016.07.22 13:50:30.260,1.10144,1.1015,6.22,4.12
2016.07.22 13:50:30.314,1.10147,1.10149,1.50,7.50
2016.07.22 13:50:30.373,1.10154,1.10156,1.28,17.62
2016.07.22 13:50:30.425,1.10153,1.10155,3.75,7.87
2016.07.22 13:50:30.478,1.10155,1.10156,2.18,7.87
2016.07.22 13:50:30.530,1.10156,1.10157,1.00,1.12
2016.07.22 13:50:30.582,1.10158,1.10159,1.50,4.12
2016.07.22 13:50:30.709,1.10158,1.10159,1.50,3.37
2016.07.22 13:50:30.761,1.1016,1.10161,1.69,3.75
2016.07.22 13:50:30.812,1.1016,1.10163,1.50,1.73
2016.07.22 13:50:31.017,1.1016,1.10162,1.50,1.30
2016.07.22 13:50:31.119,1.1016,1.10162,1.00,1.30
2016.07.22 13:50:31.170,1.1016,1.10163,1.00,1.38
2016.07.22 13:50:31.419,1.10159,1.10162,3.19,1.88
2016.07.22 13:50:31.471,1.10159,1.10162,3.19,2.25
2016.07.22 13:50:31.522,1.10159,1.10162,1.69,1.13
2016.07.22 13:50:31.624,1.10159,1.10162,1.69,1.88
2016.07.22 13:50:31.675,1.1016,1.10162,1.00,1.88
2016.07.22 13:50:31.726,1.1016,1.10162,1.50,1.88
2016.07.22 13:50:32.070,1.1016,1.10162,1.50,1.97
2016.07.22 13:50:32.224,1.1016,1.10161,1.50,1.00
2016.07.22 13:50:32.328,1.1016,1.10161,1.50,1.50
2016.07.22 13:50:33.583,1.1016,1.10161,1.50,1.00
2016.07.22 13:50:33.634,1.1016,1.10162,3.00,1.88
2016.07.22 13:50:33.685,1.1016,1.10162,5.47,1.88
2016.07.22 13:50:33.766,1.10161,1.10162,1.05,1.50
2016.07.22 13:50:33.820,1.10163,1.10165,3.75,1.95
2016.07.22 13:50:33.871,1.10163,1.10165,4.69,1.50
2016.07.22 13:50:33.923,1.10163,1.10166,6.00,1.00
2016.07.22 13:50:33.974,1.10163,1.10167,7.50,1.20
2016.07.22 13:50:34.025,1.10164,1.10167,1.31,1.10
2016.07.22 13:50:34.077,1.10164,1.10166,1.31,1.00
2016.07.22 13:50:34.129,1.10164,1.10166,1.31,3.37
2016.07.22 13:50:34.180,1.10164,1.10166,1.25,5.70
2016.07.22 13:50:34.232,1.10163,1.10164,4.50,1.00
2016.07.22 13:50:34.283,1.10163,1.10164,3.75,1.00
2016.07.22 13:50:34.436,1.10163,1.10165,4.12,1.20
2016.07.22 13:50:34.531,1.10163,1.10165,5.81,1.20
2016.07.22 13:50:34.582,1.10163,1.10166,6.19,1.87
2016.07.22 13:50:34.634,1.10164,1.10166,1.25,1.00
2016.07.22 13:50:34.740,1.10164,1.10165,1.25,1.00
2016.07.22 13:50:34.792,1.10163,1.10165,4.12,1.00
2016.07.22 13:50:34.843,1.10163,1.10165,3.75,1.00
2016.07.22 13:50:34.949,1.10164,1.10166,1.12,1.00
2016.07.22 13:50:35.000,1.10164,1.10168,2.44,3.38
2016.07.22 13:50:35.052,1.10165,1.10168,1.50,1.10
2016.07.22 13:50:35.190,1.10165,1.10168,1.12,9.83
2016.07.22 13:50:35.243,1.10165,1.10167,1.87,1.00
2016.07.22 13:50:35.295,1.10165,1.10169,3.75,4.20
2016.07.22 13:50:35.347,1.10165,1.10168,2.62,1.00
2016.07.22 13:50:35.449,1.10165,1.10168,2.62,1.50
2016.07.22 13:50:35.500,1.10165,1.10168,1.00,1.88
2016.07.22 13:50:35.551,1.10165,1.10168,1.00,1.12
2016.07.22 13:50:35.602,1.10165,1.10168,1.00,1.00
2016.07.22 13:50:35.653,1.10165,1.10168,1.12,1.00
2016.07.22 13:50:35.704,1.10165,1.10168,1.31,1.00
2016.07.22 13:50:35.806,1.10165,1.10168,1.12,1.00
2016.07.22 13:50:35.968,1.10165,1.10168,3.19,1.00
2016.07.22 13:50:36.019,1.10165,1.10168,3.75,1.00
2016.07.22 13:50:36.121,1.10166,1.10168,1.00,1.50
2016.07.22 13:50:36.324,1.10167,1.10169,1.00,2.32
2016.07.22 13:50:36.375,1.10167,1.10169,1.00,1.57
2016.07.22 13:50:36.427,1.10166,1.10169,1.00,1.10
2016.07.22 13:50:36.478,1.10166,1.10169,1.00,1.00
2016.07.22 13:50:36.529,1.10167,1.10169,1.00,1.00
2016.07.22 13:50:36.649,1.10167,1.10169,2.06,1.00
2016.07.22 13:50:36.752,1.10167,1.10169,1.69,1.00
2016.07.22 13:50:36.803,1.10167,1.10171,1.69,6.75
2016.07.22 13:50:36.854,1.10167,1.1017,1.25,1.10
2016.07.22 13:50:37.159,1.10167,1.1017,1.31,1.10
2016.07.22 13:50:37.210,1.10167,1.1017,1.31,1.20
2016.07.22 13:50:37.311,1.10167,1.1017,1.31,1.10
2016.07.22 13:50:37.455,1.10167,1.1017,1.25,1.10
2016.07.22 13:50:37.512,1.10166,1.1017,7.87,1.10
2016.07.22 13:50:37.614,1.10167,1.1017,1.25,1.10
2016.07.22 13:50:37.766,1.10167,1.1017,1.69,1.10
2016.07.22 13:50:37.868,1.10167,1.1017,2.44,1.10
2016.07.22 13:50:38.021,1.10167,1.1017,2.44,1.10
2016.07.22 13:50:38.072,1.10167,1.1017,3.19,1.10
2016.07.22 13:50:38.123,1.10167,1.1017,3.45,1.00
2016.07.22 13:50:38.174,1.10167,1.1017,3.45,1.08
2016.07.22 13:50:38.670,1.10167,1.1017,2.51,1.08
2016.07.22 13:50:38.772,1.10167,1.1017,3.45,1.08
2016.07.22 13:50:38.925,1.10167,1.1017,2.51,1.08
2016.07.22 13:50:39.026,1.10167,1.1017,3.45,1.08
2016.07.22 13:50:39.077,1.10167,1.1017,3.45,1.58
2016.07.22 13:50:39.128,1.10167,1.10169,2.14,1.10
2016.07.22 13:50:39.179,1.10167,1.10169,1.20,2.70
2016.07.22 13:50:39.230,1.10166,1.10168,3.37,1.87
2016.07.22 13:50:39.327,1.10166,1.10168,1.12,3.00
2016.07.22 13:50:39.380,1.10165,1.10168,1.12,3.00
2016.07.22 13:50:39.432,1.10165,1.10168,1.87,3.00
2016.07.22 13:50:39.534,1.10165,1.10168,1.87,2.25
2016.07.22 13:50:39.635,1.10165,1.10168,1.87,2.25
2016.07.22 13:50:39.738,1.10166,1.10168,1.00,2.62
2016.07.22 13:50:39.789,1.10166,1.10168,1.00,1.12
2016.07.22 13:50:39.840,1.10166,1.10169,1.00,4.65
2016.07.22 13:50:39.942,1.10166,1.10169,1.00,3.15
2016.07.22 13:50:40.044,1.10165,1.10169,5.44,5.03
2016.07.22 13:50:40.183,1.10165,1.10167,1.87,1.00
2016.07.22 13:50:40.234,1.10165,1.10167,1.87,1.12
2016.07.22 13:50:40.336,1.10165,1.10168,1.87,4.58
2016.07.22 13:50:40.387,1.10165,1.10168,1.12,4.58
2016.07.22 13:50:40.490,1.10165,1.10168,1.87,4.58
2016.07.22 13:50:40.541,1.10165,1.10168,1.87,6.15
2016.07.22 13:50:40.694,1.10165,1.10168,2.62,6.15
2016.07.22 13:50:40.796,1.10165,1.10168,3.37,6.15
2016.07.22 13:50:41.345,1.10165,1.10168,3.37,5.78
2016.07.22 13:50:41.548,1.10165,1.10168,3.37,5.70
2016.07.22 13:50:41.701,1.10165,1.10168,2.62,5.70
2016.07.22 13:50:41.904,1.10165,1.10168,3.37,5.70
2016.07.22 13:50:42.006,1.10165,1.10168,2.62,5.70
2016.07.22 13:50:42.110,1.10165,1.10168,3.37,5.70
2016.07.22 13:50:42.211,1.10165,1.10168,2.62,5.70
2016.07.22 13:50:42.262,1.10165,1.10168,2.25,4.95
2016.07.22 13:50:42.313,1.10165,1.10168,3.00,4.95
2016.07.22 13:50:42.419,1.10165,1.10168,2.25,4.95
2016.07.22 13:50:42.521,1.10165,1.10168,3.00,4.95
2016.07.22 13:50:42.699,1.10165,1.10168,1.00,4.66
2016.07.22 13:50:42.751,1.10165,1.10167,1.00,1.22
2016.07.22 13:50:42.803,1.10165,1.10167,1.00,1.00
2016.07.22 13:50:42.854,1.10164,1.10167,2.25,1.12
2016.07.22 13:50:42.905,1.10164,1.10167,3.00,1.12
2016.07.22 13:50:43.058,1.10164,1.10166,3.00,1.00
2016.07.22 13:50:43.160,1.10164,1.10167,3.00,1.35
2016.07.22 13:50:43.211,1.10164,1.10167,3.00,1.20
2016.07.22 13:50:43.262,1.10164,1.10166,3.75,1.00
2016.07.22 13:50:43.364,1.10165,1.10168,1.12,3.53
2016.07.22 13:50:43.415,1.10165,1.10168,1.87,3.53
2016.07.22 13:50:43.466,1.10167,1.10168,1.00,1.20
2016.07.22 13:50:43.517,1.10167,1.10168,1.00,1.00
2016.07.22 13:50:43.666,1.10166,1.10168,4.57,1.00
2016.07.22 13:50:43.717,1.10166,1.1017,4.95,4.87
2016.07.22 13:50:43.768,1.10167,1.10169,1.00,1.00
2016.07.22 13:50:44.125,1.10167,1.10169,1.12,1.00
2016.07.22 13:50:44.379,1.10167,1.1017,1.12,3.38
2016.07.22 13:50:44.430,1.10167,1.1017,1.12,2.63
2016.07.22 13:50:44.510,1.10167,1.1017,1.12,1.88
2016.07.22 13:50:44.562,1.10167,1.1017,1.12,1.00
2016.07.22 13:50:44.612,1.10167,1.1017,1.00,1.00
2016.07.22 13:50:45.234,1.10166,1.1017,4.76,1.13
2016.07.22 13:50:45.285,1.10166,1.1017,6.45,1.13
2016.07.22 13:50:45.387,1.10166,1.1017,4.76,1.13
2016.07.22 13:50:45.488,1.10166,1.1017,6.45,1.13
2016.07.22 13:50:45.590,1.10166,1.1017,6.07,1.13
2016.07.22 13:50:45.993,1.10166,1.1017,6.07,1.50
2016.07.22 13:50:46.095,1.10166,1.1017,6.82,1.00
2016.07.22 13:50:46.196,1.10166,1.1017,6.45,1.00
2016.07.22 13:50:46.248,1.10166,1.1017,6.45,1.50
2016.07.22 13:50:46.299,1.10166,1.1017,5.51,1.50
2016.07.22 13:50:46.350,1.10166,1.1017,5.51,1.88
2016.07.22 13:50:46.401,1.10166,1.1017,5.14,1.88
2016.07.22 13:50:46.453,1.10166,1.1017,4.76,1.88
2016.07.22 13:50:46.740,1.10165,1.10169,11.75,5.25
2016.07.22 13:50:46.791,1.10166,1.10168,2.32,1.00
2016.07.22 13:50:46.844,1.10166,1.10168,2.25,1.00
2016.07.22 13:50:46.895,1.10165,1.10169,8.45,6.37
2016.07.22 13:50:46.946,1.10165,1.10169,9.20,6.37
2016.07.22 13:50:46.997,1.10166,1.10169,3.75,4.87
2016.07.22 13:50:47.100,1.10166,1.10169,3.75,4.50
2016.07.22 13:50:47.152,1.10168,1.10169,1.00,3.00
2016.07.22 13:50:47.203,1.10169,1.1017,1.00,1.57
2016.07.22 13:50:47.255,1.10169,1.10171,1.50,1.87
2016.07.22 13:50:47.398,1.10169,1.10171,1.72,1.00
2016.07.22 13:50:47.450,1.10169,1.10172,5.47,1.00
2016.07.22 13:50:47.501,1.10169,1.10172,4.72,1.00
2016.07.22 13:50:47.552,1.10169,1.10172,4.72,1.00
2016.07.22 13:50:47.603,1.10169,1.10172,3.75,1.00
2016.07.22 13:50:47.655,1.10169,1.10173,3.75,4.31
2016.07.22 13:50:47.706,1.10169,1.10173,3.75,5.29
2016.07.22 13:50:47.758,1.10169,1.10172,3.75,1.50
2016.07.22 13:50:47.861,1.10169,1.10171,3.75,1.00
2016.07.22 13:50:48.256,1.10168,1.10171,3.82,1.50
2016.07.22 13:50:48.308,1.10168,1.10171,2.70,2.06
2016.07.22 13:50:48.360,1.10168,1.1017,1.57,1.25
2016.07.22 13:50:48.411,1.10168,1.1017,1.10,1.25
2016.07.22 13:50:48.463,1.10167,1.10171,3.37,1.31
2016.07.22 13:50:48.514,1.10167,1.10171,4.69,1.31
2016.07.22 13:50:48.565,1.10168,1.10171,1.10,3.56
2016.07.22 13:50:48.617,1.10168,1.10171,1.10,4.16
2016.07.22 13:50:48.668,1.10168,1.10171,1.10,4.69
2016.07.22 13:50:48.720,1.10168,1.10171,1.10,5.06
2016.07.22 13:50:48.770,1.10168,1.10171,1.57,3.94
2016.07.22 13:50:48.821,1.10168,1.10171,1.50,3.94
2016.07.22 13:50:48.965,1.10168,1.10171,1.00,1.69
2016.07.22 13:50:49.067,1.10168,1.10171,2.25,3.94
2016.07.22 13:50:49.118,1.10168,1.10171,1.50,3.94
2016.07.22 13:50:49.169,1.10168,1.10171,1.00,3.94
2016.07.22 13:50:49.475,1.10168,1.1017,1.50,1.31
2016.07.22 13:50:49.527,1.10168,1.1017,1.50,1.69
2016.07.22 13:50:49.579,1.10168,1.1017,1.00,2.06
2016.07.22 13:50:49.963,1.10168,1.1017,1.00,2.66
2016.07.22 13:50:50.014,1.10168,1.1017,1.00,2.29
2016.07.22 13:50:50.319,1.10168,1.1017,1.00,1.69
2016.07.22 13:50:50.878,1.10167,1.1017,3.45,1.69
2016.07.22 13:50:51.060,1.10168,1.1017,1.00,1.69
2016.07.22 13:50:51.111,1.10168,1.1017,1.00,2.06
2016.07.22 13:50:53.103,1.10167,1.1017,3.07,2.06
2016.07.22 13:50:53.204,1.10167,1.1017,3.32,2.06
2016.07.22 13:50:53.433,1.10167,1.1017,3.32,1.69
2016.07.22 13:50:53.484,1.10167,1.1017,3.51,1.25
2016.07.22 13:50:53.535,1.10167,1.1017,3.89,1.25
2016.07.22 13:50:53.587,1.10167,1.10171,3.45,6.79
2016.07.22 13:50:53.638,1.10167,1.10171,10.45,5.29
2016.07.22 13:50:53.689,1.10167,1.10171,11.70,6.79
2016.07.22 13:50:53.740,1.10168,1.10171,2.25,6.79
2016.07.22 13:50:53.791,1.10168,1.10171,3.25,7.16
2016.07.22 13:50:53.842,1.10168,1.10171,3.25,7.16
2016.07.22 13:50:53.893,1.10168,1.10171,2.50,7.16
2016.07.22 13:50:53.995,1.10168,1.10171,3.25,6.79
2016.07.22 13:50:54.046,1.10168,1.10171,3.25,6.79
2016.07.22 13:50:54.199,1.10168,1.10171,1.00,4.54
2016.07.22 13:50:54.251,1.10168,1.1017,1.00,1.25
2016.07.22 13:50:54.302,1.10168,1.1017,3.25,1.25
2016.07.22 13:50:54.513,1.10168,1.1017,2.50,1.25
2016.07.22 13:50:54.564,1.10168,1.10171,1.50,7.54
2016.07.22 13:50:54.667,1.10168,1.1017,1.50,1.54
2016.07.22 13:50:54.718,1.10168,1.1017,1.50,1.91
2016.07.22 13:50:55.176,1.10168,1.1017,1.50,1.16
2016.07.22 13:50:55.785,1.10168,1.1017,1.50,1.91
2016.07.22 13:50:55.887,1.10168,1.1017,3.25,1.91
2016.07.22 13:50:55.989,1.10168,1.1017,2.50,1.91
2016.07.22 13:50:56.041,1.10168,1.1017,1.50,1.54
2016.07.22 13:50:56.092,1.10168,1.1017,1.50,1.25
2016.07.22 13:50:56.143,1.10168,1.1017,1.00,1.25
2016.07.22 13:50:56.195,1.10168,1.10171,1.00,6.56
2016.07.22 13:50:56.246,1.10168,1.10171,1.00,3.19
2016.07.22 13:50:56.297,1.10168,1.10171,1.00,2.44
2016.07.22 13:50:56.349,1.10168,1.10171,1.00,2.25
2016.07.22 13:50:56.450,1.10168,1.10171,1.00,2.44
2016.07.22 13:50:57.148,1.10168,1.10171,1.00,3.04
2016.07.22 13:50:57.199,1.10168,1.10171,1.00,3.41
2016.07.22 13:50:57.301,1.10168,1.10171,1.00,3.04
2016.07.22 13:50:57.352,1.10168,1.1017,1.00,1.25
2016.07.22 13:50:57.405,1.10168,1.1017,1.00,2.44
2016.07.22 13:50:57.459,1.10168,1.1017,1.00,3.19
2016.07.22 13:50:57.611,1.10167,1.1017,4.57,2.44
2016.07.22 13:50:57.662,1.10167,1.1017,4.57,1.69
2016.07.22 13:50:57.714,1.10168,1.1017,1.00,2.44
2016.07.22 13:50:57.765,1.10168,1.1017,1.00,3.19
2016.07.22 13:50:58.331,1.10168,1.1017,1.00,3.56
2016.07.22 13:50:58.483,1.10167,1.1017,3.82,2.81
2016.07.22 13:50:58.586,1.10168,1.1017,1.00,3.56
2016.07.22 13:50:58.756,1.10168,1.1017,1.00,2.81
2016.07.22 13:50:58.857,1.10168,1.1017,1.00,3.56
2016.07.22 13:50:59.162,1.10168,1.1017,1.00,2.44
2016.07.22 13:50:59.264,1.10168,1.1017,1.00,1.69
2016.07.22 13:50:59.315,1.10168,1.10171,1.12,1.69
2016.07.22 13:50:59.366,1.1017,1.10172,1.00,6.26
2016.07.22 13:50:59.417,1.1017,1.10171,1.50,1.12
2016.07.22 13:50:59.468,1.1017,1.10171,1.00,1.00
2016.07.22 13:50:59.519,1.1017,1.10173,1.00,1.39
2016.07.22 13:50:59.570,1.1017,1.10173,1.50,1.39
2016.07.22 13:50:59.621,1.1017,1.10173,1.00,1.39
2016.07.22 13:50:59.672,1.10169,1.10173,4.50,1.39
2016.07.22 13:50:59.812,1.10169,1.10172,3.75,1.00
2016.07.22 13:51:00.067,1.10169,1.10172,3.75,1.00
2016.07.22 13:51:00.118,1.10169,1.10172,1.50,1.12
2016.07.22 13:51:00.220,1.10169,1.10172,1.50,1.00
2016.07.22 13:51:00.271,1.10169,1.10172,2.25,1.00
2016.07.22 13:51:00.525,1.10169,1.10172,2.25,1.12
2016.07.22 13:51:00.627,1.10169,1.10173,2.25,6.11
2016.07.22 13:51:00.830,1.10169,1.10172,2.25,1.12
2016.07.22 13:51:01.462,1.10169,1.10172,1.50,1.12
2016.07.22 13:51:01.665,1.10169,1.10171,1.00,1.12
2016.07.22 13:51:01.716,1.10168,1.10171,4.20,2.29
2016.07.22 13:51:01.768,1.10168,1.10171,2.25,2.06
2016.07.22 13:51:01.819,1.10167,1.1017,6.45,1.12
2016.07.22 13:51:01.909,1.10167,1.1017,4.76,3.75
2016.07.22 13:51:01.960,1.10167,1.1017,3.82,7.72
2016.07.22 13:51:02.011,1.10167,1.1017,1.50,5.47
2016.07.22 13:51:02.216,1.10168,1.1017,1.00,4.12
2016.07.22 13:51:02.269,1.10168,1.1017,1.00,1.00
2016.07.22 13:51:02.320,1.10167,1.10171,8.29,1.95
2016.07.22 13:51:02.373,1.1017,1.10171,1.00,1.10
2016.07.22 13:51:02.476,1.10169,1.10171,1.95,1.00
2016.07.22 13:51:02.569,1.10169,1.10173,1.20,6.19
2016.07.22 13:51:02.620,1.10169,1.10173,1.57,6.19
2016.07.22 13:51:02.671,1.10169,1.10173,1.57,5.81
2016.07.22 13:51:02.724,1.10169,1.10173,1.10,5.06
2016.07.22 13:51:02.776,1.10169,1.10173,4.57,5.81
2016.07.22 13:51:03.033,1.10169,1.10173,4.57,6.56
2016.07.22 13:51:03.085,1.10169,1.10172,4.57,2.47
2016.07.22 13:51:03.136,1.10169,1.10171,3.82,1.00
2016.07.22 13:51:03.188,1.1017,1.10171,1.00,1.00
2016.07.22 13:51:03.239,1.1017,1.10171,1.00,1.12
2016.07.22 13:51:03.500,1.10169,1.10171,3.75,1.12
2016.07.22 13:51:04.197,1.10169,1.10171,4.50,1.87
2016.07.22 13:51:04.249,1.10169,1.10171,4.50,2.47
2016.07.22 13:51:04.300,1.10169,1.10171,4.50,2.62
2016.07.22 13:51:04.402,1.10169,1.10171,3.75,2.62
2016.07.22 13:51:04.495,1.10169,1.10171,3.75,3.52
2016.07.22 13:51:04.547,1.10169,1.10171,3.75,5.62
2016.07.22 13:51:04.598,1.10168,1.1017,6.75,2.10
2016.07.22 13:51:04.649,1.10168,1.1017,6.75,2.25
2016.07.22 13:51:04.700,1.10168,1.1017,6.75,2.85
2016.07.22 13:51:04.751,1.10167,1.1017,2.44,2.85
2016.07.22 13:51:04.802,1.10167,1.1017,1.69,2.10
2016.07.22 13:51:05.007,1.10167,1.1017,1.69,2.70
2016.07.22 13:51:05.058,1.10167,1.1017,2.44,2.70
2016.07.22 13:51:05.414,1.10167,1.1017,1.69,1.95
2016.07.22 13:51:05.516,1.10169,1.1017,1.00,1.50
2016.07.22 13:51:05.567,1.10169,1.1017,1.00,1.00
2016.07.22 13:51:05.618,1.1017,1.10172,1.00,1.37
2016.07.22 13:51:05.670,1.1017,1.10173,1.00,7.80
2016.07.22 13:51:05.722,1.1017,1.10172,1.00,1.00
2016.07.22 13:51:05.773,1.1017,1.10172,1.00,1.12
2016.07.22 13:51:05.927,1.10168,1.10172,3.64,3.37
2016.07.22 13:51:06.132,1.10168,1.10172,4.20,3.37
2016.07.22 13:51:06.234,1.10168,1.10172,2.70,7.09
2016.07.22 13:51:06.285,1.10168,1.10171,1.95,2.32
2016.07.22 13:51:06.336,1.10168,1.1017,1.57,1.12
2016.07.22 13:51:06.387,1.10168,1.1017,2.62,1.12
2016.07.22 13:51:06.438,1.10168,1.10171,3.00,1.10
2016.07.22 13:51:06.727,1.10168,1.10172,1.50,3.37
2016.07.22 13:51:06.829,1.10168,1.10171,3.00,1.10
2016.07.22 13:51:06.880,1.10169,1.10171,1.00,1.10
2016.07.22 13:51:07.033,1.10169,1.10172,1.00,4.12
2016.07.22 13:51:07.135,1.10169,1.10172,1.00,2.62
2016.07.22 13:51:07.236,1.10169,1.10172,1.00,4.12
2016.07.22 13:51:07.288,1.10169,1.10172,1.00,2.62
2016.07.22 13:51:07.390,1.10169,1.10172,1.00,3.45
2016.07.22 13:51:07.441,1.10169,1.10172,1.50,2.70
2016.07.22 13:51:07.616,1.10169,1.10173,1.50,4.87
2016.07.22 13:51:07.719,1.10169,1.10172,1.00,1.20
2016.07.22 13:51:07.821,1.10169,1.10172,1.50,1.20
2016.07.22 13:51:08.103,1.10169,1.10173,1.50,4.87
2016.07.22 13:51:08.205,1.10169,1.10172,1.50,1.20
2016.07.22 13:51:08.508,1.10169,1.10173,1.50,4.87
2016.07.22 13:51:08.611,1.10169,1.10172,1.50,1.20
2016.07.22 13:51:09.295,1.10169,1.10172,1.50,2.32
2016.07.22 13:51:09.346,1.10169,1.10171,1.00,1.00
2016.07.22 13:51:11.019,1.10169,1.1017,1.00,1.00
2016.07.22 13:51:13.005,1.10169,1.10171,1.00,1.50
2016.07.22 13:51:13.194,1.10169,1.10171,1.00,1.00
2016.07.22 13:51:15.390,1.10169,1.10171,1.50,1.00
2016.07.22 13:51:15.441,1.10169,1.10171,2.25,1.00
2016.07.22 13:51:15.646,1.10169,1.1017,1.50,1.20
2016.07.22 13:51:15.698,1.10169,1.1017,1.00,1.65
2016.07.22 13:51:15.750,1.10169,1.1017,1.00,3.60
2016.07.22 13:51:15.801,1.10169,1.1017,1.00,2.85
2016.07.22 13:51:16.057,1.10169,1.1017,1.00,2.10
2016.07.22 13:51:16.108,1.10169,1.1017,1.00,1.35
2016.07.22 13:51:16.210,1.10169,1.1017,1.00,2.10
2016.07.22 13:51:16.262,1.10168,1.1017,2.62,2.10
2016.07.22 13:51:16.313,1.10168,1.1017,2.62,1.35
2016.07.22 13:51:16.415,1.10168,1.1017,2.62,2.10
2016.07.22 13:51:16.746,1.10169,1.10171,1.12,1.00
2016.07.22 13:51:16.849,1.1017,1.10172,1.00,1.95
2016.07.22 13:51:16.952,1.1017,1.10172,1.00,1.20
2016.07.22 13:51:17.054,1.10169,1.10172,1.87,3.82
2016.07.22 13:51:17.156,1.10169,1.10172,1.97,3.45
2016.07.22 13:51:17.607,1.10169,1.10172,1.22,3.45
2016.07.22 13:51:18.150,1.10168,1.10172,9.51,3.45
2016.07.22 13:51:18.253,1.10168,1.10172,8.38,3.45
2016.07.22 13:51:18.575,1.10168,1.10172,9.13,3.45
2016.07.22 13:51:18.626,1.10168,1.10172,9.88,1.95
2016.07.22 13:51:18.678,1.1017,1.10172,1.12,1.95
2016.07.22 13:51:18.732,1.1017,1.10172,1.00,1.10
2016.07.22 13:51:18.938,1.1017,1.10172,1.12,1.10
2016.07.22 13:51:20.625,1.1017,1.10172,1.12,1.20
2016.07.22 13:51:20.676,1.10169,1.10172,1.22,1.20
2016.07.22 13:51:20.727,1.10169,1.10171,1.22,1.15
2016.07.22 13:51:20.778,1.10169,1.10171,1.59,1.15
2016.07.22 13:51:20.829,1.1017,1.10171,1.00,1.00
2016.07.22 13:51:20.931,1.10168,1.10171,5.25,1.00
2016.07.22 13:51:20.983,1.10168,1.10171,4.50,1.00
2016.07.22 13:51:21.034,1.10168,1.10171,5.25,1.00
2016.07.22 13:51:21.136,1.10169,1.10171,1.00,1.00
2016.07.22 13:51:21.253,1.10168,1.10171,4.12,1.00
2016.07.22 13:51:22.265,1.10168,1.10171,2.25,1.00
2016.07.22 13:51:22.367,1.10168,1.10171,3.75,1.00
2016.07.22 13:51:22.419,1.10168,1.10171,3.75,2.47
2016.07.22 13:51:22.471,1.10169,1.10171,1.00,6.22
2016.07.22 13:51:22.522,1.10169,1.10171,1.00,5.47
2016.07.22 13:51:22.574,1.1017,1.10172,1.00,6.45
2016.07.22 13:51:22.626,1.1017,1.10172,1.00,5.70
2016.07.22 13:51:22.677,1.1017,1.10172,1.00,5.32
2016.07.22 13:51:24.426,1.1017,1.10172,1.00,4.95
2016.07.22 13:51:24.529,1.1017,1.10172,1.00,5.32
2016.07.22 13:51:24.631,1.10169,1.10172,1.00,4.95
2016.07.22 13:51:25.271,1.1017,1.10172,1.00,4.95
2016.07.22 13:51:25.508,1.1017,1.10172,1.00,4.57
2016.07.22 13:51:25.559,1.1017,1.10172,1.50,3.07
2016.07.22 13:51:25.610,1.1017,1.10172,1.50,4.20
2016.07.22 13:51:25.661,1.1017,1.10172,1.00,4.20
2016.07.22 13:51:25.763,1.1017,1.10172,1.00,3.45
2016.07.22 13:51:25.814,1.1017,1.10172,1.00,2.70
2016.07.22 13:51:25.865,1.1017,1.10172,1.00,3.45
2016.07.22 13:51:26.119,1.1017,1.10172,1.00,4.20
2016.07.22 13:51:26.170,1.1017,1.10172,1.00,3.45
2016.07.22 13:51:26.272,1.1017,1.10172,1.00,4.20
2016.07.22 13:51:26.842,1.1017,1.10172,1.00,4.95
2016.07.22 13:51:27.250,1.10168,1.10172,6.37,4.95
2016.07.22 13:51:27.352,1.10168,1.10172,6.37,4.57
2016.07.22 13:51:27.403,1.10169,1.10172,1.00,4.57
2016.07.22 13:51:27.454,1.1017,1.10172,1.00,4.95
2016.07.22 13:51:27.512,1.1017,1.10172,1.00,3.82
2016.07.22 13:51:27.563,1.10169,1.10172,2.25,3.82
2016.07.22 13:51:27.668,1.1017,1.10172,1.00,3.82
2016.07.22 13:51:27.719,1.1017,1.10172,1.00,3.07
2016.07.22 13:51:27.770,1.10169,1.10172,1.00,3.07
2016.07.22 13:51:27.923,1.10169,1.10172,1.00,3.45
2016.07.22 13:51:28.238,1.10169,1.10172,1.12,3.45
2016.07.22 13:51:28.290,1.10169,1.10172,1.87,3.45
2016.07.22 13:51:28.341,1.10169,1.10172,1.50,3.07
2016.07.22 13:51:28.393,1.10169,1.10172,2.25,3.82
2016.07.22 13:51:28.494,1.10169,1.10172,1.50,3.82
2016.07.22 13:51:28.604,1.10169,1.10172,1.50,4.20
2016.07.22 13:51:28.961,1.10169,1.10172,1.50,4.95
2016.07.22 13:51:29.012,1.10169,1.10171,1.00,1.00
2016.07.22 13:51:29.063,1.10169,1.10172,2.25,5.70
2016.07.22 13:51:29.165,1.10169,1.10172,2.25,5.32
2016.07.22 13:51:29.268,1.10169,1.10172,1.50,3.82
2016.07.22 13:51:29.462,1.10169,1.10172,1.50,4.57
2016.07.22 13:51:29.513,1.10169,1.10172,1.50,5.70
2016.07.22 13:51:29.564,1.10169,1.10171,1.50,1.00
2016.07.22 13:51:29.667,1.10169,1.10171,1.00,1.00
2016.07.22 13:51:29.769,1.10169,1.10171,1.50,1.00
2016.07.22 13:51:30.074,1.10169,1.10171,1.00,1.00
2016.07.22 13:51:30.227,1.10169,1.10171,1.00,1.12
2016.07.22 13:51:30.477,1.10169,1.10171,1.00,3.22
2016.07.22 13:51:30.681,1.10169,1.10171,1.50,3.97
2016.07.22 13:51:30.885,1.10169,1.10171,1.50,2.47
2016.07.22 13:51:30.987,1.10169,1.10171,1.50,3.97
2016.07.22 13:51:31.314,1.10169,1.10171,1.50,4.72
2016.07.22 13:51:31.365,1.10169,1.10171,1.50,3.97
2016.07.22 13:51:31.468,1.10169,1.10171,1.00,3.60
2016.07.22 13:51:31.673,1.10169,1.10171,1.00,3.22
2016.07.22 13:51:31.775,1.10169,1.10171,1.00,3.97
2016.07.22 13:51:31.927,1.10168,1.10171,4.50,3.97
2016.07.22 13:51:32.168,1.10168,1.10171,3.75,3.22
2016.07.22 13:51:32.219,1.10168,1.1017,3.75,1.00
2016.07.22 13:51:32.678,1.10168,1.1017,3.00,1.00
2016.07.22 13:51:32.780,1.10168,1.1017,3.75,1.00
2016.07.22 13:51:33.250,1.10168,1.1017,3.75,1.20
2016.07.22 13:51:33.301,1.10168,1.1017,3.00,2.25
2016.07.22 13:51:33.353,1.10167,1.10169,3.64,3.10
2016.07.22 13:51:33.404,1.10166,1.10168,1.87,1.00
2016.07.22 13:51:33.456,1.10165,1.10168,7.20,1.72
2016.07.22 13:51:33.507,1.10165,1.10168,4.57,1.72
2016.07.22 13:51:33.558,1.10165,1.10168,5.25,1.72
2016.07.22 13:51:33.610,1.10165,1.10168,5.25,3.22
2016.07.22 13:51:33.712,1.10165,1.10168,4.50,3.97
2016.07.22 13:51:33.853,1.10165,1.10168,4.50,3.60
2016.07.22 13:51:34.007,1.10165,1.10168,4.50,2.85
2016.07.22 13:51:34.238,1.10165,1.10168,5.62,2.85
2016.07.22 13:51:34.289,1.10167,1.10168,1.00,1.00
2016.07.22 13:51:34.392,1.10166,1.10168,1.87,1.00
2016.07.22 13:51:34.443,1.10166,1.10168,1.12,1.00
2016.07.22 13:51:34.494,1.10167,1.10168,1.50,1.00
2016.07.22 13:51:34.584,1.10168,1.10169,1.50,2.32
2016.07.22 13:51:34.635,1.10168,1.1017,3.22,6.00
2016.07.22 13:51:34.687,1.1017,1.10171,1.00,2.32
2016.07.22 13:51:34.738,1.1017,1.10171,1.00,1.95
2016.07.22 13:51:34.789,1.1017,1.10171,1.00,1.50
2016.07.22 13:51:35.298,1.1017,1.10171,1.00,1.00
2016.07.22 13:51:35.446,1.1017,1.10171,1.87,1.00
2016.07.22 13:51:35.498,1.1017,1.10172,4.12,2.25
2016.07.22 13:51:35.550,1.1017,1.10172,6.56,1.50
2016.07.22 13:51:35.601,1.10171,1.10173,1.50,3.45
2016.07.22 13:51:35.653,1.10171,1.10173,3.75,3.45
2016.07.22 13:51:35.706,1.10172,1.10173,1.00,2.70
2016.07.22 13:51:35.809,1.10172,1.10173,1.50,2.70
2016.07.22 13:51:35.862,1.10172,1.10173,3.00,1.95
2016.07.22 13:51:35.914,1.10173,1.10174,1.00,8.62
2016.07.22 13:51:35.967,1.10173,1.10174,1.50,7.50
2016.07.22 13:51:36.018,1.10173,1.10174,1.50,1.50
2016.07.22 13:51:36.133,1.10173,1.10174,1.69,2.25
2016.07.22 13:51:36.185,1.10173,1.10174,2.44,2.25
2016.07.22 13:51:36.287,1.10173,1.10174,1.25,2.25
2016.07.22 13:51:36.338,1.10172,1.10174,5.81,2.50
2016.07.22 13:51:36.389,1.10172,1.10173,3.94,1.00
2016.07.22 13:51:36.441,1.10172,1.10173,4.69,1.00
2016.07.22 13:51:36.492,1.10173,1.10174,2.25,2.25
2016.07.22 13:51:36.653,1.10173,1.10174,2.25,1.87
2016.07.22 13:51:36.705,1.10173,1.10174,2.25,1.50
2016.07.22 13:51:36.897,1.10173,1.10174,1.50,1.00
2016.07.22 13:51:37.000,1.10173,1.10174,1.12,1.00
2016.07.22 13:51:37.153,1.10173,1.10174,1.00,1.00
2016.07.22 13:51:37.204,1.10173,1.10174,1.25,1.50
2016.07.22 13:51:37.306,1.10173,1.10174,1.00,1.00
2016.07.22 13:51:37.510,1.10173,1.10174,1.25,1.50
2016.07.22 13:51:37.599,1.10172,1.10174,2.25,1.87
2016.07.22 13:51:37.651,1.10172,1.10174,1.87,2.25
2016.07.22 13:51:37.804,1.10173,1.10174,1.00,1.00
2016.07.22 13:51:37.906,1.10173,1.10174,1.50,1.50
2016.07.22 13:51:38.262,1.10173,1.10174,1.00,1.50
2016.07.22 13:51:38.313,1.10172,1.10174,3.00,1.00
2016.07.22 13:51:38.364,1.10172,1.10174,2.25,1.00
2016.07.22 13:51:38.479,1.10173,1.10174,1.00,3.00
2016.07.22 13:51:38.531,1.10172,1.10174,2.16,3.00
2016.07.22 13:51:38.582,1.10172,1.10173,1.72,1.50
2016.07.22 13:51:38.684,1.10172,1.10173,1.35,1.00
2016.07.22 13:51:38.786,1.10172,1.10173,2.29,1.50
2016.07.22 13:51:39.093,1.10172,1.10173,2.47,1.50
2016.07.22 13:51:39.379,1.10173,1.10174,1.00,2.25
2016.07.22 13:51:39.431,1.10172,1.10173,2.85,1.00
2016.07.22 13:51:39.482,1.10171,1.10172,2.92,2.25
2016.07.22 13:51:39.534,1.10171,1.10172,1.10,2.25
2016.07.22 13:51:39.585,1.10171,1.10172,1.10,2.10
2016.07.22 13:51:39.636,1.1017,1.10172,1.20,3.60
2016.07.22 13:51:39.739,1.1017,1.10172,1.12,2.85
2016.07.22 13:51:39.843,1.10169,1.10172,8.06,3.22
2016.07.22 13:51:39.894,1.10169,1.10172,6.19,2.10
2016.07.22 13:51:39.946,1.1017,1.10172,1.00,2.10
2016.07.22 13:51:40.072,1.1017,1.10172,1.50,2.10
2016.07.22 13:51:40.174,1.1017,1.10172,1.00,2.10
2016.07.22 13:51:40.276,1.1017,1.10172,1.50,2.10
2016.07.22 13:51:40.327,1.1017,1.10172,1.00,2.85
2016.07.22 13:51:40.379,1.10169,1.10172,6.19,2.85
2016.07.22 13:51:40.686,1.10169,1.10172,5.44,2.10
2016.07.22 13:51:40.789,1.10169,1.10172,6.19,2.85
2016.07.22 13:51:41.095,1.10169,1.10172,6.94,3.60
2016.07.22 13:51:41.236,1.10169,1.10172,6.19,2.85
2016.07.22 13:51:41.339,1.10169,1.10172,5.81,2.85
2016.07.22 13:51:41.390,1.10169,1.10172,5.06,2.85
2016.07.22 13:51:41.441,1.10169,1.10172,5.44,2.85
2016.07.22 13:51:41.493,1.10169,1.10172,4.31,3.22
2016.07.22 13:51:41.544,1.10169,1.10172,3.00,3.22
2016.07.22 13:51:41.596,1.10169,1.10172,2.25,4.72
2016.07.22 13:51:41.649,1.10169,1.10172,3.00,4.12
2016.07.22 13:51:41.700,1.10169,1.10171,3.37,1.00
2016.07.22 13:51:41.751,1.10169,1.10171,2.62,1.00
2016.07.22 13:51:41.802,1.10169,1.10171,2.25,1.00
2016.07.22 13:51:41.903,1.10169,1.10171,1.50,1.00
2016.07.22 13:51:42.005,1.10169,1.10171,2.25,1.00
2016.07.22 13:51:42.221,1.10169,1.10171,1.50,1.00
2016.07.22 13:51:42.323,1.10169,1.10171,2.25,1.00
2016.07.22 13:51:42.527,1.10169,1.10171,1.50,1.00
2016.07.22 13:51:42.895,1.10169,1.10171,1.00,1.00
2016.07.22 13:51:42.997,1.10169,1.10171,1.50,1.00
2016.07.22 13:51:43.197,1.10169,1.10171,1.00,1.00
2016.07.22 13:51:43.299,1.10169,1.10171,1.50,1.00
2016.07.22 13:51:43.503,1.10169,1.10171,1.00,1.00
2016.07.22 13:51:44.653,1.10169,1.10171,1.50,1.00
2016.07.22 13:51:44.704,1.10169,1.10171,1.00,2.62
2016.07.22 13:51:44.910,1.10168,1.10171,6.56,2.62
2016.07.22 13:51:45.013,1.10168,1.10171,5.81,2.62
2016.07.22 13:51:45.115,1.10168,1.10171,6.56,2.62
2016.07.22 13:51:45.341,1.10168,1.10171,6.37,3.37
2016.07.22 13:51:45.649,1.10168,1.10171,6.37,2.62
2016.07.22 13:51:45.700,1.10168,1.10171,6.37,3.37
2016.07.22 13:51:45.802,1.10168,1.10171,5.62,1.87
2016.07.22 13:51:46.005,1.10168,1.10171,6.56,3.37
2016.07.22 13:51:46.107,1.10168,1.10171,6.56,3.00
2016.07.22 13:51:46.209,1.10168,1.10171,7.31,3.00
2016.07.22 13:51:46.484,1.10169,1.10171,1.00,4.12
2016.07.22 13:51:46.536,1.10169,1.10171,1.00,5.62
2016.07.22 13:51:46.587,1.10168,1.10171,4.31,5.62
2016.07.22 13:51:46.688,1.10169,1.10171,1.00,5.62
2016.07.22 13:51:46.739,1.10169,1.10171,1.00,4.87
2016.07.22 13:51:46.790,1.10168,1.10171,3.56,4.50
2016.07.22 13:51:46.841,1.10168,1.10171,2.62,3.00
2016.07.22 13:51:46.943,1.10168,1.10171,3.56,3.00
2016.07.22 13:51:46.996,1.10168,1.10171,3.94,3.00
2016.07.22 13:51:47.047,1.10168,1.1017,2.62,1.50
2016.07.22 13:51:47.098,1.10168,1.1017,4.12,1.50
2016.07.22 13:51:47.149,1.10168,1.10171,5.25,3.00
2016.07.22 13:51:47.201,1.10169,1.10171,1.00,3.00
2016.07.22 13:51:47.302,1.10168,1.10171,4.31,3.00
2016.07.22 13:51:47.535,1.10169,1.10171,1.00,3.00
2016.07.22 13:51:47.739,1.10169,1.10171,1.25,3.00
2016.07.22 13:51:47.942,1.10169,1.10171,1.00,2.25
2016.07.22 13:51:48.044,1.10169,1.10171,1.25,3.00
2016.07.22 13:51:48.349,1.10169,1.10171,1.00,2.25
2016.07.22 13:51:48.537,1.10169,1.10171,1.25,3.00
2016.07.22 13:51:48.845,1.10169,1.10171,1.25,3.00
2016.07.22 13:51:48.947,1.10169,1.10171,1.25,2.25
2016.07.22 13:51:49.050,1.10169,1.10171,1.25,1.50
2016.07.22 13:51:49.152,1.10169,1.10171,1.25,1.00
2016.07.22 13:51:49.203,1.10169,1.10171,1.31,1.00
2016.07.22 13:51:49.634,1.10169,1.10171,1.12,1.00
2016.07.22 13:51:50.600,1.10168,1.10171,4.69,1.00
2016.07.22 13:51:50.711,1.10168,1.10171,3.75,1.00
2016.07.22 13:51:50.813,1.10168,1.10171,4.69,1.00
2016.07.22 13:51:50.915,1.10168,1.10171,5.29,1.00
2016.07.22 13:51:51.016,1.10168,1.10171,5.66,1.00
2016.07.22 13:51:51.067,1.10168,1.10171,5.29,1.00
2016.07.22 13:51:51.169,1.10168,1.10171,5.66,1.00
2016.07.22 13:51:51.220,1.10168,1.10171,5.29,1.00
2016.07.22 13:51:51.271,1.10168,1.10171,4.91,1.12
2016.07.22 13:51:51.373,1.10168,1.10171,4.16,1.00
2016.07.22 13:51:51.424,1.10168,1.10171,3.19,1.12
2016.07.22 13:51:51.475,1.10168,1.10169,3.19,1.50
2016.07.22 13:51:51.617,1.10168,1.10169,1.31,3.00
2016.07.22 13:51:51.670,1.10167,1.10169,1.25,9.97
2016.07.22 13:51:51.721,1.10167,1.10169,1.25,10.35
2016.07.22 13:51:51.772,1.10167,1.10169,1.25,10.54
2016.07.22 13:51:51.824,1.10166,1.10169,1.31,10.54
2016.07.22 13:51:51.927,1.10166,1.10168,2.06,1.00
2016.07.22 13:51:51.979,1.10166,1.10168,2.06,1.50
2016.07.22 13:51:52.131,1.10166,1.10168,1.31,1.50
2016.07.22 13:51:52.235,1.10166,1.10168,1.31,1.00
2016.07.22 13:51:52.446,1.10167,1.10168,1.00,1.00
2016.07.22 13:51:52.651,1.10167,1.10169,1.00,15.04
2016.07.22 13:51:53.250,1.10167,1.10168,1.00,1.00
2016.07.22 13:51:53.353,1.10166,1.10168,1.31,1.00
2016.07.22 13:51:53.404,1.10166,1.10168,2.06,1.00
2016.07.22 13:51:53.456,1.10166,1.10167,1.12,1.00
2016.07.22 13:51:53.509,1.10165,1.10167,7.76,1.00
2016.07.22 13:51:53.560,1.10165,1.10167,9.26,1.00
2016.07.22 13:51:53.611,1.10165,1.10167,8.51,1.00
2016.07.22 13:51:53.662,1.10166,1.10168,1.12,1.00
2016.07.22 13:51:53.713,1.10166,1.10168,2.12,1.00
2016.07.22 13:51:53.764,1.10166,1.10167,1.31,1.00
2016.07.22 13:51:53.866,1.10166,1.10168,2.06,1.00
2016.07.22 13:51:54.314,1.10166,1.10167,1.69,1.00
2016.07.22 13:51:54.365,1.10166,1.10167,1.69,1.35
2016.07.22 13:51:54.416,1.10163,1.10165,19.50,1.00
2016.07.22 13:51:54.467,1.10162,1.10163,26.20,1.00
2016.07.22 13:51:54.519,1.10163,1.10165,4.57,6.37
2016.07.22 13:51:54.570,1.10163,1.10164,9.26,1.72
2016.07.22 13:51:54.622,1.10163,1.10166,3.81,20.18
2016.07.22 13:51:54.673,1.10162,1.10164,4.69,7.35
2016.07.22 13:51:54.773,1.10162,1.10164,4.69,6.97
2016.07.22 13:51:54.824,1.1016,1.10164,5.81,11.10
2016.07.22 13:51:54.925,1.1016,1.10164,5.44,10.72
2016.07.22 13:51:54.976,1.1016,1.10164,5.62,10.73
2016.07.22 13:51:55.027,1.1016,1.10164,5.81,9.98
2016.07.22 13:51:55.180,1.1016,1.10164,5.25,9.97
2016.07.22 13:51:55.283,1.1016,1.10164,5.81,9.97
2016.07.22 13:51:55.334,1.1016,1.10164,5.81,7.12
2016.07.22 13:51:55.385,1.1016,1.10164,6.19,6.37
2016.07.22 13:51:55.437,1.1016,1.10164,11.10,6.37
2016.07.22 13:51:55.489,1.10161,1.10164,9.60,5.25
2016.07.22 13:51:55.571,1.10161,1.10164,13.80,2.62
2016.07.22 13:51:55.622,1.10162,1.10165,5.62,4.50
2016.07.22 13:51:55.675,1.10162,1.10165,6.75,4.50
2016.07.22 13:51:55.726,1.10162,1.10165,7.75,2.25
2016.07.22 13:51:55.779,1.10163,1.10165,1.00,2.25
2016.07.22 13:51:55.831,1.10163,1.10165,1.50,1.00
2016.07.22 13:51:55.934,1.10163,1.10166,1.50,2.70
2016.07.22 13:51:56.139,1.10163,1.10166,1.69,2.70
2016.07.22 13:51:56.342,1.10163,1.10166,1.19,1.95
2016.07.22 13:51:56.393,1.10163,1.10166,1.69,1.95
2016.07.22 13:51:56.444,1.10163,1.10166,1.69,1.57
2016.07.22 13:51:56.496,1.10163,1.10166,1.19,1.57
2016.07.22 13:51:56.547,1.10163,1.10166,1.25,1.57
2016.07.22 13:51:56.605,1.10163,1.10166,1.69,1.57
2016.07.22 13:51:56.964,1.10163,1.10165,1.69,1.00
2016.07.22 13:51:57.015,1.10163,1.10165,1.19,1.00
2016.07.22 13:51:57.066,1.10163,1.10165,1.25,1.00
2016.07.22 13:51:57.255,1.10163,1.10165,1.69,1.00
2016.07.22 13:51:57.307,1.10163,1.10165,1.25,1.00
2016.07.22 13:51:57.359,1.10163,1.10165,1.69,1.00
2016.07.22 13:51:57.664,1.10163,1.10165,2.44,1.00
2016.07.22 13:51:57.766,1.10163,1.10165,1.50,1.00
2016.07.22 13:51:57.868,1.10163,1.10165,2.44,1.00
2016.07.22 13:51:57.995,1.10163,1.10165,2.44,1.50
2016.07.22 13:51:58.046,1.10163,1.10165,1.50,1.00
2016.07.22 13:51:58.098,1.10163,1.10166,1.50,3.17
2016.07.22 13:51:58.150,1.10163,1.10166,1.69,3.17
2016.07.22 13:51:58.201,1.10163,1.10166,2.44,3.17
2016.07.22 13:51:58.253,1.10163,1.10165,3.19,1.12
2016.07.22 13:51:58.355,1.10163,1.10165,3.19,1.59
2016.07.22 13:51:58.559,1.10163,1.10165,2.44,1.12
2016.07.22 13:51:58.662,1.10163,1.10165,3.19,1.59
2016.07.22 13:51:59.005,1.10163,1.10165,2.44,1.59
2016.07.22 13:51:59.158,1.10163,1.10165,1.69,1.59
2016.07.22 13:51:59.260,1.10163,1.10165,1.69,1.22
2016.07.22 13:51:59.362,1.10163,1.10165,1.69,1.97
2016.07.22 13:51:59.464,1.10163,1.10165,1.00,1.00
2016.07.22 13:51:59.567,1.10163,1.10165,1.25,1.00
2016.07.22 13:52:00.163,1.10163,1.10165,1.69,1.00
2016.07.22 13:52:00.469,1.10163,1.10165,1.69,1.50
2016.07.22 13:52:00.582,1.10163,1.10165,1.00,1.00
2016.07.22 13:52:00.686,1.10163,1.10165,1.25,1.00
2016.07.22 13:52:00.788,1.10163,1.10165,1.00,1.00
2016.07.22 13:52:00.944,1.10163,1.10165,1.25,1.00
2016.07.22 13:52:00.995,1.10163,1.10165,1.69,1.00
2016.07.22 13:52:01.199,1.10163,1.10165,1.25,1.00
2016.07.22 13:52:01.565,1.10163,1.10165,1.00,1.00
2016.07.22 13:52:01.666,1.10163,1.10165,1.25,1.50
2016.07.22 13:52:01.719,1.10163,1.10165,1.25,1.50
2016.07.22 13:52:01.873,1.10163,1.10165,1.69,1.50
2016.07.22 13:52:01.977,1.10163,1.10165,1.25,1.00
2016.07.22 13:52:02.181,1.10163,1.10165,1.00,1.00
2016.07.22 13:52:02.256,1.10163,1.10165,1.50,2.62
2016.07.22 13:52:02.360,1.10161,1.10164,1.10,6.00
2016.07.22 13:52:02.411,1.1016,1.10164,9.94,7.57
2016.07.22 13:52:02.462,1.1016,1.10164,9.00,5.32
2016.07.22 13:52:02.514,1.1016,1.10164,8.25,5.32
2016.07.22 13:52:02.565,1.1016,1.10164,8.44,8.32
2016.07.22 13:52:02.618,1.1016,1.10164,9.94,8.32
2016.07.22 13:52:02.671,1.10162,1.10164,1.00,5.70
2016.07.22 13:52:02.774,1.10161,1.10164,1.12,7.95
2016.07.22 13:52:02.875,1.10161,1.10164,1.50,9.45
2016.07.22 13:52:03.052,1.10161,1.10164,1.00,9.45
2016.07.22 13:52:03.104,1.1016,1.10164,5.62,7.20
2016.07.22 13:52:03.257,1.1016,1.10164,5.44,7.20
2016.07.22 13:52:03.461,1.1016,1.10164,5.62,7.20
2016.07.22 13:52:03.562,1.1016,1.10164,5.25,7.20
2016.07.22 13:52:03.614,1.1016,1.10164,4.87,7.20
2016.07.22 13:52:03.766,1.1016,1.10164,5.25,7.20
2016.07.22 13:52:03.817,1.1016,1.10164,5.62,7.20
2016.07.22 13:52:03.919,1.1016,1.10164,5.06,7.20
2016.07.22 13:52:04.147,1.1016,1.10164,6.37,7.20
2016.07.22 13:52:04.200,1.1016,1.10164,7.12,7.20
2016.07.22 13:52:04.251,1.1016,1.10164,7.69,4.20
2016.07.22 13:52:04.353,1.10161,1.10164,1.12,7.20
2016.07.22 13:52:05.249,1.10161,1.10164,1.00,7.20
2016.07.22 13:52:05.555,1.1016,1.10164,5.62,4.20
2016.07.22 13:52:05.606,1.1016,1.10164,6.94,4.20
2016.07.22 13:52:05.751,1.10161,1.10164,1.00,7.20
2016.07.22 13:52:06.130,1.10161,1.10164,1.00,7.95
2016.07.22 13:52:06.181,1.10161,1.10164,1.00,8.32
2016.07.22 13:52:06.317,1.10161,1.10164,1.00,11.70
2016.07.22 13:52:06.370,1.1016,1.10163,7.12,1.50
2016.07.22 13:52:06.575,1.1016,1.10163,7.50,1.50
2016.07.22 13:52:06.678,1.1016,1.10164,6.75,9.07
2016.07.22 13:52:06.779,1.1016,1.10164,6.75,14.32
2016.07.22 13:52:06.830,1.1016,1.10164,5.62,14.32
2016.07.22 13:52:06.881,1.1016,1.10163,6.37,1.00
2016.07.22 13:52:06.932,1.1016,1.10163,7.50,1.00
2016.07.22 13:52:07.255,1.1016,1.10163,7.87,1.00
2016.07.22 13:52:07.306,1.1016,1.10163,8.62,1.00
2016.07.22 13:52:07.357,1.10162,1.10163,1.00,1.00
2016.07.22 13:52:08.205,1.10161,1.10163,1.00,1.00
2016.07.22 13:52:08.307,1.10162,1.10163,1.00,1.00
2016.07.22 13:52:09.280,1.10162,1.10164,1.00,13.95
2016.07.22 13:52:09.889,1.10161,1.10164,1.12,8.70
2016.07.22 13:52:09.991,1.10162,1.10164,1.00,13.95
2016.07.22 13:52:10.310,1.10161,1.10164,1.12,8.70
2016.07.22 13:52:10.513,1.10162,1.10164,1.00,13.95
2016.07.22 13:52:11.501,1.10161,1.10164,1.50,13.95
2016.07.22 13:52:12.996,1.1016,1.10164,8.25,8.70
2016.07.22 13:52:13.098,1.10161,1.10164,1.50,13.95
2016.07.22 13:52:13.372,1.1016,1.10164,8.25,8.70
2016.07.22 13:52:13.473,1.10161,1.10164,1.50,13.95
2016.07.22 13:52:14.184,1.10161,1.10164,1.50,13.20
2016.07.22 13:52:14.235,1.10161,1.10164,3.41,11.70
2016.07.22 13:52:14.286,1.10161,1.10164,6.04,4.95
2016.07.22 13:52:14.337,1.10161,1.10164,10.91,1.95
2016.07.22 13:52:14.388,1.10162,1.10164,3.37,1.00
2016.07.22 13:52:14.439,1.10162,1.10165,4.87,1.50
2016.07.22 13:52:14.490,1.10162,1.10165,4.12,1.50
2016.07.22 13:52:14.642,1.10162,1.10165,4.12,1.00
2016.07.22 13:52:14.693,1.10162,1.10165,5.06,1.00
2016.07.22 13:52:14.846,1.10162,1.10164,3.19,1.50
2016.07.22 13:52:14.960,1.10162,1.10164,2.62,5.62
2016.07.22 13:52:15.012,1.10162,1.10163,1.00,1.00
2016.07.22 13:52:15.114,1.10161,1.10163,2.62,1.00
2016.07.22 13:52:15.165,1.10161,1.10164,6.60,3.00
2016.07.22 13:52:15.216,1.10162,1.10164,1.50,1.00
2016.07.22 13:52:15.267,1.10162,1.10165,1.50,2.32
2016.07.22 13:52:15.318,1.10163,1.10165,1.00,1.57
2016.07.22 13:52:15.370,1.10163,1.10165,1.00,1.12
2016.07.22 13:52:15.421,1.10162,1.10165,3.94,1.00
2016.07.22 13:52:15.624,1.10163,1.10165,1.25,1.00
2016.07.22 13:52:15.910,1.10163,1.10165,1.00,1.00
2016.07.22 13:52:16.012,1.10162,1.10165,3.00,1.00
2016.07.22 13:52:16.063,1.10162,1.10165,3.00,1.25
2016.07.22 13:52:16.115,1.10162,1.10165,3.94,1.25
2016.07.22 13:52:16.218,1.10162,1.10164,2.25,2.62
2016.07.22 13:52:16.270,1.10162,1.10164,1.87,3.22
2016.07.22 13:52:16.322,1.10161,1.10164,1.20,9.04
2016.07.22 13:52:16.373,1.1016,1.10164,3.64,9.79
2016.07.22 13:52:16.424,1.1016,1.10164,2.89,15.41
2016.07.22 13:52:16.475,1.1016,1.10164,3.26,15.41
2016.07.22 13:52:16.527,1.1016,1.10164,3.26,15.04
2016.07.22 13:52:16.750,1.10162,1.10164,1.00,3.19
2016.07.22 13:52:16.801,1.10162,1.10164,1.00,2.44
2016.07.22 13:52:16.852,1.10161,1.10164,4.72,1.12
2016.07.22 13:52:16.903,1.10161,1.10165,4.91,4.65
2016.07.22 13:52:16.954,1.10161,1.10165,5.29,1.57
2016.07.22 13:52:17.005,1.10161,1.10164,3.79,1.00
2016.07.22 13:52:17.056,1.10161,1.10164,2.81,1.87
2016.07.22 13:52:17.107,1.10161,1.10164,1.50,7.12
2016.07.22 13:52:17.159,1.10161,1.10164,1.12,7.12
2016.07.22 13:52:17.507,1.10161,1.10164,1.50,7.12
2016.07.22 13:52:17.560,1.10161,1.10164,1.12,7.12
2016.07.22 13:52:17.614,1.10161,1.10164,1.12,7.87
2016.07.22 13:52:18.327,1.10161,1.10164,1.12,8.25
2016.07.22 13:52:18.499,1.10161,1.10163,1.00,1.00
2016.07.22 13:52:18.550,1.1016,1.10163,5.32,1.12
2016.07.22 13:52:18.601,1.1016,1.10163,3.82,1.12
2016.07.22 13:52:18.703,1.1016,1.10164,4.57,11.66
2016.07.22 13:52:18.755,1.1016,1.10164,3.45,11.66
2016.07.22 13:52:18.806,1.1016,1.10163,2.70,1.12
2016.07.22 13:52:18.857,1.1016,1.10163,3.82,1.12
2016.07.22 13:52:18.908,1.1016,1.10163,4.57,1.12
2016.07.22 13:52:19.420,1.1016,1.10163,4.57,1.00
2016.07.22 13:52:19.548,1.10161,1.10163,1.00,1.00
2016.07.22 13:52:19.857,1.10161,1.10163,1.00,1.12
2016.07.22 13:52:19.914,1.1016,1.10164,5.32,15.41
2016.07.22 13:52:19.966,1.1016,1.10164,5.32,17.29
2016.07.22 13:52:20.018,1.1016,1.10164,4.57,11.29
2016.07.22 13:52:20.120,1.1016,1.10164,4.57,17.29
2016.07.22 13:52:20.324,1.1016,1.10164,5.32,17.29
2016.07.22 13:52:20.687,1.1016,1.10164,4.20,17.29
2016.07.22 13:52:20.739,1.1016,1.10161,3.45,1.50
2016.07.22 13:52:20.790,1.10159,1.10161,11.62,6.35
2016.07.22 13:52:20.841,1.10158,1.10159,4.12,1.50
2016.07.22 13:52:20.892,1.10158,1.10159,1.50,4.50
2016.07.22 13:52:20.944,1.10158,1.10159,1.50,8.62
2016.07.22 13:52:20.995,1.10157,1.10159,2.50,8.62
2016.07.22 13:52:21.047,1.10158,1.10159,1.50,7.31
2016.07.22 13:52:21.098,1.10158,1.10159,2.25,5.81
2016.07.22 13:52:21.149,1.10158,1.10159,1.50,3.19
2016.07.22 13:52:21.424,1.10158,1.10159,1.50,2.44
2016.07.22 13:52:21.476,1.10158,1.10159,1.00,2.44
2016.07.22 13:52:21.631,1.10157,1.10159,1.00,1.69
2016.07.22 13:52:21.682,1.10158,1.10159,1.00,1.25
2016.07.22 13:52:21.734,1.10158,1.10159,1.87,1.25
2016.07.22 13:52:21.785,1.10158,1.1016,3.41,1.10
2016.07.22 13:52:21.836,1.10159,1.10161,2.10,2.06
2016.07.22 13:52:21.887,1.10159,1.10161,2.10,1.01
2016.07.22 13:52:21.938,1.10159,1.10162,2.10,6.56
2016.07.22 13:52:21.990,1.10159,1.10162,2.10,6.26
2016.07.22 13:52:22.185,1.10159,1.10162,1.35,4.76
2016.07.22 13:52:22.237,1.10159,1.10162,1.35,6.26
2016.07.22 13:52:22.340,1.10158,1.10162,6.41,5.89
2016.07.22 13:52:22.442,1.10158,1.10162,5.66,5.89
2016.07.22 13:52:22.760,1.10158,1.10162,4.91,6.64
2016.07.22 13:52:23.014,1.10158,1.10162,4.72,5.89
2016.07.22 13:52:23.116,1.10158,1.10162,4.91,6.64
2016.07.22 13:52:23.305,1.10158,1.10162,5.66,7.39
2016.07.22 13:52:23.526,1.10159,1.10162,1.30,7.01
2016.07.22 13:52:23.577,1.10159,1.10162,1.30,6.26
2016.07.22 13:52:23.629,1.10159,1.10162,4.72,4.01
2016.07.22 13:52:23.680,1.1016,1.10162,1.50,2.32
2016.07.22 13:52:23.731,1.10161,1.10163,4.00,2.81
2016.07.22 13:52:23.783,1.10161,1.10163,4.00,1.31
2016.07.22 13:52:23.836,1.10162,1.10163,1.31,1.31
2016.07.22 13:52:23.962,1.10162,1.10163,2.44,1.00
2016.07.22 13:52:24.065,1.10162,1.10163,3.19,1.00
2016.07.22 13:52:24.167,1.10162,1.10163,2.81,1.00
2016.07.22 13:52:24.218,1.10162,1.10163,4.31,1.00
2016.07.22 13:52:24.320,1.10162,1.10163,2.81,1.00
2016.07.22 13:52:24.422,1.10163,1.10164,1.00,1.69
2016.07.22 13:52:24.575,1.10163,1.10164,1.00,2.44
2016.07.22 13:52:24.626,1.10162,1.10163,2.44,1.00
2016.07.22 13:52:24.677,1.10162,1.10163,1.25,1.00
2016.07.22 13:52:24.765,1.10162,1.10163,1.69,1.00
2016.07.22 13:52:24.817,1.10163,1.10164,1.00,1.69
2016.07.22 13:52:24.919,1.10163,1.10164,1.50,1.69
2016.07.22 13:52:25.174,1.10163,1.10164,1.50,1.25
2016.07.22 13:52:25.225,1.10163,1.10165,1.00,2.06
2016.07.22 13:52:25.276,1.10163,1.10165,1.00,3.56
2016.07.22 13:52:25.327,1.10162,1.10164,2.25,1.25
2016.07.22 13:52:25.773,1.10162,1.10164,2.62,1.25
2016.07.22 13:52:25.926,1.10162,1.10164,1.87,1.25
2016.07.22 13:52:26.028,1.10162,1.10164,1.12,1.69
2016.07.22 13:52:26.079,1.10162,1.10164,1.00,4.69
2016.07.22 13:52:26.130,1.1016,1.10163,7.50,1.31
2016.07.22 13:52:26.182,1.1016,1.10163,2.25,3.19
2016.07.22 13:52:26.233,1.1016,1.10162,1.00,1.00
2016.07.22 13:52:26.284,1.10159,1.10162,2.25,3.22
2016.07.22 13:52:26.336,1.10159,1.10162,1.50,3.00
2016.07.22 13:52:26.460,1.10159,1.10162,1.00,3.07
2016.07.22 13:52:26.613,1.10159,1.10162,1.00,3.82
2016.07.22 13:52:26.823,1.10159,1.10162,1.00,3.07
2016.07.22 13:52:26.874,1.10159,1.10162,1.50,2.32
2016.07.22 13:52:26.925,1.10159,1.10162,1.50,2.14
2016.07.22 13:52:26.977,1.10159,1.10162,3.37,1.76
2016.07.22 13:52:27.080,1.10159,1.10162,1.50,1.76
2016.07.22 13:52:27.132,1.10159,1.10162,2.25,2.70
2016.07.22 13:52:27.183,1.10159,1.10162,1.50,4.20
2016.07.22 13:52:27.309,1.10159,1.10161,1.50,1.31
2016.07.22 13:52:27.360,1.10159,1.10161,1.00,1.25
2016.07.22 13:52:27.563,1.10159,1.10161,1.00,1.31
2016.07.22 13:52:27.614,1.10158,1.10162,3.75,7.20
2016.07.22 13:52:27.767,1.10158,1.10162,3.00,7.20
2016.07.22 13:52:27.869,1.10158,1.10162,3.00,6.82
2016.07.22 13:52:28.456,1.10158,1.10162,2.25,6.07
2016.07.22 13:52:28.558,1.10158,1.10162,3.00,6.82
2016.07.22 13:52:28.812,1.10158,1.10161,2.25,1.25
2016.07.22 13:52:28.863,1.10158,1.10161,2.25,2.81
2016.07.22 13:52:28.915,1.10158,1.1016,1.00,1.00
2016.07.22 13:52:28.966,1.10158,1.1016,1.00,1.25
2016.07.22 13:52:29.180,1.10157,1.1016,5.32,1.25
2016.07.22 13:52:30.350,1.10157,1.1016,4.57,1.25
2016.07.22 13:52:30.529,1.10157,1.1016,3.07,1.25
2016.07.22 13:52:30.631,1.10157,1.1016,4.57,1.25
2016.07.22 13:52:31.037,1.10157,1.1016,3.07,1.25
2016.07.22 13:52:31.139,1.10157,1.1016,4.57,1.25
2016.07.22 13:52:31.987,1.10157,1.1016,4.57,1.69
2016.07.22 13:52:32.039,1.10157,1.1016,4.57,3.19
2016.07.22 13:52:32.091,1.10158,1.1016,1.00,3.19
2016.07.22 13:52:32.142,1.10158,1.1016,1.50,3.94
2016.07.22 13:52:32.193,1.10158,1.1016,1.50,3.19
2016.07.22 13:52:32.244,1.10158,1.1016,2.25,2.44
2016.07.22 13:52:32.295,1.10158,1.1016,1.50,3.19
2016.07.22 13:52:32.430,1.10158,1.1016,1.00,1.25
2016.07.22 13:52:32.482,1.10158,1.1016,1.00,1.31
2016.07.22 13:52:32.533,1.10157,1.1016,2.85,1.31
2016.07.22 13:52:32.644,1.10157,1.1016,3.60,3.56
2016.07.22 13:52:32.696,1.10157,1.1016,4.35,3.56
2016.07.22 13:52:33.485,1.10157,1.1016,3.00,3.56
2016.07.22 13:52:34.348,1.10157,1.1016,3.00,2.81
2016.07.22 13:52:34.551,1.10157,1.1016,3.00,3.56
2016.07.22 13:52:34.718,1.10157,1.1016,3.60,4.69
2016.07.22 13:52:34.769,1.10157,1.1016,3.60,5.06
2016.07.22 13:52:34.820,1.10157,1.1016,3.60,4.31
2016.07.22 13:52:34.871,1.10157,1.1016,3.60,3.94
2016.07.22 13:52:35.075,1.10157,1.1016,5.10,4.31
2016.07.22 13:52:35.177,1.10157,1.1016,3.60,4.31
2016.07.22 13:52:35.329,1.10157,1.1016,3.60,3.56
2016.07.22 13:52:35.532,1.10157,1.1016,3.60,4.31
2016.07.22 13:52:35.995,1.10157,1.1016,3.60,3.94
2016.07.22 13:52:36.047,1.10157,1.1016,3.60,3.19
2016.07.22 13:52:36.098,1.10157,1.1016,3.60,3.94
2016.07.22 13:52:36.149,1.10157,1.1016,3.00,2.44
2016.07.22 13:52:36.200,1.10157,1.1016,3.00,1.69
2016.07.22 13:52:36.353,1.10157,1.10161,3.60,9.07
2016.07.22 13:52:36.404,1.10157,1.1016,3.37,1.25
2016.07.22 13:52:36.456,1.10157,1.1016,3.37,1.69
2016.07.22 13:52:36.558,1.10157,1.1016,3.37,1.25
2016.07.22 13:52:36.792,1.10157,1.1016,3.75,1.25
2016.07.22 13:52:36.894,1.10157,1.1016,3.00,1.25
2016.07.22 13:52:36.944,1.10157,1.1016,1.50,1.25
2016.07.22 13:52:36.995,1.10154,1.10156,27.56,1.00
2016.07.22 13:52:37.047,1.10154,1.10156,16.69,5.10
2016.07.22 13:52:37.098,1.10154,1.10155,9.19,2.62
2016.07.22 13:52:37.149,1.10152,1.10154,5.25,1.00
2016.07.22 13:52:37.201,1.10152,1.10153,3.00,1.00
2016.07.22 13:52:37.252,1.10151,1.10154,4.42,4.50
2016.07.22 13:52:37.303,1.10152,1.10154,1.50,2.25
2016.07.22 13:52:37.355,1.10152,1.10155,2.25,5.63
2016.07.22 13:52:37.477,1.10153,1.10154,1.12,1.00
2016.07.22 13:52:37.528,1.10153,1.10156,1.12,4.20
2016.07.22 13:52:37.580,1.10153,1.10156,1.12,4.01
2016.07.22 13:52:37.733,1.10153,1.10156,1.87,3.26
2016.07.22 13:52:37.784,1.10153,1.10156,3.37,2.51
2016.07.22 13:52:37.835,1.10153,1.10155,3.37,1.00
2016.07.22 13:52:38.089,1.10153,1.10155,1.87,1.00
2016.07.22 13:52:38.140,1.10153,1.10155,3.37,1.00
2016.07.22 13:52:38.191,1.10153,1.10155,3.75,1.00
2016.07.22 13:52:38.294,1.10153,1.10156,4.87,1.01
2016.07.22 13:52:38.346,1.10153,1.10156,3.37,1.01
2016.07.22 13:52:38.397,1.10153,1.10156,3.37,1.25
2016.07.22 13:52:38.484,1.10153,1.10156,3.00,1.25
2016.07.22 13:52:38.535,1.10153,1.10156,4.50,1.25
2016.07.22 13:52:38.688,1.10153,1.10156,5.25,1.25
2016.07.22 13:52:38.891,1.10153,1.10156,4.87,1.25
2016.07.22 13:52:38.993,1.10153,1.10156,4.87,1.31
2016.07.22 13:52:39.095,1.10153,1.10156,4.12,1.31
2016.07.22 13:52:39.146,1.10153,1.10156,4.12,2.06
2016.07.22 13:52:39.197,1.10153,1.10156,3.75,2.06
2016.07.22 13:52:39.369,1.10153,1.10156,1.50,1.31
2016.07.22 13:52:39.420,1.10153,1.10156,1.50,2.06
2016.07.22 13:52:39.471,1.10153,1.10156,3.00,3.00
2016.07.22 13:52:39.522,1.10153,1.10156,3.00,2.62
2016.07.22 13:52:39.777,1.10153,1.10156,1.50,1.69
2016.07.22 13:52:39.879,1.10153,1.10156,3.00,2.62
2016.07.22 13:52:39.981,1.10153,1.10156,4.87,1.69
2016.07.22 13:52:40.032,1.10154,1.10156,1.00,2.06
2016.07.22 13:52:40.084,1.10154,1.10156,1.50,1.69
2016.07.22 13:52:40.223,1.10154,1.10156,1.00,1.25
2016.07.22 13:52:40.275,1.10154,1.10156,1.50,1.25
2016.07.22 13:52:40.480,1.10154,1.10156,1.50,1.00
2016.07.22 13:52:41.181,1.10154,1.10156,1.00,1.00
2016.07.22 13:52:41.282,1.10154,1.10156,2.25,1.00
2016.07.22 13:52:42.077,1.10154,1.10156,1.00,1.00
2016.07.22 13:52:42.180,1.10154,1.10156,2.25,1.00
2016.07.22 13:52:42.285,1.10154,1.10156,1.00,1.00
2016.07.22 13:52:42.387,1.10154,1.10156,2.25,1.00
2016.07.22 13:52:42.795,1.10154,1.10156,2.25,1.12
2016.07.22 13:52:42.897,1.10154,1.10156,1.50,1.12
2016.07.22 13:52:43.029,1.10153,1.10155,1.00,2.81
2016.07.22 13:52:43.083,1.10152,1.10155,1.20,5.81
2016.07.22 13:52:43.134,1.10152,1.10155,2.70,5.63
2016.07.22 13:52:43.186,1.10152,1.10154,4.20,1.31
2016.07.22 13:52:43.237,1.10152,1.10154,2.62,5.44
2016.07.22 13:52:43.288,1.10151,1.10153,3.82,1.87
2016.07.22 13:52:43.339,1.10151,1.10153,3.82,1.50
2016.07.22 13:52:43.391,1.10151,1.10153,3.07,1.50
2016.07.22 13:52:43.442,1.10152,1.10153,1.00,1.87
2016.07.22 13:52:43.494,1.10152,1.10153,1.50,1.12
2016.07.22 13:52:43.546,1.10152,1.10153,1.50,1.00
2016.07.22 13:52:43.664,1.10153,1.10154,1.50,1.69
2016.07.22 13:52:43.715,1.10153,1.10155,1.50,1.69
2016.07.22 13:52:43.868,1.10153,1.10155,2.25,1.69
2016.07.22 13:52:43.970,1.10153,1.10155,3.00,1.69
2016.07.22 13:52:44.021,1.10153,1.10155,3.75,1.00
2016.07.22 13:52:44.073,1.10153,1.10156,6.60,1.01
2016.07.22 13:52:44.124,1.10153,1.10156,6.60,1.25
2016.07.22 13:52:44.175,1.10154,1.10156,1.00,1.25
2016.07.22 13:52:44.226,1.10154,1.10157,1.00,3.45
2016.07.22 13:52:44.277,1.10154,1.10157,1.00,2.32
2016.07.22 13:52:44.328,1.10154,1.10156,1.00,1.25
2016.07.22 13:52:44.450,1.10153,1.10156,1.50,1.25
2016.07.22 13:52:44.505,1.10153,1.10156,1.50,1.12
2016.07.22 13:52:44.709,1.10153,1.10156,1.50,2.62
2016.07.22 13:52:44.760,1.10153,1.10156,1.50,4.50
2016.07.22 13:52:44.812,1.10153,1.10156,1.00,4.50
2016.07.22 13:52:44.863,1.10153,1.10156,1.50,4.50
2016.07.22 13:52:45.019,1.10153,1.10155,1.50,1.00
2016.07.22 13:52:45.171,1.10153,1.10155,1.00,1.00
2016.07.22 13:52:45.310,1.10153,1.10155,1.50,1.00
2016.07.22 13:52:45.719,1.10153,1.10156,1.50,2.25
2016.07.22 13:52:45.770,1.10153,1.10156,2.25,1.31
2016.07.22 13:52:45.821,1.10153,1.10156,2.62,1.25
2016.07.22 13:52:45.974,1.10154,1.10156,1.00,1.25
2016.07.22 13:52:46.203,1.10153,1.10156,2.25,1.69
2016.07.22 13:52:46.306,1.10154,1.10156,1.00,1.87
2016.07.22 13:52:46.358,1.10154,1.10156,1.50,1.87
2016.07.22 13:52:46.410,1.10154,1.10156,1.00,1.25
2016.07.22 13:52:46.971,1.10154,1.10156,1.50,1.25
2016.07.22 13:52:47.074,1.10154,1.10156,1.50,1.00
2016.07.22 13:52:47.125,1.10154,1.10156,1.50,1.12
2016.07.22 13:52:47.460,1.10154,1.10156,1.59,1.12
2016.07.22 13:52:47.511,1.10154,1.10156,1.59,1.87
2016.07.22 13:52:47.623,1.10154,1.10156,1.12,1.12
2016.07.22 13:52:47.675,1.10154,1.10156,1.59,1.31
2016.07.22 13:52:47.777,1.10155,1.10156,1.50,1.31
2016.07.22 13:52:47.829,1.10155,1.10156,1.00,1.31
2016.07.22 13:52:47.881,1.10154,1.10156,1.59,1.12
2016.07.22 13:52:47.983,1.10154,1.10156,1.59,1.31
2016.07.22 13:52:48.800,1.10154,1.10156,1.59,1.12
2016.07.22 13:52:49.286,1.10154,1.10156,1.12,1.87
2016.07.22 13:52:49.337,1.10154,1.10156,1.12,2.62
2016.07.22 13:52:49.439,1.10154,1.10156,1.12,1.50
2016.07.22 13:52:49.490,1.10153,1.10156,4.22,1.00
2016.07.22 13:52:49.541,1.10153,1.10156,4.59,1.00
2016.07.22 13:52:49.593,1.10154,1.10156,1.97,1.00
2016.07.22 13:52:49.644,1.10154,1.10156,1.59,1.00
2016.07.22 13:52:49.695,1.10153,1.10156,2.34,1.00
2016.07.22 13:52:49.746,1.10153,1.10156,2.72,1.00
2016.07.22 13:52:49.797,1.10154,1.10156,1.12,1.50
2016.07.22 13:52:49.848,1.10154,1.10156,1.12,2.25
2016.07.22 13:52:50.036,1.10154,1.10156,1.00,3.37
2016.07.22 13:52:50.188,1.10154,1.10156,1.00,4.12
2016.07.22 13:52:50.290,1.10154,1.10156,1.00,3.37
2016.07.22 13:52:52.397,1.10153,1.10155,1.00,2.25
2016.07.22 13:52:52.449,1.10153,1.10155,1.00,3.37
2016.07.22 13:52:52.500,1.10153,1.10155,1.00,3.56
2016.07.22 13:52:52.551,1.10153,1.10155,1.00,4.50
2016.07.22 13:52:52.602,1.10153,1.10155,1.00,6.19
2016.07.22 13:52:52.711,1.10153,1.10154,1.50,1.00
2016.07.22 13:52:52.814,1.10153,1.10154,1.50,1.00
2016.07.22 13:52:52.865,1.10153,1.10154,2.25,1.00
2016.07.22 13:52:53.474,1.10154,1.10155,1.00,2.25
2016.07.22 13:52:53.742,1.10154,1.10155,1.00,1.87
2016.07.22 13:52:53.844,1.10152,1.10154,2.70,1.00
2016.07.22 13:52:53.895,1.10153,1.10154,1.00,1.00
2016.07.22 13:52:54.202,1.10153,1.10154,1.00,3.19
2016.07.22 13:52:54.253,1.10153,1.10154,1.50,3.94
2016.07.22 13:52:54.378,1.10153,1.10154,1.50,7.12
2016.07.22 13:52:54.431,1.10152,1.10153,1.00,1.25
2016.07.22 13:52:54.533,1.10152,1.10154,1.00,15.56
2016.07.22 13:52:54.634,1.10152,1.10153,1.00,1.25
2016.07.22 13:52:54.996,1.10152,1.10154,1.00,10.31
2016.07.22 13:52:55.047,1.10152,1.10154,1.00,8.81
2016.07.22 13:52:55.098,1.10152,1.10153,1.00,1.25
2016.07.22 13:52:55.149,1.10153,1.10155,1.00,25.01
2016.07.22 13:52:55.202,1.10153,1.10155,1.00,10.01
2016.07.22 13:52:55.293,1.10153,1.10155,1.00,7.76
2016.07.22 13:52:55.345,1.10153,1.10155,1.35,1.50
2016.07.22 13:52:55.396,1.10153,1.10155,1.35,1.50
2016.07.22 13:52:55.447,1.10153,1.10155,1.35,2.25
2016.07.22 13:52:55.499,1.10153,1.10155,1.35,1.00
2016.07.22 13:52:55.550,1.10153,1.10156,1.35,3.75
2016.07.22 13:52:55.804,1.10153,1.10156,1.35,3.00
2016.07.22 13:52:55.956,1.10153,1.10156,1.72,3.00
2016.07.22 13:52:56.007,1.10153,1.10156,1.72,2.25
2016.07.22 13:52:56.058,1.10153,1.10156,1.72,1.50
2016.07.22 13:52:56.160,1.10153,1.10156,2.85,3.00
2016.07.22 13:52:56.240,1.10153,1.10156,3.97,2.25
2016.07.22 13:52:56.292,1.10154,1.10155,1.12,1.00
2016.07.22 13:52:56.344,1.10154,1.10155,1.50,1.00
2016.07.22 13:52:56.548,1.10154,1.10155,1.00,1.00
2016.07.22 13:52:56.604,1.10153,1.10155,2.85,1.00
2016.07.22 13:52:56.656,1.10153,1.10155,3.30,1.00
2016.07.22 13:52:56.759,1.10153,1.10155,4.05,1.00
2016.07.22 13:52:56.861,1.10153,1.10155,3.30,1.00
2016.07.22 13:52:57.330,1.10153,1.10155,2.55,1.00
2016.07.22 13:52:57.381,1.10153,1.10155,2.17,1.00
2016.07.22 13:52:57.431,1.10153,1.10155,2.92,1.00
2016.07.22 13:52:57.745,1.10153,1.10155,2.17,1.00
2016.07.22 13:52:57.847,1.10153,1.10155,3.22,1.00
2016.07.22 13:52:57.898,1.10153,1.10154,1.87,1.00
2016.07.22 13:52:57.950,1.10153,1.10155,1.00,3.00
2016.07.22 13:52:58.082,1.10153,1.10155,1.00,5.06
2016.07.22 13:52:58.133,1.10153,1.10155,1.00,4.31
2016.07.22 13:52:58.236,1.10153,1.10155,1.00,4.46
2016.07.22 13:52:58.287,1.10153,1.10154,1.00,1.00
2016.07.22 13:52:58.338,1.10152,1.10154,2.06,1.00
2016.07.22 13:52:58.440,1.10153,1.10154,1.72,1.00
2016.07.22 13:52:58.542,1.10153,1.10155,2.10,1.00
2016.07.22 13:52:58.593,1.10153,1.10155,2.47,1.00
2016.07.22 13:52:58.644,1.10153,1.10155,3.60,1.00
2016.07.22 13:52:58.976,1.10153,1.10155,2.47,1.00
2016.07.22 13:52:59.078,1.10153,1.10155,2.10,1.00
2016.07.22 13:52:59.129,1.10153,1.10155,1.35,1.00
2016.07.22 13:52:59.231,1.10153,1.10155,2.10,1.00
2016.07.22 13:52:59.282,1.10153,1.10155,2.85,1.00
2016.07.22 13:52:59.587,1.10152,1.10154,8.14,1.00
2016.07.22 13:52:59.638,1.10152,1.10154,3.64,1.00
2016.07.22 13:52:59.772,1.10152,1.10153,1.25,1.50
2016.07.22 13:52:59.876,1.10152,1.10153,1.00,1.50
2016.07.22 13:53:00.131,1.10151,1.10153,4.80,1.50
2016.07.22 13:53:00.182,1.10152,1.10153,1.16,1.50
2016.07.22 13:53:00.234,1.10152,1.10154,2.16,2.25
2016.07.22 13:53:00.286,1.10153,1.10154,1.00,2.25
2016.07.22 13:53:00.388,1.10153,1.10154,1.72,1.50
2016.07.22 13:53:00.578,1.10153,1.10155,1.30,1.50
2016.07.22 13:53:00.636,1.10153,1.10155,1.72,2.25
2016.07.22 13:53:00.692,1.10153,1.10155,2.10,2.25
2016.07.22 13:53:00.818,1.10153,1.10155,1.35,2.25
2016.07.22 13:53:01.021,1.10153,1.10155,1.35,1.50
2016.07.22 13:53:01.123,1.10153,1.10155,1.35,2.25
2016.07.22 13:53:01.327,1.10152,1.10155,7.91,1.50
2016.07.22 13:53:01.409,1.10153,1.10155,1.35,2.25
2016.07.22 13:53:01.614,1.10153,1.10155,1.00,1.50
2016.07.22 13:53:01.666,1.10153,1.10154,1.00,1.00
2016.07.22 13:53:01.771,1.10153,1.10154,1.00,1.50
2016.07.22 13:53:01.822,1.10152,1.10153,2.06,1.50
2016.07.22 13:53:01.924,1.10152,1.10153,2.06,1.00
2016.07.22 13:53:01.975,1.10152,1.10153,1.69,1.00
2016.07.22 13:53:02.026,1.10152,1.10153,1.69,1.50
2016.07.22 13:53:02.077,1.10152,1.10153,1.00,1.50
2016.07.22 13:53:02.612,1.10152,1.10153,1.00,1.00
2016.07.22 13:53:02.717,1.10152,1.10153,1.00,1.50
2016.07.22 13:53:02.819,1.10152,1.10153,1.50,1.50
2016.07.22 13:53:03.022,1.10152,1.10153,1.00,1.00
2016.07.22 13:53:03.073,1.10152,1.10153,1.50,1.87
2016.07.22 13:53:03.124,1.10152,1.10153,1.00,2.62
2016.07.22 13:53:03.175,1.1015,1.10153,3.56,1.50
2016.07.22 13:53:03.304,1.1015,1.10152,3.82,1.00
2016.07.22 13:53:03.457,1.1015,1.10152,3.07,1.00
2016.07.22 13:53:03.508,1.1015,1.10152,3.07,1.50
2016.07.22 13:53:03.559,1.1015,1.10152,3.07,1.69
2016.07.22 13:53:03.611,1.1015,1.10152,2.70,1.25
2016.07.22 13:53:03.663,1.1015,1.10152,3.45,1.25
2016.07.22 13:53:03.714,1.10151,1.10152,1.00,1.00
2016.07.22 13:53:04.453,1.1015,1.10152,4.57,1.00
2016.07.22 13:53:04.504,1.1015,1.10152,4.95,1.00
2016.07.22 13:53:04.555,1.10151,1.10153,1.00,3.00
2016.07.22 13:53:05.965,1.10151,1.10153,1.25,3.00
2016.07.22 13:53:06.067,1.10151,1.10153,1.00,3.00
2016.07.22 13:53:07.548,1.10151,1.10152,1.25,1.00
2016.07.22 13:53:07.752,1.10151,1.10153,1.00,3.00
2016.07.22 13:53:08.698,1.10152,1.10153,1.00,3.00
2016.07.22 13:53:08.800,1.10152,1.10153,1.00,2.25
2016.07.22 13:53:08.902,1.10152,1.10153,1.00,3.00
2016.07.22 13:53:09.004,1.10152,1.10153,1.00,2.25
2016.07.22 13:53:09.157,1.10152,1.10153,1.50,1.50
2016.07.22 13:53:09.208,1.10152,1.10154,3.94,2.25
2016.07.22 13:53:09.260,1.10152,1.10154,5.06,1.50
2016.07.22 13:53:09.311,1.10152,1.10154,4.69,1.00
2016.07.22 13:53:09.489,1.10152,1.10155,2.81,2.25
2016.07.22 13:53:09.591,1.10152,1.10155,2.81,1.50
2016.07.22 13:53:09.642,1.10152,1.10155,2.06,1.00
2016.07.22 13:53:09.694,1.10152,1.10155,2.06,1.50
2016.07.22 13:53:09.745,1.10152,1.10155,2.81,2.62
2016.07.22 13:53:09.797,1.10152,1.10153,2.44,1.00
2016.07.22 13:53:09.848,1.10152,1.10153,1.12,1.50
2016.07.22 13:53:09.900,1.10152,1.10153,1.00,2.62
2016.07.22 13:53:09.951,1.1015,1.10152,7.76,1.00
2016.07.22 13:53:10.002,1.1015,1.10152,6.64,1.00
2016.07.22 13:53:10.054,1.10151,1.10152,1.25,1.50
2016.07.22 13:53:10.207,1.10151,1.10152,1.00,1.87
2016.07.22 13:53:10.258,1.1015,1.10152,2.14,2.62
2016.07.22 13:53:10.310,1.1015,1.10151,1.95,1.12
2016.07.22 13:53:10.426,1.10147,1.10149,17.44,2.50
2016.07.22 13:53:10.478,1.10146,1.10148,1.76,1.00
2016.07.22 13:53:10.580,1.10146,1.10148,2.51,2.50
2016.07.22 13:53:10.631,1.10147,1.10148,1.25,2.25
2016.07.22 13:53:10.683,1.10147,1.10148,1.00,2.25
2016.07.22 13:53:10.785,1.10147,1.10148,1.00,1.50
2016.07.22 13:53:10.837,1.10146,1.10148,2.66,1.50
2016.07.22 13:53:10.889,1.10146,1.10148,3.41,1.50
2016.07.22 13:53:10.940,1.10147,1.10149,1.69,1.57
2016.07.22 13:53:11.035,1.10147,1.10149,2.06,1.57
2016.07.22 13:53:11.086,1.10147,1.10149,1.69,2.32
2016.07.22 13:53:11.189,1.10147,1.10149,2.44,2.32
2016.07.22 13:53:11.240,1.10147,1.10149,1.69,1.57
2016.07.22 13:53:11.291,1.10147,1.10149,1.69,1.50
2016.07.22 13:53:11.342,1.10147,1.10149,2.44,2.25
2016.07.22 13:53:11.394,1.10147,1.10148,2.44,1.00
2016.07.22 13:53:11.445,1.10147,1.10148,1.25,1.50
2016.07.22 13:53:11.498,1.10146,1.10148,4.31,1.00
2016.07.22 13:53:11.549,1.10147,1.10148,1.00,1.00
2016.07.22 13:53:11.709,1.10147,1.10149,1.00,2.25
2016.07.22 13:53:12.067,1.10147,1.10149,1.00,2.62
2016.07.22 13:53:12.119,1.10147,1.10148,1.00,1.00
2016.07.22 13:53:12.170,1.10146,1.10148,3.00,1.50
2016.07.22 13:53:12.424,1.10146,1.10147,2.62,1.00
2016.07.22 13:53:12.476,1.10145,1.10147,4.39,1.50
2016.07.22 13:53:12.527,1.10145,1.10147,2.32,1.50
2016.07.22 13:53:12.643,1.10145,1.10147,1.57,1.50
2016.07.22 13:53:12.696,1.10145,1.10148,2.25,2.62
2016.07.22 13:53:12.748,1.10145,1.10147,2.25,1.25
2016.07.22 13:53:12.799,1.10144,1.10147,2.14,1.69
2016.07.22 13:53:12.851,1.10144,1.10147,2.14,2.06
2016.07.22 13:53:12.902,1.10144,1.10147,2.06,2.06
2016.07.22 13:53:12.953,1.10144,1.10147,2.06,1.12
2016.07.22 13:53:13.056,1.10144,1.10147,2.06,1.69
2016.07.22 13:53:13.242,1.10144,1.10147,2.06,1.50
2016.07.22 13:53:13.293,1.10144,1.10147,1.31,1.50
2016.07.22 13:53:13.448,1.10145,1.10147,1.00,1.50
2016.07.22 13:53:13.551,1.10144,1.10147,3.94,1.50
2016.07.22 13:53:13.603,1.10144,1.10147,5.06,1.50
2016.07.22 13:53:13.656,1.10144,1.10147,4.69,1.50
2016.07.22 13:53:13.708,1.10145,1.10147,1.00,1.50
2016.07.22 13:53:14.157,1.10145,1.10147,1.12,1.00
2016.07.22 13:53:14.211,1.10144,1.10147,5.81,1.50
2016.07.22 13:53:14.262,1.10144,1.10147,3.19,1.50
2016.07.22 13:53:14.315,1.10145,1.10147,1.50,1.50
2016.07.22 13:53:14.366,1.10145,1.10147,1.50,2.25
2016.07.22 13:53:14.417,1.10145,1.10147,1.00,2.25
2016.07.22 13:53:14.569,1.10144,1.10147,3.19,2.25
2016.07.22 13:53:14.672,1.10144,1.10147,2.44,1.00
2016.07.22 13:53:14.774,1.10144,1.10147,3.19,2.25
2016.07.22 13:53:15.244,1.10144,1.10147,2.44,1.00
2016.07.22 13:53:15.575,1.10144,1.10147,3.19,2.25
2016.07.22 13:53:16.083,1.10144,1.10147,2.44,1.00
2016.07.22 13:53:16.185,1.10144,1.10146,3.19,1.00
2016.07.22 13:53:16.236,1.10144,1.10146,2.81,1.50
2016.07.22 13:53:16.287,1.10144,1.10146,2.81,2.25
2016.07.22 13:53:16.440,1.10144,1.10146,3.19,2.25
2016.07.22 13:53:16.521,1.10143,1.10146,7.01,3.37
2016.07.22 13:53:16.573,1.10141,1.10142,4.69,1.00
2016.07.22 13:53:16.624,1.10141,1.10142,3.19,1.50
2016.07.22 13:53:16.675,1.10141,1.10143,2.14,3.22
2016.07.22 13:53:16.726,1.1014,1.10142,5.81,1.50
2016.07.22 13:53:16.778,1.1014,1.10142,5.89,1.00
2016.07.22 13:53:16.829,1.10141,1.10142,1.69,1.00
2016.07.22 13:53:16.880,1.10142,1.10143,1.00,2.25
2016.07.22 13:53:16.931,1.10142,1.10143,1.12,1.00
2016.07.22 13:53:17.033,1.10142,1.10144,2.81,2.25
2016.07.22 13:53:17.084,1.10142,1.10144,3.56,1.87
2016.07.22 13:53:17.135,1.10142,1.10144,4.69,1.00
2016.07.22 13:53:17.217,1.10144,1.10145,1.00,1.57
2016.07.22 13:53:17.268,1.10144,1.10145,1.50,1.00
2016.07.22 13:53:17.320,1.10144,1.10146,3.00,2.25
2016.07.22 13:53:17.371,1.10144,1.10146,4.12,2.25
2016.07.22 13:53:17.422,1.10144,1.10146,3.37,2.25
2016.07.22 13:53:17.474,1.10144,1.10146,2.62,1.50
2016.07.22 13:53:17.525,1.10145,1.10147,1.00,3.07
2016.07.22 13:53:17.576,1.10146,1.10147,1.50,3.45
2016.07.22 13:53:17.628,1.10146,1.10147,1.50,3.00
2016.07.22 13:53:17.732,1.10146,1.10147,1.00,3.00
2016.07.22 13:53:17.915,1.10145,1.10147,5.06,1.50
2016.07.22 13:53:17.966,1.10145,1.10147,3.19,3.00
2016.07.22 13:53:18.017,1.10145,1.10146,1.69,1.00
2016.07.22 13:53:18.068,1.10145,1.10146,1.69,1.50
2016.07.22 13:53:18.119,1.10145,1.10146,1.69,2.25
2016.07.22 13:53:18.427,1.10145,1.10146,1.69,1.50
2016.07.22 13:53:18.478,1.10145,1.10146,2.44,1.50
2016.07.22 13:53:18.530,1.10145,1.10146,2.44,1.00
2016.07.22 13:53:18.643,1.10145,1.10146,1.69,1.00
2016.07.22 13:53:18.695,1.10145,1.10146,3.19,1.50
2016.07.22 13:53:19.153,1.10145,1.10146,2.44,1.50
2016.07.22 13:53:19.204,1.10145,1.10146,1.69,1.50
2016.07.22 13:53:19.694,1.10145,1.10146,1.25,2.25
2016.07.22 13:53:19.745,1.10144,1.10146,2.44,2.25
2016.07.22 13:53:19.797,1.10145,1.10146,1.00,1.50
2016.07.22 13:53:20.206,1.10144,1.10146,2.62,1.00
2016.07.22 13:53:20.257,1.10145,1.10146,1.00,1.50
2016.07.22 13:53:21.083,1.10144,1.10146,1.87,1.50
2016.07.22 13:53:21.186,1.10144,1.10146,1.12,1.50
2016.07.22 13:53:21.308,1.10145,1.10146,1.00,1.50
2016.07.22 13:53:21.359,1.10145,1.10146,1.50,1.50
2016.07.22 13:53:22.130,1.10145,1.10147,1.00,2.62
2016.07.22 13:53:22.181,1.10145,1.10146,2.25,2.25
2016.07.22 13:53:22.232,1.10145,1.10146,2.44,2.25
2016.07.22 13:53:22.353,1.10145,1.10146,2.06,1.50
2016.07.22 13:53:22.709,1.10146,1.10147,1.00,2.62
2016.07.22 13:53:22.863,1.10145,1.10146,2.06,1.50
2016.07.22 13:53:23.786,1.10146,1.10147,1.00,2.62
2016.07.22 13:53:23.888,1.10145,1.10146,2.06,1.50
2016.07.22 13:53:24.539,1.10145,1.10146,2.06,1.00
2016.07.22 13:53:24.590,1.10145,1.10147,2.44,2.87
2016.07.22 13:53:24.641,1.10145,1.10147,5.81,1.00
2016.07.22 13:53:24.692,1.10146,1.10148,1.12,4.57
2016.07.22 13:53:24.794,1.10147,1.10148,1.00,4.50
2016.07.22 13:53:24.845,1.10147,1.10148,5.47,2.25
2016.07.22 13:53:24.896,1.10149,1.1015,1.50,6.56
2016.07.22 13:53:24.947,1.10149,1.1015,1.87,4.12
2016.07.22 13:53:24.998,1.10149,1.10151,3.22,6.00
2016.07.22 13:53:25.096,1.10149,1.1015,4.35,3.37
2016.07.22 13:53:25.147,1.1015,1.10151,1.25,2.25
2016.07.22 13:53:25.198,1.10149,1.10151,5.44,1.50
2016.07.22 13:53:25.249,1.10149,1.10151,4.69,3.00
2016.07.22 13:53:25.300,1.10149,1.10151,4.31,1.50
2016.07.22 13:53:25.351,1.10149,1.10151,4.31,1.50
2016.07.22 13:53:25.403,1.1015,1.10152,1.25,3.75
2016.07.22 13:53:25.454,1.10149,1.10152,3.94,3.00
2016.07.22 13:53:25.557,1.10149,1.10152,4.31,3.00
2016.07.22 13:53:25.609,1.10149,1.10152,4.31,2.25
2016.07.22 13:53:25.714,1.10149,1.10151,2.81,1.00
2016.07.22 13:53:25.893,1.10149,1.10151,2.81,1.50
2016.07.22 13:53:25.952,1.1015,1.10151,1.25,2.25
2016.07.22 13:53:26.158,1.10149,1.10151,1.69,2.25
2016.07.22 13:53:26.260,1.1015,1.10151,1.00,2.25
2016.07.22 13:53:26.312,1.10149,1.1015,1.50,1.00
2016.07.22 13:53:26.415,1.10149,1.1015,1.50,2.25
2016.07.22 13:53:26.468,1.10149,1.1015,1.00,3.37
2016.07.22 13:53:26.519,1.10148,1.10149,2.32,1.00
2016.07.22 13:53:26.643,1.10147,1.10148,2.70,1.50
2016.07.22 13:53:26.695,1.10147,1.10148,1.20,2.25
2016.07.22 13:53:26.747,1.10146,1.10148,2.44,2.25
2016.07.22 13:53:26.798,1.10146,1.10148,1.01,1.50
2016.07.22 13:53:26.849,1.10145,1.10148,11.06,1.50
2016.07.22 13:53:26.901,1.10146,1.10148,1.01,2.25
2016.07.22 13:53:26.952,1.10147,1.10149,1.00,2.25
2016.07.22 13:53:27.003,1.10147,1.10148,1.12,1.50
2016.07.22 13:53:27.055,1.10147,1.10148,1.12,1.00
2016.07.22 13:53:27.107,1.10147,1.10148,1.00,1.50
2016.07.22 13:53:27.159,1.10146,1.10147,2.32,1.50
2016.07.22 13:53:27.210,1.10145,1.10147,4.69,2.25
2016.07.22 13:53:27.357,1.10145,1.10146,1.50,1.50
2016.07.22 13:53:27.425,1.10145,1.10146,1.50,3.00
2016.07.22 13:53:27.476,1.10144,1.10146,1.00,2.25
2016.07.22 13:53:27.528,1.10144,1.10146,1.00,2.44
2016.07.22 13:53:27.630,1.10145,1.10146,1.00,3.94
2016.07.22 13:53:27.681,1.10144,1.10146,1.25,6.19
2016.07.22 13:53:27.733,1.10142,1.10143,3.26,1.00
2016.07.22 13:53:27.785,1.10141,1.10142,2.14,1.50
2016.07.22 13:53:27.836,1.1014,1.10142,6.38,2.25
2016.07.22 13:53:27.887,1.1014,1.10142,8.32,2.25
2016.07.22 13:53:28.017,1.10141,1.10143,1.00,2.25
2016.07.22 13:53:28.121,1.10142,1.10143,1.12,2.25
2016.07.22 13:53:28.172,1.10143,1.10144,1.00,1.87
2016.07.22 13:53:28.224,1.10142,1.10143,3.75,1.00
2016.07.22 13:53:28.275,1.10142,1.10144,5.06,1.00
2016.07.22 13:53:28.327,1.10144,1.10145,1.00,3.75
2016.07.22 13:53:28.378,1.10144,1.10145,1.00,3.37
2016.07.22 13:53:28.481,1.10144,1.10145,1.00,2.25
2016.07.22 13:53:28.584,1.10143,1.10145,2.06,2.25
2016.07.22 13:53:29.089,1.10143,1.10145,1.31,1.50
2016.07.22 13:53:29.192,1.10145,1.10146,1.12,3.45
2016.07.22 13:53:29.244,1.10145,1.10146,2.62,2.70
2016.07.22 13:53:29.295,1.10145,1.10146,2.62,2.25
2016.07.22 13:53:29.347,1.10145,1.10146,2.81,2.25
2016.07.22 13:53:29.481,1.10145,1.10146,1.25,2.25
2016.07.22 13:53:29.686,1.10144,1.10146,5.06,2.25
2016.07.22 13:53:29.737,1.10144,1.10146,5.06,1.50
2016.07.22 13:53:29.789,1.10144,1.10146,4.31,1.00
2016.07.22 13:53:29.840,1.10144,1.10146,5.06,1.50
2016.07.22 13:53:29.891,1.10144,1.10146,4.69,2.25
2016.07.22 13:53:29.942,1.10144,1.10146,5.06,1.50
2016.07.22 13:53:29.993,1.10144,1.10146,7.31,1.50
2016.07.22 13:53:30.044,1.10145,1.10146,1.31,1.50
2016.07.22 13:53:30.146,1.10144,1.10146,7.69,1.50
2016.07.22 13:53:30.197,1.10145,1.10147,3.19,2.32
2016.07.22 13:53:30.248,1.10146,1.10147,2.81,1.10
2016.07.22 13:53:30.376,1.10148,1.10149,1.50,2.70
2016.07.22 13:53:30.428,1.10148,1.10149,1.50,1.87
2016.07.22 13:53:30.479,1.10148,1.10149,1.50,1.00
2016.07.22 13:53:30.530,1.10148,1.1015,1.87,2.32
2016.07.22 13:53:30.632,1.10148,1.1015,1.50,2.32
2016.07.22 13:53:30.938,1.10148,1.1015,1.50,1.57
2016.07.22 13:53:30.989,1.10148,1.1015,1.00,1.10
2016.07.22 13:53:31.040,1.10148,1.10149,1.00,1.50
2016.07.22 13:53:31.093,1.10146,1.10148,9.67,1.00
2016.07.22 13:53:31.220,1.10146,1.10147,3.49,1.50
2016.07.22 13:53:31.271,1.10145,1.10147,2.44,2.25
2016.07.22 13:53:31.424,1.10145,1.10147,1.87,3.37
2016.07.22 13:53:31.475,1.10145,1.10147,1.50,3.75
2016.07.22 13:53:31.526,1.10145,1.10147,1.50,2.62
2016.07.22 13:53:31.577,1.10145,1.10147,1.50,2.25
2016.07.22 13:53:31.984,1.10145,1.10147,1.50,2.62
2016.07.22 13:53:32.158,1.10145,1.10147,1.50,3.00
2016.07.22 13:53:33.023,1.10145,1.10146,1.50,1.00
2016.07.22 13:53:33.135,1.10145,1.10146,1.00,3.00
2016.07.22 13:53:33.189,1.10143,1.10144,2.32,1.00
2016.07.22 13:53:33.241,1.10143,1.10144,1.57,1.50
2016.07.22 13:53:33.295,1.10143,1.10144,1.00,2.25
2016.07.22 13:53:33.397,1.10143,1.10144,1.00,3.00
2016.07.22 13:53:33.449,1.10142,1.10144,2.14,3.00
2016.07.22 13:53:33.602,1.10142,1.10143,2.14,1.50
2016.07.22 13:53:33.653,1.10141,1.10143,4.69,1.50
2016.07.22 13:53:33.705,1.10141,1.10142,3.26,2.25
2016.07.22 13:53:33.756,1.10141,1.10142,1.10,2.25
2016.07.22 13:53:33.898,1.1014,1.10142,3.64,2.25
2016.07.22 13:53:34.005,1.1014,1.10142,3.26,2.25
2016.07.22 13:53:34.107,1.1014,1.10142,3.83,1.50
2016.07.22 13:53:34.209,1.10141,1.10142,1.00,2.25
2016.07.22 13:53:34.412,1.10142,1.10144,1.00,6.00
2016.07.22 13:53:34.463,1.10142,1.10144,1.00,4.87
2016.07.22 13:53:34.514,1.10143,1.10144,1.00,4.50
2016.07.22 13:53:34.565,1.10143,1.10144,1.00,3.75
2016.07.22 13:53:36.221,1.10142,1.10144,1.87,5.62
2016.07.22 13:53:36.272,1.10142,1.10144,1.12,5.81
2016.07.22 13:53:36.324,1.10141,1.10142,1.57,3.00
2016.07.22 13:53:36.375,1.1014,1.10142,4.12,3.00
2016.07.22 13:53:36.426,1.1014,1.10142,3.75,3.00
2016.07.22 13:53:36.477,1.1014,1.10142,1.57,2.25
2016.07.22 13:53:36.579,1.1014,1.10142,5.32,3.00
2016.07.22 13:53:36.731,1.1014,1.10142,6.07,3.00
2016.07.22 13:53:36.834,1.1014,1.10142,5.32,3.00
2016.07.22 13:53:36.885,1.1014,1.10142,3.45,3.00
2016.07.22 13:53:36.935,1.1014,1.10142,2.70,3.00
2016.07.22 13:53:37.139,1.10141,1.10142,1.00,3.00
2016.07.22 13:53:37.190,1.10141,1.10142,1.50,2.25
2016.07.22 13:53:37.241,1.10141,1.10142,1.00,1.50
2016.07.22 13:53:37.343,1.10141,1.10142,1.50,2.25
2016.07.22 13:53:38.191,1.10141,1.10142,1.50,3.00
2016.07.22 13:53:38.424,1.10141,1.10142,1.00,2.25
2016.07.22 13:53:38.476,1.10141,1.10142,1.00,1.50
2016.07.22 13:53:40.349,1.10141,1.10142,1.00,1.00
2016.07.22 13:53:40.451,1.10141,1.10142,1.00,1.50
2016.07.22 13:53:40.739,1.10141,1.10142,1.00,1.00
2016.07.22 13:53:40.841,1.10141,1.10142,1.00,1.50
2016.07.22 13:53:41.146,1.10141,1.10142,1.00,1.00
2016.07.22 13:53:42.227,1.10142,1.10143,1.00,3.75
2016.07.22 13:53:43.143,1.10142,1.10143,1.12,3.75
2016.07.22 13:53:43.194,1.10142,1.10143,1.87,3.00
2016.07.22 13:53:43.246,1.10142,1.10143,2.62,1.50
2016.07.22 13:53:43.297,1.10142,1.10143,3.00,1.00
2016.07.22 13:53:43.349,1.10142,1.10143,2.62,1.00
2016.07.22 13:53:43.452,1.10142,1.10143,2.62,1.50
2016.07.22 13:53:43.503,1.10141,1.10143,5.25,1.00
2016.07.22 13:53:43.607,1.10141,1.10143,3.75,1.00
2016.07.22 13:53:43.658,1.10141,1.10142,1.50,1.50
2016.07.22 13:53:43.760,1.1014,1.10142,4.95,1.50
2016.07.22 13:53:43.812,1.1014,1.10142,2.70,1.50
2016.07.22 13:53:43.966,1.10141,1.10142,1.00,1.50
2016.07.22 13:53:44.223,1.10138,1.1014,17.81,1.00
2016.07.22 13:53:44.329,1.10137,1.10139,25.12,5.25
2016.07.22 13:53:44.385,1.10135,1.10137,4.87,3.37
2016.07.22 13:53:44.437,1.10135,1.10136,1.87,1.50
2016.07.22 13:53:44.488,1.10134,1.10136,1.37,2.25
2016.07.22 13:53:44.540,1.10134,1.10136,1.87,3.00
2016.07.22 13:53:44.643,1.10134,1.10136,1.50,3.00
2016.07.22 13:53:44.848,1.10134,1.10136,1.00,2.25
2016.07.22 13:53:44.951,1.10134,1.10136,1.50,3.00
2016.07.22 13:53:45.349,1.10134,1.10136,1.00,2.25
2016.07.22 13:53:45.451,1.10134,1.10136,1.87,3.00
2016.07.22 13:53:46.107,1.10134,1.10135,1.87,1.00
2016.07.22 13:53:46.158,1.10133,1.10134,3.19,1.00
2016.07.22 13:53:46.211,1.10133,1.10134,1.12,1.00
2016.07.22 13:53:46.262,1.10131,1.10132,2.32,1.00
2016.07.22 13:53:46.313,1.10131,1.10132,1.95,1.00
2016.07.22 13:53:46.365,1.10131,1.10133,1.00,2.25
2016.07.22 13:53:46.466,1.10131,1.10132,1.50,1.00
2016.07.22 13:53:46.518,1.10131,1.10132,1.50,1.00
2016.07.22 13:53:46.569,1.10132,1.10134,1.00,4.50
2016.07.22 13:53:46.671,1.10132,1.10134,1.00,3.75
2016.07.22 13:53:46.775,1.10132,1.10133,1.12,1.50
2016.07.22 13:53:46.946,1.10132,1.10134,1.00,3.75
2016.07.22 13:53:47.048,1.10132,1.10134,1.00,3.75
2016.07.22 13:53:47.355,1.10131,1.10133,1.12,1.00
2016.07.22 13:53:47.407,1.10131,1.10132,1.50,1.00
2016.07.22 13:53:47.458,1.10131,1.10132,1.50,1.50
2016.07.22 13:53:47.510,1.10131,1.10132,1.00,1.50
2016.07.22 13:53:47.562,1.1013,1.10132,6.67,1.00
2016.07.22 13:53:47.613,1.1013,1.10132,5.92,1.00
2016.07.22 13:53:47.740,1.10131,1.10132,1.00,1.50
2016.07.22 13:53:47.791,1.1013,1.10132,4.80,1.00
2016.07.22 13:53:47.842,1.1013,1.10132,4.05,1.00
2016.07.22 13:53:47.893,1.1013,1.10132,4.05,1.50
2016.07.22 13:53:47.995,1.1013,1.10132,4.05,1.00
2016.07.22 13:53:48.046,1.1013,1.10132,3.67,1.00
2016.07.22 13:53:48.097,1.10131,1.10132,1.00,1.00
2016.07.22 13:53:48.148,1.10131,1.10132,1.87,1.00
2016.07.22 13:53:48.199,1.10131,1.10133,3.00,2.25
2016.07.22 13:53:48.251,1.10132,1.10134,1.37,3.75
2016.07.22 13:53:48.302,1.10133,1.10134,1.12,3.75
2016.07.22 13:53:48.353,1.10132,1.10134,1.00,3.75
2016.07.22 13:53:48.405,1.10132,1.10134,1.00,3.75
2016.07.22 13:53:48.492,1.10133,1.10134,1.00,3.75
2016.07.22 13:53:48.699,1.10133,1.10134,1.00,4.12
2016.07.22 13:53:48.750,1.10132,1.10134,1.00,4.50
2016.07.22 13:53:49.793,1.10132,1.10134,1.00,4.12
2016.07.22 13:53:49.844,1.10133,1.10134,1.00,3.75
2016.07.22 13:53:49.946,1.10133,1.10134,1.02,3.75
2016.07.22 13:53:50.099,1.10132,1.10134,1.51,3.00
2016.07.22 13:53:50.201,1.10133,1.10134,1.00,3.75
2016.07.22 13:53:50.473,1.10133,1.10134,1.02,3.75
2016.07.22 13:53:50.524,1.10132,1.10134,1.51,4.00
2016.07.22 13:53:50.576,1.10132,1.10133,1.00,1.00
2016.07.22 13:53:50.628,1.10131,1.10132,3.00,1.00
2016.07.22 13:53:50.680,1.1013,1.10132,4.76,1.00
2016.07.22 13:53:50.732,1.1013,1.10131,7.99,1.50
2016.07.22 13:53:50.835,1.1013,1.10131,9.11,1.50
2016.07.22 13:53:50.887,1.1013,1.10131,9.86,1.00
2016.07.22 13:53:50.938,1.10131,1.10132,1.00,2.25
2016.07.22 13:53:50.990,1.10131,1.10132,1.00,1.50
2016.07.22 13:53:51.101,1.1013,1.10132,6.39,2.62
2016.07.22 13:53:51.155,1.10128,1.10129,6.88,3.00
2016.07.22 13:53:51.208,1.10128,1.10129,1.10,4.87
2016.07.22 13:53:51.260,1.10125,1.10127,16.68,1.00
2016.07.22 13:53:51.311,1.10127,1.10129,1.50,3.22
2016.07.22 13:53:51.363,1.10125,1.10128,4.12,1.87
2016.07.22 13:53:51.414,1.10125,1.10126,3.75,1.00
2016.07.22 13:53:51.468,1.10125,1.10126,1.00,1.00
2016.07.22 13:53:51.519,1.10124,1.10126,4.50,1.50
2016.07.22 13:53:51.570,1.10124,1.10127,4.87,1.87
2016.07.22 13:53:51.622,1.10124,1.10126,5.46,1.00
2016.07.22 13:53:51.674,1.10126,1.10127,1.29,2.62
2016.07.22 13:53:51.798,1.10126,1.10127,1.72,2.62
2016.07.22 13:53:51.850,1.10126,1.10127,3.22,2.25
2016.07.22 13:53:51.901,1.10126,1.10127,3.22,1.00
2016.07.22 13:53:51.952,1.10126,1.10127,2.85,1.00
2016.07.22 13:53:52.003,1.10127,1.10128,1.12,2.25
2016.07.22 13:53:52.105,1.10126,1.10128,3.96,1.50
2016.07.22 13:53:52.157,1.10126,1.10128,5.46,1.00
2016.07.22 13:53:52.208,1.10128,1.10129,1.00,3.94
2016.07.22 13:53:52.259,1.10128,1.10129,1.00,3.00
2016.07.22 13:53:52.310,1.10127,1.10129,1.87,1.50
2016.07.22 13:53:52.361,1.10127,1.10128,2.24,1.00
2016.07.22 13:53:52.412,1.10127,1.10128,2.99,2.25
2016.07.22 13:53:52.515,1.10127,1.10128,3.36,2.25
2016.07.22 13:53:53.409,1.10127,1.10128,2.61,1.50
2016.07.22 13:53:53.461,1.10127,1.10128,2.24,1.50
2016.07.22 13:53:53.512,1.10127,1.10128,2.99,1.50
2016.07.22 13:53:53.563,1.10128,1.10129,1.87,1.50
2016.07.22 13:53:53.614,1.1013,1.10132,1.00,9.37
2016.07.22 13:53:53.666,1.1013,1.10132,1.00,6.75
2016.07.22 13:53:53.717,1.1013,1.10131,1.87,3.00
2016.07.22 13:53:53.832,1.1013,1.10131,1.50,3.00
2016.07.22 13:53:53.984,1.1013,1.10131,1.00,1.50
2016.07.22 13:53:54.086,1.1013,1.10131,1.50,3.00
2016.07.22 13:53:54.205,1.1013,1.10131,1.00,1.50
2016.07.22 13:53:54.307,1.1013,1.10131,1.50,3.00
2016.07.22 13:53:54.409,1.1013,1.10131,1.00,1.50
2016.07.22 13:53:54.511,1.1013,1.10131,1.50,3.00
2016.07.22 13:53:56.062,1.1013,1.10131,1.00,3.75
2016.07.22 13:53:56.114,1.1013,1.10131,1.00,3.00
2016.07.22 13:53:56.165,1.1013,1.10131,1.00,2.25
2016.07.22 13:53:56.473,1.10129,1.1013,1.00,1.00
2016.07.22 13:53:56.626,1.10129,1.1013,1.00,3.00
2016.07.22 13:53:56.875,1.10129,1.1013,1.00,2.25
2016.07.22 13:53:56.928,1.10129,1.1013,1.12,3.00
2016.07.22 13:53:57.335,1.10129,1.1013,1.12,2.25
2016.07.22 13:53:57.437,1.10129,1.1013,1.12,3.00
2016.07.22 13:53:57.989,1.10129,1.1013,1.00,2.25
2016.07.22 13:53:58.040,1.10129,1.1013,1.00,3.00
2016.07.22 13:53:58.782,1.10128,1.10129,2.62,1.00
2016.07.22 13:53:58.833,1.10129,1.1013,1.00,3.37
2016.07.22 13:53:58.883,1.10129,1.1013,1.00,3.75
2016.07.22 13:53:58.934,1.10129,1.1013,1.00,3.37
2016.07.22 13:53:58.985,1.10129,1.1013,1.00,3.00
2016.07.22 13:53:59.036,1.10128,1.1013,1.87,1.50
2016.07.22 13:53:59.131,1.10129,1.1013,1.00,3.00
2016.07.22 13:53:59.336,1.10128,1.1013,1.87,1.50
2016.07.22 13:53:59.438,1.10129,1.1013,1.00,3.00
2016.07.22 13:53:59.950,1.10128,1.1013,1.87,1.50
2016.07.22 13:54:00.154,1.10129,1.1013,1.00,2.25
2016.07.22 13:54:00.205,1.10129,1.1013,1.00,1.50
2016.07.22 13:54:00.256,1.10129,1.10131,1.00,3.00
2016.07.22 13:54:00.333,1.10129,1.10131,1.00,2.25
2016.07.22 13:54:00.384,1.10129,1.10131,1.12,1.50
2016.07.22 13:54:00.435,1.1013,1.10131,1.12,1.50
2016.07.22 13:54:00.486,1.1013,1.10131,1.87,1.50
2016.07.22 13:54:00.538,1.1013,1.10132,1.87,3.82
2016.07.22 13:54:00.589,1.1013,1.10132,1.12,3.45
2016.07.22 13:54:00.742,1.10129,1.10132,2.62,3.45
2016.07.22 13:54:00.844,1.10129,1.10132,1.87,2.70
2016.07.22 13:54:00.947,1.10129,1.10132,2.62,4.20
2016.07.22 13:54:01.176,1.10129,1.10132,1.87,4.20
2016.07.22 13:54:01.381,1.10129,1.10132,1.87,4.57
2016.07.22 13:54:01.432,1.10129,1.10132,1.87,3.07
2016.07.22 13:54:01.483,1.10128,1.10131,9.37,3.75
2016.07.22 13:54:01.535,1.1013,1.10131,1.00,3.75
2016.07.22 13:54:01.586,1.1013,1.10131,1.87,3.75
2016.07.22 13:54:01.637,1.1013,1.10131,3.00,3.75
2016.07.22 13:54:01.689,1.1013,1.10131,2.62,3.75
2016.07.22 13:54:01.740,1.1013,1.10131,2.25,3.75
2016.07.22 13:54:01.792,1.1013,1.10131,1.50,3.75
2016.07.22 13:54:01.926,1.1013,1.10132,1.37,8.32
2016.07.22 13:54:01.979,1.1013,1.10132,2.25,8.70
2016.07.22 13:54:02.031,1.1013,1.10132,3.00,7.20
2016.07.22 13:54:02.082,1.1013,1.10131,1.87,3.00
2016.07.22 13:54:02.185,1.1013,1.10132,1.87,1.10
2016.07.22 13:54:02.237,1.1013,1.10133,2.62,7.12
2016.07.22 13:54:02.288,1.10131,1.10133,1.50,6.00
2016.07.22 13:54:02.339,1.10131,1.10133,2.25,6.00
2016.07.22 13:54:02.390,1.10131,1.10133,2.62,4.50
2016.07.22 13:54:02.441,1.10131,1.10133,2.62,2.62
2016.07.22 13:54:02.492,1.10131,1.10133,1.87,2.62
2016.07.22 13:54:02.629,1.10131,1.10132,1.00,1.00
2016.07.22 13:54:03.241,1.10131,1.10133,1.00,2.62
2016.07.22 13:54:03.343,1.10131,1.10133,1.00,1.87
2016.07.22 13:54:03.394,1.10131,1.10133,1.00,2.62
2016.07.22 13:54:03.446,1.10131,1.10132,1.87,1.00
2016.07.22 13:54:03.542,1.10131,1.10133,1.87,3.37
2016.07.22 13:54:03.596,1.10131,1.10132,1.87,1.87
2016.07.22 13:54:03.647,1.10132,1.10133,1.00,4.50
2016.07.22 13:54:03.751,1.10132,1.10133,1.12,4.50
2016.07.22 13:54:03.853,1.10131,1.10132,2.62,1.87
2016.07.22 13:54:04.644,1.10131,1.10132,1.50,1.87
2016.07.22 13:54:04.695,1.10131,1.10132,1.00,2.62
2016.07.22 13:54:04.746,1.10131,1.10132,1.00,3.37
2016.07.22 13:54:04.848,1.1013,1.10131,1.00,1.00
2016.07.22 13:54:04.899,1.10129,1.10131,2.70,1.00
2016.07.22 13:54:04.950,1.10129,1.10132,2.62,4.12
2016.07.22 13:54:05.001,1.10129,1.10132,2.62,4.87
2016.07.22 13:54:05.052,1.10129,1.10131,2.25,1.00
2016.07.22 13:54:05.154,1.10129,1.10131,1.50,1.50
2016.07.22 13:54:05.255,1.10129,1.10131,1.87,1.50
2016.07.22 13:54:05.357,1.10129,1.10131,2.62,1.00
2016.07.22 13:54:05.554,1.1013,1.10131,1.00,1.00
2016.07.22 13:54:05.657,1.1013,1.10131,1.12,1.00
2016.07.22 13:54:05.759,1.1013,1.10132,1.87,1.87
2016.07.22 13:54:05.862,1.10131,1.10132,1.50,1.87
2016.07.22 13:54:05.913,1.10131,1.10132,2.62,1.87
2016.07.22 13:54:05.964,1.10131,1.10132,2.25,1.87
2016.07.22 13:54:06.066,1.10131,1.10132,3.00,1.87
2016.07.22 13:54:06.644,1.10131,1.10132,2.25,1.87
2016.07.22 13:54:06.746,1.10131,1.10132,1.00,4.12
2016.07.22 13:54:06.798,1.1013,1.10132,2.62,4.12
2016.07.22 13:54:06.849,1.1013,1.10132,1.00,3.37
2016.07.22 13:54:06.900,1.10129,1.10132,3.64,3.37
2016.07.22 13:54:06.951,1.10129,1.10132,4.01,3.37
2016.07.22 13:54:07.002,1.10129,1.10132,3.82,3.37
2016.07.22 13:54:07.054,1.1013,1.10132,1.87,2.62
2016.07.22 13:54:07.106,1.1013,1.10132,2.62,2.62
2016.07.22 13:54:07.157,1.10131,1.10133,1.00,6.75
2016.07.22 13:54:07.209,1.10131,1.10133,1.00,7.50
2016.07.22 13:54:07.259,1.10131,1.10133,1.00,6.75
2016.07.22 13:54:07.448,1.1013,1.10132,2.62,2.62
2016.07.22 13:54:07.558,1.1013,1.10132,3.37,2.62
2016.07.22 13:54:07.914,1.1013,1.10132,2.62,3.37
2016.07.22 13:54:07.965,1.1013,1.10132,1.00,4.12
2016.07.22 13:54:08.169,1.1013,1.10132,1.12,4.12
2016.07.22 13:54:08.350,1.1013,1.10132,1.87,4.12
2016.07.22 13:54:08.819,1.1013,1.10132,2.25,4.12
2016.07.22 13:54:08.870,1.1013,1.10132,1.87,4.12
2016.07.22 13:54:09.074,1.1013,1.10132,1.87,2.62
2016.07.22 13:54:09.175,1.1013,1.10132,1.12,2.62
2016.07.22 13:54:09.277,1.1013,1.10132,1.87,2.62
2016.07.22 13:54:09.457,1.1013,1.10132,1.87,3.37
2016.07.22 13:54:09.508,1.1013,1.10132,1.87,4.12
2016.07.22 13:54:09.869,1.1013,1.10132,1.87,2.62
2016.07.22 13:54:10.174,1.1013,1.10132,2.25,1.87
2016.07.22 13:54:10.225,1.1013,1.10132,3.00,1.87
2016.07.22 13:54:10.276,1.1013,1.10132,4.12,1.87
2016.07.22 13:54:10.327,1.1013,1.10132,5.62,1.87
2016.07.22 13:54:10.378,1.1013,1.10132,6.75,1.87
2016.07.22 13:54:10.480,1.1013,1.10132,7.12,1.87
2016.07.22 13:54:10.582,1.1013,1.10132,6.75,1.87
2016.07.22 13:54:10.745,1.1013,1.10132,7.50,1.87
2016.07.22 13:54:10.847,1.1013,1.10133,7.50,5.25
2016.07.22 13:54:10.898,1.10131,1.10133,2.25,4.12
2016.07.22 13:54:10.951,1.10132,1.10133,1.87,4.12
2016.07.22 13:54:11.004,1.10132,1.10133,1.87,3.37
2016.07.22 13:54:11.107,1.10132,1.10133,2.62,1.00
2016.07.22 13:54:11.158,1.10132,1.10134,2.25,4.57
2016.07.22 13:54:11.209,1.10132,1.10134,2.25,5.25
2016.07.22 13:54:11.260,1.10132,1.10134,1.00,6.00
2016.07.22 13:54:11.312,1.10131,1.10132,3.75,1.87
2016.07.22 13:54:11.363,1.10131,1.10132,1.00,2.62
2016.07.22 13:54:11.414,1.1013,1.10131,4.50,1.00
2016.07.22 13:54:11.466,1.10129,1.10131,1.95,2.25
2016.07.22 13:54:11.642,1.10129,1.10131,1.87,1.00
2016.07.22 13:54:11.693,1.1013,1.10132,1.00,4.87
2016.07.22 13:54:11.744,1.1013,1.10132,3.00,3.37
2016.07.22 13:54:11.795,1.1013,1.10132,4.12,2.62
2016.07.22 13:54:11.846,1.1013,1.10132,3.75,2.62
2016.07.22 13:54:11.896,1.1013,1.10132,3.37,2.62
2016.07.22 13:54:11.947,1.1013,1.10132,4.12,2.62
2016.07.22 13:54:11.998,1.1013,1.10132,4.12,1.87
2016.07.22 13:54:12.049,1.1013,1.10132,4.87,1.12
2016.07.22 13:54:12.100,1.10131,1.10132,1.12,1.12
2016.07.22 13:54:13.359,1.10131,1.10132,1.00,1.12
2016.07.22 13:54:13.563,1.10131,1.10132,1.12,1.12
2016.07.22 13:54:13.696,1.10131,1.10132,2.62,1.12
2016.07.22 13:54:13.747,1.10132,1.10133,1.00,4.12
2016.07.22 13:54:14.191,1.10132,1.10133,2.62,1.00
2016.07.22 13:54:14.293,1.10132,1.10134,2.25,1.50
2016.07.22 13:54:14.395,1.10133,1.10134,1.87,1.00
2016.07.22 13:54:14.506,1.10134,1.10135,1.50,2.44
2016.07.22 13:54:14.557,1.10134,1.10135,2.62,1.50
2016.07.22 13:54:14.660,1.10134,1.10137,2.25,7.20
2016.07.22 13:54:14.762,1.10134,1.10137,2.25,7.69
2016.07.22 13:54:14.813,1.10134,1.10137,1.50,7.16
2016.07.22 13:54:14.967,1.10134,1.10136,1.50,1.25
2016.07.22 13:54:15.018,1.10134,1.10136,1.50,2.06
2016.07.22 13:54:15.069,1.10134,1.10135,1.00,1.00
2016.07.22 13:54:15.120,1.10134,1.10135,1.00,1.50
2016.07.22 13:54:15.272,1.10134,1.10135,1.00,1.00
2016.07.22 13:54:15.485,1.10134,1.10135,1.00,1.00
2016.07.22 13:54:15.590,1.10134,1.10136,1.50,3.00
2016.07.22 13:54:15.641,1.10134,1.10136,1.50,2.25
2016.07.22 13:54:15.692,1.10134,1.10136,1.50,1.00
2016.07.22 13:54:15.896,1.10134,1.10137,1.50,4.31
2016.07.22 13:54:15.947,1.10134,1.10137,2.25,4.31
2016.07.22 13:54:15.999,1.10134,1.10137,3.00,4.31
2016.07.22 13:54:16.101,1.10134,1.10137,2.62,4.31
2016.07.22 13:54:16.254,1.10134,1.10137,1.87,2.81
2016.07.22 13:54:16.305,1.10134,1.10137,1.50,2.81
2016.07.22 13:54:16.356,1.10134,1.10137,2.25,4.31
2016.07.22 13:54:16.497,1.10134,1.10137,1.87,2.81
2016.07.22 13:54:16.600,1.10135,1.10137,1.00,2.81
2016.07.22 13:54:16.657,1.10136,1.10137,1.00,1.87
2016.07.22 13:54:16.709,1.10136,1.10138,1.00,5.62
2016.07.22 13:54:16.761,1.10135,1.10138,3.75,5.62
2016.07.22 13:54:16.813,1.10135,1.10138,4.50,5.62
2016.07.22 13:54:16.864,1.10135,1.10138,3.75,4.12
2016.07.22 13:54:16.966,1.10135,1.10138,4.50,5.62
2016.07.22 13:54:17.348,1.10137,1.10138,1.35,4.87
2016.07.22 13:54:17.464,1.10137,1.10139,2.47,4.87
2016.07.22 13:54:17.517,1.10136,1.10138,3.38,1.50
2016.07.22 13:54:17.568,1.10136,1.10138,1.50,2.25
2016.07.22 13:54:17.671,1.10136,1.10138,1.00,2.25
2016.07.22 13:54:17.723,1.10135,1.10138,1.50,3.00
2016.07.22 13:54:17.774,1.10135,1.10137,1.87,1.00
2016.07.22 13:54:17.826,1.10135,1.10137,2.25,1.12
2016.07.22 13:54:17.878,1.10135,1.10137,1.69,1.00
2016.07.22 13:54:17.929,1.10135,1.10138,1.69,4.50
2016.07.22 13:54:17.980,1.10135,1.10138,1.69,3.75
2016.07.22 13:54:18.031,1.10136,1.10138,1.00,3.75
2016.07.22 13:54:18.201,1.10136,1.10138,1.50,3.75
2016.07.22 13:54:18.303,1.10136,1.10138,1.87,3.00
2016.07.22 13:54:18.405,1.10136,1.10138,2.25,3.37
2016.07.22 13:54:18.507,1.10136,1.10138,2.25,3.00
2016.07.22 13:54:18.813,1.10136,1.10138,2.25,2.25
2016.07.22 13:54:19.102,1.10136,1.10138,2.25,2.44
2016.07.22 13:54:19.154,1.10136,1.10138,2.25,1.69
2016.07.22 13:54:19.409,1.10136,1.10138,2.25,1.50
2016.07.22 13:54:19.613,1.10136,1.10138,2.62,1.50
2016.07.22 13:54:19.664,1.10136,1.10138,2.62,1.00
2016.07.22 13:54:19.715,1.10136,1.10138,2.25,1.00
2016.07.22 13:54:19.970,1.10136,1.10138,2.25,1.50
2016.07.22 13:54:20.066,1.10136,1.10138,1.50,2.62
2016.07.22 13:54:20.117,1.10136,1.10137,1.00,1.00
2016.07.22 13:54:20.168,1.10135,1.10137,1.00,1.87
2016.07.22 13:54:20.219,1.10135,1.10137,1.00,4.50
2016.07.22 13:54:20.271,1.10135,1.10137,1.00,3.56
2016.07.22 13:54:20.373,1.10135,1.10136,1.00,1.00
2016.07.22 13:54:20.424,1.10134,1.10136,1.57,1.00
2016.07.22 13:54:20.475,1.10134,1.10137,1.50,5.25
2016.07.22 13:54:20.526,1.10134,1.10137,1.50,4.87
2016.07.22 13:54:20.730,1.10134,1.10137,1.87,4.87
2016.07.22 13:54:20.846,1.10135,1.10137,1.00,4.87
2016.07.22 13:54:20.898,1.10135,1.10137,1.50,3.94
2016.07.22 13:54:21.000,1.10134,1.10137,2.25,3.94
2016.07.22 13:54:21.205,1.10134,1.10137,1.50,4.31
2016.07.22 13:54:21.307,1.10134,1.10137,1.50,3.94
2016.07.22 13:54:21.408,1.10134,1.10137,1.50,4.12
2016.07.22 13:54:21.510,1.10134,1.10137,1.50,3.94
2016.07.22 13:54:21.795,1.10134,1.10137,1.50,4.31
2016.07.22 13:54:22.014,1.10134,1.10137,2.62,4.31
2016.07.22 13:54:22.115,1.10134,1.10137,3.00,4.31
2016.07.22 13:54:22.217,1.10134,1.10137,2.62,4.31
2016.07.22 13:54:22.319,1.10134,1.10137,3.37,3.56
2016.07.22 13:54:22.421,1.10134,1.10137,2.25,2.81
2016.07.22 13:54:22.472,1.10134,1.10137,2.25,3.00
2016.07.22 13:54:22.574,1.10134,1.10137,1.50,3.00
2016.07.22 13:54:22.912,1.10134,1.10137,1.00,3.04
2016.07.22 13:54:23.014,1.10134,1.10137,1.50,3.97
2016.07.22 13:54:23.217,1.10134,1.10137,1.50,3.60
2016.07.22 13:54:23.319,1.10134,1.10137,1.50,4.35
2016.07.22 13:54:23.523,1.10134,1.10137,1.50,4.72
2016.07.22 13:54:23.627,1.10134,1.10136,1.50,1.00
2016.07.22 13:54:23.729,1.10134,1.10136,1.50,1.50
2016.07.22 13:54:24.069,1.10134,1.10136,1.00,1.50
2016.07.22 13:54:24.222,1.10134,1.10136,1.00,1.00
2016.07.22 13:54:24.375,1.10133,1.10136,3.07,1.00
2016.07.22 13:54:24.426,1.10133,1.10136,3.07,1.12
2016.07.22 13:54:24.477,1.10134,1.10136,1.00,1.12
2016.07.22 13:54:24.579,1.10133,1.10136,3.07,1.12
2016.07.22 13:54:24.680,1.10134,1.10136,1.00,1.12
2016.07.22 13:54:24.961,1.10134,1.10136,1.00,1.87
2016.07.22 13:54:25.012,1.10133,1.10134,1.10,1.12
2016.07.22 13:54:25.064,1.10132,1.10134,6.37,3.22
2016.07.22 13:54:25.115,1.10131,1.10132,3.07,1.50
2016.07.22 13:54:25.166,1.10131,1.10132,3.00,2.10
2016.07.22 13:54:25.218,1.10131,1.10132,1.00,4.35
2016.07.22 13:54:25.319,1.1013,1.10131,2.62,1.00
2016.07.22 13:54:25.421,1.1013,1.10131,1.87,1.00
2016.07.22 13:54:25.526,1.10131,1.10133,1.37,7.50
2016.07.22 13:54:25.633,1.10131,1.10133,2.50,3.94
2016.07.22 13:54:25.685,1.10132,1.10133,1.50,1.87
2016.07.22 13:54:25.736,1.10132,1.10133,1.50,1.50
2016.07.22 13:54:25.889,1.10132,1.10133,1.00,1.50
2016.07.22 13:54:25.991,1.10131,1.10133,4.50,1.50
2016.07.22 13:54:26.042,1.10131,1.10133,4.12,1.50
2016.07.22 13:54:26.093,1.10132,1.10133,1.12,1.00
2016.07.22 13:54:26.195,1.10132,1.10133,1.00,1.00
2016.07.22 13:54:26.398,1.10132,1.10134,1.00,1.76
2016.07.22 13:54:26.500,1.10132,1.10135,1.87,9.75
2016.07.22 13:54:26.614,1.10133,1.10135,1.37,7.50
2016.07.22 13:54:26.667,1.10134,1.10135,1.12,2.32
2016.07.22 13:54:26.719,1.10134,1.10136,1.87,2.62
2016.07.22 13:54:26.771,1.10134,1.10136,2.62,2.62
2016.07.22 13:54:26.822,1.10134,1.10137,3.75,3.26
2016.07.22 13:54:26.873,1.10134,1.10137,3.00,3.26
2016.07.22 13:54:26.925,1.10134,1.10136,1.50,2.25
2016.07.22 13:54:26.976,1.10134,1.10135,1.50,1.00
2016.07.22 13:54:27.028,1.10134,1.10135,1.00,2.25
2016.07.22 13:54:27.079,1.10134,1.10135,1.00,3.60
2016.07.22 13:54:27.130,1.10133,1.10135,1.50,4.35
2016.07.22 13:54:27.181,1.10133,1.10135,1.00,6.60
2016.07.22 13:54:27.233,1.10133,1.10135,1.00,8.47
2016.07.22 13:54:27.371,1.10132,1.10135,1.12,8.55
2016.07.22 13:54:27.422,1.10131,1.10135,6.75,6.30
2016.07.22 13:54:27.473,1.10131,1.10135,6.37,6.67
2016.07.22 13:54:27.525,1.10132,1.10135,1.12,6.67
2016.07.22 13:54:27.576,1.10132,1.10135,1.12,6.86
2016.07.22 13:54:27.627,1.10132,1.10134,1.12,1.00
2016.07.22 13:54:27.932,1.10131,1.10135,5.62,7.80
2016.07.22 13:54:27.983,1.10131,1.10135,5.62,6.26
2016.07.22 13:54:28.034,1.10132,1.10134,1.12,1.00
2016.07.22 13:54:28.626,1.10132,1.10134,1.12,1.00
2016.07.22 13:54:29.329,1.10132,1.10134,1.87,1.00
2016.07.22 13:54:29.930,1.10132,1.10134,1.87,1.00
2016.07.22 13:54:29.982,1.10132,1.10134,3.00,1.00
2016.07.22 13:54:30.034,1.10134,1.10135,1.12,3.64
2016.07.22 13:54:30.085,1.10134,1.10135,1.87,1.95
2016.07.22 13:54:30.137,1.10134,1.10137,1.87,5.06
2016.07.22 13:54:30.240,1.10134,1.10137,1.87,4.39
2016.07.22 13:54:30.344,1.10134,1.10137,2.81,5.14
2016.07.22 13:54:30.396,1.10135,1.10137,2.25,1.76
2016.07.22 13:54:30.520,1.10135,1.10137,2.25,1.20
2016.07.22 13:54:30.571,1.10135,1.10137,2.25,1.12
2016.07.22 13:54:30.623,1.10135,1.10137,3.75,1.12
2016.07.22 13:54:30.725,1.10135,1.10137,2.25,1.12
2016.07.22 13:54:30.836,1.10135,1.10137,1.00,1.12
2016.07.22 13:54:30.887,1.10135,1.10138,1.00,4.76
2016.07.22 13:54:30.939,1.10135,1.10138,1.50,4.76
2016.07.22 13:54:30.990,1.10135,1.10138,3.00,4.76
2016.07.22 13:54:31.042,1.10135,1.10137,3.75,1.12
2016.07.22 13:54:31.093,1.10135,1.10136,3.75,1.00
2016.07.22 13:54:31.145,1.10135,1.10136,2.25,1.12
2016.07.22 13:54:31.288,1.10135,1.10136,1.00,1.50
2016.07.22 13:54:31.341,1.10133,1.10136,2.32,3.00
2016.07.22 13:54:31.392,1.10133,1.10136,2.32,3.37
2016.07.22 13:54:31.444,1.10133,1.10136,1.57,4.12
2016.07.22 13:54:31.602,1.10133,1.10136,1.57,3.37
2016.07.22 13:54:31.659,1.10133,1.10136,1.57,3.00
2016.07.22 13:54:31.711,1.10133,1.10136,2.32,2.25
2016.07.22 13:54:31.762,1.10133,1.10136,3.45,2.25
2016.07.22 13:54:31.814,1.10133,1.10136,1.95,1.50
2016.07.22 13:54:31.865,1.10133,1.10136,2.70,1.00
2016.07.22 13:54:31.916,1.10134,1.10136,1.00,1.00
2016.07.22 13:54:32.058,1.10134,1.10136,1.87,1.00
2016.07.22 13:54:32.109,1.10134,1.10137,1.87,3.56
2016.07.22 13:54:32.160,1.10134,1.10137,1.50,3.56
2016.07.22 13:54:32.211,1.10134,1.10137,1.50,4.69
2016.07.22 13:54:32.414,1.10134,1.10137,1.50,5.06
2016.07.22 13:54:32.516,1.10134,1.10137,1.50,5.81
2016.07.22 13:54:32.669,1.10134,1.10137,1.00,5.81
2016.07.22 13:54:32.842,1.10133,1.10137,4.57,6.19
2016.07.22 13:54:32.944,1.10133,1.10137,4.57,5.44
2016.07.22 13:54:33.097,1.10133,1.10137,3.82,6.19
2016.07.22 13:54:33.149,1.10133,1.10137,4.57,6.19
2016.07.22 13:54:33.252,1.10133,1.10137,3.45,6.19
2016.07.22 13:54:33.643,1.10133,1.10137,2.70,5.44
2016.07.22 13:54:33.828,1.10133,1.10137,3.45,6.19
2016.07.22 13:54:33.882,1.10133,1.10137,3.45,6.79
2016.07.22 13:54:33.934,1.10133,1.10136,3.07,1.87
2016.07.22 13:54:33.985,1.10133,1.10136,3.07,1.50
2016.07.22 13:54:34.037,1.10133,1.10136,2.70,2.25
2016.07.22 13:54:34.089,1.10133,1.10136,2.70,3.37
2016.07.22 13:54:34.141,1.10133,1.10136,2.32,5.44
2016.07.22 13:54:34.243,1.10133,1.10136,1.57,5.06
2016.07.22 13:54:34.345,1.10133,1.10136,1.50,5.14
2016.07.22 13:54:34.481,1.10132,1.10133,9.37,2.10
2016.07.22 13:54:34.533,1.10132,1.10133,4.87,4.35
2016.07.22 13:54:34.584,1.10131,1.10132,5.32,1.30
2016.07.22 13:54:34.636,1.1013,1.10132,3.37,2.85
2016.07.22 13:54:34.687,1.1013,1.10132,3.37,2.06
2016.07.22 13:54:34.739,1.10131,1.10132,1.00,2.06
2016.07.22 13:54:34.790,1.10131,1.10132,1.00,2.81
2016.07.22 13:54:35.155,1.10129,1.1013,4.50,1.00
2016.07.22 13:54:35.211,1.10128,1.10129,1.87,1.00
2016.07.22 13:54:35.263,1.10127,1.10129,2.70,5.66
2016.07.22 13:54:35.314,1.10126,1.10127,1.95,1.12
2016.07.22 13:54:35.365,1.10125,1.10127,1.12,1.00
2016.07.22 13:54:35.438,1.10124,1.10127,2.33,1.50
2016.07.22 13:54:35.491,1.10124,1.10127,1.20,2.25
2016.07.22 13:54:35.543,1.10124,1.10127,1.58,1.50
2016.07.22 13:54:35.594,1.10125,1.10127,1.12,1.50
2016.07.22 13:54:35.718,1.10125,1.10127,1.12,1.00
2016.07.22 13:54:35.769,1.10125,1.10127,1.00,1.00
2016.07.22 13:54:35.873,1.10125,1.10127,1.12,1.00
2016.07.22 13:54:35.926,1.10125,1.10127,3.37,1.00
2016.07.22 13:54:35.977,1.10125,1.10128,3.37,2.06
2016.07.22 13:54:36.028,1.10125,1.10128,4.12,2.06
2016.07.22 13:54:36.080,1.10125,1.10128,3.75,2.44
2016.07.22 13:54:36.182,1.10125,1.10128,3.75,2.06
2016.07.22 13:54:36.234,1.10125,1.10128,2.25,2.06
2016.07.22 13:54:36.285,1.10125,1.10128,2.62,2.06
2016.07.22 13:54:36.476,1.10126,1.10128,1.00,2.06
2016.07.22 13:54:36.578,1.10126,1.10128,1.12,2.06
2016.07.22 13:54:36.629,1.10126,1.10128,1.12,1.25
2016.07.22 13:54:36.750,1.10126,1.10128,1.00,1.25
2016.07.22 13:54:36.905,1.10126,1.10128,1.12,1.25
2016.07.22 13:54:37.058,1.10126,1.10129,3.75,3.56
2016.07.22 13:54:37.109,1.10127,1.10129,3.22,1.87
2016.07.22 13:54:37.208,1.10127,1.10129,3.37,1.00
2016.07.22 13:54:37.259,1.1013,1.10132,1.50,9.56
2016.07.22 13:54:37.310,1.1013,1.10132,1.50,8.89
2016.07.22 13:54:37.361,1.10129,1.10132,1.87,8.14
2016.07.22 13:54:37.464,1.10129,1.10132,2.62,4.39
2016.07.22 13:54:37.515,1.1013,1.10132,1.12,5.14
2016.07.22 13:54:37.567,1.10131,1.10132,1.00,4.39
2016.07.22 13:54:37.618,1.10131,1.10132,1.00,4.31
2016.07.22 13:54:37.669,1.10131,1.10132,1.50,4.31
2016.07.22 13:54:37.720,1.10131,1.10132,1.50,3.56
2016.07.22 13:54:38.066,1.10131,1.10132,1.50,4.31
2016.07.22 13:54:38.117,1.10131,1.10132,1.50,3.56
2016.07.22 13:54:38.168,1.10131,1.10132,1.00,5.06
2016.07.22 13:54:38.372,1.10131,1.10132,1.00,3.56
2016.07.22 13:54:38.525,1.10131,1.10132,1.00,2.81
2016.07.22 13:54:38.633,1.10131,1.10132,1.50,2.81
2016.07.22 13:54:38.939,1.10131,1.10132,1.00,2.81
2016.07.22 13:54:40.267,1.10131,1.10132,1.50,1.25
2016.07.22 13:54:40.318,1.10131,1.10133,2.87,4.00
2016.07.22 13:54:40.398,1.10132,1.10133,1.12,4.00
2016.07.22 13:54:40.450,1.10133,1.10135,1.87,5.44
2016.07.22 13:54:40.501,1.10133,1.10135,1.87,5.14
2016.07.22 13:54:40.552,1.10133,1.10135,1.50,4.01
2016.07.22 13:54:40.603,1.10133,1.10135,1.50,3.94
2016.07.22 13:54:40.654,1.10133,1.10135,1.50,6.19
2016.07.22 13:54:40.705,1.10133,1.10135,3.00,6.19
2016.07.22 13:54:40.756,1.10134,1.10136,1.87,2.14
2016.07.22 13:54:40.807,1.10134,1.10136,2.25,2.14
2016.07.22 13:54:40.858,1.10135,1.10137,1.00,3.56
2016.07.22 13:54:40.910,1.10135,1.10137,1.00,3.19
2016.07.22 13:54:40.961,1.10134,1.10137,1.87,2.44
2016.07.22 13:54:41.062,1.10135,1.10137,1.00,3.19
2016.07.22 13:54:41.249,1.10134,1.10136,1.50,1.00
2016.07.22 13:54:41.302,1.10134,1.10136,1.00,1.12
2016.07.22 13:54:41.353,1.10133,1.10136,2.70,2.06
2016.07.22 13:54:41.404,1.10133,1.10136,3.45,2.81
2016.07.22 13:54:41.455,1.10133,1.10136,3.37,3.37
2016.07.22 13:54:41.506,1.10133,1.10136,3.75,3.00
2016.07.22 13:54:41.558,1.10133,1.10136,3.75,2.44
2016.07.22 13:54:41.609,1.10133,1.10136,3.37,2.81
2016.07.22 13:54:41.660,1.10133,1.10136,2.62,1.87
2016.07.22 13:54:41.712,1.10133,1.10136,2.62,1.50
2016.07.22 13:54:41.814,1.10133,1.10136,3.00,1.50
2016.07.22 13:54:42.069,1.10133,1.10136,2.25,1.00
2016.07.22 13:54:42.166,1.10133,1.10135,2.62,1.50
2016.07.22 13:54:42.271,1.10133,1.10136,2.25,1.69
2016.07.22 13:54:42.424,1.10133,1.10136,1.87,1.69
2016.07.22 13:54:42.526,1.10133,1.10136,1.87,2.06
2016.07.22 13:54:43.379,1.10133,1.10136,1.87,3.60
2016.07.22 13:54:43.431,1.10133,1.10135,1.50,1.50
2016.07.22 13:54:43.482,1.10133,1.10134,1.00,1.00
2016.07.22 13:54:43.533,1.10132,1.10133,3.82,2.10
2016.07.22 13:54:43.585,1.10132,1.10133,1.87,2.47
2016.07.22 13:54:43.636,1.10132,1.10133,1.00,3.04
2016.07.22 13:54:43.688,1.10131,1.10133,1.12,4.91
2016.07.22 13:54:43.739,1.10131,1.10133,1.00,5.10
2016.07.22 13:54:43.791,1.1013,1.10133,3.75,5.10
2016.07.22 13:54:43.933,1.1013,1.10133,3.75,4.35
2016.07.22 13:54:44.085,1.1013,1.10133,3.00,2.66
2016.07.22 13:54:44.187,1.1013,1.10133,3.75,5.25
2016.07.22 13:54:44.239,1.10131,1.10133,1.00,5.25
2016.07.22 13:54:44.290,1.10132,1.10133,1.00,5.25
2016.07.22 13:54:44.341,1.10132,1.10133,1.00,6.00
2016.07.22 13:54:44.573,1.10132,1.10133,1.00,6.75
2016.07.22 13:54:44.675,1.10132,1.10133,1.00,8.10
2016.07.22 13:54:44.838,1.10132,1.10133,1.00,8.85
2016.07.22 13:54:44.890,1.10131,1.10132,1.50,1.00
2016.07.22 13:54:44.941,1.10132,1.10133,1.00,8.85
2016.07.22 13:54:44.992,1.10131,1.10133,1.50,8.85
2016.07.22 13:54:45.043,1.10131,1.10133,1.00,6.41
2016.07.22 13:54:45.150,1.10132,1.10133,1.00,8.85
2016.07.22 13:54:45.201,1.10131,1.10133,1.50,8.85
2016.07.22 13:54:45.253,1.10131,1.10133,1.50,7.35
2016.07.22 13:54:45.354,1.10131,1.10132,1.00,1.50
2016.07.22 13:54:45.475,1.1013,1.10132,1.00,1.50
2016.07.22 13:54:45.678,1.1013,1.10132,1.50,1.50
2016.07.22 13:54:45.838,1.1013,1.10132,2.25,1.50
2016.07.22 13:54:45.889,1.10131,1.10133,1.00,6.56
2016.07.22 13:54:45.991,1.10131,1.10133,1.00,2.81
2016.07.22 13:54:46.043,1.10131,1.10133,1.00,2.44
2016.07.22 13:54:46.095,1.10131,1.10133,1.50,2.44
2016.07.22 13:54:46.146,1.10131,1.10133,1.50,1.69
2016.07.22 13:54:46.196,1.10131,1.10133,1.50,3.19
2016.07.22 13:54:46.248,1.10131,1.10134,1.87,8.79
2016.07.22 13:54:46.299,1.10131,1.10134,1.87,8.04
2016.07.22 13:54:46.350,1.10131,1.10134,1.87,7.86
2016.07.22 13:54:46.452,1.10131,1.10134,2.25,6.92
2016.07.22 13:54:46.503,1.10131,1.10134,2.25,7.67
2016.07.22 13:54:46.686,1.10131,1.10134,3.37,6.17
2016.07.22 13:54:46.737,1.10132,1.10134,1.00,5.04
2016.07.22 13:54:46.788,1.10132,1.10134,1.00,4.86
2016.07.22 13:54:46.890,1.10132,1.10134,1.00,4.78
2016.07.22 13:54:47.195,1.10132,1.10134,1.00,3.28
2016.07.22 13:54:47.296,1.10132,1.10134,1.00,4.78
2016.07.22 13:54:47.348,1.10131,1.10134,3.00,4.78
2016.07.22 13:54:47.680,1.10131,1.10134,3.37,4.78
2016.07.22 13:54:47.783,1.10131,1.10134,3.00,4.78
2016.07.22 13:54:47.885,1.10131,1.10134,3.00,6.28
2016.07.22 13:54:48.039,1.10131,1.10133,1.50,1.25
2016.07.22 13:54:48.091,1.1013,1.10132,2.32,1.12
2016.07.22 13:54:48.142,1.1013,1.10132,2.32,1.31
2016.07.22 13:54:48.193,1.1013,1.10132,1.87,1.25
2016.07.22 13:54:48.295,1.1013,1.10132,1.12,1.25
2016.07.22 13:54:48.346,1.10129,1.10132,4.20,1.25
2016.07.22 13:54:48.397,1.1013,1.10132,1.12,3.19
2016.07.22 13:54:48.504,1.1013,1.10132,1.00,3.19
2016.07.22 13:54:48.556,1.1013,1.10131,1.00,1.00
2016.07.22 13:54:48.659,1.1013,1.10132,1.00,3.75
2016.07.22 13:54:48.782,1.1013,1.10131,1.00,1.00
2016.07.22 13:54:49.491,1.1013,1.10131,1.00,1.00
2016.07.22 13:54:49.592,1.1013,1.10132,1.00,4.22
2016.07.22 13:54:49.745,1.1013,1.10132,1.50,4.22
2016.07.22 13:54:49.796,1.1013,1.10132,1.00,4.22
2016.07.22 13:54:50.153,1.10129,1.10132,2.81,4.97
2016.07.22 13:54:50.250,1.10129,1.10131,2.81,1.00
2016.07.22 13:54:50.301,1.10129,1.10131,2.06,1.00
2016.07.22 13:54:50.404,1.10129,1.10132,2.06,4.22
2016.07.22 13:54:50.507,1.1013,1.10132,1.00,4.97
2016.07.22 13:54:51.672,1.10129,1.10132,2.44,4.22
2016.07.22 13:54:51.791,1.1013,1.10132,1.00,4.97
2016.07.22 13:54:52.236,1.10128,1.10129,3.00,1.12
2016.07.22 13:54:52.288,1.10127,1.10128,1.50,1.50
2016.07.22 13:54:52.342,1.10127,1.10128,1.00,1.50
2016.07.22 13:54:52.393,1.10128,1.10129,1.00,1.00
2016.07.22 13:54:52.444,1.10128,1.10129,1.12,1.00
2016.07.22 13:54:52.496,1.10129,1.1013,1.00,1.76
2016.07.22 13:54:52.548,1.10129,1.1013,1.00,1.10
2016.07.22 13:54:52.599,1.10129,1.10131,1.00,1.22
2016.07.22 13:54:52.700,1.10129,1.10131,1.00,1.67
2016.07.22 13:54:52.802,1.10128,1.10131,3.00,1.67
2016.07.22 13:54:53.297,1.10129,1.10131,1.00,1.67
2016.07.22 13:54:53.450,1.10128,1.10131,4.12,1.59
2016.07.22 13:54:53.501,1.10128,1.10131,4.87,1.59
2016.07.22 13:54:53.552,1.10128,1.10131,6.00,1.59
2016.07.22 13:54:53.603,1.10128,1.10132,7.50,4.25
2016.07.22 13:54:53.705,1.10128,1.10132,7.87,4.25
2016.07.22 13:54:53.832,1.10128,1.10132,7.50,4.25
2016.07.22 13:54:53.883,1.10128,1.10131,6.37,1.05
2016.07.22 13:54:53.934,1.10128,1.10131,6.75,1.05
2016.07.22 13:54:53.985,1.10128,1.10131,7.50,1.05
2016.07.22 13:54:54.087,1.10128,1.10131,7.12,1.05
2016.07.22 13:54:54.590,1.10128,1.10132,6.37,4.85
2016.07.22 13:54:54.692,1.10128,1.1013,5.62,1.55
2016.07.22 13:54:54.794,1.10128,1.1013,4.87,1.05
2016.07.22 13:54:54.845,1.10128,1.1013,3.75,1.05
2016.07.22 13:54:54.984,1.10128,1.10129,3.00,1.07
2016.07.22 13:54:55.086,1.10128,1.10129,1.50,1.07
2016.07.22 13:54:55.138,1.10128,1.10129,1.00,1.07
2016.07.22 13:54:55.189,1.10127,1.10129,4.01,1.07
2016.07.22 13:54:55.240,1.10127,1.10129,3.26,1.07
2016.07.22 13:54:55.291,1.10127,1.10129,2.14,1.55
2016.07.22 13:54:55.342,1.10127,1.10129,2.06,2.53
2016.07.22 13:54:55.394,1.10127,1.10129,1.87,4.93
2016.07.22 13:54:55.445,1.10127,1.10129,1.12,5.68
2016.07.22 13:54:55.496,1.10125,1.10129,3.82,5.11
2016.07.22 13:54:55.547,1.10125,1.10129,2.32,4.31
2016.07.22 13:54:55.680,1.10125,1.10129,2.32,4.69
2016.07.22 13:54:55.731,1.10126,1.10128,1.50,1.07
2016.07.22 13:54:55.782,1.10126,1.10129,1.50,4.74
2016.07.22 13:54:55.884,1.10126,1.10129,1.50,3.99
2016.07.22 13:54:55.986,1.10126,1.10129,1.50,3.80
2016.07.22 13:54:56.138,1.10126,1.10129,1.87,3.80
2016.07.22 13:54:56.189,1.10126,1.10129,1.50,3.80
2016.07.22 13:54:56.291,1.10126,1.10129,1.50,3.05
2016.07.22 13:54:56.393,1.10126,1.10129,1.50,3.43
2016.07.22 13:54:56.675,1.10127,1.10129,1.87,1.18
2016.07.22 13:54:56.726,1.10127,1.10129,10.31,1.05
2016.07.22 13:54:56.778,1.10127,1.10129,11.51,1.05
2016.07.22 13:54:56.829,1.10129,1.1013,1.00,1.07
2016.07.22 13:54:56.880,1.1013,1.10131,1.00,1.07
2016.07.22 13:54:56.931,1.1013,1.10131,1.12,1.50
2016.07.22 13:54:56.983,1.10128,1.1013,2.62,3.60
2016.07.22 13:54:57.085,1.10128,1.1013,1.50,1.50
2016.07.22 13:54:57.187,1.10128,1.10129,1.00,1.00
2016.07.22 13:54:57.238,1.10129,1.1013,1.00,2.25
2016.07.22 13:54:57.289,1.10129,1.10131,1.50,2.44
2016.07.22 13:54:57.371,1.1013,1.10131,1.00,1.31
2016.07.22 13:54:57.422,1.1013,1.10132,1.00,2.29
2016.07.22 13:54:57.524,1.1013,1.10132,1.00,2.10
2016.07.22 13:54:57.625,1.1013,1.10132,1.00,1.50
2016.07.22 13:54:58.488,1.1013,1.10132,1.50,1.50
2016.07.22 13:54:58.793,1.1013,1.10132,1.00,1.50
2016.07.22 13:54:59.302,1.1013,1.10132,1.00,2.25
2016.07.22 13:54:59.354,1.1013,1.10132,1.00,1.50
2016.07.22 13:54:59.405,1.1013,1.10132,1.00,1.00
2016.07.22 13:54:59.456,1.1013,1.10131,1.00,1.00
2016.07.22 13:54:59.507,1.1013,1.10131,1.00,4.35
2016.07.22 13:54:59.559,1.10128,1.1013,3.37,1.00
2016.07.22 13:54:59.610,1.10127,1.10129,4.50,2.25
2016.07.22 13:54:59.661,1.10127,1.10129,1.50,2.10
2016.07.22 13:54:59.712,1.10127,1.10129,1.12,2.85
2016.07.22 13:54:59.763,1.10126,1.10129,5.06,2.85
2016.07.22 13:54:59.814,1.10126,1.10129,4.31,2.85
2016.07.22 13:54:59.865,1.10126,1.10129,4.01,3.60
2016.07.22 13:54:59.916,1.10126,1.10128,1.57,1.00
2016.07.22 13:54:59.967,1.10126,1.10128,1.10,1.00
2016.07.22 13:55:00.141,1.10126,1.10128,1.10,1.50
2016.07.22 13:55:00.193,1.10126,1.10128,1.10,1.87
2016.07.22 13:55:00.295,1.10126,1.10128,1.00,2.47
2016.07.22 13:55:00.397,1.10125,1.10128,4.12,3.97
2016.07.22 13:55:00.449,1.10125,1.10128,3.37,3.97
2016.07.22 13:55:00.500,1.10125,1.10128,3.37,3.75
2016.07.22 13:55:00.551,1.10125,1.10128,4.50,3.00
2016.07.22 13:55:00.704,1.10125,1.10128,4.50,1.50
2016.07.22 13:55:00.755,1.10125,1.10128,4.12,1.50
2016.07.22 13:55:00.806,1.10125,1.10128,3.75,1.50
2016.07.22 13:55:01.035,1.10126,1.10128,1.00,1.50
2016.07.22 13:55:01.090,1.10126,1.10128,1.12,1.50
2016.07.22 13:55:01.144,1.10127,1.10128,2.62,1.00
2016.07.22 13:55:01.195,1.10127,1.10129,3.37,1.00
2016.07.22 13:55:01.297,1.10128,1.10129,1.00,1.00
2016.07.22 13:55:01.348,1.10128,1.1013,1.00,2.66
2016.07.22 13:55:01.399,1.10127,1.1013,1.50,4.16
2016.07.22 13:55:01.450,1.10127,1.1013,1.00,4.16
2016.07.22 13:55:01.502,1.10127,1.1013,1.00,4.54
2016.07.22 13:55:01.553,1.10127,1.1013,1.00,4.91
2016.07.22 13:55:01.703,1.10127,1.1013,1.00,5.29
2016.07.22 13:55:01.754,1.10127,1.1013,1.00,4.91
2016.07.22 13:55:01.806,1.10127,1.1013,1.00,4.16
2016.07.22 13:55:01.908,1.10127,1.1013,1.00,4.91
2016.07.22 13:55:02.174,1.10127,1.1013,1.00,4.31
2016.07.22 13:55:02.654,1.10127,1.10129,1.00,2.10
2016.07.22 13:55:02.705,1.10127,1.10128,1.00,1.12
2016.07.22 13:55:02.756,1.10126,1.10127,1.50,1.00
2016.07.22 13:55:02.807,1.10125,1.10127,1.12,2.62
2016.07.22 13:55:02.858,1.10124,1.10127,3.08,3.37
2016.07.22 13:55:02.910,1.10124,1.10126,3.00,1.00
2016.07.22 13:55:02.962,1.10124,1.10125,1.50,2.44
2016.07.22 13:55:03.013,1.10123,1.10124,1.10,1.87
2016.07.22 13:55:03.064,1.10122,1.10124,1.00,3.19
2016.07.22 13:55:03.116,1.1012,1.10122,4.12,1.00
2016.07.22 13:55:03.167,1.1012,1.10122,4.12,3.00
2016.07.22 13:55:03.264,1.1012,1.10122,3.75,4.50
2016.07.22 13:55:03.316,1.10118,1.10121,1.12,1.57
2016.07.22 13:55:03.418,1.10118,1.10121,1.87,2.32
2016.07.22 13:55:03.639,1.10118,1.10121,1.12,1.57
2016.07.22 13:55:03.746,1.10118,1.10121,1.87,2.32
2016.07.22 13:55:04.042,1.10116,1.10118,2.32,2.87
2016.07.22 13:55:04.093,1.10116,1.10117,1.95,1.87
2016.07.22 13:55:04.144,1.10114,1.10116,4.12,1.00
2016.07.22 13:55:04.195,1.10114,1.10116,3.00,1.31
2016.07.22 13:55:04.246,1.10115,1.10117,1.00,5.06
2016.07.22 13:55:04.297,1.10114,1.10116,1.87,1.39
2016.07.22 13:55:04.348,1.10114,1.10115,1.00,1.00
2016.07.22 13:55:04.399,1.10112,1.10113,2.62,1.00
2016.07.22 13:55:04.450,1.10112,1.10113,3.75,2.25
2016.07.22 13:55:04.502,1.10112,1.10113,3.75,2.62
2016.07.22 13:55:04.638,1.10111,1.10113,1.57,1.69
2016.07.22 13:55:04.695,1.10111,1.10113,1.50,1.69
2016.07.22 13:55:04.747,1.10111,1.10113,1.50,3.00
2016.07.22 13:55:04.849,1.10111,1.10113,1.00,3.94
2016.07.22 13:55:04.900,1.10111,1.10113,1.00,4.69
2016.07.22 13:55:04.952,1.1011,1.10113,2.25,3.94
2016.07.22 13:55:05.003,1.1011,1.10113,1.50,3.64
2016.07.22 13:55:05.054,1.1011,1.10113,1.00,3.64
2016.07.22 13:55:05.155,1.10111,1.10113,1.00,4.95
2016.07.22 13:55:05.638,1.1011,1.10113,2.25,2.70
2016.07.22 13:55:05.740,1.10111,1.10113,1.50,5.14
2016.07.22 13:55:05.944,1.10109,1.10112,5.62,1.10
2016.07.22 13:55:05.995,1.10109,1.10112,4.87,1.10
2016.07.22 13:55:06.046,1.10109,1.10112,2.62,4.58
2016.07.22 13:55:06.097,1.10109,1.10112,3.00,4.58
2016.07.22 13:55:06.229,1.10109,1.10111,1.50,1.00
2016.07.22 13:55:06.281,1.10109,1.10111,2.25,1.00
2016.07.22 13:55:06.332,1.1011,1.10112,1.00,1.58
2016.07.22 13:55:06.384,1.1011,1.10111,1.00,1.00
2016.07.22 13:55:06.437,1.10109,1.10111,1.50,1.50
2016.07.22 13:55:06.488,1.10108,1.10111,4.20,2.44
2016.07.22 13:55:06.540,1.10108,1.10111,1.12,8.81
2016.07.22 13:55:06.592,1.10108,1.10111,1.00,9.19
2016.07.22 13:55:06.643,1.10108,1.1011,1.00,4.12
2016.07.22 13:55:06.695,1.10108,1.10109,1.00,3.15
2016.07.22 13:55:06.747,1.10105,1.10108,3.75,1.87
2016.07.22 13:55:06.836,1.10105,1.10108,3.07,1.87
2016.07.22 13:55:06.887,1.10105,1.10108,1.12,6.45
2016.07.22 13:55:06.938,1.10104,1.10108,1.87,6.45
2016.07.22 13:55:06.989,1.10104,1.10107,2.25,1.12
2016.07.22 13:55:07.345,1.10105,1.10107,1.00,1.12
2016.07.22 13:55:07.675,1.10105,1.10108,2.47,5.32
2016.07.22 13:55:07.727,1.10107,1.10108,3.75,2.32
2016.07.22 13:55:07.778,1.10108,1.10109,1.12,4.12
2016.07.22 13:55:07.829,1.10107,1.10109,6.79,1.00
2016.07.22 13:55:07.880,1.10108,1.10109,2.36,1.00
2016.07.22 13:55:07.931,1.10109,1.1011,1.00,2.25
2016.07.22 13:55:07.983,1.10109,1.1011,2.85,2.25
2016.07.22 13:55:08.034,1.1011,1.10111,4.35,1.00
2016.07.22 13:55:08.085,1.1011,1.10111,5.10,1.00
2016.07.22 13:55:08.136,1.1011,1.10112,6.22,1.50
2016.07.22 13:55:08.187,1.1011,1.10112,6.97,1.50
2016.07.22 13:55:08.319,1.1011,1.10112,3.60,1.00
2016.07.22 13:55:08.370,1.1011,1.10112,5.10,1.50
2016.07.22 13:55:08.421,1.1011,1.10112,5.85,2.25
2016.07.22 13:55:08.478,1.10111,1.10112,1.00,2.25
2016.07.22 13:55:08.529,1.10111,1.10112,1.12,1.50
2016.07.22 13:55:08.580,1.10111,1.10112,1.72,1.50
2016.07.22 13:55:08.631,1.10112,1.10113,1.12,1.00
2016.07.22 13:55:08.734,1.10112,1.10113,1.00,2.81
2016.07.22 13:55:08.785,1.1011,1.10111,10.57,1.12
2016.07.22 13:55:08.836,1.10109,1.10111,4.87,1.00
2016.07.22 13:55:08.887,1.10109,1.10111,4.50,1.00
2016.07.22 13:55:08.938,1.10109,1.1011,1.50,2.25
2016.07.22 13:55:08.989,1.10109,1.10111,1.00,2.25
2016.07.22 13:55:09.099,1.1011,1.10111,1.00,1.00
2016.07.22 13:55:09.151,1.1011,1.10112,2.25,1.10
2016.07.22 13:55:09.202,1.1011,1.10112,2.25,1.00
2016.07.22 13:55:09.254,1.10111,1.10112,1.00,1.00
2016.07.22 13:55:09.356,1.10111,1.10113,3.37,1.57
2016.07.22 13:55:09.408,1.10112,1.10113,1.00,1.12
2016.07.22 13:55:09.459,1.10112,1.10113,1.00,1.00
2016.07.22 13:55:09.510,1.10112,1.10113,1.50,1.00
2016.07.22 13:55:09.561,1.10112,1.10114,3.00,1.87
2016.07.22 13:55:09.612,1.10112,1.10114,2.25,1.87
2016.07.22 13:55:09.663,1.10112,1.10113,2.25,1.00
2016.07.22 13:55:10.056,1.10112,1.10114,2.62,2.44
2016.07.22 13:55:10.159,1.10112,1.10114,1.50,2.25
2016.07.22 13:55:10.262,1.10112,1.10113,1.00,1.00
2016.07.22 13:55:10.364,1.10112,1.10113,1.50,1.00
2016.07.22 13:55:11.165,1.10112,1.10113,1.00,1.00
2016.07.22 13:55:11.266,1.10112,1.10113,1.50,1.00
2016.07.22 13:55:11.775,1.1011,1.10112,12.37,1.00
2016.07.22 13:55:11.909,1.1011,1.10111,5.62,1.50
2016.07.22 13:55:11.961,1.1011,1.10112,6.37,2.44
2016.07.22 13:55:12.012,1.10112,1.10113,1.00,2.44
2016.07.22 13:55:12.063,1.10113,1.10114,2.62,1.69
2016.07.22 13:55:12.115,1.10113,1.10114,5.25,1.00
2016.07.22 13:55:12.166,1.10114,1.10116,4.00,5.44
2016.07.22 13:55:12.217,1.10115,1.10116,1.00,1.87
2016.07.22 13:55:12.268,1.10115,1.10116,1.00,1.00
2016.07.22 13:55:12.319,1.10115,1.10117,1.87,1.00
2016.07.22 13:55:12.370,1.10115,1.10117,2.70,1.00
2016.07.22 13:55:12.627,1.10115,1.10117,2.25,1.00
2016.07.22 13:55:12.804,1.10115,1.10117,3.75,1.00
2016.07.22 13:55:12.857,1.10115,1.10117,2.62,1.00
2016.07.22 13:55:13.067,1.10115,1.10116,3.37,1.00
2016.07.22 13:55:13.375,1.10115,1.10117,3.37,2.25
2016.07.22 13:55:13.426,1.10115,1.10117,4.87,2.25
2016.07.22 13:55:13.478,1.10115,1.10117,5.62,1.00
2016.07.22 13:55:13.529,1.10118,1.10119,1.00,4.57
2016.07.22 13:55:13.656,1.10117,1.10118,6.00,2.25
2016.07.22 13:55:13.708,1.10118,1.10119,2.25,1.00
2016.07.22 13:55:13.759,1.10118,1.10121,2.62,4.20
2016.07.22 13:55:13.810,1.10118,1.10121,2.25,4.20
2016.07.22 13:55:13.861,1.10118,1.1012,2.25,1.00
2016.07.22 13:55:14.172,1.10117,1.10119,12.75,1.00
2016.07.22 13:55:14.274,1.10117,1.10119,10.50,1.00
2016.07.22 13:55:14.376,1.10117,1.10119,12.75,1.00
2016.07.22 13:55:14.478,1.10118,1.10119,2.25,1.00
2016.07.22 13:55:14.614,1.10116,1.10117,2.32,1.00
2016.07.22 13:55:14.666,1.10116,1.10117,1.10,2.25
2016.07.22 13:55:14.717,1.10116,1.10117,1.00,2.25
2016.07.22 13:55:14.768,1.10114,1.10117,3.45,2.25
2016.07.22 13:55:14.819,1.10114,1.10117,4.95,2.25
2016.07.22 13:55:14.870,1.10114,1.10116,4.95,1.00
2016.07.22 13:55:15.075,1.10115,1.10117,1.50,1.50
2016.07.22 13:55:15.126,1.10115,1.10117,2.25,1.50
2016.07.22 13:55:15.178,1.10116,1.10117,1.00,1.00
2016.07.22 13:55:15.464,1.10116,1.10118,1.00,3.19
2016.07.22 13:55:15.629,1.10116,1.10118,1.00,2.44
2016.07.22 13:55:15.680,1.10116,1.10118,1.50,2.44
2016.07.22 13:55:15.784,1.10116,1.10118,1.50,1.69
2016.07.22 13:55:15.989,1.10116,1.10118,1.00,1.69
2016.07.22 13:55:16.091,1.10116,1.10118,1.00,2.44
2016.07.22 13:55:16.208,1.10116,1.10117,1.00,1.00
2016.07.22 13:55:16.363,1.10116,1.10117,1.00,1.50
2016.07.22 13:55:16.516,1.10116,1.10117,1.00,1.69
2016.07.22 13:55:16.670,1.10116,1.10117,1.00,2.44
2016.07.22 13:55:16.721,1.10115,1.10117,4.75,2.44
2016.07.22 13:55:16.772,1.10115,1.10116,1.00,1.00
2016.07.22 13:55:16.823,1.10114,1.10116,3.07,1.00
2016.07.22 13:55:16.874,1.10114,1.10115,3.45,1.00
2016.07.22 13:55:16.973,1.10115,1.10116,1.00,1.00
2016.07.22 13:55:17.130,1.10115,1.10117,1.87,1.00
2016.07.22 13:55:17.182,1.10115,1.10116,1.00,1.00
2016.07.22 13:55:17.336,1.10115,1.10117,1.00,1.25
2016.07.22 13:55:17.490,1.10115,1.10117,1.00,1.69
2016.07.22 13:55:17.593,1.10115,1.10117,1.00,2.06
2016.07.22 13:55:17.645,1.10115,1.10117,1.00,1.69
2016.07.22 13:55:17.696,1.10114,1.10117,2.70,1.69
2016.07.22 13:55:17.825,1.10114,1.10117,2.70,2.06
2016.07.22 13:55:17.877,1.10113,1.10117,9.75,2.06
2016.07.22 13:55:17.928,1.10113,1.10117,6.75,3.56
2016.07.22 13:55:17.980,1.10113,1.10115,3.00,1.12
2016.07.22 13:55:18.031,1.10112,1.10113,4.12,1.50
2016.07.22 13:55:18.082,1.10112,1.10113,1.10,2.25
2016.07.22 13:55:18.134,1.10111,1.10113,1.87,1.50
2016.07.22 13:55:18.186,1.1011,1.10113,5.62,2.44
2016.07.22 13:55:18.237,1.1011,1.10113,3.45,2.44
2016.07.22 13:55:18.288,1.1011,1.10113,2.70,2.44
2016.07.22 13:55:18.339,1.1011,1.10113,4.20,2.06
2016.07.22 13:55:18.390,1.10111,1.10113,1.00,1.00
2016.07.22 13:55:18.554,1.10111,1.10113,1.50,1.69
2016.07.22 13:55:18.611,1.10111,1.10113,1.50,1.50
2016.07.22 13:55:18.663,1.10111,1.10113,1.87,1.50
2016.07.22 13:55:18.764,1.10111,1.10113,1.50,1.50
2016.07.22 13:55:18.866,1.10111,1.10113,1.50,1.12
2016.07.22 13:55:18.969,1.10112,1.10113,1.00,1.00
2016.07.22 13:55:19.274,1.10112,1.10113,1.50,1.00
2016.07.22 13:55:19.396,1.10111,1.10114,3.00,1.25
2016.07.22 13:55:19.854,1.10113,1.10114,1.00,1.25
2016.07.22 13:55:19.905,1.10113,1.10114,1.00,1.00
2016.07.22 13:55:19.956,1.10113,1.10115,2.25,2.25
2016.07.22 13:55:20.058,1.10114,1.10116,1.00,2.44
2016.07.22 13:55:20.256,1.10114,1.10115,1.00,1.00
2016.07.22 13:55:20.308,1.10114,1.10115,1.50,1.00
2016.07.22 13:55:20.359,1.10115,1.10116,1.00,1.00
2016.07.22 13:55:20.461,1.10114,1.10115,1.50,1.00
2016.07.22 13:55:20.512,1.10114,1.10116,1.57,1.00
2016.07.22 13:55:20.564,1.10115,1.10116,1.00,1.00
2016.07.22 13:55:20.666,1.10115,1.10116,1.50,1.00
2016.07.22 13:55:20.717,1.10115,1.10118,1.50,5.10
2016.07.22 13:55:21.269,1.10115,1.10118,2.25,5.10
2016.07.22 13:55:21.540,1.10115,1.10118,1.50,5.10
2016.07.22 13:55:21.642,1.10115,1.10118,2.25,5.10
2016.07.22 13:55:21.946,1.10115,1.10118,3.00,5.10
2016.07.22 13:55:21.997,1.10115,1.10118,3.00,5.85
2016.07.22 13:55:22.152,1.10115,1.10118,2.25,5.10
2016.07.22 13:55:22.203,1.10115,1.10118,2.25,5.85
2016.07.22 13:55:22.713,1.10115,1.10118,2.25,6.22
2016.07.22 13:55:22.764,1.10115,1.10118,2.25,7.72
2016.07.22 13:55:22.815,1.10115,1.10118,2.25,7.72
2016.07.22 13:55:22.866,1.10115,1.10116,2.25,1.00
2016.07.22 13:55:22.968,1.10115,1.10116,2.25,1.00
2016.07.22 13:55:23.365,1.10115,1.10116,1.50,1.00
2016.07.22 13:55:23.467,1.10115,1.10116,2.25,1.00
2016.07.22 13:55:23.900,1.10115,1.10117,3.00,2.50
2016.07.22 13:55:23.952,1.10115,1.10117,3.75,1.00
2016.07.22 13:55:24.003,1.10115,1.10117,4.50,1.00
2016.07.22 13:55:24.161,1.10114,1.10116,6.54,1.00
2016.07.22 13:55:24.212,1.10115,1.10116,5.25,1.00
2016.07.22 13:55:24.263,1.10115,1.10118,3.75,4.69
2016.07.22 13:55:24.314,1.10115,1.10118,4.12,4.69
2016.07.22 13:55:24.366,1.10115,1.10118,5.62,3.19
2016.07.22 13:55:24.417,1.10115,1.10118,5.62,2.44
2016.07.22 13:55:24.468,1.10115,1.10118,4.12,2.44
2016.07.22 13:55:24.570,1.10115,1.10118,5.62,2.81
2016.07.22 13:55:24.672,1.10115,1.10118,4.12,2.44
2016.07.22 13:55:24.724,1.10115,1.10118,3.75,2.81
2016.07.22 13:55:24.775,1.10115,1.10118,1.50,3.56
2016.07.22 13:55:24.826,1.10115,1.10117,1.00,1.12
2016.07.22 13:55:24.878,1.10115,1.10117,1.50,1.50
2016.07.22 13:55:24.929,1.10115,1.10117,1.50,2.25
2016.07.22 13:55:25.018,1.10115,1.10117,1.59,3.37
2016.07.22 13:55:25.069,1.10114,1.10116,1.09,1.12
2016.07.22 13:55:25.121,1.10114,1.10117,1.12,3.04
2016.07.22 13:55:25.172,1.10114,1.10116,1.12,1.91
2016.07.22 13:55:25.224,1.10114,1.10116,1.12,1.05
2016.07.22 13:55:25.276,1.10113,1.10116,2.34,1.15
2016.07.22 13:55:25.327,1.10113,1.10116,2.34,1.57
2016.07.22 13:55:25.378,1.10113,1.10116,2.34,1.39
2016.07.22 13:55:25.733,1.10113,1.10116,3.09,2.14
2016.07.22 13:55:25.785,1.10113,1.10116,1.59,1.76
2016.07.22 13:55:25.891,1.10113,1.10116,2.34,2.32
2016.07.22 13:55:25.994,1.10114,1.10116,1.09,1.57
2016.07.22 13:55:26.045,1.10114,1.10116,1.09,2.32
2016.07.22 13:55:26.096,1.10114,1.10116,1.09,3.07
2016.07.22 13:55:26.198,1.10114,1.10116,1.09,2.89
2016.07.22 13:55:26.300,1.10114,1.10116,1.09,3.26
2016.07.22 13:55:26.402,1.10114,1.10116,1.09,2.51
2016.07.22 13:55:26.505,1.10114,1.10116,1.59,2.14
2016.07.22 13:55:26.592,1.10113,1.10115,3.09,1.00
2016.07.22 13:55:26.647,1.10115,1.10117,1.09,2.32
2016.07.22 13:55:26.699,1.10115,1.10117,1.09,1.76
2016.07.22 13:55:26.802,1.10115,1.10117,1.59,1.69
2016.07.22 13:55:26.904,1.10115,1.10117,1.09,1.69
2016.07.22 13:55:27.108,1.10114,1.10117,2.04,1.69
2016.07.22 13:55:27.159,1.10114,1.10117,1.29,2.29
2016.07.22 13:55:27.211,1.10113,1.10114,4.87,1.30
2016.07.22 13:55:27.263,1.10112,1.10113,4.50,1.00
2016.07.22 13:55:27.316,1.10112,1.10113,1.50,2.34
2016.07.22 13:55:27.438,1.10111,1.10113,4.50,6.50
2016.07.22 13:55:27.492,1.1011,1.10113,2.32,7.96
2016.07.22 13:55:27.544,1.1011,1.10113,2.25,4.59
2016.07.22 13:55:27.596,1.1011,1.10113,2.62,1.78
2016.07.22 13:55:27.648,1.1011,1.10113,3.37,1.03
2016.07.22 13:55:27.700,1.10111,1.10114,1.12,7.03
2016.07.22 13:55:27.802,1.10111,1.10114,1.00,6.28
2016.07.22 13:55:27.905,1.1011,1.10114,1.95,5.15
2016.07.22 13:55:28.008,1.1011,1.10114,1.20,6.28
2016.07.22 13:55:28.089,1.1011,1.10114,1.95,6.28
2016.07.22 13:55:28.148,1.1011,1.10114,2.32,6.88
2016.07.22 13:55:28.199,1.1011,1.10113,1.57,1.00
2016.07.22 13:55:28.301,1.1011,1.10112,2.32,1.50
2016.07.22 13:55:28.404,1.1011,1.10112,1.57,1.50
2016.07.22 13:55:28.455,1.1011,1.10112,1.57,2.25
2016.07.22 13:55:28.506,1.10109,1.10112,3.75,2.25
2016.07.22 13:55:28.557,1.10109,1.10112,3.75,1.87
2016.07.22 13:55:28.660,1.10109,1.10112,3.37,1.87
2016.07.22 13:55:28.762,1.10109,1.10112,2.62,2.62
2016.07.22 13:55:28.813,1.10109,1.10112,1.87,3.37
2016.07.22 13:55:29.001,1.10109,1.10112,3.37,1.00
2016.07.22 13:55:29.052,1.10109,1.10112,4.12,1.00
2016.07.22 13:55:29.103,1.10109,1.10112,3.75,1.00
2016.07.22 13:55:29.154,1.10109,1.10112,3.00,1.00
2016.07.22 13:55:29.205,1.10109,1.10111,3.75,1.00
2016.07.22 13:55:29.408,1.10109,1.10111,3.37,1.00
2016.07.22 13:55:29.510,1.10109,1.10111,2.62,1.00
2016.07.22 13:55:29.663,1.10109,1.10111,1.87,1.00
2016.07.22 13:55:29.714,1.10109,1.10111,1.50,1.00
2016.07.22 13:55:30.008,1.10109,1.10111,1.12,1.00
2016.07.22 13:55:30.110,1.10109,1.10111,1.12,1.50
2016.07.22 13:55:30.212,1.10109,1.10111,1.50,1.50
2016.07.22 13:55:30.314,1.1011,1.10112,1.87,3.84
2016.07.22 13:55:30.366,1.10111,1.10112,1.00,2.25
2016.07.22 13:55:30.417,1.10112,1.10113,1.87,1.10
2016.07.22 13:55:30.468,1.10113,1.10114,1.12,2.62
2016.07.22 13:55:30.520,1.10114,1.10115,1.00,1.20
2016.07.22 13:55:30.708,1.10114,1.10115,1.50,1.10
2016.07.22 13:55:30.760,1.10114,1.10116,3.83,1.00
2016.07.22 13:55:30.812,1.10115,1.10116,1.00,1.00
2016.07.22 13:55:30.915,1.10114,1.10116,1.20,1.00
2016.07.22 13:55:31.018,1.10114,1.10116,1.58,1.00
2016.07.22 13:55:31.120,1.10114,1.10116,1.20,1.00
2016.07.22 13:55:31.171,1.10114,1.10116,1.58,1.00
2016.07.22 13:55:31.222,1.10114,1.10116,1.95,1.00
2016.07.22 13:55:31.422,1.10114,1.10115,1.58,1.00
2016.07.22 13:55:31.484,1.10114,1.10115,1.10,1.00
2016.07.22 13:55:31.537,1.10114,1.10115,1.20,1.00
2016.07.22 13:55:31.793,1.10114,1.10115,1.58,1.00
2016.07.22 13:55:31.845,1.10114,1.10115,1.20,1.00
2016.07.22 13:55:31.897,1.10113,1.10115,6.38,1.00
2016.07.22 13:55:32.004,1.10113,1.10115,5.63,1.00
2016.07.22 13:55:32.055,1.10113,1.10115,6.75,1.00
2016.07.22 13:55:32.157,1.10113,1.10116,7.12,1.00
2016.07.22 13:55:32.208,1.10113,1.10115,8.25,1.00
2016.07.22 13:55:32.259,1.10113,1.10115,9.37,1.00
2016.07.22 13:55:32.573,1.10114,1.10116,1.95,1.00
2016.07.22 13:55:32.675,1.10114,1.10116,3.45,1.00
2016.07.22 13:55:33.005,1.10114,1.10116,4.01,1.00
2016.07.22 13:55:33.058,1.10114,1.10116,5.89,1.00
2016.07.22 13:55:33.160,1.10114,1.10117,6.19,1.00
2016.07.22 13:55:33.262,1.10114,1.10117,6.94,1.00
2016.07.22 13:55:33.364,1.10114,1.10117,2.44,1.50
2016.07.22 13:55:33.415,1.10114,1.10116,1.69,2.25
2016.07.22 13:55:33.466,1.10113,1.10116,3.37,4.12
2016.07.22 13:55:33.517,1.10113,1.10115,1.50,1.00
2016.07.22 13:55:33.568,1.10113,1.10115,1.00,1.00
2016.07.22 13:55:33.760,1.10113,1.10115,1.87,1.00
2016.07.22 13:55:33.813,1.10115,1.10116,1.12,1.50
2016.07.22 13:55:33.916,1.10115,1.10116,1.12,1.00
2016.07.22 13:55:33.968,1.10115,1.10116,1.50,1.00
2016.07.22 13:55:34.020,1.10115,1.10116,1.00,1.00
2016.07.22 13:55:34.122,1.10115,1.10116,1.12,1.00
2016.07.22 13:55:34.173,1.10115,1.10116,1.12,1.00
2016.07.22 13:55:34.225,1.10115,1.10116,1.87,1.00
2016.07.22 13:55:34.531,1.10115,1.10116,2.62,1.00
2016.07.22 13:55:34.660,1.10115,1.10118,4.87,2.25
2016.07.22 13:55:34.711,1.10115,1.10118,6.07,1.00
2016.07.22 13:55:34.813,1.10117,1.10119,1.00,6.19
2016.07.22 13:55:34.915,1.10117,1.10119,1.00,6.00
2016.07.22 13:55:34.966,1.10118,1.10119,1.50,6.00
2016.07.22 13:55:35.018,1.10118,1.10119,2.25,3.75
2016.07.22 13:55:35.120,1.10118,1.10119,2.25,4.87
2016.07.22 13:55:35.178,1.10118,1.10119,2.25,4.50
2016.07.22 13:55:35.229,1.10118,1.10119,1.50,3.00
2016.07.22 13:55:35.331,1.10118,1.10119,2.25,4.50
2016.07.22 13:55:35.508,1.10119,1.10121,3.75,8.81
2016.07.22 13:55:35.560,1.1012,1.10121,2.25,2.62
2016.07.22 13:55:35.611,1.10121,1.10123,2.50,8.51
2016.07.22 13:55:35.662,1.10121,1.10122,1.50,2.25
2016.07.22 13:55:35.713,1.10122,1.10123,2.25,1.69
2016.07.22 13:55:35.767,1.10122,1.10123,4.50,1.00
2016.07.22 13:55:35.818,1.10124,1.10126,1.00,3.82
2016.07.22 13:55:35.870,1.10124,1.10126,1.50,2.32
2016.07.22 13:55:35.921,1.10125,1.10126,2.25,1.00
2016.07.22 13:55:35.972,1.10126,1.10127,1.00,3.45
2016.07.22 13:55:36.023,1.10126,1.10127,1.00,3.00
2016.07.22 13:55:36.159,1.10126,1.10127,1.50,1.25
2016.07.22 13:55:36.211,1.10126,1.10127,2.25,1.00
2016.07.22 13:55:36.313,1.10127,1.10128,1.00,1.50
2016.07.22 13:55:36.364,1.10127,1.10128,1.00,2.63
2016.07.22 13:55:36.415,1.10126,1.10128,2.50,3.79
2016.07.22 13:55:36.467,1.10125,1.10128,5.25,3.79
2016.07.22 13:55:36.519,1.10126,1.10127,1.00,3.56
2016.07.22 13:55:36.570,1.10125,1.10127,1.50,5.06
2016.07.22 13:55:36.621,1.10125,1.10127,1.00,6.79
2016.07.22 13:55:36.673,1.10125,1.10126,1.50,3.56
2016.07.22 13:55:36.724,1.10125,1.10126,1.00,4.31
2016.07.22 13:55:36.838,1.10124,1.10125,2.32,1.87
2016.07.22 13:55:36.889,1.10124,1.10126,3.07,2.41
2016.07.22 13:55:36.941,1.10125,1.10126,2.25,2.25
2016.07.22 13:55:37.043,1.10125,1.10126,2.32,2.25
2016.07.22 13:55:37.095,1.10125,1.10126,2.32,1.50
2016.07.22 13:55:37.636,1.10125,1.10126,1.57,1.50
2016.07.22 13:55:37.738,1.10124,1.10126,2.62,1.50
2016.07.22 13:55:37.891,1.10124,1.10126,3.37,1.59
2016.07.22 13:55:37.943,1.10124,1.10126,2.62,1.12
2016.07.22 13:55:38.946,1.10124,1.10126,1.87,1.12
2016.07.22 13:55:39.048,1.10124,1.10126,2.62,1.21
2016.07.22 13:55:39.242,1.10124,1.10125,1.57,1.00
2016.07.22 13:55:39.344,1.10124,1.10125,2.32,1.00
2016.07.22 13:55:39.498,1.10124,1.10126,1.57,3.28
2016.07.22 13:55:39.549,1.10123,1.10126,3.75,5.71
2016.07.22 13:55:39.600,1.10123,1.10125,3.00,3.00
2016.07.22 13:55:39.652,1.10123,1.10125,1.12,5.25
2016.07.22 13:55:39.704,1.10123,1.10125,1.12,6.04
2016.07.22 13:55:39.755,1.10122,1.10124,3.00,1.00
2016.07.22 13:55:39.807,1.10122,1.10124,4.50,1.00
2016.07.22 13:55:39.859,1.10122,1.10124,4.50,1.12
2016.07.22 13:55:40.300,1.10122,1.10124,3.75,1.12
2016.07.22 13:55:40.453,1.10122,1.10124,2.25,1.12
2016.07.22 13:55:40.556,1.10122,1.10124,1.50,1.12
2016.07.22 13:55:40.608,1.10122,1.10124,3.37,1.12
2016.07.22 13:55:40.659,1.10122,1.10124,4.12,1.00
2016.07.22 13:55:40.711,1.10122,1.10124,5.06,1.50
2016.07.22 13:55:40.845,1.10123,1.10125,2.62,1.00
2016.07.22 13:55:40.896,1.10123,1.10125,2.70,1.00
2016.07.22 13:55:41.152,1.10123,1.10124,1.10,1.50
2016.07.22 13:55:41.203,1.10122,1.10124,1.12,1.00
2016.07.22 13:55:41.255,1.10121,1.10123,4.57,1.50
2016.07.22 13:55:42.526,1.10121,1.10123,3.82,1.50
2016.07.22 13:55:42.628,1.10121,1.10123,3.07,1.50
2016.07.22 13:55:43.667,1.10121,1.10123,2.32,1.50
2016.07.22 13:55:43.718,1.10121,1.10123,1.95,1.87
2016.07.22 13:55:43.810,1.10121,1.10122,1.10,1.00
2016.07.22 13:55:43.861,1.1012,1.10122,4.12,1.12
2016.07.22 13:55:43.912,1.1012,1.10123,4.12,2.62
2016.07.22 13:55:43.964,1.1012,1.10123,3.00,3.97
2016.07.22 13:55:44.016,1.1012,1.10123,3.75,5.66
2016.07.22 13:55:44.067,1.1012,1.10122,1.50,1.12
2016.07.22 13:55:44.118,1.1012,1.10122,1.00,2.25
2016.07.22 13:55:44.170,1.1012,1.10121,1.50,1.50
2016.07.22 13:55:44.222,1.10119,1.1012,2.32,1.00
2016.07.22 13:55:44.273,1.10119,1.1012,1.10,1.00
2016.07.22 13:55:44.376,1.10118,1.1012,1.57,1.00
2016.07.22 13:55:44.543,1.10118,1.1012,1.57,1.50
2016.07.22 13:55:44.614,1.10118,1.1012,1.57,1.00
2016.07.22 13:55:44.716,1.10117,1.10119,8.25,1.00
2016.07.22 13:55:44.767,1.10118,1.10119,1.57,1.00
2016.07.22 13:55:44.869,1.10118,1.1012,3.07,1.00
2016.07.22 13:55:44.920,1.10118,1.1012,4.95,1.00
2016.07.22 13:55:44.971,1.10119,1.10121,1.12,2.50
2016.07.22 13:55:45.023,1.10119,1.10121,1.50,1.12
2016.07.22 13:55:45.075,1.10119,1.10123,2.62,8.14
2016.07.22 13:55:45.127,1.1012,1.10121,1.00,1.00
2016.07.22 13:55:45.247,1.1012,1.10121,1.50,1.00
2016.07.22 13:55:45.402,1.1012,1.10123,1.50,3.75
2016.07.22 13:55:45.454,1.1012,1.10123,1.00,3.75
2016.07.22 13:55:45.569,1.10119,1.10122,1.57,1.30
2016.07.22 13:55:45.620,1.10119,1.10121,1.57,1.87
2016.07.22 13:55:45.671,1.10119,1.10121,2.32,2.62
2016.07.22 13:55:45.723,1.10119,1.1012,3.07,1.12
2016.07.22 13:55:45.774,1.10119,1.1012,1.95,1.50
2016.07.22 13:55:45.825,1.10119,1.1012,1.57,1.12
2016.07.22 13:55:45.876,1.10119,1.1012,1.00,1.00
2016.07.22 13:55:45.927,1.10119,1.10121,3.00,2.62
2016.07.22 13:55:46.026,1.1012,1.10121,1.00,1.00
2016.07.22 13:55:46.078,1.1012,1.10121,1.00,1.69
2016.07.22 13:55:46.129,1.10119,1.1012,1.87,1.50
2016.07.22 13:55:46.181,1.10119,1.1012,1.50,3.60
2016.07.22 13:55:46.234,1.10117,1.10119,6.00,1.35
2016.07.22 13:55:46.285,1.10115,1.10116,19.69,1.35
2016.07.22 13:55:46.337,1.10115,1.10116,1.87,1.54
2016.07.22 13:55:46.389,1.10115,1.10116,1.12,2.29
2016.07.22 13:55:46.441,1.10114,1.10115,1.00,1.12
2016.07.22 13:55:46.492,1.10113,1.10115,2.70,5.25
2016.07.22 13:55:46.543,1.10112,1.10114,6.00,1.12
2016.07.22 13:55:46.594,1.10111,1.10114,3.45,3.22
2016.07.22 13:55:46.703,1.10111,1.10113,2.70,1.00
2016.07.22 13:55:46.755,1.10111,1.10113,1.10,1.00
2016.07.22 13:55:47.062,1.1011,1.10112,3.75,1.00
2016.07.22 13:55:47.113,1.10111,1.10112,1.95,1.00
2016.07.22 13:55:47.165,1.10112,1.10114,1.50,1.00
2016.07.22 13:55:47.217,1.10113,1.10115,1.12,6.37
2016.07.22 13:55:47.268,1.10113,1.10115,2.25,1.87
2016.07.22 13:55:47.320,1.10113,1.10117,2.62,6.07
2016.07.22 13:55:47.430,1.10113,1.10117,3.37,4.20
2016.07.22 13:55:47.486,1.10113,1.10117,2.62,3.45
2016.07.22 13:55:47.538,1.10113,1.10117,5.62,4.20
2016.07.22 13:55:47.640,1.10113,1.10117,4.87,4.20
2016.07.22 13:55:47.691,1.10113,1.10117,4.12,4.20
2016.07.22 13:55:47.742,1.10113,1.10115,3.75,1.00
2016.07.22 13:55:47.904,1.10113,1.10115,4.12,1.00
2016.07.22 13:55:47.955,1.10113,1.10115,4.50,1.00
2016.07.22 13:55:48.079,1.10114,1.10115,1.00,1.00
2016.07.22 13:55:48.181,1.10114,1.10115,1.50,1.00
2016.07.22 13:55:48.276,1.10114,1.10115,1.87,1.00
2016.07.22 13:55:48.327,1.10114,1.10115,2.25,1.00
2016.07.22 13:55:48.379,1.10114,1.10115,1.57,1.00
2016.07.22 13:55:48.481,1.10114,1.10115,1.10,1.00
2016.07.22 13:55:48.634,1.10113,1.10115,4.12,1.00
2016.07.22 13:55:48.889,1.10113,1.10115,2.62,1.00
2016.07.22 13:55:48.991,1.10113,1.10115,4.12,1.00
2016.07.22 13:55:49.228,1.10113,1.10115,3.00,1.00
2016.07.22 13:55:49.279,1.10113,1.10115,4.50,1.00
2016.07.22 13:55:49.381,1.10113,1.10115,3.75,1.00
2016.07.22 13:55:49.484,1.10113,1.10115,4.12,1.00
2016.07.22 13:55:49.535,1.10113,1.10115,3.75,1.00
2016.07.22 13:55:49.586,1.10113,1.10115,1.87,1.00
2016.07.22 13:55:49.689,1.10113,1.10115,3.37,1.00
2016.07.22 13:55:49.740,1.10113,1.10115,2.62,1.12
2016.07.22 13:55:49.894,1.10108,1.10112,56.06,4.00
2016.07.22 13:55:49.977,1.10111,1.10112,17.81,1.00
2016.07.22 13:55:50.028,1.10108,1.10109,12.00,1.00
2016.07.22 13:55:50.079,1.10109,1.1011,1.10,1.12
2016.07.22 13:55:50.130,1.10108,1.1011,4.87,1.00
2016.07.22 13:55:50.182,1.10109,1.1011,1.57,1.50
2016.07.22 13:55:50.233,1.10109,1.10111,1.87,1.50
2016.07.22 13:55:50.285,1.1011,1.10111,1.10,1.50
2016.07.22 13:55:50.337,1.1011,1.10111,1.10,1.12
2016.07.22 13:55:50.390,1.1011,1.10112,1.57,1.00
2016.07.22 13:55:50.441,1.10109,1.10111,7.87,1.00
2016.07.22 13:55:50.493,1.10109,1.10111,8.25,1.00
2016.07.22 13:55:50.544,1.1011,1.10111,3.45,1.00
2016.07.22 13:55:50.631,1.10111,1.10112,1.00,1.00
2016.07.22 13:55:51.194,1.1011,1.10111,6.45,1.00
2016.07.22 13:55:51.245,1.1011,1.10112,8.51,1.00
2016.07.22 13:55:51.296,1.10112,1.10113,1.00,1.87
2016.07.22 13:55:51.348,1.10112,1.10114,1.37,1.87
2016.07.22 13:55:51.442,1.10111,1.10113,5.32,1.00
2016.07.22 13:55:51.497,1.10113,1.10114,1.00,1.00
2016.07.22 13:55:51.608,1.10113,1.10114,1.50,1.00
2016.07.22 13:55:51.661,1.10114,1.10116,1.00,4.76
2016.07.22 13:55:51.714,1.10115,1.10116,1.00,3.00
2016.07.22 13:55:51.765,1.10114,1.10115,2.62,1.50
2016.07.22 13:55:51.816,1.10114,1.10116,3.82,1.00
2016.07.22 13:55:51.867,1.10115,1.10116,1.50,1.00
2016.07.22 13:55:51.974,1.10114,1.10116,3.82,1.00
2016.07.22 13:55:52.442,1.10113,1.10115,10.12,1.00
2016.07.22 13:55:53.229,1.10114,1.10115,2.32,1.00
2016.07.22 13:55:53.543,1.10114,1.10116,1.57,1.00
2016.07.22 13:55:53.645,1.10114,1.10116,1.50,1.00
2016.07.22 13:55:53.697,1.10113,1.10115,3.07,1.00
2016.07.22 13:55:53.748,1.10113,1.10115,2.32,1.00
2016.07.22 13:55:53.853,1.10113,1.10115,1.50,1.00
2016.07.22 13:55:53.907,1.10113,1.10115,1.00,1.87
2016.07.22 13:55:54.295,1.10113,1.10115,1.00,1.12
2016.07.22 13:55:54.397,1.10113,1.10115,1.00,1.12
2016.07.22 13:55:54.499,1.10113,1.10115,1.00,1.87
2016.07.22 13:55:54.550,1.10113,1.10115,1.00,1.12
2016.07.22 13:55:54.638,1.10112,1.10114,11.51,1.00
2016.07.22 13:55:54.689,1.10112,1.10114,13.39,1.00
2016.07.22 13:55:54.742,1.10112,1.10114,15.26,1.00
2016.07.22 13:55:54.845,1.10112,1.10114,14.89,1.00
2016.07.22 13:55:54.896,1.10114,1.10115,1.00,1.00
2016.07.22 13:55:55.101,1.10112,1.10115,17.14,1.00
2016.07.22 13:55:55.205,1.10112,1.10115,17.89,1.00
2016.07.22 13:55:55.256,1.10112,1.10115,14.14,1.00
2016.07.22 13:55:55.510,1.10115,1.10117,1.00,5.89
2016.07.22 13:55:55.562,1.10117,1.10118,5.25,1.12
2016.07.22 13:55:55.614,1.10118,1.10121,1.00,5.32
2016.07.22 13:55:55.665,1.10118,1.10121,1.00,4.95
2016.07.22 13:55:55.767,1.10118,1.10121,1.00,5.14
2016.07.22 13:55:55.971,1.10118,1.10121,1.00,5.32
2016.07.22 13:55:56.223,1.10118,1.10119,1.00,1.00
2016.07.22 13:55:56.502,1.10118,1.10119,1.00,1.50
2016.07.22 13:55:56.554,1.10118,1.10119,1.00,1.87
2016.07.22 13:55:56.605,1.10117,1.10118,3.00,1.00
2016.07.22 13:55:56.656,1.10116,1.10118,2.44,1.00
2016.07.22 13:55:56.707,1.10116,1.10118,1.25,1.87
2016.07.22 13:55:56.758,1.10115,1.10117,2.70,1.00
2016.07.22 13:55:56.809,1.10114,1.10118,5.62,4.87
2016.07.22 13:55:56.928,1.10115,1.10118,1.00,6.56
2016.07.22 13:55:56.980,1.10115,1.10118,1.50,5.81
2016.07.22 13:55:57.183,1.10115,1.10118,1.00,6.41
2016.07.22 13:55:57.285,1.10115,1.10118,1.50,6.41
2016.07.22 13:55:57.455,1.10115,1.10117,1.00,2.25
2016.07.22 13:55:57.506,1.10114,1.10117,4.57,5.25
2016.07.22 13:55:57.557,1.10114,1.10117,3.07,5.44
2016.07.22 13:55:57.608,1.10114,1.10117,2.25,5.06
2016.07.22 13:55:57.710,1.10114,1.10117,1.50,5.06
2016.07.22 13:55:58.000,1.10114,1.10117,1.50,4.31
2016.07.22 13:55:58.051,1.10114,1.10117,1.50,2.81
2016.07.22 13:55:58.102,1.10114,1.10117,1.50,2.06
2016.07.22 13:55:58.153,1.10114,1.10116,1.50,1.00
2016.07.22 13:55:58.255,1.10114,1.10116,1.00,1.87
2016.07.22 13:55:58.306,1.10114,1.10115,1.00,1.00
2016.07.22 13:55:58.407,1.10114,1.10116,1.00,1.87
2016.07.22 13:55:58.459,1.10114,1.10116,1.00,1.50
2016.07.22 13:55:58.670,1.10114,1.10117,1.50,3.19
2016.07.22 13:55:58.723,1.10114,1.10117,2.25,2.44
2016.07.22 13:55:58.876,1.10115,1.10116,1.00,1.00
2016.07.22 13:55:59.029,1.10115,1.10117,1.87,1.00
2016.07.22 13:55:59.080,1.10116,1.10118,1.00,8.81
2016.07.22 13:55:59.131,1.10117,1.10118,3.00,3.94
2016.07.22 13:55:59.182,1.10117,1.10118,6.75,1.50
2016.07.22 13:55:59.233,1.10117,1.10118,9.75,1.50
2016.07.22 13:55:59.366,1.10118,1.10119,1.00,1.12
2016.07.22 13:55:59.426,1.10119,1.1012,1.00,1.50
2016.07.22 13:55:59.579,1.10118,1.10119,1.00,1.00
2016.07.22 13:55:59.732,1.10118,1.1012,1.50,1.00
2016.07.22 13:55:59.784,1.10117,1.10119,7.12,1.00
2016.07.22 13:55:59.835,1.10117,1.10119,7.57,1.00
2016.07.22 13:55:59.886,1.10118,1.10119,1.12,1.00
2016.07.22 13:56:00.102,1.10117,1.10119,11.70,1.00
2016.07.22 13:56:00.155,1.10117,1.10119,8.32,1.00
2016.07.22 13:56:00.206,1.10118,1.10119,2.25,1.00
2016.07.22 13:56:00.258,1.10114,1.10115,42.94,3.00
2016.07.22 13:56:00.310,1.10116,1.10117,10.50,1.00
2016.07.22 13:56:00.361,1.10113,1.10114,3.75,4.35
2016.07.22 13:56:00.413,1.10111,1.10113,4.12,2.47
2016.07.22 13:56:00.464,1.10112,1.10113,1.50,4.54
2016.07.22 13:56:00.515,1.10111,1.10112,4.12,1.87
2016.07.22 13:56:00.566,1.10112,1.10114,1.00,5.29
2016.07.22 13:56:00.618,1.10112,1.10113,1.12,1.12
2016.07.22 13:56:00.730,1.10112,1.10113,3.00,1.12
2016.07.22 13:56:00.783,1.10114,1.10115,1.00,2.25
2016.07.22 13:56:00.835,1.10114,1.10115,1.12,1.12
2016.07.22 13:56:00.886,1.10114,1.10116,1.50,1.00
2016.07.22 13:56:01.041,1.10114,1.10117,1.50,1.50
2016.07.22 13:56:01.093,1.10114,1.10116,1.50,1.00
2016.07.22 13:56:01.197,1.10114,1.10116,2.25,1.00
2016.07.22 13:56:01.248,1.10114,1.10116,1.50,1.00
2016.07.22 13:56:01.386,1.10114,1.10115,1.00,1.00
2016.07.22 13:56:01.643,1.10114,1.10115,1.00,2.85
2016.07.22 13:56:01.695,1.10113,1.10114,3.00,1.00
2016.07.22 13:56:01.746,1.10113,1.10114,1.87,2.25
2016.07.22 13:56:01.797,1.10113,1.10114,1.50,2.32
2016.07.22 13:56:01.848,1.10113,1.10114,1.12,4.95
2016.07.22 13:56:01.952,1.10113,1.10114,1.12,4.20
2016.07.22 13:56:02.007,1.10112,1.10114,1.00,4.95
2016.07.22 13:56:02.058,1.10112,1.10114,1.00,3.82
2016.07.22 13:56:02.109,1.10112,1.10114,1.50,3.07
2016.07.22 13:56:02.161,1.10112,1.10114,2.25,2.70
2016.07.22 13:56:02.212,1.10113,1.10114,1.00,2.70
2016.07.22 13:56:02.263,1.10111,1.10113,5.32,1.00
2016.07.22 13:56:02.314,1.10111,1.10113,6.07,1.00
2016.07.22 13:56:02.365,1.10111,1.10113,7.01,1.00
2016.07.22 13:56:02.467,1.10112,1.10113,3.00,1.00
2016.07.22 13:56:02.518,1.10112,1.10113,2.25,1.00
2016.07.22 13:56:02.569,1.10112,1.10114,2.25,2.12
2016.07.22 13:56:02.698,1.10112,1.10114,2.25,1.00
2016.07.22 13:56:02.749,1.10112,1.10113,2.25,1.12
2016.07.22 13:56:03.179,1.10112,1.10113,1.87,1.12
2016.07.22 13:56:03.230,1.10112,1.10113,1.50,1.12
2016.07.22 13:56:03.333,1.10112,1.10114,1.87,1.00
2016.07.22 13:56:03.384,1.10113,1.10114,1.00,1.00
2016.07.22 13:56:03.435,1.10112,1.10114,4.57,1.00
2016.07.22 13:56:03.526,1.10113,1.10115,1.00,3.37
2016.07.22 13:56:03.578,1.10113,1.10115,1.50,1.12
2016.07.22 13:56:03.630,1.10113,1.10115,1.50,1.12
2016.07.22 13:56:03.681,1.10113,1.10115,1.57,1.12
2016.07.22 13:56:03.732,1.10113,1.10115,1.76,1.12
2016.07.22 13:56:03.783,1.10113,1.10115,2.51,1.12
2016.07.22 13:56:03.834,1.10113,1.10115,5.36,1.00
2016.07.22 13:56:03.886,1.10115,1.10116,1.00,1.00
2016.07.22 13:56:03.937,1.10115,1.10116,1.00,1.00
2016.07.22 13:56:03.988,1.10115,1.10116,1.57,1.00
2016.07.22 13:56:04.436,1.10115,1.10117,1.10,1.00
2016.07.22 13:56:04.538,1.10115,1.10117,1.95,1.00
2016.07.22 13:56:04.589,1.10115,1.10117,1.76,1.00
2016.07.22 13:56:04.640,1.10115,1.10117,1.10,1.00
2016.07.22 13:56:04.897,1.10115,1.10117,1.00,1.00
2016.07.22 13:56:05.445,1.10115,1.10116,1.00,1.00
2016.07.22 13:56:06.076,1.10113,1.10115,11.25,1.00
2016.07.22 13:56:06.128,1.10113,1.10115,10.50,1.00
2016.07.22 13:56:06.180,1.10114,1.10117,1.95,1.69
2016.07.22 13:56:06.232,1.10114,1.10117,1.95,3.19
2016.07.22 13:56:06.283,1.10114,1.10115,1.95,1.00
2016.07.22 13:56:06.335,1.10113,1.10114,3.07,1.25
2016.07.22 13:56:06.386,1.10112,1.10114,1.87,1.31
2016.07.22 13:56:06.437,1.10111,1.10114,2.25,1.87
2016.07.22 13:56:06.525,1.10111,1.10113,1.00,1.00
2016.07.22 13:56:06.627,1.10111,1.10113,1.00,1.00
2016.07.22 13:56:06.729,1.10111,1.10114,1.00,3.37
2016.07.22 13:56:06.832,1.10111,1.10114,1.00,2.62
2016.07.22 13:56:06.934,1.10111,1.10114,1.00,3.37
2016.07.22 13:56:07.293,1.10111,1.10114,1.00,3.00
2016.07.22 13:56:07.344,1.10111,1.10114,1.00,3.19
2016.07.22 13:56:07.395,1.10111,1.10113,1.00,1.12
2016.07.22 13:56:07.446,1.10111,1.10112,1.00,1.25
2016.07.22 13:56:07.497,1.10111,1.10112,1.00,3.94
2016.07.22 13:56:07.549,1.1011,1.10112,1.00,5.81
2016.07.22 13:56:07.600,1.1011,1.10111,1.00,1.12
2016.07.22 13:56:07.651,1.1011,1.10111,1.00,1.87
2016.07.22 13:56:07.753,1.1011,1.10111,1.00,1.12
2016.07.22 13:56:07.855,1.1011,1.10111,1.00,1.87
2016.07.22 13:56:08.070,1.1011,1.10111,1.00,1.00
2016.07.22 13:56:08.241,1.1011,1.10112,1.00,2.44
2016.07.22 13:56:08.292,1.1011,1.10112,1.00,1.69
2016.07.22 13:56:08.344,1.1011,1.10112,1.00,1.25
2016.07.22 13:56:08.549,1.1011,1.10112,1.00,1.69
2016.07.22 13:56:08.652,1.1011,1.10112,1.50,1.69
2016.07.22 13:56:09.048,1.1011,1.10112,1.00,1.25
2016.07.22 13:56:09.099,1.1011,1.10112,2.62,1.25
2016.07.22 13:56:09.151,1.10111,1.10113,1.00,2.89
2016.07.22 13:56:09.202,1.10111,1.10114,1.12,5.70
2016.07.22 13:56:09.253,1.10111,1.10114,2.62,3.26
2016.07.22 13:56:09.305,1.10111,1.10114,2.25,3.19
2016.07.22 13:56:09.356,1.10111,1.10114,2.25,2.44
2016.07.22 13:56:09.407,1.10111,1.10114,2.25,2.81
2016.07.22 13:56:09.741,1.10111,1.10114,2.25,3.19
2016.07.22 13:56:09.793,1.10112,1.10114,1.00,3.19
2016.07.22 13:56:09.844,1.10111,1.10114,1.87,3.19
2016.07.22 13:56:09.895,1.10111,1.10114,2.62,3.19
2016.07.22 13:56:09.946,1.10111,1.10114,2.62,3.00
2016.07.22 13:56:09.996,1.10111,1.10114,1.50,2.25
2016.07.22 13:56:10.048,1.10111,1.10114,1.87,2.25
2016.07.22 13:56:10.099,1.10112,1.10114,1.00,2.44
2016.07.22 13:56:10.150,1.10111,1.10114,2.25,2.44
2016.07.22 13:56:10.252,1.10112,1.10114,1.00,2.44
2016.07.22 13:56:10.354,1.10111,1.10114,1.50,1.69
2016.07.22 13:56:10.405,1.10111,1.10114,1.50,2.06
2016.07.22 13:56:10.456,1.10111,1.10114,2.25,2.81
2016.07.22 13:56:10.653,1.10111,1.10114,1.50,2.06
2016.07.22 13:56:10.705,1.10111,1.10113,1.00,1.00
2016.07.22 13:56:10.757,1.10111,1.10113,1.50,1.50
2016.07.22 13:56:10.808,1.10111,1.10113,1.50,2.62
2016.07.22 13:56:10.859,1.10111,1.10112,1.00,1.12
2016.07.22 13:56:10.962,1.10111,1.10113,1.00,4.12
2016.07.22 13:56:11.064,1.10111,1.10112,1.00,1.12
2016.07.22 13:56:11.116,1.10111,1.10113,1.00,3.37
2016.07.22 13:56:11.168,1.10112,1.10113,1.00,2.62
2016.07.22 13:56:11.220,1.10113,1.10115,1.00,7.12
2016.07.22 13:56:11.324,1.10113,1.10114,2.25,1.76
2016.07.22 13:56:11.375,1.10112,1.10114,7.20,1.12
2016.07.22 13:56:11.426,1.10114,1.10116,1.00,4.69
2016.07.22 13:56:11.528,1.10113,1.10114,3.37,1.00
2016.07.22 13:56:11.579,1.10113,1.10116,1.50,5.06
2016.07.22 13:56:11.631,1.10113,1.10115,1.00,1.31
2016.07.22 13:56:11.682,1.10113,1.10115,1.00,2.06
2016.07.22 13:56:11.733,1.10112,1.10114,1.12,1.00
2016.07.22 13:56:11.784,1.10112,1.10114,1.00,1.87
2016.07.22 13:56:11.958,1.10111,1.10114,1.50,1.50
2016.07.22 13:56:12.010,1.10111,1.10114,1.50,1.87
2016.07.22 13:56:12.061,1.10111,1.10114,1.00,2.81
2016.07.22 13:56:12.163,1.10111,1.10114,1.00,3.56
2016.07.22 13:56:12.214,1.10111,1.10114,1.00,5.06
2016.07.22 13:56:12.266,1.10111,1.10114,1.50,5.06
2016.07.22 13:56:12.424,1.10111,1.10114,1.50,4.87
2016.07.22 13:56:12.476,1.10111,1.10114,1.50,2.62
2016.07.22 13:56:12.527,1.10111,1.10114,1.50,2.81
2016.07.22 13:56:12.853,1.10111,1.10114,1.50,2.62
2016.07.22 13:56:13.210,1.10111,1.10113,1.00,3.00
2016.07.22 13:56:13.262,1.1011,1.10113,3.75,4.69
2016.07.22 13:56:13.313,1.1011,1.10113,2.25,2.81
2016.07.22 13:56:13.364,1.1011,1.10113,1.50,2.06
2016.07.22 13:56:13.416,1.1011,1.10113,2.25,2.06
2016.07.22 13:56:13.467,1.1011,1.10113,3.00,2.06
2016.07.22 13:56:13.697,1.1011,1.10113,4.87,1.12
2016.07.22 13:56:13.748,1.1011,1.10113,5.62,1.12
2016.07.22 13:56:13.799,1.10111,1.10113,1.00,1.12
2016.07.22 13:56:14.455,1.10112,1.10114,4.87,1.41
2016.07.22 13:56:14.507,1.10111,1.10113,15.97,1.00
2016.07.22 13:56:14.559,1.10111,1.10113,19.05,1.00
2016.07.22 13:56:14.662,1.10111,1.10113,18.67,1.00
2016.07.22 13:56:14.713,1.10113,1.10114,1.00,1.03
2016.07.22 13:56:14.766,1.10113,1.10114,1.12,1.03
2016.07.22 13:56:14.868,1.10113,1.10114,1.00,1.03
2016.07.22 13:56:14.919,1.10112,1.10114,11.62,1.00
2016.07.22 13:56:14.971,1.10113,1.10114,1.00,1.03
2016.07.22 13:56:15.023,1.10115,1.10117,2.27,8.44
2016.07.22 13:56:15.076,1.10115,1.10116,1.12,1.50
2016.07.22 13:56:15.209,1.10115,1.10117,9.07,3.00
2016.07.22 13:56:15.261,1.10116,1.10117,1.00,2.06
2016.07.22 13:56:15.313,1.10115,1.10117,1.57,1.25
2016.07.22 13:56:15.365,1.10115,1.10117,1.57,1.00
2016.07.22 13:56:15.417,1.10114,1.10117,5.62,1.37
2016.07.22 13:56:15.469,1.10114,1.10116,5.70,1.31
2016.07.22 13:56:15.521,1.10114,1.10116,1.95,1.31
2016.07.22 13:56:15.623,1.10114,1.10116,1.95,2.06
2016.07.22 13:56:15.674,1.10113,1.10115,6.22,1.00
2016.07.22 13:56:15.726,1.10113,1.10115,5.85,1.00
2016.07.22 13:56:15.864,1.10115,1.10116,1.00,1.00
2016.07.22 13:56:15.966,1.10113,1.10116,9.97,1.00
2016.07.22 13:56:16.018,1.10113,1.10116,9.22,1.00
2016.07.22 13:56:16.222,1.10113,1.10116,9.97,1.00
2016.07.22 13:56:16.274,1.10114,1.10117,3.45,1.00
2016.07.22 13:56:16.326,1.10114,1.10117,2.70,1.12
2016.07.22 13:56:16.377,1.10114,1.10117,1.95,2.62
2016.07.22 13:56:16.428,1.10114,1.10117,1.20,3.75
2016.07.22 13:56:16.479,1.10114,1.10116,1.57,1.12
2016.07.22 13:56:16.601,1.10114,1.10116,1.10,1.12
2016.07.22 13:56:16.707,1.10114,1.10116,1.10,1.50
2016.07.22 13:56:16.758,1.10114,1.10116,1.00,1.50
2016.07.22 13:56:16.810,1.10114,1.10116,1.00,1.00
2016.07.22 13:56:16.862,1.10114,1.10116,1.00,2.25
2016.07.22 13:56:16.913,1.10114,1.10116,1.00,3.37
2016.07.22 13:56:17.456,1.10114,1.10115,1.00,1.00
2016.07.22 13:56:17.507,1.10114,1.10115,1.00,2.62
2016.07.22 13:56:17.558,1.10112,1.10114,3.07,1.12
2016.07.22 13:56:17.609,1.10112,1.10114,1.10,1.50
2016.07.22 13:56:17.660,1.10112,1.10114,1.10,1.12
2016.07.22 13:56:17.763,1.10112,1.10114,1.00,3.00
2016.07.22 13:56:17.865,1.10112,1.10114,1.00,1.12
2016.07.22 13:56:17.916,1.10111,1.10113,2.25,1.00
2016.07.22 13:56:17.967,1.10111,1.10113,1.87,1.00
2016.07.22 13:56:18.018,1.10111,1.10113,1.00,1.00
2016.07.22 13:56:18.186,1.1011,1.10111,5.44,1.00
2016.07.22 13:56:18.238,1.1011,1.10111,4.69,1.00
2016.07.22 13:56:18.441,1.1011,1.10111,3.94,1.00
2016.07.22 13:56:18.493,1.1011,1.10111,4.69,1.00
2016.07.22 13:56:18.595,1.1011,1.10111,3.94,1.00
2016.07.22 13:56:18.697,1.1011,1.10111,4.69,1.00
2016.07.22 13:56:18.799,1.1011,1.10111,3.94,1.00
2016.07.22 13:56:19.448,1.1011,1.10111,3.19,1.00
2016.07.22 13:56:19.602,1.1011,1.10112,3.94,1.00
2016.07.22 13:56:19.653,1.1011,1.10112,3.56,1.00
2016.07.22 13:56:19.854,1.10109,1.10111,3.07,1.00
2016.07.22 13:56:19.957,1.10109,1.1011,1.50,1.00
2016.07.22 13:56:20.009,1.10108,1.1011,2.25,1.00
2016.07.22 13:56:20.060,1.10108,1.10109,1.50,1.00
2016.07.22 13:56:20.112,1.10108,1.10109,1.00,1.00
2016.07.22 13:56:20.547,1.10108,1.10111,1.00,4.87
2016.07.22 13:56:20.690,1.10108,1.10111,1.50,4.87
2016.07.22 13:56:20.742,1.10108,1.10111,2.25,4.87
2016.07.22 13:56:20.793,1.10109,1.10111,1.35,1.87
2016.07.22 13:56:20.845,1.10109,1.10112,1.72,2.81
2016.07.22 13:56:20.896,1.1011,1.10112,1.00,1.25
2016.07.22 13:56:20.947,1.1011,1.10112,1.50,1.00
2016.07.22 13:56:20.999,1.10111,1.10112,1.00,1.00
2016.07.22 13:56:21.480,1.1011,1.10112,3.37,1.00
2016.07.22 13:56:21.658,1.1011,1.10112,1.87,1.00
2016.07.22 13:56:21.830,1.1011,1.10112,1.87,1.12
2016.07.22 13:56:21.882,1.1011,1.10112,2.62,2.85
2016.07.22 13:56:21.933,1.10109,1.1011,2.25,1.12
2016.07.22 13:56:21.985,1.10107,1.10109,9.75,2.12
2016.07.22 13:56:22.036,1.10108,1.10109,1.50,1.87
2016.07.22 13:56:22.087,1.10109,1.10111,1.00,4.20
2016.07.22 13:56:22.204,1.10108,1.1011,1.50,1.12
2016.07.22 13:56:22.255,1.10108,1.1011,1.50,1.00
2016.07.22 13:56:22.306,1.10108,1.10111,2.25,4.95
2016.07.22 13:56:22.357,1.10108,1.10111,1.50,4.95
2016.07.22 13:56:22.510,1.10108,1.10111,2.25,5.70
2016.07.22 13:56:22.561,1.10108,1.10111,1.50,5.70
2016.07.22 13:56:22.612,1.10108,1.10111,1.00,4.95
2016.07.22 13:56:22.714,1.10108,1.10111,1.50,4.95
2016.07.22 13:56:22.815,1.10108,1.10109,1.00,1.00
2016.07.22 13:56:23.355,1.10108,1.10109,1.50,1.00
2016.07.22 13:56:23.406,1.10107,1.10109,8.25,1.00
2016.07.22 13:56:23.457,1.10107,1.10109,7.50,1.00
2016.07.22 13:56:23.508,1.10108,1.10109,1.00,1.00
2016.07.22 13:56:23.561,1.10108,1.10109,1.00,2.25
2016.07.22 13:56:23.663,1.10106,1.10109,1.57,1.87
2016.07.22 13:56:23.714,1.10106,1.10109,1.57,1.50
2016.07.22 13:56:23.765,1.10106,1.10109,3.07,1.50
2016.07.22 13:56:23.894,1.10106,1.10109,3.07,2.62
2016.07.22 13:56:23.945,1.10106,1.10109,3.07,2.81
2016.07.22 13:56:24.097,1.10106,1.10108,3.07,1.00
2016.07.22 13:56:24.149,1.10106,1.10108,3.00,1.00
2016.07.22 13:56:24.200,1.10106,1.10108,2.25,1.00
2016.07.22 13:56:24.251,1.10106,1.10108,2.25,1.50
2016.07.22 13:56:24.302,1.10106,1.10108,1.50,2.25
2016.07.22 13:56:24.353,1.10106,1.10108,1.50,2.62
2016.07.22 13:56:24.404,1.10106,1.10108,2.25,3.37
2016.07.22 13:56:24.455,1.10106,1.10108,2.62,5.25
2016.07.22 13:56:24.506,1.10106,1.10107,1.00,1.50
2016.07.22 13:56:24.557,1.10105,1.10108,1.37,18.19
2016.07.22 13:56:24.688,1.10105,1.10108,2.25,8.44
2016.07.22 13:56:24.742,1.10104,1.10106,4.12,1.00
2016.07.22 13:56:24.794,1.10104,1.10106,2.25,2.06
2016.07.22 13:56:24.845,1.10104,1.10106,1.50,3.56
2016.07.22 13:56:24.897,1.10104,1.10106,1.50,5.81
2016.07.22 13:56:24.948,1.10104,1.10105,1.00,1.00
2016.07.22 13:56:24.999,1.10104,1.10105,1.00,1.50
2016.07.22 13:56:25.050,1.10104,1.10105,1.50,2.25
2016.07.22 13:56:25.102,1.10104,1.10105,1.00,2.62
2016.07.22 13:56:25.153,1.10103,1.10105,1.50,2.62
2016.07.22 13:56:25.204,1.10103,1.10105,1.00,2.25
2016.07.22 13:56:25.306,1.10103,1.10105,1.00,3.00
2016.07.22 13:56:25.357,1.10103,1.10105,1.00,3.37
2016.07.22 13:56:25.408,1.10103,1.10105,1.50,3.37
2016.07.22 13:56:25.541,1.10103,1.10105,1.00,4.12
2016.07.22 13:56:25.592,1.10102,1.10105,6.00,4.12
2016.07.22 13:56:25.643,1.10103,1.10105,1.00,4.12
2016.07.22 13:56:26.049,1.10103,1.10105,1.00,3.37
2016.07.22 13:56:26.151,1.10103,1.10105,1.00,4.12
2016.07.22 13:56:26.558,1.10103,1.10105,1.00,3.37
2016.07.22 13:56:26.687,1.10102,1.10104,2.62,1.87
2016.07.22 13:56:26.740,1.10101,1.10102,1.57,2.25
2016.07.22 13:56:26.793,1.101,1.10101,7.12,1.00
2016.07.22 13:56:26.845,1.101,1.10101,8.10,1.00
2016.07.22 13:56:26.897,1.10101,1.10103,1.50,1.87
2016.07.22 13:56:26.948,1.10101,1.10103,2.10,1.50
2016.07.22 13:56:27.000,1.10102,1.10103,1.50,1.50
2016.07.22 13:56:27.102,1.10101,1.10102,1.50,1.00
2016.07.22 13:56:27.204,1.10101,1.10102,1.00,1.00
2016.07.22 13:56:27.307,1.10101,1.10102,1.50,1.00
2016.07.22 13:56:27.514,1.10101,1.10103,1.50,1.00
2016.07.22 13:56:27.722,1.10101,1.10102,1.00,1.00
2016.07.22 13:56:27.774,1.10101,1.10103,1.50,1.00
2016.07.22 13:56:27.825,1.10101,1.10103,2.25,1.00
2016.07.22 13:56:27.876,1.10101,1.10103,2.62,1.00
2016.07.22 13:56:27.927,1.10102,1.10103,4.72,1.00
2016.07.22 13:56:27.978,1.10104,1.10105,1.00,1.31
2016.07.22 13:56:28.030,1.10103,1.10105,2.62,1.00
2016.07.22 13:56:28.081,1.10103,1.10105,1.12,1.00
2016.07.22 13:56:28.133,1.10103,1.10105,2.25,1.69
2016.07.22 13:56:28.272,1.10103,1.10105,1.37,3.19
2016.07.22 13:56:28.323,1.10103,1.10105,1.00,3.19
2016.07.22 13:56:28.679,1.10103,1.10105,1.12,3.19
2016.07.22 13:56:28.731,1.10103,1.10105,1.50,3.19
2016.07.22 13:56:28.783,1.10103,1.10105,1.50,2.44
2016.07.22 13:56:28.885,1.10102,1.10105,9.67,3.19
2016.07.22 13:56:28.987,1.10103,1.10105,1.00,3.19
2016.07.22 13:56:29.183,1.10103,1.10105,1.12,3.19
2016.07.22 13:56:29.234,1.10103,1.10105,1.00,3.19
2016.07.22 13:56:29.543,1.10103,1.10105,1.00,2.44
2016.07.22 13:56:29.594,1.10103,1.10105,1.00,1.69
2016.07.22 13:56:29.646,1.10103,1.10105,1.50,1.50
2016.07.22 13:56:29.697,1.10103,1.10105,1.87,1.00
2016.07.22 13:56:29.748,1.10103,1.10106,3.30,3.94
2016.07.22 13:56:29.799,1.10104,1.10106,1.30,2.81
2016.07.22 13:56:29.850,1.10105,1.10107,3.37,4.87
2016.07.22 13:56:29.956,1.10105,1.10106,3.37,1.50
2016.07.22 13:56:30.008,1.10106,1.10107,1.00,1.00
2016.07.22 13:56:30.111,1.10105,1.10107,8.10,1.00
2016.07.22 13:56:30.163,1.10106,1.10108,1.35,1.00
2016.07.22 13:56:30.214,1.10106,1.10108,3.97,1.00
2016.07.22 13:56:30.316,1.10106,1.10108,3.22,1.00
2016.07.22 13:56:30.367,1.10106,1.10108,1.87,1.00
2016.07.22 13:56:30.419,1.10105,1.10107,9.37,1.00
2016.07.22 13:56:30.471,1.10105,1.10106,3.75,1.00
2016.07.22 13:56:30.612,1.10104,1.10106,1.50,1.87
2016.07.22 13:56:30.666,1.10104,1.10106,1.00,1.87
2016.07.22 13:56:30.717,1.10103,1.10106,2.33,2.62
2016.07.22 13:56:30.768,1.10103,1.10106,1.58,2.62
2016.07.22 13:56:30.921,1.10103,1.10105,1.10,1.00
2016.07.22 13:56:31.022,1.10103,1.10105,1.58,1.00
2016.07.22 13:56:32.009,1.10103,1.10105,1.10,1.00
2016.07.22 13:56:32.111,1.10103,1.10105,1.58,1.00
2016.07.22 13:56:32.162,1.10103,1.10106,1.58,2.62
2016.07.22 13:56:32.398,1.10103,1.10106,1.95,2.62
2016.07.22 13:56:32.449,1.10103,1.10106,1.95,2.77
2016.07.22 13:56:32.602,1.10103,1.10105,1.95,1.19
2016.07.22 13:56:32.859,1.10103,1.10105,2.70,1.19
2016.07.22 13:56:33.280,1.10104,1.10105,1.00,1.25
2016.07.22 13:56:33.450,1.10104,1.10105,3.00,1.25
2016.07.22 13:56:33.660,1.10104,1.10105,1.00,1.25
2016.07.22 13:56:33.712,1.10103,1.10105,2.70,1.19
2016.07.22 13:56:33.763,1.10103,1.10105,1.95,1.19
2016.07.22 13:56:33.816,1.10103,1.10104,1.95,1.25
2016.07.22 13:56:33.867,1.10103,1.10104,1.57,1.25
2016.07.22 13:56:33.918,1.10102,1.10104,4.95,1.31
2016.07.22 13:56:33.969,1.10102,1.10104,1.10,2.06
2016.07.22 13:56:34.021,1.10101,1.10104,4.80,2.44
2016.07.22 13:56:34.072,1.10101,1.10104,4.05,2.44
2016.07.22 13:56:34.168,1.10101,1.10104,3.30,1.69
2016.07.22 13:56:34.220,1.10102,1.10104,1.00,2.06
2016.07.22 13:56:34.322,1.10101,1.10103,3.45,1.00
2016.07.22 13:56:34.374,1.10101,1.10103,2.70,1.00
2016.07.22 13:56:34.426,1.101,1.10102,15.60,1.00
2016.07.22 13:56:34.478,1.101,1.10102,13.72,1.00
2016.07.22 13:56:34.532,1.101,1.10102,14.10,1.00
2016.07.22 13:56:34.585,1.101,1.10102,15.60,1.00
2016.07.22 13:56:34.637,1.10101,1.10103,2.32,1.00
2016.07.22 13:56:34.739,1.10101,1.10103,3.07,1.00
2016.07.22 13:56:35.383,1.10101,1.10103,3.45,1.00
2016.07.22 13:56:35.587,1.10101,1.10103,4.20,1.00
2016.07.22 13:56:35.739,1.10101,1.10103,4.80,1.00
2016.07.22 13:56:36.784,1.10101,1.10103,4.42,1.00
2016.07.22 13:56:36.919,1.10102,1.10103,1.00,1.00
2016.07.22 13:56:37.022,1.10101,1.10103,4.42,1.00
2016.07.22 13:56:37.429,1.10103,1.10104,1.00,1.12
2016.07.22 13:56:38.068,1.10103,1.10105,1.00,6.75
2016.07.22 13:56:38.119,1.10102,1.10104,1.00,1.87
2016.07.22 13:56:38.171,1.10101,1.10104,3.07,2.25
2016.07.22 13:56:38.222,1.10101,1.10104,2.25,1.12
2016.07.22 13:56:38.273,1.10101,1.10104,2.25,1.00
2016.07.22 13:56:38.324,1.10101,1.10104,3.75,2.25
2016.07.22 13:56:38.426,1.10101,1.10104,3.75,1.50
2016.07.22 13:56:38.477,1.10101,1.10104,5.10,1.00
2016.07.22 13:56:38.528,1.10102,1.10105,1.00,6.07
2016.07.22 13:56:38.579,1.10102,1.10105,1.50,3.82
2016.07.22 13:56:38.631,1.10102,1.10105,1.00,3.07
2016.07.22 13:56:38.682,1.10101,1.10105,8.10,3.07
2016.07.22 13:56:38.733,1.10101,1.10105,7.35,3.07
2016.07.22 13:56:39.079,1.10102,1.10105,1.00,2.62
2016.07.22 13:56:39.132,1.10103,1.10106,1.00,8.44
2016.07.22 13:56:39.184,1.10103,1.10106,1.87,7.69
2016.07.22 13:56:39.235,1.10104,1.10106,1.35,3.37
2016.07.22 13:56:39.286,1.10104,1.10106,1.35,1.50
2016.07.22 13:56:39.338,1.10104,1.10107,3.22,3.19
2016.07.22 13:56:39.391,1.10105,1.10107,1.87,3.19
2016.07.22 13:56:39.442,1.10106,1.10107,1.00,1.00
2016.07.22 13:56:39.866,1.10106,1.10107,1.00,1.00
2016.07.22 13:56:39.968,1.10106,1.10108,1.50,1.00
2016.07.22 13:56:40.019,1.10106,1.10108,2.25,1.50
2016.07.22 13:56:40.070,1.10107,1.10109,1.87,1.50
2016.07.22 13:56:40.122,1.10107,1.10109,3.37,1.00
2016.07.22 13:56:40.174,1.10107,1.1011,5.25,3.56
2016.07.22 13:56:40.225,1.10107,1.1011,5.25,1.12
2016.07.22 13:56:40.277,1.10107,1.1011,5.25,2.62
2016.07.22 13:56:40.329,1.10107,1.1011,5.25,3.37
2016.07.22 13:56:40.432,1.10107,1.10109,5.25,1.00
2016.07.22 13:56:40.484,1.10107,1.10109,2.25,2.62
2016.07.22 13:56:40.536,1.10106,1.10108,3.00,1.50
2016.07.22 13:56:40.661,1.10106,1.10108,1.00,2.25
2016.07.22 13:56:40.713,1.10106,1.10108,2.25,1.12
2016.07.22 13:56:40.765,1.10106,1.10108,2.44,1.00
2016.07.22 13:56:40.870,1.10106,1.10107,1.50,1.50
2016.07.22 13:56:40.922,1.10105,1.10106,4.57,1.50
2016.07.22 13:56:40.973,1.10104,1.10105,3.00,1.50
2016.07.22 13:56:41.025,1.10104,1.10105,1.00,1.50
2016.07.22 13:56:41.076,1.10103,1.10105,4.12,1.50
2016.07.22 13:56:41.127,1.10103,1.10105,2.62,2.62
2016.07.22 13:56:41.179,1.10103,1.10105,2.62,1.87
2016.07.22 13:56:41.230,1.10104,1.10106,1.37,2.51
2016.07.22 13:56:41.281,1.10104,1.10106,1.72,1.25
2016.07.22 13:56:41.431,1.10105,1.10108,3.75,2.32
2016.07.22 13:56:41.482,1.10105,1.10108,3.75,2.70
2016.07.22 13:56:41.534,1.10106,1.10108,1.00,2.70
2016.07.22 13:56:41.639,1.10106,1.10108,1.00,1.95
2016.07.22 13:56:41.741,1.10106,1.10108,1.00,1.87
2016.07.22 13:56:41.844,1.10106,1.10108,1.00,1.12
2016.07.22 13:56:41.946,1.10106,1.10108,1.00,1.87
2016.07.22 13:56:42.445,1.10105,1.10108,3.75,1.12
2016.07.22 13:56:42.548,1.10105,1.10108,2.25,1.12
2016.07.22 13:56:42.650,1.10106,1.10108,1.00,1.12
2016.07.22 13:56:42.702,1.10105,1.10108,2.25,1.12
2016.07.22 13:56:42.836,1.10105,1.10107,1.50,1.00
2016.07.22 13:56:42.889,1.10105,1.10107,1.00,1.00
2016.07.22 13:56:43.195,1.10105,1.10107,1.50,1.00
2016.07.22 13:56:43.247,1.10104,1.10105,4.20,1.00
2016.07.22 13:56:43.299,1.10104,1.10105,3.37,1.00
2016.07.22 13:56:43.351,1.10103,1.10105,2.14,2.62
2016.07.22 13:56:43.403,1.10102,1.10103,4.87,3.60
2016.07.22 13:56:43.454,1.10099,1.101,10.65,1.12
2016.07.22 13:56:43.505,1.10099,1.101,2.28,1.12
2016.07.22 13:56:43.583,1.10099,1.101,1.50,1.12
2016.07.22 13:56:43.636,1.10097,1.101,3.82,2.81
2016.07.22 13:56:43.688,1.10097,1.101,3.82,3.56
2016.07.22 13:56:43.740,1.10097,1.101,3.00,6.26
2016.07.22 13:56:43.791,1.10098,1.101,1.12,4.76
2016.07.22 13:56:43.842,1.10098,1.101,1.12,3.82
2016.07.22 13:56:43.893,1.10097,1.101,3.00,3.07
2016.07.22 13:56:43.944,1.10098,1.101,1.12,4.01
2016.07.22 13:56:44.147,1.10098,1.101,1.12,3.07
2016.07.22 13:56:44.199,1.10098,1.101,1.00,3.07
2016.07.22 13:56:44.250,1.10098,1.101,1.00,2.70
2016.07.22 13:56:44.301,1.10097,1.101,3.00,2.32
2016.07.22 13:56:44.352,1.10098,1.101,1.50,1.57
2016.07.22 13:56:44.476,1.10099,1.101,1.00,1.57
2016.07.22 13:56:44.527,1.10099,1.10101,1.00,4.50
2016.07.22 13:56:44.578,1.10099,1.10101,1.00,5.25
2016.07.22 13:56:44.629,1.10099,1.101,1.00,2.70
2016.07.22 13:56:44.681,1.10098,1.101,1.50,3.45
2016.07.22 13:56:44.733,1.10098,1.101,1.00,2.70
2016.07.22 13:56:44.784,1.10098,1.101,1.00,1.95
2016.07.22 13:56:44.836,1.10098,1.101,1.00,1.20
2016.07.22 13:56:44.887,1.10097,1.101,6.37,1.20
2016.07.22 13:56:44.939,1.10098,1.101,1.00,1.95
2016.07.22 13:56:44.990,1.10098,1.101,1.00,2.70
2016.07.22 13:56:45.042,1.10098,1.10099,1.00,1.50
2016.07.22 13:56:45.093,1.10098,1.10099,1.00,1.87
2016.07.22 13:56:45.145,1.10097,1.10098,3.75,1.00
2016.07.22 13:56:45.196,1.10097,1.10098,1.50,1.00
2016.07.22 13:56:45.346,1.10096,1.10098,2.44,1.00
2016.07.22 13:56:45.397,1.10097,1.10098,1.00,1.12
2016.07.22 13:56:45.500,1.10096,1.10098,2.25,1.12
2016.07.22 13:56:45.552,1.10096,1.10098,1.50,1.12
2016.07.22 13:56:45.654,1.10096,1.10098,1.50,1.00
2016.07.22 13:56:46.257,1.10096,1.10097,1.50,1.00
2016.07.22 13:56:46.565,1.10096,1.10099,1.50,4.38
2016.07.22 13:56:47.291,1.10096,1.10099,1.50,4.01
2016.07.22 13:56:47.342,1.10096,1.10099,1.50,4.76
2016.07.22 13:56:47.548,1.10096,1.10098,2.25,1.00
2016.07.22 13:56:47.598,1.10096,1.10098,3.00,1.00
2016.07.22 13:56:47.649,1.10096,1.10099,3.00,4.94
2016.07.22 13:56:47.700,1.10096,1.10099,3.00,4.19
2016.07.22 13:56:47.751,1.10096,1.10098,3.00,1.00
2016.07.22 13:56:47.883,1.10096,1.10098,2.62,1.00
2016.07.22 13:56:48.189,1.10096,1.10098,2.25,1.50
2016.07.22 13:56:48.240,1.10096,1.10098,1.50,1.50
2016.07.22 13:56:48.291,1.10096,1.10097,1.50,1.00
2016.07.22 13:56:48.446,1.10096,1.10098,2.47,1.50
2016.07.22 13:56:48.497,1.10096,1.10098,5.10,1.00
2016.07.22 13:56:48.548,1.10097,1.10099,3.60,1.50
2016.07.22 13:56:48.599,1.10097,1.10099,3.60,1.00
2016.07.22 13:56:48.650,1.10097,1.10099,2.10,1.00
2016.07.22 13:56:48.751,1.10097,1.10099,2.85,1.50
2016.07.22 13:56:48.802,1.10097,1.10099,3.22,1.50
2016.07.22 13:56:48.956,1.10097,1.10099,1.12,2.25
2016.07.22 13:56:49.007,1.10097,1.10099,1.25,2.25
2016.07.22 13:56:49.058,1.10097,1.10099,1.25,3.75
2016.07.22 13:56:49.160,1.10096,1.10098,5.51,1.00
2016.07.22 13:56:49.262,1.10097,1.10098,1.25,1.00
2016.07.22 13:56:49.879,1.10096,1.10098,4.76,1.00
2016.07.22 13:56:49.930,1.10096,1.10098,5.51,1.00
2016.07.22 13:56:49.981,1.10096,1.10099,4.76,2.62
2016.07.22 13:56:50.034,1.10096,1.10099,5.59,2.62
2016.07.22 13:56:50.085,1.10096,1.10099,4.84,1.87
2016.07.22 13:56:50.137,1.10096,1.10099,4.76,2.62
2016.07.22 13:56:50.239,1.10096,1.10099,4.01,1.87
2016.07.22 13:56:50.341,1.10096,1.10099,4.76,2.62
2016.07.22 13:56:50.577,1.10096,1.10098,4.76,1.00
2016.07.22 13:56:50.986,1.10096,1.10098,5.51,1.00
2016.07.22 13:56:51.037,1.10097,1.10098,1.25,1.00
2016.07.22 13:56:51.332,1.10097,1.10098,1.69,1.00
2016.07.22 13:56:51.384,1.10097,1.10099,3.04,3.00
2016.07.22 13:56:51.435,1.10097,1.10099,2.29,3.00
2016.07.22 13:56:51.486,1.10097,1.10099,2.29,2.25
2016.07.22 13:56:51.589,1.10097,1.10099,3.04,1.50
2016.07.22 13:56:51.692,1.10097,1.10099,3.41,1.50
2016.07.22 13:56:51.845,1.10097,1.10099,3.04,1.50
2016.07.22 13:56:51.897,1.10097,1.10099,3.04,2.25
2016.07.22 13:56:52.031,1.10097,1.10099,1.91,1.50
2016.07.22 13:56:52.083,1.10097,1.10099,2.66,1.50
2016.07.22 13:56:52.545,1.10097,1.10099,4.91,1.50
2016.07.22 13:56:52.597,1.10097,1.101,4.16,3.00
2016.07.22 13:56:52.649,1.10099,1.101,1.00,2.25
2016.07.22 13:56:52.735,1.10099,1.10101,1.12,4.87
2016.07.22 13:56:52.786,1.10099,1.10101,2.66,2.25
2016.07.22 13:56:52.837,1.10101,1.10102,2.10,5.25
2016.07.22 13:56:52.888,1.10101,1.10102,3.97,1.50
2016.07.22 13:56:52.939,1.10102,1.10104,1.00,2.62
2016.07.22 13:56:52.990,1.10103,1.10104,1.25,2.25
2016.07.22 13:56:53.041,1.10103,1.10104,1.31,2.25
2016.07.22 13:56:53.092,1.10103,1.10104,1.69,2.25
2016.07.22 13:56:53.144,1.10103,1.10104,1.69,1.00
2016.07.22 13:56:53.195,1.10103,1.10106,1.25,2.70
2016.07.22 13:56:53.247,1.10104,1.10106,1.00,1.95
2016.07.22 13:56:53.298,1.10104,1.10105,1.25,1.00
2016.07.22 13:56:53.480,1.10103,1.10105,3.19,1.00
2016.07.22 13:56:53.584,1.10103,1.10105,3.94,1.00
2016.07.22 13:56:53.889,1.10103,1.10105,4.31,1.87
2016.07.22 13:56:53.991,1.10103,1.10105,2.89,1.87
2016.07.22 13:56:54.093,1.10103,1.10105,4.39,1.87
2016.07.22 13:56:54.195,1.10103,1.10105,2.89,1.87
2016.07.22 13:56:54.329,1.10103,1.10105,4.76,1.00
2016.07.22 13:56:54.386,1.10103,1.10106,4.69,1.12
2016.07.22 13:56:54.437,1.10103,1.10106,5.06,1.00
2016.07.22 13:56:54.488,1.10103,1.10106,6.56,1.00
2016.07.22 13:56:54.540,1.10104,1.10106,1.25,1.00
2016.07.22 13:56:54.999,1.10104,1.10106,1.25,1.87
2016.07.22 13:56:55.071,1.10104,1.10105,1.25,1.00
2016.07.22 13:56:55.257,1.10104,1.10105,1.25,1.50
2016.07.22 13:56:55.360,1.10104,1.10105,1.25,1.00
2016.07.22 13:56:57.836,1.10103,1.10105,3.94,1.37
2016.07.22 13:56:57.888,1.10104,1.10105,1.69,1.50
2016.07.22 13:56:57.939,1.10104,1.10105,1.25,1.50
2016.07.22 13:56:57.990,1.10103,1.10105,3.19,1.12
2016.07.22 13:56:58.094,1.10103,1.10105,2.44,1.12
2016.07.22 13:56:58.227,1.10103,1.10104,1.50,3.00
2016.07.22 13:56:58.278,1.101,1.10102,6.26,2.87
2016.07.22 13:56:58.329,1.101,1.10101,5.06,1.00
2016.07.22 13:56:58.381,1.101,1.10101,1.50,1.00
2016.07.22 13:56:58.433,1.101,1.10101,1.00,1.00
2016.07.22 13:56:58.484,1.10099,1.10101,1.50,1.00
2016.07.22 13:56:58.637,1.10099,1.10101,1.50,1.12
2016.07.22 13:56:58.688,1.10099,1.10101,1.00,1.87
2016.07.22 13:56:58.790,1.10099,1.10101,1.00,3.19
2016.07.22 13:56:58.892,1.10099,1.101,1.00,1.12
2016.07.22 13:56:58.994,1.10099,1.10101,1.00,4.50
2016.07.22 13:56:59.046,1.10099,1.101,1.00,1.00
2016.07.22 13:56:59.097,1.10098,1.10099,1.25,1.00
2016.07.22 13:56:59.148,1.10097,1.10099,4.69,1.00
2016.07.22 13:56:59.200,1.10097,1.10099,3.19,1.00
2016.07.22 13:56:59.303,1.10097,1.10099,3.04,1.00
2016.07.22 13:56:59.561,1.10097,1.10099,2.44,1.12
2016.07.22 13:56:59.612,1.10097,1.10099,2.44,1.00
2016.07.22 13:56:59.745,1.10097,1.10099,2.44,1.00
2016.07.22 13:57:00.000,1.10097,1.10099,2.44,1.00
2016.07.22 13:57:00.102,1.10097,1.10098,1.69,1.00
2016.07.22 13:57:00.205,1.10097,1.10099,2.44,1.00
2016.07.22 13:57:00.408,1.10097,1.10098,1.69,1.00
2016.07.22 13:57:01.374,1.10097,1.10098,1.69,1.50
2016.07.22 13:57:01.425,1.10097,1.10098,1.00,1.50
2016.07.22 13:57:01.477,1.10095,1.10096,4.95,1.12
2016.07.22 13:57:01.589,1.10095,1.10096,2.70,1.12
2016.07.22 13:57:01.641,1.10095,1.10096,1.87,1.12
2016.07.22 13:57:01.692,1.10095,1.10096,1.50,1.12
2016.07.22 13:57:01.744,1.10095,1.10096,1.00,1.13
2016.07.22 13:57:01.847,1.10095,1.10096,1.50,1.12
2016.07.22 13:57:01.898,1.10094,1.10096,2.44,1.00
2016.07.22 13:57:02.001,1.10095,1.10096,1.50,1.12
2016.07.22 13:57:02.052,1.10095,1.10096,2.25,1.00
2016.07.22 13:57:02.205,1.10095,1.10096,2.62,1.00
2016.07.22 13:57:02.307,1.10095,1.10096,2.81,1.00
2016.07.22 13:57:02.408,1.10095,1.10097,3.94,1.00
2016.07.22 13:57:02.460,1.10095,1.10097,6.56,1.00
2016.07.22 13:57:02.563,1.10095,1.10097,8.06,1.00
2016.07.22 13:57:02.615,1.10095,1.10097,9.56,1.00
2016.07.22 13:57:02.718,1.10095,1.10097,8.44,1.00
2016.07.22 13:57:02.770,1.10095,1.10097,7.69,1.00
2016.07.22 13:57:02.873,1.10095,1.10097,6.19,1.00
2016.07.22 13:57:02.975,1.10095,1.10097,7.69,1.00
2016.07.22 13:57:03.143,1.10095,1.10097,7.31,1.00
2016.07.22 13:57:03.194,1.10095,1.10097,6.56,1.00
2016.07.22 13:57:03.604,1.10095,1.10097,5.81,1.00
2016.07.22 13:57:03.655,1.10095,1.10097,5.44,1.00
2016.07.22 13:57:03.706,1.10095,1.10097,6.19,1.00
2016.07.22 13:57:03.962,1.10097,1.10098,2.10,1.87
2016.07.22 13:57:04.014,1.10098,1.10099,1.30,2.51
2016.07.22 13:57:04.065,1.10098,1.10099,2.29,2.06
2016.07.22 13:57:04.117,1.10099,1.101,1.50,1.10
2016.07.22 13:57:04.168,1.10099,1.10101,2.10,2.25
2016.07.22 13:57:04.219,1.10099,1.10102,1.54,5.62
2016.07.22 13:57:04.318,1.10099,1.10102,1.54,6.00
2016.07.22 13:57:04.372,1.10099,1.10102,1.05,5.25
2016.07.22 13:57:04.527,1.10099,1.10102,1.05,4.87
2016.07.22 13:57:04.630,1.101,1.10102,1.00,4.12
2016.07.22 13:57:04.733,1.101,1.10102,1.00,3.37
2016.07.22 13:57:04.785,1.101,1.10102,1.00,1.87
2016.07.22 13:57:04.938,1.101,1.10102,1.00,1.12
2016.07.22 13:57:04.990,1.10099,1.10102,1.35,1.12
2016.07.22 13:57:05.092,1.101,1.10102,1.00,2.25
2016.07.22 13:57:05.194,1.10099,1.10102,2.29,1.87
2016.07.22 13:57:05.285,1.10099,1.10102,1.54,2.62
2016.07.22 13:57:05.336,1.10099,1.10102,1.25,2.62
2016.07.22 13:57:05.387,1.10099,1.10102,1.25,4.50
2016.07.22 13:57:05.438,1.10099,1.101,1.25,1.12
2016.07.22 13:57:05.490,1.10094,1.10096,13.57,2.85
2016.07.22 13:57:05.541,1.10095,1.10096,1.87,2.25
2016.07.22 13:57:05.592,1.10092,1.10096,1.12,18.00
2016.07.22 13:57:05.644,1.10089,1.10094,8.87,3.75
2016.07.22 13:57:05.695,1.10088,1.1009,1.00,32.62
2016.07.22 13:57:05.746,1.10088,1.1009,1.00,36.23
2016.07.22 13:57:05.798,1.10081,1.10083,5.87,1.50
2016.07.22 13:57:05.888,1.1008,1.10081,13.80,1.00
2016.07.22 13:57:05.939,1.10081,1.10082,1.00,1.87
2016.07.22 13:57:05.991,1.10083,1.10085,1.00,6.25
2016.07.22 13:57:06.071,1.10084,1.10085,1.50,1.95
2016.07.22 13:57:06.123,1.10083,1.10085,1.87,1.57
2016.07.22 13:57:06.174,1.10083,1.10084,1.87,1.12
2016.07.22 13:57:06.225,1.10084,1.10086,1.50,2.85
2016.07.22 13:57:06.276,1.10085,1.10086,1.50,3.67
2016.07.22 13:57:06.357,1.10085,1.10086,2.25,3.60
2016.07.22 13:57:06.408,1.10085,1.10086,1.50,3.00
2016.07.22 13:57:06.510,1.10085,1.10086,1.00,3.00
2016.07.22 13:57:06.561,1.10084,1.10085,2.62,1.50
2016.07.22 13:57:06.613,1.10084,1.10086,4.12,1.00
2016.07.22 13:57:06.664,1.10085,1.10086,1.00,1.00
2016.07.22 13:57:06.716,1.10083,1.10086,5.25,1.00
2016.07.22 13:57:06.818,1.10084,1.10086,3.00,1.00
2016.07.22 13:57:07.112,1.10084,1.10086,4.12,1.00
2016.07.22 13:57:07.164,1.10084,1.10086,5.55,1.00
2016.07.22 13:57:07.216,1.10086,1.10087,1.00,1.10
2016.07.22 13:57:07.371,1.10086,1.10087,1.00,1.00
2016.07.22 13:57:07.474,1.10085,1.10087,2.10,1.36
2016.07.22 13:57:07.525,1.10085,1.10086,1.35,1.11
2016.07.22 13:57:07.673,1.10083,1.10085,3.00,1.00
2016.07.22 13:57:07.827,1.10083,1.10085,1.50,1.00
2016.07.22 13:57:07.930,1.10083,1.10085,3.00,1.00
2016.07.22 13:57:08.033,1.10085,1.10086,1.00,1.11
2016.07.22 13:57:08.084,1.10084,1.10085,1.00,1.00
2016.07.22 13:57:08.140,1.10085,1.10086,1.00,1.11
2016.07.22 13:57:08.192,1.10086,1.10088,1.00,6.90
2016.07.22 13:57:08.327,1.10086,1.10087,1.50,1.10
2016.07.22 13:57:08.380,1.10088,1.10089,1.50,1.57
2016.07.22 13:57:08.431,1.10088,1.10089,1.00,1.10
2016.07.22 13:57:08.533,1.10088,1.10089,1.50,1.76
2016.07.22 13:57:08.584,1.10088,1.10089,1.50,1.69
2016.07.22 13:57:08.635,1.10088,1.10089,1.50,1.25
2016.07.22 13:57:08.891,1.10088,1.10089,1.50,1.31
2016.07.22 13:57:09.193,1.10087,1.10089,1.50,1.69
2016.07.22 13:57:09.297,1.10087,1.10089,1.00,3.92
2016.07.22 13:57:09.348,1.10087,1.1009,1.00,13.36
2016.07.22 13:57:09.399,1.10087,1.10089,1.50,3.00
2016.07.22 13:57:09.502,1.10088,1.10089,2.25,1.50
2016.07.22 13:57:09.707,1.10086,1.10087,3.00,1.00
2016.07.22 13:57:09.924,1.10086,1.10087,3.37,1.00
2016.07.22 13:57:10.178,1.10086,1.10087,2.25,1.00
2016.07.22 13:57:10.229,1.10085,1.10087,8.87,3.00
2016.07.22 13:57:10.281,1.10085,1.10087,5.50,3.37
2016.07.22 13:57:10.332,1.10085,1.10086,3.75,1.12
2016.07.22 13:57:10.383,1.10087,1.10088,1.50,7.91
2016.07.22 13:57:10.435,1.10087,1.10089,1.00,11.21
2016.07.22 13:57:10.486,1.10085,1.10088,5.57,5.81
2016.07.22 13:57:10.537,1.10088,1.10089,1.00,5.70
2016.07.22 13:57:10.588,1.10088,1.10089,1.00,5.32
2016.07.22 13:57:10.693,1.10087,1.10089,2.50,5.70
2016.07.22 13:57:10.745,1.10087,1.10088,1.50,6.75
2016.07.22 13:57:10.797,1.10086,1.10087,2.25,1.00
2016.07.22 13:57:10.848,1.10085,1.10086,3.00,1.00
2016.07.22 13:57:10.899,1.10087,1.10088,1.50,3.37
2016.07.22 13:57:10.950,1.10087,1.10088,1.50,2.62
2016.07.22 13:57:11.002,1.10088,1.10089,1.50,1.50
2016.07.22 13:57:11.105,1.10088,1.10089,1.50,1.87
2016.07.22 13:57:11.208,1.10087,1.10089,1.00,1.50
2016.07.22 13:57:11.311,1.10088,1.10089,1.50,1.50
2016.07.22 13:57:11.508,1.10088,1.10089,1.50,1.12
2016.07.22 13:57:11.822,1.10087,1.10089,2.50,1.12
2016.07.22 13:57:12.026,1.10088,1.10089,1.50,1.87
2016.07.22 13:57:12.472,1.10088,1.10089,1.50,1.12
2016.07.22 13:57:12.727,1.10086,1.10087,4.12,1.00
2016.07.22 13:57:13.033,1.10088,1.10089,2.25,1.87
2016.07.22 13:57:13.084,1.10088,1.10089,2.77,1.00
2016.07.22 13:57:13.136,1.10088,1.1009,2.77,5.14
2016.07.22 13:57:13.187,1.10089,1.1009,1.20,2.62
2016.07.22 13:57:13.238,1.10089,1.1009,4.27,1.12
2016.07.22 13:57:13.289,1.10091,1.10092,1.50,6.00
2016.07.22 13:57:13.434,1.10091,1.10093,4.00,9.56
2016.07.22 13:57:13.486,1.10094,1.10096,1.00,44.22
2016.07.22 13:57:13.539,1.10091,1.10093,4.05,1.00
2016.07.22 13:57:13.590,1.10091,1.10095,1.10,3.37
2016.07.22 13:57:13.642,1.10093,1.10094,2.44,1.00
2016.07.22 13:57:13.693,1.10093,1.10096,3.19,1.87
2016.07.22 13:57:13.745,1.10095,1.10096,1.00,1.00
2016.07.22 13:57:13.797,1.10095,1.10096,2.25,1.00
2016.07.22 13:57:13.848,1.10095,1.10097,2.50,3.26
2016.07.22 13:57:13.899,1.10095,1.10097,1.00,3.64
2016.07.22 13:57:14.075,1.10095,1.10096,2.25,1.12
2016.07.22 13:57:14.127,1.10095,1.10096,2.25,1.50
2016.07.22 13:57:14.280,1.10095,1.10096,1.50,1.50
2016.07.22 13:57:14.484,1.10095,1.10096,2.25,1.50
2016.07.22 13:57:14.535,1.10095,1.10096,1.50,1.00
2016.07.22 13:57:14.637,1.10095,1.10096,2.25,1.50
2016.07.22 13:57:14.739,1.10095,1.10096,1.50,1.00
2016.07.22 13:57:14.840,1.10095,1.10096,2.25,1.50
2016.07.22 13:57:14.891,1.10095,1.10097,3.25,2.70
2016.07.22 13:57:14.943,1.10096,1.10097,1.50,2.70
2016.07.22 13:57:15.044,1.10096,1.10097,1.00,2.70
2016.07.22 13:57:15.096,1.10096,1.10097,1.00,3.07
2016.07.22 13:57:15.148,1.10096,1.10097,1.00,3.07
2016.07.22 13:57:15.200,1.10096,1.10097,1.50,2.70
2016.07.22 13:57:15.251,1.10096,1.10097,2.25,1.20
2016.07.22 13:57:15.302,1.10096,1.10097,2.25,1.00
2016.07.22 13:57:15.455,1.10096,1.10098,1.50,1.00
2016.07.22 13:57:15.507,1.10098,1.101,1.00,11.81
2016.07.22 13:57:15.558,1.10098,1.10099,1.00,3.26
2016.07.22 13:57:15.610,1.101,1.10101,1.00,9.26
2016.07.22 13:57:15.683,1.101,1.10102,3.00,5.06
2016.07.22 13:57:15.770,1.101,1.10102,3.00,4.31
2016.07.22 13:57:15.822,1.10101,1.10103,1.50,2.81
2016.07.22 13:57:15.873,1.10101,1.10103,1.00,2.81
2016.07.22 13:57:15.924,1.10103,1.10104,1.50,1.50
2016.07.22 13:57:16.026,1.10104,1.10106,2.77,3.56
2016.07.22 13:57:16.077,1.10104,1.10106,2.77,3.19
2016.07.22 13:57:16.128,1.10104,1.10106,2.02,2.06
2016.07.22 13:57:16.230,1.10104,1.10106,2.02,1.69
2016.07.22 13:57:16.624,1.10105,1.10106,1.27,1.87
2016.07.22 13:57:16.727,1.10105,1.10106,2.77,1.87
2016.07.22 13:57:16.830,1.10106,1.10107,1.00,4.12
2016.07.22 13:57:16.932,1.10106,1.10107,2.02,2.25
2016.07.22 13:57:16.983,1.10106,1.10107,2.25,2.25
2016.07.22 13:57:17.135,1.10106,1.10107,2.25,2.62
2016.07.22 13:57:17.288,1.10104,1.10105,4.57,1.00
2016.07.22 13:57:17.339,1.10104,1.10105,3.82,1.00
2016.07.22 13:57:17.390,1.10106,1.10107,2.25,2.62
2016.07.22 13:57:17.529,1.10106,1.10107,2.25,3.00
2016.07.22 13:57:17.734,1.10105,1.10106,1.50,1.50
2016.07.22 13:57:17.836,1.10106,1.10107,2.25,3.00
2016.07.22 13:57:18.040,1.10106,1.10107,2.25,3.19
2016.07.22 13:57:18.142,1.10106,1.10107,2.25,4.12
2016.07.22 13:57:18.295,1.10106,1.10107,1.50,4.12
2016.07.22 13:57:18.448,1.10106,1.10107,1.50,3.00
2016.07.22 13:57:18.638,1.10106,1.10107,1.50,3.75
2016.07.22 13:57:18.689,1.10105,1.10107,2.50,4.50
2016.07.22 13:57:18.740,1.10105,1.10106,2.25,2.25
2016.07.22 13:57:18.894,1.10105,1.10106,1.50,2.25
2016.07.22 13:57:18.997,1.10105,1.10106,2.25,2.25
2016.07.22 13:57:19.251,1.10105,1.10106,2.25,1.87
2016.07.22 13:57:19.556,1.10105,1.10106,2.25,1.50
2016.07.22 13:57:19.781,1.10105,1.10106,1.00,1.50
2016.07.22 13:57:19.832,1.10105,1.10106,1.50,1.50
2016.07.22 13:57:20.088,1.10105,1.10106,2.25,1.50
2016.07.22 13:57:21.114,1.10103,1.10104,5.81,4.12
2016.07.22 13:57:21.165,1.10103,1.10104,1.87,4.31
2016.07.22 13:57:21.217,1.10101,1.10102,2.81,1.00
2016.07.22 13:57:21.268,1.10101,1.10102,1.87,1.00
2016.07.22 13:57:21.319,1.10101,1.10102,1.87,1.50
2016.07.22 13:57:21.371,1.10101,1.10102,1.12,1.50
2016.07.22 13:57:21.422,1.10101,1.10102,1.12,1.00
2016.07.22 13:57:21.474,1.10101,1.10102,1.12,1.00
2016.07.22 13:57:21.526,1.10101,1.10102,1.12,1.50
2016.07.22 13:57:21.672,1.10101,1.10102,2.62,1.50
2016.07.22 13:57:21.724,1.10102,1.10103,1.00,1.20
2016.07.22 13:57:21.775,1.10102,1.10103,1.00,1.12
2016.07.22 13:57:21.826,1.10101,1.10103,2.62,1.00
2016.07.22 13:57:21.877,1.10101,1.10103,1.87,1.00
2016.07.22 13:57:21.928,1.10102,1.10103,1.50,1.00
2016.07.22 13:57:22.031,1.10102,1.10103,2.25,1.18
2016.07.22 13:57:22.336,1.10103,1.10104,1.87,1.00
2016.07.22 13:57:22.438,1.10105,1.10106,1.00,1.00
2016.07.22 13:57:22.533,1.10105,1.10106,1.00,2.25
2016.07.22 13:57:22.636,1.10104,1.10105,2.25,1.00
2016.07.22 13:57:22.740,1.10104,1.10105,3.00,1.00
2016.07.22 13:57:22.842,1.10103,1.10105,3.75,2.12
2016.07.22 13:57:22.951,1.10103,1.10105,3.75,1.00
2016.07.22 13:57:23.053,1.10104,1.10105,2.25,1.50
2016.07.22 13:57:23.154,1.10104,1.10105,3.00,1.50
2016.07.22 13:57:23.358,1.10104,1.10105,2.25,1.87
2016.07.22 13:57:23.486,1.10104,1.10106,1.00,6.56
2016.07.22 13:57:23.538,1.10103,1.10105,2.25,1.31
2016.07.22 13:57:24.260,1.10103,1.10105,2.25,1.69
2016.07.22 13:57:24.413,1.10102,1.10104,3.26,1.00
2016.07.22 13:57:24.464,1.10103,1.10104,2.25,1.00
2016.07.22 13:57:24.958,1.10102,1.10104,3.26,1.00
2016.07.22 13:57:25.060,1.10102,1.10104,4.76,1.00
2016.07.22 13:57:25.621,1.10103,1.10104,1.00,1.00
2016.07.22 13:57:25.803,1.10102,1.10104,3.45,1.00
2016.07.22 13:57:25.860,1.10103,1.10104,1.00,1.00
2016.07.22 13:57:26.217,1.10103,1.10104,1.00,1.50
2016.07.22 13:57:26.268,1.10103,1.10104,1.00,3.00
2016.07.22 13:57:26.319,1.10101,1.10104,3.00,4.87
2016.07.22 13:57:26.371,1.10102,1.10103,1.00,1.00
2016.07.22 13:57:26.815,1.10102,1.10104,1.00,6.37
2016.07.22 13:57:26.867,1.10102,1.10104,1.50,4.50
2016.07.22 13:57:26.919,1.10103,1.10104,1.00,1.87
2016.07.22 13:57:26.970,1.10104,1.10105,1.00,2.25
2016.07.22 13:57:27.022,1.10104,1.10105,1.00,1.00
2016.07.22 13:57:27.073,1.10104,1.10106,2.25,1.00
2016.07.22 13:57:27.125,1.10104,1.10106,2.62,1.00
2016.07.22 13:57:27.176,1.10105,1.10106,1.00,1.00
2016.07.22 13:57:27.329,1.10104,1.10106,2.25,1.00
2016.07.22 13:57:27.382,1.10104,1.10105,2.25,1.12
2016.07.22 13:57:27.507,1.10104,1.10105,1.50,1.12
2016.07.22 13:57:27.558,1.10104,1.10105,1.00,1.87
2016.07.22 13:57:27.662,1.10104,1.10105,1.00,1.12
2016.07.22 13:57:27.967,1.10104,1.10105,1.00,1.00
2016.07.22 13:57:28.069,1.10104,1.10105,1.00,1.50
2016.07.22 13:57:28.120,1.10103,1.10105,5.44,1.50
2016.07.22 13:57:28.178,1.10103,1.10105,5.44,2.25
2016.07.22 13:57:28.229,1.10103,1.10105,4.69,3.37
2016.07.22 13:57:28.281,1.10103,1.10105,3.19,3.37
2016.07.22 13:57:28.332,1.10103,1.10105,2.44,3.00
2016.07.22 13:57:28.554,1.10102,1.10104,8.32,1.00
2016.07.22 13:57:28.659,1.10102,1.10104,8.70,1.00
2016.07.22 13:57:28.867,1.10102,1.10104,9.45,1.00
2016.07.22 13:57:28.969,1.10102,1.10104,8.32,1.00
2016.07.22 13:57:29.020,1.10104,1.10105,1.00,1.50
2016.07.22 13:57:29.072,1.10104,1.10106,1.69,1.00
2016.07.22 13:57:29.123,1.10103,1.10105,6.56,1.00
2016.07.22 13:57:29.174,1.10104,1.10105,2.25,1.00
2016.07.22 13:57:30.161,1.10104,1.10106,1.50,1.00
2016.07.22 13:57:30.212,1.10104,1.10106,2.25,1.00
2016.07.22 13:57:30.312,1.10104,1.10106,3.00,1.00
2016.07.22 13:57:30.363,1.10104,1.10106,4.16,1.00
2016.07.22 13:57:30.465,1.10104,1.10106,6.41,1.00
2016.07.22 13:57:30.567,1.10104,1.10106,3.94,1.00
2016.07.22 13:57:30.618,1.10104,1.10106,3.19,1.69
2016.07.22 13:57:30.670,1.10104,1.10106,3.00,3.19
2016.07.22 13:57:30.721,1.10104,1.10106,1.50,3.00
2016.07.22 13:57:30.774,1.10104,1.10106,1.50,1.00
2016.07.22 13:57:30.876,1.10104,1.10106,1.50,1.50
2016.07.22 13:57:31.171,1.10104,1.10106,2.44,1.50
2016.07.22 13:57:31.222,1.10104,1.10106,3.19,1.50
2016.07.22 13:57:31.529,1.10104,1.10106,3.79,1.50
2016.07.22 13:57:31.784,1.10104,1.10106,2.85,1.00
2016.07.22 13:57:31.947,1.10104,1.10106,3.79,1.50
2016.07.22 13:57:31.998,1.10105,1.10106,1.00,1.50
2016.07.22 13:57:32.101,1.10106,1.10107,1.00,1.50
2016.07.22 13:57:32.152,1.10106,1.10107,1.00,1.00
2016.07.22 13:57:32.203,1.10107,1.10108,1.00,1.88
2016.07.22 13:57:32.255,1.10106,1.10108,3.00,1.10
2016.07.22 13:57:32.306,1.10107,1.10109,5.10,3.37
2016.07.22 13:57:32.357,1.10108,1.1011,1.50,1.99
2016.07.22 13:57:32.409,1.10108,1.1011,1.00,1.99
2016.07.22 13:57:32.562,1.10108,1.1011,1.00,1.69
2016.07.22 13:57:32.748,1.10108,1.10109,1.50,1.00
2016.07.22 13:57:32.800,1.10108,1.10109,1.00,1.00
2016.07.22 13:57:32.851,1.10107,1.10109,6.82,1.00
2016.07.22 13:57:33.107,1.10107,1.10109,4.57,1.00
2016.07.22 13:57:33.209,1.10107,1.10109,6.82,1.00
2016.07.22 13:57:33.260,1.10107,1.10109,6.07,1.00
2016.07.22 13:57:33.362,1.10107,1.10109,3.82,1.00
2016.07.22 13:57:33.464,1.10107,1.10109,3.82,1.12
2016.07.22 13:57:33.566,1.10107,1.10109,3.82,1.00
2016.07.22 13:57:33.912,1.10107,1.10109,4.57,1.00
2016.07.22 13:57:33.964,1.10109,1.1011,1.00,1.69
2016.07.22 13:57:34.015,1.10109,1.1011,4.54,1.50
2016.07.22 13:57:34.067,1.1011,1.10111,3.37,1.50
2016.07.22 13:57:34.119,1.1011,1.10112,4.72,1.00
2016.07.22 13:57:34.170,1.1011,1.10112,6.97,2.25
2016.07.22 13:57:34.273,1.10111,1.10112,1.00,2.25
2016.07.22 13:57:34.376,1.10111,1.10112,1.50,1.00
2016.07.22 13:57:34.427,1.1011,1.10112,6.41,1.00
2016.07.22 13:57:34.579,1.10111,1.10112,1.50,1.00
2016.07.22 13:57:35.450,1.1011,1.10112,8.66,1.00
2016.07.22 13:57:35.554,1.10111,1.10112,1.50,1.00
2016.07.22 13:57:35.707,1.1011,1.10112,7.54,1.00
2016.07.22 13:57:35.759,1.1011,1.10112,8.47,1.00
2016.07.22 13:57:35.810,1.10111,1.10112,1.50,1.00
2016.07.22 13:57:36.115,1.10111,1.10112,2.25,1.00
2016.07.22 13:57:36.319,1.10111,1.10112,1.50,1.00
2016.07.22 13:57:37.879,1.10111,1.10112,1.50,1.12
2016.07.22 13:57:38.144,1.10111,1.10112,2.25,1.12
2016.07.22 13:57:38.196,1.10111,1.10112,2.25,1.00
2016.07.22 13:57:38.250,1.10111,1.10112,3.00,1.00
2016.07.22 13:57:38.556,1.10111,1.10113,3.00,1.50
2016.07.22 13:57:38.607,1.10111,1.10113,3.00,1.00
2016.07.22 13:57:38.987,1.10111,1.10113,3.22,1.00
2016.07.22 13:57:39.039,1.10112,1.10114,4.35,2.25
2016.07.22 13:57:39.090,1.10112,1.10114,12.79,1.00
2016.07.22 13:57:39.141,1.10113,1.10114,3.07,1.00
2016.07.22 13:57:39.193,1.10113,1.10115,3.82,1.00
2016.07.22 13:57:39.244,1.10113,1.10115,4.57,1.00
2016.07.22 13:57:39.295,1.10113,1.10115,5.51,1.00
2016.07.22 13:57:39.398,1.10113,1.10115,3.82,1.00
2016.07.22 13:57:39.586,1.10114,1.10115,1.00,1.00
2016.07.22 13:57:40.821,1.10113,1.10115,3.07,1.00
2016.07.22 13:57:40.923,1.10114,1.10115,1.00,1.00
2016.07.22 13:57:40.974,1.10114,1.10116,2.25,3.00
2016.07.22 13:57:41.026,1.10114,1.10116,2.25,2.25
2016.07.22 13:57:41.078,1.10114,1.10116,3.75,1.50
2016.07.22 13:57:41.129,1.10115,1.10116,1.50,1.00
2016.07.22 13:57:41.180,1.10115,1.10117,3.00,1.00
2016.07.22 13:57:41.231,1.10115,1.10117,3.94,1.00
2016.07.22 13:57:41.283,1.10115,1.10117,4.12,1.00
2016.07.22 13:57:41.385,1.10115,1.10117,4.31,1.00
2016.07.22 13:57:41.772,1.10116,1.10117,1.00,1.50
2016.07.22 13:57:41.823,1.10116,1.10117,1.00,1.09
2016.07.22 13:57:41.874,1.10116,1.10117,1.50,1.09
2016.07.22 13:57:41.925,1.10116,1.10117,1.50,1.50
2016.07.22 13:57:41.976,1.10115,1.10117,4.76,1.00
2016.07.22 13:57:42.027,1.10115,1.10117,5.32,1.00
2016.07.22 13:57:42.079,1.10115,1.10117,6.45,1.00
2016.07.22 13:57:42.130,1.10115,1.10117,6.07,1.00
2016.07.22 13:57:42.182,1.10115,1.10117,5.89,1.00
2016.07.22 13:57:42.278,1.10115,1.10117,5.14,1.00
2016.07.22 13:57:42.331,1.10115,1.10117,5.32,1.00
2016.07.22 13:57:42.382,1.10116,1.10117,1.25,1.00
2016.07.22 13:57:42.737,1.10116,1.10118,1.69,1.50
2016.07.22 13:57:42.789,1.10116,1.10118,2.44,1.50
2016.07.22 13:57:42.840,1.10116,1.10118,3.19,1.00
2016.07.22 13:57:42.942,1.10115,1.10117,11.14,1.00
2016.07.22 13:57:42.993,1.10115,1.10117,10.01,1.00
2016.07.22 13:57:43.113,1.10117,1.10118,1.00,1.00
2016.07.22 13:57:43.164,1.10117,1.10118,1.50,1.00
2016.07.22 13:57:43.294,1.10117,1.10118,2.44,1.00
2016.07.22 13:57:43.345,1.10117,1.10119,3.56,1.00
2016.07.22 13:57:43.498,1.10119,1.1012,4.52,2.66
2016.07.22 13:57:43.549,1.10119,1.10121,6.99,7.46
2016.07.22 13:57:43.601,1.10121,1.10122,1.00,1.50
2016.07.22 13:57:43.652,1.10121,1.10122,1.50,1.87
2016.07.22 13:57:43.704,1.10121,1.10122,1.50,1.46
2016.07.22 13:57:43.755,1.1012,1.10122,3.94,1.46
2016.07.22 13:57:43.806,1.10119,1.10121,3.56,1.00
2016.07.22 13:57:43.857,1.10119,1.10121,2.81,1.00
2016.07.22 13:57:43.908,1.10119,1.10121,2.25,1.00
2016.07.22 13:57:43.959,1.10118,1.1012,8.14,1.00
2016.07.22 13:57:44.050,1.1012,1.10121,1.00,1.50
2016.07.22 13:57:44.101,1.1012,1.10121,3.00,1.84
2016.07.22 13:57:44.469,1.1012,1.10121,2.25,1.84
2016.07.22 13:57:44.571,1.1012,1.10121,3.00,1.84
2016.07.22 13:57:44.673,1.10119,1.10121,3.00,2.09
2016.07.22 13:57:44.724,1.1012,1.10121,3.00,1.84
2016.07.22 13:57:44.928,1.1012,1.10121,3.00,2.59
2016.07.22 13:57:45.180,1.1012,1.10121,3.00,1.84
2016.07.22 13:57:45.231,1.1012,1.10121,2.25,1.12
2016.07.22 13:57:45.333,1.1012,1.10121,3.00,1.87
2016.07.22 13:57:45.435,1.10118,1.1012,10.39,1.00
2016.07.22 13:57:45.486,1.10118,1.1012,8.89,1.00
2016.07.22 13:57:45.537,1.1012,1.10121,1.50,1.87
2016.07.22 13:57:45.589,1.10119,1.1012,1.00,1.00
2016.07.22 13:57:45.640,1.10118,1.1012,8.70,1.00
2016.07.22 13:57:45.742,1.10119,1.1012,1.00,1.00
2016.07.22 13:57:46.222,1.10117,1.1012,14.06,1.00
2016.07.22 13:57:46.303,1.10119,1.1012,1.00,1.00
2016.07.22 13:57:46.354,1.10119,1.10121,2.25,2.12
2016.07.22 13:57:46.405,1.1012,1.10121,1.00,2.25
2016.07.22 13:57:46.507,1.1012,1.10121,1.00,1.12
2016.07.22 13:57:46.622,1.1012,1.10121,1.00,1.87
2016.07.22 13:57:46.673,1.10119,1.1012,1.50,1.00
2016.07.22 13:57:46.724,1.10119,1.1012,1.00,1.00
2016.07.22 13:57:46.826,1.10119,1.1012,2.25,1.00
2016.07.22 13:57:46.877,1.10119,1.1012,3.00,1.00
2016.07.22 13:57:46.928,1.10119,1.10121,3.94,1.00
2016.07.22 13:57:46.980,1.1012,1.10121,1.00,1.50
2016.07.22 13:57:47.031,1.1012,1.10121,1.00,1.87
2016.07.22 13:57:47.082,1.1012,1.10121,1.00,2.06
2016.07.22 13:57:47.217,1.1012,1.10121,1.00,2.44
2016.07.22 13:57:47.320,1.10119,1.1012,3.19,1.00
2016.07.22 13:57:47.372,1.1012,1.10121,1.00,3.19
2016.07.22 13:57:47.475,1.10119,1.1012,3.94,1.00
2016.07.22 13:57:47.527,1.10119,1.1012,3.19,1.00
2016.07.22 13:57:47.578,1.10119,1.1012,2.44,1.00
2016.07.22 13:57:47.629,1.10119,1.1012,1.25,1.00
2016.07.22 13:57:47.731,1.10119,1.1012,2.44,1.00
2016.07.22 13:57:47.782,1.1012,1.10121,1.00,2.81
2016.07.22 13:57:47.884,1.10119,1.1012,3.19,1.00
2016.07.22 13:57:47.935,1.10119,1.1012,2.25,1.00
2016.07.22 13:57:47.986,1.10119,1.1012,1.50,1.00
2016.07.22 13:57:48.118,1.10119,1.1012,1.00,1.00
2016.07.22 13:57:48.226,1.10118,1.1012,7.20,1.00
2016.07.22 13:57:48.328,1.10119,1.1012,1.00,1.00
2016.07.22 13:57:48.839,1.10119,1.1012,1.50,1.00
2016.07.22 13:57:48.890,1.10119,1.1012,2.25,1.00
2016.07.22 13:57:48.992,1.10119,1.1012,1.50,1.00
2016.07.22 13:57:49.119,1.10119,1.1012,1.00,1.00
2016.07.22 13:57:49.535,1.10118,1.1012,7.12,1.00
2016.07.22 13:57:49.637,1.10119,1.1012,1.00,1.00
2016.07.22 13:57:49.739,1.10118,1.1012,7.12,1.00
2016.07.22 13:57:49.841,1.10119,1.1012,1.00,1.00
2016.07.22 13:57:50.068,1.10118,1.1012,7.12,1.00
2016.07.22 13:57:50.120,1.10118,1.1012,7.87,1.00
2016.07.22 13:57:50.171,1.10118,1.1012,8.62,1.00
2016.07.22 13:57:50.222,1.10119,1.1012,1.50,1.00
2016.07.22 13:57:50.484,1.10119,1.1012,1.50,1.00
2016.07.22 13:57:50.535,1.10119,1.1012,1.00,1.00
2016.07.22 13:57:50.637,1.10119,1.1012,1.00,1.87
2016.07.22 13:57:50.688,1.10117,1.10118,6.00,1.50
2016.07.22 13:57:50.739,1.10117,1.10118,3.00,2.25
2016.07.22 13:57:50.790,1.10116,1.10118,1.69,3.00
2016.07.22 13:57:50.841,1.10115,1.10118,4.57,2.62
2016.07.22 13:57:50.968,1.10116,1.10118,1.00,3.82
2016.07.22 13:57:51.022,1.10115,1.10116,2.25,1.00
2016.07.22 13:57:51.124,1.10115,1.10117,2.25,1.12
2016.07.22 13:57:51.738,1.10116,1.10117,1.00,1.00
2016.07.22 13:57:51.841,1.10116,1.10118,1.50,3.07
2016.07.22 13:57:51.892,1.10115,1.10117,4.50,1.00
2016.07.22 13:57:51.944,1.10115,1.10117,5.44,1.00
2016.07.22 13:57:51.996,1.10115,1.10117,6.37,1.00
2016.07.22 13:57:52.047,1.10116,1.10117,2.44,1.00
2016.07.22 13:57:52.251,1.10116,1.10117,2.25,1.00
2016.07.22 13:57:52.354,1.10116,1.10117,2.25,1.50
2016.07.22 13:57:52.923,1.10116,1.10117,1.50,1.50
2016.07.22 13:57:53.228,1.10115,1.10117,4.69,1.00
2016.07.22 13:57:53.425,1.10116,1.10117,1.50,1.50
2016.07.22 13:57:54.230,1.10115,1.10117,5.62,1.00
2016.07.22 13:57:54.332,1.10116,1.10117,1.00,1.00
2016.07.22 13:57:54.434,1.10115,1.10117,5.81,1.00
2016.07.22 13:57:54.638,1.10115,1.10117,4.87,1.00
2016.07.22 13:57:54.740,1.10115,1.10117,5.81,1.00
2016.07.22 13:57:54.792,1.10116,1.10117,1.00,1.00
2016.07.22 13:57:55.433,1.10116,1.10117,1.00,1.50
2016.07.22 13:57:55.950,1.10116,1.10117,1.00,1.87
2016.07.22 13:57:56.096,1.10115,1.10116,3.00,1.00
2016.07.22 13:57:56.200,1.10115,1.10116,2.25,1.00
2016.07.22 13:57:56.302,1.10115,1.10116,3.00,1.00
2016.07.22 13:57:56.404,1.10115,1.10116,2.25,1.00
2016.07.22 13:57:56.506,1.10115,1.10116,3.00,1.00
2016.07.22 13:57:56.659,1.10114,1.10116,9.45,1.00
2016.07.22 13:57:56.760,1.10115,1.10116,2.25,1.00
2016.07.22 13:57:56.811,1.10115,1.10116,3.00,1.00
2016.07.22 13:57:57.302,1.10115,1.10116,2.25,1.00
2016.07.22 13:57:57.404,1.10115,1.10116,3.00,1.00
2016.07.22 13:57:57.455,1.10114,1.10116,6.82,1.00
2016.07.22 13:57:57.506,1.10114,1.10116,6.07,1.00
2016.07.22 13:57:57.557,1.10115,1.10116,2.25,1.00
2016.07.22 13:57:57.609,1.10115,1.10116,3.00,1.00
2016.07.22 13:57:57.761,1.10114,1.10116,8.70,1.00
2016.07.22 13:57:57.863,1.10115,1.10116,3.00,1.00
2016.07.22 13:57:58.104,1.10115,1.10116,2.25,1.00
2016.07.22 13:57:58.206,1.10115,1.10116,3.00,1.00
2016.07.22 13:57:58.979,1.10114,1.10116,8.70,1.00
2016.07.22 13:57:59.070,1.10114,1.10116,7.95,1.00
2016.07.22 13:57:59.122,1.10115,1.10116,3.00,1.00
2016.07.22 13:57:59.355,1.10114,1.10116,7.95,1.00
2016.07.22 13:57:59.456,1.10115,1.10116,3.00,1.00
2016.07.22 13:57:59.864,1.10114,1.10116,7.95,1.00
2016.07.22 13:58:00.049,1.10115,1.10116,3.00,1.00
2016.07.22 13:58:00.100,1.10115,1.10116,2.25,1.00
2016.07.22 13:58:00.151,1.10115,1.10116,1.50,1.00
2016.07.22 13:58:00.253,1.10115,1.10116,1.00,1.00
2016.07.22 13:58:00.304,1.10114,1.10116,7.20,1.00
2016.07.22 13:58:00.356,1.10114,1.10116,6.45,1.00
2016.07.22 13:58:00.838,1.10114,1.10116,5.70,1.00
2016.07.22 13:58:00.889,1.10114,1.10116,6.45,1.00
2016.07.22 13:58:01.042,1.10115,1.10116,1.50,1.00
2016.07.22 13:58:01.245,1.10115,1.10116,3.00,1.00
2016.07.22 13:58:01.296,1.10115,1.10116,3.00,1.12
2016.07.22 13:58:01.749,1.10115,1.10116,2.25,1.12
2016.07.22 13:58:01.851,1.10115,1.10116,3.00,1.12
2016.07.22 13:58:01.963,1.10115,1.10116,3.00,1.00
2016.07.22 13:58:02.014,1.10115,1.10116,2.25,1.00
2016.07.22 13:58:02.370,1.10115,1.10116,3.00,1.00
2016.07.22 13:58:02.421,1.10116,1.10117,1.00,1.12
2016.07.22 13:58:02.472,1.10116,1.10117,1.50,1.12
2016.07.22 13:58:02.523,1.10117,1.10119,1.00,6.17
2016.07.22 13:58:02.661,1.10119,1.1012,2.85,1.12
2016.07.22 13:58:02.712,1.1012,1.10121,1.00,2.25
2016.07.22 13:58:02.763,1.1012,1.10121,4.50,1.00
2016.07.22 13:58:02.865,1.1012,1.10121,7.12,1.00
2016.07.22 13:58:02.916,1.1012,1.10121,10.12,1.00
2016.07.22 13:58:02.967,1.10121,1.10123,1.50,1.00
2016.07.22 13:58:03.018,1.10121,1.10123,2.25,1.00
2016.07.22 13:58:03.120,1.1012,1.10122,12.56,1.00
2016.07.22 13:58:03.171,1.10121,1.10122,2.25,1.50
2016.07.22 13:58:03.223,1.10121,1.10122,2.25,1.00
2016.07.22 13:58:03.506,1.10121,1.10123,2.25,1.12
2016.07.22 13:58:03.558,1.10121,1.10123,1.00,1.00
2016.07.22 13:58:03.711,1.10122,1.10123,1.87,1.00
2016.07.22 13:58:03.762,1.10124,1.10125,2.10,4.57
2016.07.22 13:58:03.814,1.10125,1.10126,1.50,4.50
2016.07.22 13:58:03.865,1.10125,1.10126,4.50,1.00
2016.07.22 13:58:03.916,1.10126,1.10127,1.00,1.87
2016.07.22 13:58:03.968,1.10126,1.10127,1.50,1.87
2016.07.22 13:58:04.019,1.10126,1.10127,1.50,1.50
2016.07.22 13:58:04.237,1.10126,1.10127,1.00,1.00
2016.07.22 13:58:04.289,1.10126,1.10127,1.50,1.50
2016.07.22 13:58:04.341,1.10126,1.10127,2.25,1.50
2016.07.22 13:58:04.392,1.10126,1.10127,1.50,1.00
2016.07.22 13:58:04.597,1.10126,1.10127,2.25,1.50
2016.07.22 13:58:04.700,1.10126,1.10127,2.25,1.00
2016.07.22 13:58:04.802,1.10126,1.10127,1.50,1.00
2016.07.22 13:58:04.853,1.10126,1.10127,2.25,1.00
2016.07.22 13:58:05.093,1.10126,1.10127,1.50,1.00
2016.07.22 13:58:05.452,1.10126,1.10127,2.25,1.00
2016.07.22 13:58:05.656,1.10126,1.10127,1.50,1.50
2016.07.22 13:58:05.708,1.10126,1.10127,1.50,1.87
2016.07.22 13:58:05.760,1.10126,1.10127,2.25,1.87
2016.07.22 13:58:06.152,1.10126,1.10127,1.50,1.87
2016.07.22 13:58:06.203,1.10126,1.10127,1.00,1.87
2016.07.22 13:58:06.254,1.10126,1.10127,1.25,1.87
2016.07.22 13:58:06.355,1.10126,1.10127,1.00,1.87
2016.07.22 13:58:06.457,1.10125,1.10127,5.25,2.12
2016.07.22 13:58:06.508,1.10126,1.10127,1.00,1.50
2016.07.22 13:58:06.559,1.10126,1.10127,1.50,1.50
2016.07.22 13:58:06.612,1.10126,1.10127,1.87,1.50
2016.07.22 13:58:06.663,1.10126,1.10128,2.62,1.00
2016.07.22 13:58:06.826,1.10126,1.10127,3.37,1.00
2016.07.22 13:58:06.955,1.10124,1.10125,3.64,3.00
2016.07.22 13:58:07.006,1.10123,1.10125,6.37,2.50
2016.07.22 13:58:07.058,1.10124,1.10125,1.00,3.75
2016.07.22 13:58:07.110,1.10122,1.10123,4.50,1.00
2016.07.22 13:58:07.161,1.10122,1.10123,2.25,1.00
2016.07.22 13:58:07.212,1.10122,1.10123,1.50,1.00
2016.07.22 13:58:07.263,1.10122,1.10123,2.25,1.00
2016.07.22 13:58:07.314,1.10122,1.10123,1.50,1.00
2016.07.22 13:58:07.365,1.10122,1.10123,1.00,1.00
2016.07.22 13:58:07.467,1.10121,1.10123,2.25,1.00
2016.07.22 13:58:07.569,1.10121,1.10122,2.25,1.00
2016.07.22 13:58:07.936,1.10121,1.10122,3.00,1.00
2016.07.22 13:58:07.987,1.10121,1.10123,2.25,1.00
2016.07.22 13:58:08.090,1.10121,1.10122,3.00,1.00
2016.07.22 13:58:08.397,1.10121,1.10123,2.25,1.50
2016.07.22 13:58:08.499,1.10121,1.10122,3.00,1.00
2016.07.22 13:58:08.804,1.10121,1.10123,3.00,1.50
2016.07.22 13:58:08.958,1.10121,1.10122,2.25,1.00
2016.07.22 13:58:09.010,1.10121,1.10122,1.00,1.50
2016.07.22 13:58:09.113,1.10121,1.10122,1.50,1.50
2016.07.22 13:58:09.502,1.1012,1.10121,3.00,3.75
2016.07.22 13:58:09.554,1.10121,1.10122,1.00,4.87
2016.07.22 13:58:09.604,1.10121,1.10122,1.00,4.12
2016.07.22 13:58:09.656,1.10121,1.10122,1.00,3.75
2016.07.22 13:58:09.707,1.1012,1.10121,4.50,1.50
2016.07.22 13:58:09.758,1.1012,1.10121,4.50,1.87
2016.07.22 13:58:09.860,1.1012,1.10121,4.50,2.25
2016.07.22 13:58:09.962,1.10121,1.10122,1.00,3.75
2016.07.22 13:58:10.014,1.1012,1.10121,4.50,1.50
2016.07.22 13:58:10.065,1.10121,1.10122,1.00,4.50
2016.07.22 13:58:10.116,1.1012,1.10121,4.50,1.87
2016.07.22 13:58:10.467,1.1012,1.10121,3.75,1.87
2016.07.22 13:58:10.518,1.1012,1.10121,3.75,5.62
2016.07.22 13:58:10.569,1.10118,1.10119,3.45,1.50
2016.07.22 13:58:10.620,1.10118,1.10119,1.50,1.50
2016.07.22 13:58:10.671,1.10118,1.10119,1.00,1.50
2016.07.22 13:58:10.722,1.10117,1.10119,5.32,1.87
2016.07.22 13:58:10.773,1.10115,1.10117,15.75,1.00
2016.07.22 13:58:10.825,1.10116,1.10117,2.14,1.50
2016.07.22 13:58:10.876,1.10116,1.10117,4.01,1.50
2016.07.22 13:58:10.927,1.10116,1.10117,3.94,1.50
2016.07.22 13:58:10.978,1.10116,1.10117,3.19,1.50
2016.07.22 13:58:11.086,1.10117,1.10118,1.00,1.50
2016.07.22 13:58:11.138,1.10116,1.10118,2.25,1.00
2016.07.22 13:58:11.190,1.10116,1.10118,4.50,1.00
2016.07.22 13:58:11.292,1.10117,1.10118,1.50,1.00
2016.07.22 13:58:11.394,1.10117,1.10118,1.69,1.00
2016.07.22 13:58:11.715,1.10117,1.10118,1.00,1.00
2016.07.22 13:58:11.817,1.10117,1.10118,1.50,1.00
2016.07.22 13:58:11.905,1.10117,1.10118,1.69,1.00
2016.07.22 13:58:11.956,1.10117,1.10118,3.19,1.00
2016.07.22 13:58:12.211,1.10117,1.10118,3.00,1.00
2016.07.22 13:58:12.416,1.10117,1.10118,1.50,1.00
2016.07.22 13:58:12.468,1.10117,1.10118,1.00,1.00
2016.07.22 13:58:12.519,1.10117,1.10118,1.50,1.00
2016.07.22 13:58:12.570,1.10116,1.10118,7.39,1.00
2016.07.22 13:58:12.621,1.10116,1.10118,7.20,1.00
2016.07.22 13:58:12.672,1.10116,1.10118,7.95,1.00
2016.07.22 13:58:12.803,1.10118,1.10119,1.00,2.44
2016.07.22 13:58:12.855,1.10118,1.10119,1.00,2.06
2016.07.22 13:58:12.906,1.10118,1.10119,1.50,2.06
2016.07.22 13:58:12.957,1.10118,1.10119,1.00,2.06
2016.07.22 13:58:13.009,1.10117,1.10118,3.19,1.00
2016.07.22 13:58:13.060,1.10117,1.10119,3.19,2.06
2016.07.22 13:58:13.111,1.10117,1.10119,3.75,2.06
2016.07.22 13:58:13.162,1.10118,1.10119,1.00,3.94
2016.07.22 13:58:13.267,1.10117,1.10119,3.00,2.81
2016.07.22 13:58:13.321,1.10117,1.10119,2.25,6.19
2016.07.22 13:58:13.373,1.10117,1.10118,1.50,1.87
2016.07.22 13:58:13.425,1.10116,1.10117,2.32,1.50
2016.07.22 13:58:13.477,1.10116,1.10117,2.25,1.50
2016.07.22 13:58:13.528,1.10115,1.10117,3.00,1.00
2016.07.22 13:58:14.201,1.10115,1.10117,3.75,1.00
2016.07.22 13:58:14.252,1.10115,1.10117,4.50,1.00
2016.07.22 13:58:14.304,1.10115,1.10117,3.94,1.00
2016.07.22 13:58:14.355,1.10115,1.10117,3.19,1.00
2016.07.22 13:58:14.406,1.10116,1.10117,2.25,1.00
2016.07.22 13:58:14.458,1.10114,1.10116,12.45,1.12
2016.07.22 13:58:14.509,1.10115,1.10116,2.25,1.50
2016.07.22 13:58:14.615,1.10115,1.10116,1.50,1.12
2016.07.22 13:58:14.667,1.10115,1.10116,3.00,1.13
2016.07.22 13:58:14.718,1.10115,1.10116,3.75,1.88
2016.07.22 13:58:14.769,1.10115,1.10116,3.75,1.87
2016.07.22 13:58:14.871,1.10115,1.10116,3.75,1.50
2016.07.22 13:58:14.973,1.10115,1.10116,3.75,1.87
2016.07.22 13:58:15.075,1.10115,1.10116,3.75,2.62
2016.07.22 13:58:15.338,1.10115,1.10116,3.75,2.25
2016.07.22 13:58:15.491,1.10115,1.10116,3.75,1.50
2016.07.22 13:58:15.898,1.10115,1.10116,3.00,1.00
2016.07.22 13:58:16.000,1.10115,1.10116,3.75,1.50
2016.07.22 13:58:16.356,1.10115,1.10116,3.00,1.50
2016.07.22 13:58:16.496,1.10115,1.10116,3.75,1.50
2016.07.22 13:58:16.852,1.10115,1.10116,4.50,1.50
2016.07.22 13:58:16.903,1.10115,1.10116,5.25,1.50
2016.07.22 13:58:16.955,1.10115,1.10116,4.50,1.50
2016.07.22 13:58:17.006,1.10115,1.10116,3.75,1.00
2016.07.22 13:58:17.057,1.10115,1.10116,4.50,1.00
2016.07.22 13:58:17.108,1.10115,1.10116,3.75,1.00
2016.07.22 13:58:17.210,1.10115,1.10116,5.25,1.00
2016.07.22 13:58:17.312,1.10115,1.10116,4.50,1.00
2016.07.22 13:58:17.414,1.10115,1.10116,5.25,1.00
2016.07.22 13:58:17.466,1.10115,1.10116,4.50,1.00
2016.07.22 13:58:17.564,1.10115,1.10116,4.50,1.50
2016.07.22 13:58:17.615,1.10115,1.10116,5.25,1.50
2016.07.22 13:58:18.179,1.10115,1.10117,4.75,6.37
2016.07.22 13:58:18.230,1.10115,1.10116,3.75,1.50
2016.07.22 13:58:18.282,1.10115,1.10116,1.50,2.25
2016.07.22 13:58:18.333,1.10114,1.10116,5.25,1.87
2016.07.22 13:58:18.385,1.10114,1.10116,4.87,1.12
2016.07.22 13:58:18.438,1.10114,1.10116,3.75,2.62
2016.07.22 13:58:18.519,1.10114,1.10115,3.75,1.00
2016.07.22 13:58:18.570,1.10114,1.10115,1.12,3.00
2016.07.22 13:58:18.621,1.10114,1.10115,1.87,3.00
2016.07.22 13:58:18.672,1.10114,1.10116,2.87,3.56
2016.07.22 13:58:18.723,1.10115,1.10116,1.50,3.56
2016.07.22 13:58:18.775,1.10115,1.10116,2.25,3.56
2016.07.22 13:58:18.826,1.10115,1.10116,1.50,7.31
2016.07.22 13:58:18.877,1.10113,1.10115,3.37,1.00
2016.07.22 13:58:18.928,1.10114,1.10115,2.25,2.62
2016.07.22 13:58:18.979,1.10114,1.10115,2.25,3.37
2016.07.22 13:58:19.031,1.10114,1.10115,2.25,3.00
2016.07.22 13:58:19.384,1.10112,1.10114,5.32,2.12
2016.07.22 13:58:19.436,1.10112,1.10113,4.50,1.50
2016.07.22 13:58:19.538,1.10112,1.10113,4.50,1.00
2016.07.22 13:58:19.792,1.10112,1.10113,3.75,1.00
2016.07.22 13:58:19.844,1.10111,1.10113,8.32,1.00
2016.07.22 13:58:19.895,1.10111,1.10113,6.07,1.50
2016.07.22 13:58:19.997,1.10111,1.10113,4.50,3.25
2016.07.22 13:58:20.049,1.10111,1.10113,4.50,3.00
2016.07.22 13:58:20.169,1.10111,1.10113,4.50,1.50
2016.07.22 13:58:20.222,1.10112,1.10113,1.12,1.50
2016.07.22 13:58:20.273,1.10112,1.10113,1.12,1.00
2016.07.22 13:58:20.324,1.10112,1.10114,1.87,1.00
2016.07.22 13:58:20.427,1.10112,1.10114,2.62,1.00
2016.07.22 13:58:20.479,1.10112,1.10113,1.87,1.12
2016.07.22 13:58:20.530,1.10111,1.10113,3.37,1.87
2016.07.22 13:58:20.583,1.10111,1.10113,4.50,2.25
2016.07.22 13:58:20.635,1.10111,1.10113,3.75,1.87
2016.07.22 13:58:20.688,1.10111,1.10113,2.25,1.00
2016.07.22 13:58:20.931,1.10111,1.10112,1.12,1.00
2016.07.22 13:58:20.982,1.1011,1.10111,4.57,1.00
2016.07.22 13:58:21.033,1.1011,1.10111,6.07,1.00
2016.07.22 13:58:21.084,1.1011,1.10111,6.00,1.00
2016.07.22 13:58:21.135,1.1011,1.10111,5.25,1.00
2016.07.22 13:58:21.186,1.1011,1.10111,4.50,1.00
2016.07.22 13:58:21.237,1.1011,1.10111,3.75,1.00
2016.07.22 13:58:21.338,1.10111,1.10112,1.50,1.57
2016.07.22 13:58:21.390,1.10111,1.10113,1.50,5.25
2016.07.22 13:58:21.441,1.10112,1.10113,2.25,3.00
2016.07.22 13:58:21.492,1.10112,1.10114,1.00,2.63
2016.07.22 13:58:21.543,1.10112,1.10114,1.00,2.62
2016.07.22 13:58:21.647,1.10113,1.10114,1.00,1.50
2016.07.22 13:58:21.698,1.10113,1.10114,1.00,1.00
2016.07.22 13:58:21.750,1.10113,1.10115,3.97,3.00
2016.07.22 13:58:21.802,1.10114,1.10115,1.00,1.00
2016.07.22 13:58:21.854,1.10114,1.10116,1.50,1.12
2016.07.22 13:58:21.906,1.10115,1.10116,2.25,1.12
2016.07.22 13:58:21.958,1.10115,1.10116,2.25,1.00
2016.07.22 13:58:22.009,1.10115,1.10116,3.75,1.00
2016.07.22 13:58:22.111,1.10115,1.10116,2.62,1.00
2016.07.22 13:58:22.265,1.10115,1.10116,3.37,1.00
2016.07.22 13:58:22.418,1.10115,1.10117,2.25,1.00
2016.07.22 13:58:22.554,1.10115,1.10116,3.00,1.00
2016.07.22 13:58:22.808,1.10115,1.10116,2.25,1.00
2016.07.22 13:58:22.859,1.10115,1.10116,2.25,1.12
2016.07.22 13:58:22.910,1.10115,1.10116,3.00,1.12
2016.07.22 13:58:23.216,1.10115,1.10116,2.25,1.12
2016.07.22 13:58:23.267,1.10115,1.10116,1.50,1.12
2016.07.22 13:58:23.318,1.10115,1.10116,2.25,1.12
2016.07.22 13:58:23.369,1.10115,1.10116,3.00,1.12
2016.07.22 13:58:23.420,1.10115,1.10116,2.25,1.12
2016.07.22 13:58:23.521,1.10115,1.10116,3.00,1.12
2016.07.22 13:58:23.891,1.10114,1.10116,5.10,1.00
2016.07.22 13:58:23.943,1.10115,1.10116,1.69,1.00
2016.07.22 13:58:23.994,1.10115,1.10117,2.81,1.50
2016.07.22 13:58:24.045,1.10116,1.10118,1.00,3.37
2016.07.22 13:58:24.097,1.10116,1.10118,1.00,2.25
2016.07.22 13:58:24.148,1.10116,1.10118,1.25,1.50
2016.07.22 13:58:24.309,1.10116,1.10118,1.00,2.62
2016.07.22 13:58:24.413,1.10116,1.10117,1.25,1.00
2016.07.22 13:58:24.464,1.10116,1.10117,1.25,1.50
2016.07.22 13:58:24.515,1.10116,1.10117,1.25,1.50
2016.07.22 13:58:24.567,1.10115,1.10117,4.31,1.50
2016.07.22 13:58:24.669,1.10115,1.10117,5.81,1.50
2016.07.22 13:58:24.721,1.10115,1.10117,4.12,1.50
2016.07.22 13:58:24.772,1.10115,1.10117,5.62,1.50
2016.07.22 13:58:24.824,1.10115,1.10117,4.87,1.50
2016.07.22 13:58:24.875,1.10114,1.10116,12.86,1.00
2016.07.22 13:58:24.926,1.10115,1.10116,4.87,1.00
2016.07.22 13:58:25.028,1.10115,1.10116,5.62,1.00
2016.07.22 13:58:25.232,1.10115,1.10116,4.12,1.00
2016.07.22 13:58:25.436,1.10115,1.10116,5.62,1.00
2016.07.22 13:58:26.130,1.10115,1.10116,5.25,1.00
2016.07.22 13:58:26.181,1.10115,1.10116,5.25,1.12
2016.07.22 13:58:26.232,1.10115,1.10116,3.75,1.12
2016.07.22 13:58:26.283,1.10115,1.10116,3.00,1.12
2016.07.22 13:58:26.334,1.10115,1.10116,1.50,1.12
2016.07.22 13:58:26.435,1.10115,1.10116,2.25,1.12
2016.07.22 13:58:26.486,1.10115,1.10116,1.50,1.12
2016.07.22 13:58:26.588,1.10115,1.10116,2.25,1.12
2016.07.22 13:58:26.639,1.10114,1.10116,5.62,4.69
2016.07.22 13:58:26.690,1.10113,1.10114,7.39,2.62
2016.07.22 13:58:26.798,1.1011,1.10112,25.87,1.00
2016.07.22 13:58:26.850,1.10111,1.10113,3.47,5.06
2016.07.22 13:58:26.902,1.1011,1.10112,4.84,1.31
2016.07.22 13:58:26.953,1.10108,1.1011,5.62,1.00
2016.07.22 13:58:27.004,1.10108,1.1011,4.57,1.00
2016.07.22 13:58:27.057,1.10109,1.1011,1.50,1.12
2016.07.22 13:58:27.161,1.10109,1.1011,1.00,1.50
2016.07.22 13:58:27.263,1.10109,1.1011,1.50,1.50
2016.07.22 13:58:27.314,1.10109,1.1011,1.00,1.50
2016.07.22 13:58:27.417,1.10108,1.1011,1.12,1.50
2016.07.22 13:58:27.670,1.10108,1.1011,1.12,1.00
2016.07.22 13:58:27.721,1.10107,1.1011,7.54,1.00
2016.07.22 13:58:27.773,1.10107,1.1011,7.54,1.50
2016.07.22 13:58:28.615,1.10107,1.1011,7.16,1.50
2016.07.22 13:58:28.718,1.10107,1.1011,5.85,1.50
2016.07.22 13:58:28.820,1.10107,1.1011,5.10,1.50
2016.07.22 13:58:28.923,1.10107,1.1011,5.85,1.50
2016.07.22 13:58:29.025,1.10108,1.1011,1.00,2.25
2016.07.22 13:58:29.077,1.10108,1.10109,1.00,1.00
2016.07.22 13:58:29.128,1.10107,1.10109,6.60,1.00
2016.07.22 13:58:29.180,1.10107,1.1011,6.60,2.25
2016.07.22 13:58:30.081,1.10107,1.1011,5.85,2.25
2016.07.22 13:58:30.182,1.10107,1.1011,5.85,1.50
2016.07.22 13:58:30.233,1.10107,1.1011,2.85,1.00
2016.07.22 13:58:30.335,1.10108,1.1011,1.35,1.00
2016.07.22 13:58:30.437,1.10108,1.1011,2.85,1.00
2016.07.22 13:58:30.539,1.10109,1.1011,1.00,1.12
2016.07.22 13:58:30.641,1.10109,1.1011,1.00,1.00
2016.07.22 13:58:30.950,1.10109,1.1011,1.00,1.50
2016.07.22 13:58:31.765,1.10109,1.1011,1.00,1.12
2016.07.22 13:58:31.816,1.10109,1.1011,1.50,1.12
2016.07.22 13:58:31.867,1.10109,1.10111,1.50,1.69
2016.07.22 13:58:32.100,1.10109,1.10111,1.50,1.50
2016.07.22 13:58:32.203,1.10109,1.10111,1.50,1.00
2016.07.22 13:58:32.255,1.10109,1.10112,1.50,4.31
2016.07.22 13:58:32.458,1.10109,1.10112,1.50,4.69
2016.07.22 13:58:32.663,1.10109,1.10111,1.50,1.00
2016.07.22 13:58:32.766,1.10108,1.1011,4.57,1.00
2016.07.22 13:58:32.817,1.10108,1.10109,3.45,2.62
2016.07.22 13:58:32.868,1.10108,1.10109,1.00,4.88
2016.07.22 13:58:32.919,1.10107,1.10109,2.50,7.50
2016.07.22 13:58:33.047,1.10106,1.10107,1.00,1.00
2016.07.22 13:58:33.098,1.10105,1.10107,4.12,1.00
2016.07.22 13:58:33.251,1.10105,1.10106,3.37,1.00
2016.07.22 13:58:33.310,1.10105,1.10106,1.12,1.00
2016.07.22 13:58:33.362,1.10104,1.10106,3.00,1.00
2016.07.22 13:58:33.413,1.10104,1.10106,2.25,1.00
2016.07.22 13:58:33.464,1.10104,1.10106,3.00,1.00
2016.07.22 13:58:33.668,1.10104,1.10106,3.75,1.00
2016.07.22 13:58:33.719,1.10104,1.10106,3.00,1.00
2016.07.22 13:58:34.000,1.10107,1.10108,1.50,6.26
2016.07.22 13:58:34.052,1.10108,1.10109,2.25,3.00
2016.07.22 13:58:34.103,1.10109,1.10111,1.00,8.62
2016.07.22 13:58:34.154,1.10107,1.1011,8.32,1.37
2016.07.22 13:58:34.205,1.1011,1.10111,1.00,1.12
2016.07.22 13:58:34.256,1.1011,1.10111,2.25,1.12
2016.07.22 13:58:34.307,1.1011,1.10112,2.25,1.00
2016.07.22 13:58:34.358,1.1011,1.10112,1.00,5.25
2016.07.22 13:58:34.409,1.10109,1.10112,1.87,6.00
2016.07.22 13:58:34.460,1.10108,1.10111,3.45,1.50
2016.07.22 13:58:34.511,1.10108,1.10111,3.45,1.87
2016.07.22 13:58:34.594,1.10108,1.10111,3.07,2.25
2016.07.22 13:58:34.645,1.10107,1.1011,6.37,1.50
2016.07.22 13:58:34.696,1.10107,1.1011,5.62,1.50
2016.07.22 13:58:34.747,1.10107,1.1011,6.97,2.25
2016.07.22 13:58:34.799,1.10108,1.1011,2.32,1.50
2016.07.22 13:58:34.850,1.10109,1.10111,3.00,1.12
2016.07.22 13:58:34.902,1.10109,1.10112,3.37,5.44
2016.07.22 13:58:34.955,1.10109,1.10112,3.37,6.37
2016.07.22 13:58:35.007,1.10109,1.10112,3.75,5.25
2016.07.22 13:58:35.058,1.10109,1.10112,2.25,6.37
2016.07.22 13:58:35.110,1.10109,1.10112,1.87,7.50
2016.07.22 13:58:35.161,1.10109,1.10112,1.87,6.75
2016.07.22 13:58:35.212,1.10109,1.10111,1.50,1.00
2016.07.22 13:58:35.811,1.10109,1.10112,1.87,3.94
2016.07.22 13:58:35.862,1.10109,1.10112,2.62,3.37
2016.07.22 13:58:35.913,1.10109,1.10112,3.00,3.00
2016.07.22 13:58:36.067,1.10109,1.10112,3.00,4.12
2016.07.22 13:58:36.118,1.10109,1.10111,2.62,1.00
2016.07.22 13:58:36.169,1.10109,1.10111,2.25,1.12
2016.07.22 13:58:36.220,1.10109,1.10111,2.25,1.87
2016.07.22 13:58:36.322,1.1011,1.10111,1.00,1.00
2016.07.22 13:58:36.449,1.10111,1.10112,1.35,2.62
2016.07.22 13:58:36.501,1.10111,1.10113,1.00,2.25
2016.07.22 13:58:36.553,1.10111,1.10113,1.50,2.25
2016.07.22 13:58:36.667,1.10111,1.10113,1.00,1.87
2016.07.22 13:58:36.718,1.10111,1.10113,1.00,2.62
2016.07.22 13:58:36.769,1.10108,1.10109,9.00,1.50
2016.07.22 13:58:36.820,1.10108,1.10109,5.62,2.25
2016.07.22 13:58:36.871,1.10107,1.10108,1.12,5.25
2016.07.22 13:58:36.923,1.10107,1.10108,1.12,5.25
2016.07.22 13:58:36.974,1.10107,1.10108,1.12,2.81
2016.07.22 13:58:37.076,1.10107,1.10108,1.12,1.87
2016.07.22 13:58:37.206,1.10106,1.10108,1.00,2.25
2016.07.22 13:58:37.257,1.10106,1.10108,1.00,2.44
2016.07.22 13:58:37.309,1.10106,1.10108,1.00,1.69
2016.07.22 13:58:37.360,1.10106,1.10108,1.50,1.00
2016.07.22 13:58:37.462,1.10106,1.10108,2.25,1.00
2016.07.22 13:58:37.564,1.10107,1.10108,1.00,1.12
2016.07.22 13:58:37.666,1.10107,1.10108,1.50,1.12
2016.07.22 13:58:37.870,1.10107,1.10108,1.00,1.12
2016.07.22 13:58:37.972,1.10107,1.10108,1.50,1.00
2016.07.22 13:58:38.250,1.10107,1.10108,1.50,1.12
2016.07.22 13:58:38.404,1.10107,1.10108,1.50,1.87
2016.07.22 13:58:38.455,1.10107,1.10108,1.00,1.87
2016.07.22 13:58:38.557,1.10107,1.10108,1.50,2.62
2016.07.22 13:58:38.761,1.10106,1.10108,1.00,3.37
2016.07.22 13:58:38.891,1.10105,1.10108,6.00,5.62
2016.07.22 13:58:38.944,1.10105,1.10108,2.25,4.50
2016.07.22 13:58:38.995,1.10105,1.10107,2.25,1.12
2016.07.22 13:58:39.149,1.10105,1.10106,2.25,1.00
2016.07.22 13:58:39.250,1.10105,1.10107,1.50,1.87
2016.07.22 13:58:39.353,1.10107,1.10109,2.50,7.76
2016.07.22 13:58:39.405,1.10108,1.10109,1.87,2.89
2016.07.22 13:58:39.456,1.10108,1.1011,6.60,1.00
2016.07.22 13:58:39.508,1.10108,1.10112,10.72,3.00
2016.07.22 13:58:39.560,1.10108,1.10112,9.60,3.19
2016.07.22 13:58:39.666,1.10108,1.10112,9.22,3.19
2016.07.22 13:58:39.717,1.1011,1.10112,3.75,1.31
2016.07.22 13:58:39.768,1.1011,1.10113,3.00,4.31
2016.07.22 13:58:39.819,1.1011,1.10113,3.00,3.00
2016.07.22 13:58:39.870,1.1011,1.10113,3.00,4.12
2016.07.22 13:58:39.921,1.1011,1.10113,2.25,5.62
2016.07.22 13:58:39.972,1.1011,1.10113,1.50,6.94
2016.07.22 13:58:40.023,1.1011,1.10113,1.00,6.94
2016.07.22 13:58:40.074,1.10109,1.10113,5.10,7.31
2016.07.22 13:58:40.328,1.10109,1.10113,5.10,8.06
2016.07.22 13:58:40.444,1.10109,1.10113,4.35,9.00
2016.07.22 13:58:40.495,1.10109,1.10112,4.35,1.12
2016.07.22 13:58:40.597,1.10109,1.10111,5.10,1.00
2016.07.22 13:58:40.698,1.10109,1.10112,5.10,1.12
2016.07.22 13:58:40.749,1.10109,1.10112,4.35,1.12
2016.07.22 13:58:40.851,1.10109,1.10112,4.50,1.12
2016.07.22 13:58:41.259,1.1011,1.10112,1.00,1.00
2016.07.22 13:58:41.310,1.10111,1.10112,1.12,1.00
2016.07.22 13:58:41.439,1.10111,1.10114,4.50,2.25
2016.07.22 13:58:41.491,1.10111,1.10114,7.46,1.12
2016.07.22 13:58:41.542,1.10113,1.10115,1.08,1.57
2016.07.22 13:58:41.594,1.10113,1.10115,3.00,1.47
2016.07.22 13:58:41.645,1.10114,1.10115,1.00,1.00
2016.07.22 13:58:41.696,1.10114,1.10115,2.25,1.00
2016.07.22 13:58:41.748,1.10114,1.10115,3.00,1.00
2016.07.22 13:58:41.799,1.10114,1.10117,3.75,3.45
2016.07.22 13:58:41.850,1.10114,1.10117,3.75,4.20
2016.07.22 13:58:41.901,1.10114,1.10116,3.00,1.50
2016.07.22 13:58:42.054,1.10114,1.10116,1.50,1.87
2016.07.22 13:58:42.105,1.10114,1.10116,1.00,1.50
2016.07.22 13:58:42.156,1.10114,1.10116,1.00,2.25
2016.07.22 13:58:42.207,1.10114,1.10116,1.00,1.87
2016.07.22 13:58:42.394,1.10114,1.10116,1.00,2.25
2016.07.22 13:58:42.750,1.10114,1.10116,1.00,3.00
2016.07.22 13:58:42.801,1.10113,1.10114,1.31,4.50
2016.07.22 13:58:42.852,1.10111,1.10113,12.94,3.56
2016.07.22 13:58:42.903,1.10112,1.10113,1.20,5.81
2016.07.22 13:58:42.954,1.10111,1.10113,1.12,9.00
2016.07.22 13:58:43.005,1.10109,1.10111,6.45,1.00
2016.07.22 13:58:43.056,1.10109,1.10111,4.87,1.00
2016.07.22 13:58:43.107,1.10109,1.1011,3.00,1.00
2016.07.22 13:58:43.240,1.10109,1.1011,2.25,1.00
2016.07.22 13:58:43.294,1.10109,1.1011,2.25,1.87
2016.07.22 13:58:43.397,1.1011,1.10112,1.00,6.08
2016.07.22 13:58:43.448,1.1011,1.10112,1.00,3.83
2016.07.22 13:58:43.500,1.10111,1.10112,1.50,1.58
2016.07.22 13:58:43.551,1.10111,1.10112,2.25,1.10
2016.07.22 13:58:43.603,1.10112,1.10113,1.12,1.00
2016.07.22 13:58:43.705,1.10112,1.10114,2.25,1.00
2016.07.22 13:58:43.807,1.10112,1.10115,3.00,5.70
2016.07.22 13:58:43.858,1.10112,1.10115,3.94,3.26
2016.07.22 13:58:43.909,1.10113,1.10114,1.00,1.00
2016.07.22 13:58:44.058,1.10113,1.10114,1.00,1.12
2016.07.22 13:58:44.162,1.10113,1.10114,1.00,1.00
2016.07.22 13:58:44.366,1.10113,1.10114,1.00,1.12
2016.07.22 13:58:44.468,1.10113,1.10114,1.00,1.00
2016.07.22 13:58:45.196,1.10113,1.10115,1.00,5.32
2016.07.22 13:58:45.298,1.10113,1.10114,1.00,1.00
2016.07.22 13:58:45.501,1.10113,1.10115,1.00,3.26
2016.07.22 13:58:45.705,1.10113,1.10115,1.00,2.89
2016.07.22 13:58:45.757,1.10113,1.10115,1.00,3.07
2016.07.22 13:58:45.808,1.10113,1.10115,1.00,3.82
2016.07.22 13:58:46.038,1.10113,1.10115,1.00,4.57
2016.07.22 13:58:46.160,1.10113,1.10115,1.00,3.82
2016.07.22 13:58:46.261,1.10113,1.10115,1.00,3.45
2016.07.22 13:58:46.312,1.10113,1.10115,1.00,2.51
2016.07.22 13:58:46.363,1.10113,1.10115,1.00,2.70
2016.07.22 13:58:46.414,1.10113,1.10115,1.00,2.89
2016.07.22 13:58:47.023,1.10113,1.10115,1.00,3.07
2016.07.22 13:58:47.239,1.10113,1.10115,1.00,3.26
2016.07.22 13:58:47.290,1.10113,1.10115,1.00,4.01
2016.07.22 13:58:47.443,1.10113,1.10115,1.00,4.20
2016.07.22 13:58:47.544,1.10113,1.10115,1.00,4.01
2016.07.22 13:58:47.728,1.10113,1.10115,1.00,3.64
2016.07.22 13:58:47.779,1.10113,1.10115,1.00,2.89
2016.07.22 13:58:47.881,1.10113,1.10115,1.50,2.89
2016.07.22 13:58:47.983,1.10113,1.10115,1.50,1.01
2016.07.22 13:58:48.034,1.10113,1.10115,1.50,1.10
2016.07.22 13:58:48.085,1.10113,1.10115,1.50,1.20
2016.07.22 13:58:48.136,1.10113,1.10115,1.50,1.39
2016.07.22 13:58:48.447,1.10113,1.10115,1.50,1.20
2016.07.22 13:58:48.498,1.10113,1.10115,1.50,1.10
2016.07.22 13:58:49.527,1.10113,1.10115,1.00,1.95
2016.07.22 13:58:49.578,1.10113,1.10115,1.00,4.95
2016.07.22 13:58:49.630,1.10113,1.10114,1.00,1.00
2016.07.22 13:58:49.681,1.10113,1.10114,1.00,1.50
2016.07.22 13:58:49.734,1.10113,1.10114,1.00,1.12
2016.07.22 13:58:49.888,1.10113,1.10115,1.00,6.82
2016.07.22 13:58:50.061,1.10113,1.10114,1.00,1.12
2016.07.22 13:58:50.418,1.10113,1.10115,1.00,5.70
2016.07.22 13:58:50.470,1.10113,1.10115,1.00,4.95
2016.07.22 13:58:50.521,1.10113,1.10114,1.00,1.00
2016.07.22 13:58:50.927,1.10113,1.10115,1.00,4.95
2016.07.22 13:58:51.228,1.10113,1.10114,1.00,1.00
2016.07.22 13:58:51.330,1.10112,1.10114,3.75,2.62
2016.07.22 13:58:51.381,1.10111,1.10113,7.87,1.00
2016.07.22 13:58:51.432,1.10112,1.10113,1.50,1.00
2016.07.22 13:58:51.483,1.10111,1.10113,4.50,1.00
2016.07.22 13:58:51.535,1.10111,1.10112,3.75,1.00
2016.07.22 13:58:51.688,1.10111,1.10113,4.12,1.00
2016.07.22 13:58:52.025,1.10111,1.10113,4.87,1.00
2016.07.22 13:58:52.182,1.10111,1.10114,4.12,1.00
2016.07.22 13:58:52.234,1.10111,1.10114,3.37,1.00
2016.07.22 13:58:52.285,1.10111,1.10113,3.75,1.00
2016.07.22 13:58:52.336,1.10111,1.10113,3.75,1.50
2016.07.22 13:58:52.387,1.10111,1.10112,3.75,1.00
2016.07.22 13:58:52.490,1.10111,1.10112,3.00,1.00
2016.07.22 13:58:52.682,1.1011,1.10112,6.75,1.00
2016.07.22 13:58:52.734,1.1011,1.10112,7.50,1.00
2016.07.22 13:58:52.888,1.10111,1.10112,1.00,1.00
2016.07.22 13:58:53.093,1.10112,1.10113,1.00,1.50
2016.07.22 13:58:53.144,1.10112,1.10114,4.60,3.07
2016.07.22 13:58:53.195,1.10113,1.10115,2.85,1.31
2016.07.22 13:58:53.247,1.10114,1.10115,2.10,1.50
2016.07.22 13:58:53.298,1.10115,1.10116,1.00,2.44
2016.07.22 13:58:53.390,1.10115,1.10116,1.50,1.69
2016.07.22 13:58:53.441,1.10115,1.10117,3.27,1.00
2016.07.22 13:58:53.492,1.10115,1.10117,3.00,1.50
2016.07.22 13:58:53.696,1.10115,1.10117,3.00,1.12
2016.07.22 13:58:54.421,1.10115,1.10118,2.25,4.69
2016.07.22 13:58:54.523,1.10115,1.10117,3.00,1.12
2016.07.22 13:58:54.677,1.10115,1.10117,2.25,1.12
2016.07.22 13:58:54.728,1.10115,1.10118,1.50,5.06
2016.07.22 13:58:54.829,1.10115,1.10117,2.25,1.12
2016.07.22 13:58:54.931,1.10115,1.10116,1.50,1.00
2016.07.22 13:58:55.033,1.10114,1.10116,5.32,1.00
2016.07.22 13:58:55.084,1.10114,1.10116,5.25,1.00
2016.07.22 13:58:55.135,1.10114,1.10116,3.00,1.00
2016.07.22 13:58:55.236,1.10114,1.10116,5.25,1.00
2016.07.22 13:58:55.638,1.10114,1.10116,4.50,1.00
2016.07.22 13:58:56.147,1.10114,1.10116,4.57,1.00
2016.07.22 13:58:56.500,1.10115,1.10117,1.00,2.25
2016.07.22 13:58:56.603,1.10115,1.10117,1.50,2.25
2016.07.22 13:58:56.705,1.10115,1.10117,2.25,1.50
2016.07.22 13:58:57.215,1.10115,1.10117,1.50,1.00
2016.07.22 13:58:57.318,1.10115,1.10117,2.25,1.50
2016.07.22 13:58:57.816,1.10115,1.10117,1.50,1.50
2016.07.22 13:58:57.917,1.10115,1.10117,2.25,1.50
2016.07.22 13:58:58.121,1.10115,1.10116,1.00,1.12
2016.07.22 13:58:58.172,1.10115,1.10116,1.00,1.31
2016.07.22 13:58:58.223,1.10114,1.10116,3.45,1.62
2016.07.22 13:58:58.274,1.10114,1.10116,4.12,1.69
2016.07.22 13:58:58.326,1.10114,1.10116,4.37,1.69
2016.07.22 13:58:58.473,1.10115,1.10116,1.00,1.31
2016.07.22 13:58:58.525,1.10115,1.10116,1.00,1.25
2016.07.22 13:58:58.932,1.10115,1.10117,1.00,2.81
2016.07.22 13:58:59.410,1.10114,1.10117,1.87,2.06
2016.07.22 13:58:59.511,1.10114,1.10117,4.12,2.81
2016.07.22 13:59:00.324,1.10114,1.10117,4.50,1.69
2016.07.22 13:59:00.375,1.10114,1.10117,4.87,1.12
2016.07.22 13:59:00.511,1.10114,1.10117,4.12,1.12
2016.07.22 13:59:00.969,1.10114,1.10117,3.37,1.87
2016.07.22 13:59:01.020,1.10114,1.10116,4.50,1.37
2016.07.22 13:59:01.071,1.10114,1.10115,5.25,1.12
2016.07.22 13:59:01.122,1.10114,1.10115,6.00,1.00
2016.07.22 13:59:01.173,1.10114,1.10116,5.62,1.87
2016.07.22 13:59:01.224,1.10114,1.10116,4.50,1.12
2016.07.22 13:59:01.326,1.10114,1.10115,2.25,1.00
2016.07.22 13:59:01.504,1.10114,1.10115,1.50,1.00
2016.07.22 13:59:01.768,1.10114,1.10115,2.25,1.00
2016.07.22 13:59:01.819,1.10114,1.10116,3.75,1.00
2016.07.22 13:59:01.870,1.10114,1.10116,4.50,1.00
2016.07.22 13:59:01.921,1.10115,1.10116,1.00,1.00
2016.07.22 13:59:02.023,1.10115,1.10117,4.50,1.00
2016.07.22 13:59:02.125,1.10115,1.10117,4.57,1.00
2016.07.22 13:59:02.227,1.10115,1.10117,4.95,1.00
2016.07.22 13:59:02.317,1.10115,1.10117,6.26,1.00
2016.07.22 13:59:03.032,1.10115,1.10117,5.32,1.00
2016.07.22 13:59:03.135,1.10115,1.10117,6.26,1.00
2016.07.22 13:59:03.233,1.10115,1.10117,5.32,1.00
2016.07.22 13:59:03.337,1.10115,1.10117,6.26,1.00
2016.07.22 13:59:03.540,1.10115,1.10117,4.39,1.00
2016.07.22 13:59:03.592,1.10115,1.10117,5.32,1.00
2016.07.22 13:59:03.643,1.10115,1.10117,6.26,1.00
2016.07.22 13:59:04.039,1.10115,1.10117,5.14,1.00
2016.07.22 13:59:04.438,1.10115,1.10117,6.26,1.00
2016.07.22 13:59:04.591,1.10115,1.10117,6.07,1.00
2016.07.22 13:59:04.644,1.10115,1.10117,6.26,1.00
2016.07.22 13:59:05.147,1.10115,1.10117,6.07,1.00
2016.07.22 13:59:05.250,1.10115,1.10117,6.26,1.00
2016.07.22 13:59:05.504,1.10115,1.10117,5.32,1.00
2016.07.22 13:59:05.648,1.10115,1.10117,6.26,1.00
2016.07.22 13:59:05.953,1.10115,1.10117,4.20,1.00
2016.07.22 13:59:06.055,1.10115,1.10117,5.14,1.00
2016.07.22 13:59:06.158,1.10115,1.10117,4.95,1.00
2016.07.22 13:59:06.260,1.10115,1.10117,6.26,1.00
2016.07.22 13:59:06.751,1.10115,1.10117,5.32,1.00
2016.07.22 13:59:06.802,1.10115,1.10117,6.26,1.00
2016.07.22 13:59:06.853,1.10115,1.10117,6.26,1.12
2016.07.22 13:59:06.904,1.10115,1.10117,4.57,1.12
2016.07.22 13:59:06.955,1.10115,1.10116,3.45,1.00
2016.07.22 13:59:07.006,1.10115,1.10116,4.20,1.00
2016.07.22 13:59:07.057,1.10115,1.10116,4.87,1.00
2016.07.22 13:59:07.108,1.10115,1.10117,5.62,1.00
2016.07.22 13:59:07.209,1.10115,1.10118,5.62,3.82
2016.07.22 13:59:07.514,1.10115,1.10118,4.87,3.82
2016.07.22 13:59:07.565,1.10116,1.10117,1.00,1.00
2016.07.22 13:59:07.657,1.10115,1.10116,2.25,1.00
2016.07.22 13:59:07.709,1.10115,1.10116,1.50,1.00
2016.07.22 13:59:08.373,1.10115,1.10118,1.50,5.32
2016.07.22 13:59:08.426,1.10115,1.10117,1.50,1.12
2016.07.22 13:59:08.668,1.10115,1.10117,3.00,1.12
2016.07.22 13:59:08.872,1.10115,1.10118,3.00,6.07
2016.07.22 13:59:08.974,1.10115,1.10117,3.00,1.12
2016.07.22 13:59:09.128,1.10115,1.10118,2.25,6.07
2016.07.22 13:59:09.230,1.10115,1.10117,3.00,1.12
2016.07.22 13:59:09.535,1.10115,1.10117,2.25,1.12
2016.07.22 13:59:09.819,1.10115,1.10117,3.00,1.12
2016.07.22 13:59:10.327,1.10115,1.10116,2.25,1.00
2016.07.22 13:59:10.380,1.10111,1.10114,25.87,7.91
2016.07.22 13:59:10.432,1.10109,1.1011,21.94,1.12
2016.07.22 13:59:10.484,1.10107,1.10109,10.69,1.37
2016.07.22 13:59:10.536,1.10107,1.10109,5.25,2.62
2016.07.22 13:59:10.645,1.10107,1.10109,1.50,5.25
2016.07.22 13:59:10.697,1.10106,1.10108,1.00,1.12
2016.07.22 13:59:10.750,1.10105,1.10108,5.44,1.12
2016.07.22 13:59:10.803,1.10105,1.10108,5.25,1.20
2016.07.22 13:59:10.856,1.10105,1.10107,3.75,1.00
2016.07.22 13:59:10.959,1.10105,1.10107,3.00,1.00
2016.07.22 13:59:11.063,1.10105,1.10108,2.44,1.57
2016.07.22 13:59:11.114,1.10105,1.10108,2.25,1.57
2016.07.22 13:59:11.165,1.10105,1.10108,2.25,1.95
2016.07.22 13:59:11.298,1.10105,1.10108,2.25,2.32
2016.07.22 13:59:11.351,1.10105,1.10107,2.25,1.00
2016.07.22 13:59:11.453,1.10105,1.10107,2.25,1.50
2016.07.22 13:59:11.661,1.10105,1.10107,2.62,1.50
2016.07.22 13:59:11.764,1.10105,1.10107,4.87,1.50
2016.07.22 13:59:11.815,1.10105,1.10107,7.12,1.50
2016.07.22 13:59:11.917,1.10105,1.10107,5.62,1.00
2016.07.22 13:59:12.019,1.10105,1.10107,7.12,1.00
2016.07.22 13:59:12.070,1.10105,1.10107,5.62,1.00
2016.07.22 13:59:12.198,1.10105,1.10107,3.75,1.00
2016.07.22 13:59:12.249,1.10105,1.10107,4.50,1.00
2016.07.22 13:59:12.300,1.10105,1.10107,5.62,1.00
2016.07.22 13:59:12.351,1.10105,1.10107,5.62,1.50
2016.07.22 13:59:12.503,1.10105,1.10107,4.87,1.50
2016.07.22 13:59:12.656,1.10105,1.10107,5.25,1.50
2016.07.22 13:59:12.808,1.10105,1.10107,4.87,1.50
2016.07.22 13:59:12.859,1.10105,1.10107,4.12,1.50
2016.07.22 13:59:12.961,1.10105,1.10107,4.87,1.50
2016.07.22 13:59:13.164,1.10105,1.10107,4.50,1.50
2016.07.22 13:59:13.271,1.10105,1.10107,3.75,1.50
2016.07.22 13:59:13.328,1.10105,1.10107,1.50,1.50
2016.07.22 13:59:13.387,1.10105,1.10106,1.00,1.00
2016.07.22 13:59:13.439,1.10104,1.10105,3.82,1.00
2016.07.22 13:59:13.491,1.10104,1.10105,1.10,1.00
2016.07.22 13:59:13.543,1.10103,1.10105,6.38,1.00
2016.07.22 13:59:13.594,1.10103,1.10105,7.13,1.50
2016.07.22 13:59:13.645,1.10103,1.10105,8.10,1.50
2016.07.22 13:59:13.695,1.10103,1.10105,8.48,1.50
2016.07.22 13:59:13.746,1.10104,1.10106,1.87,1.50
2016.07.22 13:59:13.936,1.10104,1.10106,2.62,1.00
2016.07.22 13:59:14.039,1.10104,1.10106,1.87,1.00
2016.07.22 13:59:14.549,1.10107,1.10109,1.00,11.06
2016.07.22 13:59:14.600,1.10108,1.10109,1.00,8.81
2016.07.22 13:59:14.652,1.10108,1.10109,1.00,5.51
2016.07.22 13:59:14.793,1.10107,1.10108,1.00,1.50
2016.07.22 13:59:14.845,1.10106,1.10108,1.20,1.50
2016.07.22 13:59:14.896,1.10106,1.10108,1.20,1.87
2016.07.22 13:59:14.948,1.10106,1.10107,1.20,1.00
2016.07.22 13:59:15.000,1.10106,1.10107,1.12,1.00
2016.07.22 13:59:15.409,1.10106,1.10108,1.87,1.00
2016.07.22 13:59:15.643,1.10106,1.10107,1.12,1.00
2016.07.22 13:59:15.744,1.10106,1.10108,1.87,1.00
2016.07.22 13:59:15.846,1.10106,1.10107,1.12,1.00
2016.07.22 13:59:15.948,1.10106,1.10109,1.50,6.37
2016.07.22 13:59:16.101,1.10106,1.10109,1.50,6.00
2016.07.22 13:59:16.152,1.10106,1.10109,1.00,2.25
2016.07.22 13:59:16.254,1.10106,1.10109,1.69,2.25
2016.07.22 13:59:16.410,1.10106,1.10109,2.44,2.25
2016.07.22 13:59:16.461,1.10106,1.10109,1.50,1.50
2016.07.22 13:59:16.564,1.10106,1.10109,2.44,2.25
2016.07.22 13:59:16.768,1.10106,1.10108,3.00,1.00
2016.07.22 13:59:17.074,1.10106,1.10108,3.75,1.00
2016.07.22 13:59:17.126,1.10108,1.1011,1.00,9.53
2016.07.22 13:59:17.179,1.10109,1.1011,1.00,2.70
2016.07.22 13:59:17.274,1.10109,1.1011,2.44,1.50
2016.07.22 13:59:17.326,1.10109,1.10111,4.54,1.50
2016.07.22 13:59:17.378,1.1011,1.10112,1.00,3.19
2016.07.22 13:59:17.430,1.1011,1.10112,1.50,3.00
2016.07.22 13:59:17.482,1.1011,1.10112,3.00,1.12
2016.07.22 13:59:17.536,1.1011,1.10112,5.62,1.00
2016.07.22 13:59:17.587,1.1011,1.10113,5.81,3.00
2016.07.22 13:59:17.639,1.1011,1.10112,5.81,1.00
2016.07.22 13:59:17.690,1.1011,1.10112,4.87,1.00
2016.07.22 13:59:17.741,1.1011,1.10112,3.94,1.00
2016.07.22 13:59:17.793,1.1011,1.10112,3.00,1.00
2016.07.22 13:59:17.844,1.1011,1.10112,2.25,1.00
2016.07.22 13:59:17.895,1.1011,1.10111,1.00,1.00
2016.07.22 13:59:18.187,1.1011,1.10112,1.00,1.87
2016.07.22 13:59:18.290,1.1011,1.10111,1.00,1.00
2016.07.22 13:59:18.397,1.1011,1.10112,1.00,1.87
2016.07.22 13:59:18.450,1.1011,1.10111,1.50,1.00
2016.07.22 13:59:18.501,1.1011,1.10111,2.25,1.50
2016.07.22 13:59:18.552,1.1011,1.10112,3.00,1.00
2016.07.22 13:59:18.604,1.1011,1.10113,4.87,3.26
2016.07.22 13:59:18.655,1.1011,1.10113,7.87,3.26
2016.07.22 13:59:18.791,1.1011,1.10112,6.75,1.12
2016.07.22 13:59:18.842,1.1011,1.10112,7.50,1.12
2016.07.22 13:59:18.894,1.1011,1.10112,4.50,2.62
2016.07.22 13:59:18.945,1.1011,1.10111,4.50,1.12
2016.07.22 13:59:18.996,1.1011,1.10111,2.62,1.00
2016.07.22 13:59:19.048,1.1011,1.10111,5.47,1.00
2016.07.22 13:59:19.099,1.1011,1.10111,9.97,1.00
2016.07.22 13:59:19.200,1.1011,1.10112,10.72,1.00
2016.07.22 13:59:19.251,1.1011,1.10112,9.60,1.00
2016.07.22 13:59:19.302,1.1011,1.10112,9.97,1.00
2016.07.22 13:59:19.353,1.10112,1.10113,1.00,2.32
2016.07.22 13:59:19.405,1.10112,1.10113,2.44,1.57
2016.07.22 13:59:19.456,1.10116,1.10117,2.10,11.81
2016.07.22 13:59:19.508,1.10116,1.10117,2.10,1.50
2016.07.22 13:59:19.647,1.10117,1.10118,1.12,3.75
2016.07.22 13:59:19.698,1.10117,1.10119,2.85,1.50
2016.07.22 13:59:19.750,1.10117,1.10119,4.35,1.50
2016.07.22 13:59:19.801,1.10118,1.10119,1.35,1.00
2016.07.22 13:59:19.852,1.10118,1.1012,3.79,3.60
2016.07.22 13:59:19.903,1.10119,1.10121,4.69,1.50
2016.07.22 13:59:19.954,1.10119,1.10121,4.69,1.00
2016.07.22 13:59:20.006,1.10119,1.10121,5.51,1.00
2016.07.22 13:59:20.057,1.1012,1.10122,1.12,2.70
2016.07.22 13:59:20.108,1.1012,1.10122,1.12,2.32
2016.07.22 13:59:20.159,1.1012,1.10122,1.12,2.51
2016.07.22 13:59:20.456,1.1012,1.10122,1.12,2.32
2016.07.22 13:59:20.507,1.1012,1.10122,1.12,1.76
2016.07.22 13:59:20.661,1.1012,1.10122,1.12,1.57
2016.07.22 13:59:21.272,1.1012,1.10122,1.12,1.76
2016.07.22 13:59:21.395,1.1012,1.10122,1.12,1.57
2016.07.22 13:59:21.802,1.1012,1.10122,1.00,1.50
2016.07.22 13:59:21.904,1.1012,1.10122,1.00,1.69
2016.07.22 13:59:22.058,1.1012,1.10122,1.50,1.69
2016.07.22 13:59:22.110,1.1012,1.10122,3.00,1.50
2016.07.22 13:59:22.262,1.1012,1.10122,3.00,2.06
2016.07.22 13:59:22.365,1.1012,1.10122,3.00,1.69
2016.07.22 13:59:22.467,1.1012,1.10122,2.25,1.50
2016.07.22 13:59:22.619,1.1012,1.10122,2.25,1.87
2016.07.22 13:59:22.874,1.1012,1.10122,1.50,1.87
2016.07.22 13:59:22.976,1.1012,1.10122,2.25,1.87
2016.07.22 13:59:23.078,1.1012,1.10122,1.50,1.12
2016.07.22 13:59:23.256,1.1012,1.10122,2.25,1.87
2016.07.22 13:59:23.358,1.1012,1.10122,3.00,1.87
2016.07.22 13:59:23.716,1.1012,1.10122,3.00,1.50
2016.07.22 13:59:23.869,1.1012,1.10122,4.50,1.00
2016.07.22 13:59:23.972,1.1012,1.10122,3.75,1.00
2016.07.22 13:59:24.140,1.1012,1.10121,4.12,1.69
2016.07.22 13:59:24.191,1.10118,1.10119,1.87,1.00
2016.07.22 13:59:24.242,1.10117,1.10119,4.95,2.25
2016.07.22 13:59:24.293,1.10118,1.10119,1.00,2.62
2016.07.22 13:59:24.344,1.10116,1.10119,4.57,3.19
2016.07.22 13:59:24.395,1.10116,1.10117,1.57,1.00
2016.07.22 13:59:24.446,1.10116,1.10118,1.00,1.00
2016.07.22 13:59:24.498,1.10117,1.10119,1.00,3.75
2016.07.22 13:59:24.549,1.10117,1.10119,1.00,4.12
2016.07.22 13:59:24.600,1.10117,1.10118,1.00,1.00
2016.07.22 13:59:24.651,1.10117,1.10118,1.00,1.50
2016.07.22 13:59:24.703,1.10117,1.10118,1.00,1.00
2016.07.22 13:59:25.747,1.10116,1.10118,3.00,1.00
2016.07.22 13:59:25.798,1.10116,1.10118,4.50,1.00
2016.07.22 13:59:25.963,1.10117,1.10118,2.25,1.00
2016.07.22 13:59:26.219,1.10117,1.10118,1.50,1.00
2016.07.22 13:59:26.322,1.10117,1.10118,2.25,1.00
2016.07.22 13:59:27.002,1.10117,1.10118,1.50,1.00
2016.07.22 13:59:27.104,1.10117,1.10118,2.25,1.00
2016.07.22 13:59:27.206,1.10117,1.10118,3.00,1.00
2016.07.22 13:59:27.257,1.10117,1.10118,3.75,1.00
2016.07.22 13:59:27.713,1.10117,1.10118,3.75,1.12
2016.07.22 13:59:27.900,1.10117,1.10118,2.25,1.12
2016.07.22 13:59:28.002,1.10117,1.10118,3.75,1.12
2016.07.22 13:59:28.155,1.10116,1.10118,6.00,1.00
2016.07.22 13:59:28.207,1.10117,1.10118,3.75,1.12
2016.07.22 13:59:28.310,1.10117,1.10118,3.00,1.12
2016.07.22 13:59:28.515,1.10117,1.10118,2.25,1.12
2016.07.22 13:59:28.617,1.10117,1.10118,3.00,1.12
2016.07.22 13:59:28.820,1.10117,1.10118,2.25,1.12
2016.07.22 13:59:28.924,1.10117,1.10118,3.00,1.12
2016.07.22 13:59:29.008,1.10117,1.10118,2.25,1.12
2016.07.22 13:59:29.059,1.10117,1.10118,1.50,1.12
2016.07.22 13:59:29.110,1.10117,1.10118,2.25,1.12
2016.07.22 13:59:29.519,1.10117,1.10118,2.25,1.87
2016.07.22 13:59:29.722,1.10117,1.10118,1.00,1.12
2016.07.22 13:59:29.911,1.10116,1.10117,4.50,1.00
2016.07.22 13:59:30.013,1.10117,1.10118,1.00,1.00
2016.07.22 13:59:30.064,1.10117,1.10118,1.00,1.12
2016.07.22 13:59:30.166,1.10119,1.10121,1.67,15.00
2016.07.22 13:59:30.218,1.1012,1.10121,2.62,8.81
2016.07.22 13:59:30.270,1.1012,1.10121,3.75,6.56
2016.07.22 13:59:30.322,1.1012,1.10122,9.37,1.30
2016.07.22 13:59:30.373,1.10121,1.10122,1.00,1.20
2016.07.22 13:59:30.424,1.10121,1.10122,1.00,1.00
2016.07.22 13:59:31.349,1.1012,1.10122,5.25,1.00
2016.07.22 13:59:31.400,1.1012,1.10121,6.00,1.50
2016.07.22 13:59:31.451,1.10119,1.10121,9.56,1.00
2016.07.22 13:59:31.585,1.10119,1.10121,4.12,1.00
2016.07.22 13:59:31.636,1.10119,1.1012,3.75,1.00
2016.07.22 13:59:31.687,1.10119,1.10121,3.75,2.44
2016.07.22 13:59:31.738,1.1012,1.10121,1.00,2.25
2016.07.22 13:59:31.789,1.1012,1.10121,1.00,1.50
2016.07.22 13:59:32.044,1.1012,1.10121,1.00,1.00
2016.07.22 13:59:32.196,1.10119,1.10121,7.50,1.00
2016.07.22 13:59:32.247,1.10119,1.10121,7.12,1.00
2016.07.22 13:59:32.298,1.1012,1.10121,1.00,1.00
2016.07.22 13:59:32.400,1.1012,1.10121,3.00,1.00
2016.07.22 13:59:32.637,1.1012,1.10121,2.25,1.00
2016.07.22 13:59:32.690,1.1012,1.10121,3.00,1.00
2016.07.22 13:59:33.181,1.1012,1.10121,2.25,1.00
2016.07.22 13:59:33.333,1.10119,1.10121,5.25,1.00
2016.07.22 13:59:33.645,1.1012,1.10121,1.12,1.00
2016.07.22 13:59:33.696,1.1012,1.10121,1.50,1.00
2016.07.22 13:59:33.798,1.1012,1.10121,3.00,1.00
2016.07.22 13:59:33.900,1.1012,1.10121,4.50,1.00
2016.07.22 13:59:34.003,1.1012,1.10122,5.25,1.00
2016.07.22 13:59:34.104,1.1012,1.10122,3.75,1.00
2016.07.22 13:59:34.351,1.1012,1.10123,3.75,1.95
2016.07.22 13:59:34.402,1.10121,1.10123,1.00,1.95
2016.07.22 13:59:34.453,1.1012,1.10122,5.25,1.00
2016.07.22 13:59:34.504,1.10121,1.10122,1.00,1.00
2016.07.22 13:59:34.606,1.10121,1.10122,1.50,1.00
2016.07.22 13:59:34.708,1.10121,1.10122,1.50,1.50
2016.07.22 13:59:34.810,1.10119,1.10121,10.72,1.00
2016.07.22 13:59:34.861,1.10119,1.10121,11.10,1.00
2016.07.22 13:59:34.912,1.10121,1.10122,1.50,1.50
2016.07.22 13:59:35.270,1.1012,1.10122,6.75,1.00
2016.07.22 13:59:35.322,1.1012,1.10121,3.75,1.00
2016.07.22 13:59:35.525,1.1012,1.10121,4.50,1.00
2016.07.22 13:59:35.628,1.1012,1.10121,5.25,1.00
2016.07.22 13:59:35.679,1.1012,1.10121,5.62,1.00
2016.07.22 13:59:35.730,1.10121,1.10122,1.50,1.00
2016.07.22 13:59:36.130,1.10121,1.10122,1.50,1.50
2016.07.22 13:59:36.231,1.10121,1.10122,1.50,1.00
2016.07.22 13:59:36.334,1.10121,1.10122,1.00,1.00
2016.07.22 13:59:36.436,1.10121,1.10122,1.50,1.00
2016.07.22 13:59:36.538,1.10119,1.10121,5.44,1.00
2016.07.22 13:59:36.589,1.10119,1.10121,5.06,1.00
2016.07.22 13:59:36.640,1.10119,1.10121,4.69,1.00
2016.07.22 13:59:36.692,1.10119,1.10121,4.50,1.00
2016.07.22 13:59:36.743,1.10119,1.1012,3.19,1.00
2016.07.22 13:59:36.794,1.10119,1.1012,3.19,1.25
2016.07.22 13:59:36.922,1.10119,1.1012,3.00,1.25
2016.07.22 13:59:36.973,1.10119,1.1012,2.25,1.25
2016.07.22 13:59:37.024,1.10119,1.1012,3.00,1.25
2016.07.22 13:59:37.227,1.10119,1.1012,2.25,1.25
2016.07.22 13:59:37.380,1.10119,1.10121,3.22,2.06
2016.07.22 13:59:37.431,1.10119,1.1012,3.60,1.00
2016.07.22 13:59:37.482,1.1012,1.10121,1.00,2.25
2016.07.22 13:59:37.533,1.1012,1.10121,1.00,1.00
2016.07.22 13:59:37.730,1.1012,1.10121,2.25,1.00
2016.07.22 13:59:38.804,1.1012,1.10121,3.75,1.00
2016.07.22 13:59:38.855,1.1012,1.10121,4.50,1.00
2016.07.22 13:59:38.907,1.1012,1.10122,6.56,1.00
2016.07.22 13:59:39.011,1.1012,1.10122,6.19,1.00
2016.07.22 13:59:39.062,1.1012,1.10122,6.00,1.00
2016.07.22 13:59:39.215,1.1012,1.10122,4.50,1.00
2016.07.22 13:59:39.266,1.1012,1.10123,6.97,3.07
2016.07.22 13:59:39.317,1.1012,1.10123,5.85,1.57
2016.07.22 13:59:39.369,1.1012,1.10123,7.54,1.57
2016.07.22 13:59:39.420,1.10121,1.10123,2.85,2.25
2016.07.22 13:59:39.522,1.10121,1.10123,2.10,2.25
2016.07.22 13:59:39.919,1.10121,1.10123,2.10,1.50
2016.07.22 13:59:40.020,1.10122,1.10123,4.35,1.50
2016.07.22 13:59:40.072,1.10123,1.10124,1.72,3.07
2016.07.22 13:59:40.123,1.10124,1.10125,3.00,1.87
2016.07.22 13:59:40.174,1.10125,1.10126,1.50,1.20
2016.07.22 13:59:40.226,1.10125,1.10127,5.25,2.62
2016.07.22 13:59:40.277,1.10125,1.10127,5.25,2.25
2016.07.22 13:59:40.328,1.10125,1.10127,3.75,1.00
2016.07.22 13:59:40.379,1.10124,1.10126,9.04,1.00
2016.07.22 13:59:40.430,1.10125,1.10126,3.75,1.00
2016.07.22 13:59:40.630,1.10125,1.10126,3.00,1.00
2016.07.22 13:59:41.243,1.10124,1.10126,5.62,1.00
2016.07.22 13:59:41.294,1.10124,1.10126,6.37,1.00
2016.07.22 13:59:41.346,1.10125,1.10126,6.75,1.00
2016.07.22 13:59:41.397,1.10127,1.10129,1.00,15.94
2016.07.22 13:59:41.449,1.10127,1.10129,7.75,4.31
2016.07.22 13:59:41.534,1.10127,1.10129,7.00,1.31
2016.07.22 13:59:41.586,1.10127,1.10128,1.35,1.00
2016.07.22 13:59:41.637,1.10127,1.10129,2.10,1.25
2016.07.22 13:59:41.690,1.10127,1.10129,1.50,1.69
2016.07.22 13:59:41.742,1.10127,1.10129,2.25,1.69
2016.07.22 13:59:41.895,1.10127,1.10128,2.85,1.00
2016.07.22 13:59:41.947,1.10127,1.10128,3.60,1.00
2016.07.22 13:59:42.150,1.10127,1.10128,2.10,1.00
2016.07.22 13:59:42.201,1.10127,1.10129,1.50,1.25
2016.07.22 13:59:42.252,1.10127,1.10129,2.25,1.25
2016.07.22 13:59:42.405,1.10127,1.10129,1.50,2.44
2016.07.22 13:59:42.544,1.10127,1.10129,1.00,4.69
2016.07.22 13:59:42.596,1.10125,1.10127,13.69,1.00
2016.07.22 13:59:42.748,1.10125,1.10127,11.44,1.00
2016.07.22 13:59:42.799,1.10125,1.10127,11.81,1.00
2016.07.22 13:59:42.901,1.10126,1.10128,4.12,1.50
2016.07.22 13:59:43.003,1.10126,1.10127,4.12,1.00
2016.07.22 13:59:43.256,1.10126,1.10128,2.62,1.00
2016.07.22 13:59:43.358,1.10126,1.10127,4.12,1.00
2016.07.22 13:59:43.625,1.10126,1.10128,2.62,1.00
2016.07.22 13:59:43.728,1.10126,1.10127,3.37,1.00
2016.07.22 13:59:43.779,1.10126,1.10127,2.62,1.00
2016.07.22 13:59:43.831,1.10126,1.10127,2.25,1.00
2016.07.22 13:59:43.882,1.10125,1.10127,4.50,1.00
2016.07.22 13:59:43.933,1.10126,1.10127,2.25,1.00
2016.07.22 13:59:44.339,1.10125,1.10127,3.75,1.00
2016.07.22 13:59:44.442,1.10126,1.10127,1.50,1.00
2016.07.22 13:59:44.777,1.10126,1.10127,2.25,1.00
2016.07.22 13:59:44.828,1.10126,1.10127,2.25,1.12
2016.07.22 13:59:45.033,1.10126,1.10127,2.25,1.31
2016.07.22 13:59:45.137,1.10126,1.10127,1.00,1.31
2016.07.22 13:59:45.982,1.10126,1.10127,1.00,2.06
2016.07.22 13:59:46.084,1.10126,1.10127,1.00,1.31
2016.07.22 13:59:46.237,1.10126,1.10127,1.00,1.00
2016.07.22 13:59:46.288,1.10125,1.10127,3.75,1.00
2016.07.22 13:59:46.544,1.10126,1.10127,1.35,1.00
2016.07.22 13:59:46.596,1.10127,1.10128,1.00,2.70
2016.07.22 13:59:46.648,1.10127,1.10128,1.50,1.10
2016.07.22 13:59:46.699,1.10127,1.10129,2.85,1.00
2016.07.22 13:59:46.750,1.10127,1.10129,5.85,1.10
2016.07.22 13:59:46.801,1.10128,1.10129,1.00,1.00
2016.07.22 13:59:46.951,1.10128,1.10129,2.85,1.00
2016.07.22 13:59:47.004,1.10129,1.1013,1.50,1.12
2016.07.22 13:59:47.055,1.1013,1.10131,1.00,2.62
2016.07.22 13:59:47.107,1.10129,1.10131,3.75,2.06
2016.07.22 13:59:47.159,1.10129,1.10131,2.25,4.01
2016.07.22 13:59:47.211,1.10129,1.1013,1.50,1.01
2016.07.22 13:59:47.263,1.10128,1.10129,5.55,1.00
2016.07.22 13:59:47.314,1.10128,1.10129,2.92,1.00
2016.07.22 13:59:47.368,1.10128,1.1013,1.35,2.51
2016.07.22 13:59:47.419,1.10127,1.1013,10.05,4.39
2016.07.22 13:59:47.470,1.10128,1.1013,1.35,6.64
2016.07.22 13:59:47.590,1.10128,1.1013,1.00,6.64
2016.07.22 13:59:47.641,1.10127,1.10129,5.10,1.00
2016.07.22 13:59:47.692,1.10127,1.10129,4.35,1.00
2016.07.22 13:59:47.844,1.10127,1.10129,5.29,1.00
2016.07.22 13:59:47.998,1.10127,1.10129,7.91,1.00
2016.07.22 13:59:48.049,1.10128,1.10129,1.00,1.00
2016.07.22 13:59:48.152,1.10127,1.10129,7.16,1.00
2016.07.22 13:59:48.204,1.10128,1.10129,1.50,1.00
2016.07.22 13:59:48.257,1.10128,1.1013,1.50,3.19
2016.07.22 13:59:48.308,1.10128,1.1013,2.25,3.19
2016.07.22 13:59:48.425,1.10128,1.1013,4.35,1.12
2016.07.22 13:59:48.477,1.10128,1.1013,4.35,1.00
2016.07.22 13:59:48.530,1.10128,1.1013,5.10,1.00
2016.07.22 13:59:48.581,1.10128,1.1013,5.25,1.00
2016.07.22 13:59:48.632,1.10129,1.1013,1.00,1.00
2016.07.22 13:59:48.683,1.10129,1.1013,1.00,1.31
2016.07.22 13:59:48.734,1.10128,1.1013,3.00,1.69
2016.07.22 13:59:48.836,1.10128,1.1013,3.75,1.69
2016.07.22 13:59:49.286,1.10129,1.1013,1.00,1.31
2016.07.22 13:59:49.337,1.10129,1.1013,1.50,1.00
2016.07.22 13:59:49.388,1.10129,1.10131,2.25,1.00
2016.07.22 13:59:49.491,1.10129,1.1013,1.50,1.00
2016.07.22 13:59:49.542,1.10128,1.1013,5.62,1.00
2016.07.22 13:59:49.646,1.10129,1.1013,1.00,1.25
2016.07.22 13:59:49.748,1.10129,1.1013,1.00,1.00
2016.07.22 13:59:49.800,1.10129,1.1013,2.25,1.00
2016.07.22 13:59:49.851,1.10129,1.10131,2.25,2.25
2016.07.22 13:59:49.964,1.10128,1.1013,8.44,1.00
2016.07.22 13:59:50.016,1.10128,1.1013,7.16,1.00
2016.07.22 13:59:50.067,1.10129,1.1013,3.00,1.00
2016.07.22 13:59:50.119,1.10129,1.1013,3.37,1.00
2016.07.22 13:59:50.170,1.10129,1.1013,3.56,1.00
2016.07.22 13:59:50.222,1.10129,1.1013,3.19,1.00
2016.07.22 13:59:50.273,1.10129,1.1013,3.00,1.12
2016.07.22 13:59:50.325,1.10128,1.1013,4.87,1.00
2016.07.22 13:59:50.377,1.10129,1.1013,3.00,1.00
2016.07.22 13:59:50.428,1.10129,1.1013,2.25,1.00
2016.07.22 13:59:50.479,1.10128,1.1013,3.94,1.00
2016.07.22 13:59:50.530,1.10128,1.1013,3.19,1.00
2016.07.22 13:59:50.582,1.10128,1.1013,3.00,1.00
2016.07.22 13:59:51.370,1.10128,1.1013,2.25,1.00
2016.07.22 13:59:51.472,1.10128,1.1013,3.00,1.00
2016.07.22 13:59:51.754,1.10128,1.1013,3.19,1.00
2016.07.22 13:59:51.958,1.10128,1.1013,2.25,1.00
2016.07.22 13:59:52.111,1.10128,1.10129,1.00,1.00
2016.07.22 13:59:52.162,1.10128,1.10129,2.25,1.00
2016.07.22 13:59:52.315,1.10128,1.10129,1.50,1.00
2016.07.22 13:59:52.367,1.10128,1.10129,1.50,1.50
2016.07.22 13:59:52.478,1.10126,1.10128,10.42,1.00
2016.07.22 13:59:52.530,1.10129,1.1013,1.12,7.95
2016.07.22 13:59:52.581,1.10129,1.10131,1.87,1.87
2016.07.22 13:59:52.633,1.1013,1.10131,1.87,1.50
2016.07.22 13:59:52.685,1.1013,1.10131,1.87,1.00
2016.07.22 13:59:52.736,1.1013,1.10131,3.00,1.00
2016.07.22 13:59:52.787,1.1013,1.10131,6.75,1.00
2016.07.22 13:59:52.842,1.1013,1.10131,6.75,1.50
2016.07.22 13:59:52.895,1.1013,1.10131,6.00,1.50
2016.07.22 13:59:52.997,1.1013,1.10131,6.75,1.50
2016.07.22 13:59:53.048,1.1013,1.10131,5.25,1.50
2016.07.22 13:59:53.152,1.1013,1.10131,6.75,1.50
2016.07.22 13:59:53.355,1.1013,1.10131,5.25,1.50
2016.07.22 13:59:53.567,1.1013,1.10132,6.00,1.00
2016.07.22 13:59:53.721,1.1013,1.10132,5.25,1.00
2016.07.22 13:59:53.772,1.1013,1.10132,3.75,1.00
2016.07.22 13:59:53.873,1.1013,1.10132,6.00,2.12
2016.07.22 13:59:53.975,1.1013,1.10132,6.00,1.50
2016.07.22 13:59:54.105,1.10131,1.10132,2.25,1.87
2016.07.22 13:59:54.156,1.10131,1.10132,2.25,1.12
2016.07.22 13:59:54.259,1.10131,1.10132,2.25,1.87
2016.07.22 13:59:54.362,1.10131,1.10132,2.25,2.25
2016.07.22 13:59:54.515,1.10131,1.10132,1.50,2.25
2016.07.22 13:59:55.035,1.1013,1.10131,3.00,1.25
2016.07.22 13:59:55.341,1.1013,1.10131,3.00,1.69
2016.07.22 13:59:55.392,1.1013,1.10131,1.50,2.06
2016.07.22 13:59:55.443,1.1013,1.10131,2.25,3.56
2016.07.22 13:59:55.494,1.10129,1.1013,3.00,1.12
2016.07.22 13:59:55.546,1.1013,1.10131,1.00,5.44
2016.07.22 13:59:55.597,1.1013,1.10131,1.00,4.69
2016.07.22 13:59:55.648,1.10129,1.10131,4.00,4.31
2016.07.22 13:59:55.699,1.10129,1.10131,3.75,4.31
2016.07.22 13:59:55.843,1.10129,1.10131,3.25,5.06
2016.07.22 13:59:55.894,1.10129,1.1013,3.00,1.12
2016.07.22 13:59:56.354,1.10129,1.1013,3.00,1.00
2016.07.22 13:59:56.456,1.10129,1.1013,3.00,1.69
2016.07.22 13:59:56.508,1.1013,1.10131,1.00,3.56
2016.07.22 13:59:56.559,1.10129,1.10131,3.25,3.94
2016.07.22 13:59:56.704,1.10129,1.1013,3.00,2.06
2016.07.22 13:59:56.755,1.10129,1.1013,3.00,2.44
2016.07.22 13:59:56.857,1.10128,1.1013,7.12,2.06
2016.07.22 13:59:56.959,1.10129,1.1013,3.00,2.06
2016.07.22 13:59:57.324,1.10129,1.1013,2.25,2.06
2016.07.22 13:59:57.375,1.10128,1.1013,6.37,2.37
2016.07.22 13:59:57.426,1.10128,1.10129,5.62,1.25
2016.07.22 13:59:57.478,1.10129,1.1013,1.50,2.81
2016.07.22 13:59:57.529,1.10128,1.1013,2.50,2.81
2016.07.22 13:59:57.646,1.10128,1.1013,3.75,2.81
2016.07.22 13:59:57.697,1.10129,1.1013,1.50,2.06
2016.07.22 13:59:57.851,1.10129,1.1013,2.25,1.69
2016.07.22 13:59:58.054,1.10126,1.10128,15.19,1.87
2016.07.22 13:59:58.106,1.10126,1.10128,8.06,2.44
2016.07.22 13:59:58.158,1.10125,1.10126,6.37,2.62
2016.07.22 13:59:58.209,1.10123,1.10125,14.07,3.56
2016.07.22 13:59:58.260,1.10123,1.10124,3.75,2.44
2016.07.22 13:59:58.312,1.10123,1.10124,1.87,3.94
2016.07.22 13:59:58.363,1.10123,1.10124,1.00,3.94
2016.07.22 13:59:58.493,1.10122,1.10124,10.50,1.00
2016.07.22 13:59:58.546,1.10124,1.10125,1.50,1.10
2016.07.22 13:59:58.597,1.10124,1.10126,3.25,1.50
2016.07.22 13:59:58.649,1.10125,1.10126,1.50,1.20
2016.07.22 13:59:58.701,1.10125,1.10126,3.00,1.10
2016.07.22 13:59:58.803,1.10125,1.10126,2.25,1.00
2016.07.22 13:59:59.006,1.10125,1.10126,3.00,1.00
2016.07.22 13:59:59.109,1.10125,1.10126,3.75,1.00
2016.07.22 13:59:59.381,1.10125,1.10126,4.50,1.00
2016.07.22 13:59:59.432,1.10125,1.10126,5.06,1.00
2016.07.22 13:59:59.483,1.10126,1.10127,1.00,1.01
2016.07.22 13:59:59.534,1.10125,1.10126,7.69,1.00
2016.07.22 13:59:59.586,1.10125,1.10126,4.87,1.00
2016.07.22 13:59:59.689,1.10125,1.10126,6.19,1.00
2016.07.22 13:59:59.740,1.10126,1.10127,1.00,1.01
2016.07.22 13:59:59.842,1.10125,1.10126,6.37,1.00
2016.07.22 13:59:59.947,1.10126,1.10127,1.00,1.01
